ts_ms,spike_ts,direction,session,entry,stop,target,spk_dz,spk_vr,spk_delta,accum_bars,exit,result_r,taker_ratio
1767232800000,1767232380000,Short,Asia,87869.4,88013.25432,87581.69136,3.3874356608631775,1.909035745735554,49.013000000000005,14,STOP,-1.0,0.999269
1767234840000,1767234720000,Short,Asia,87966.1,88072.00128,87754.29744000002,3.4803670390054298,3.6102797816338468,69.83800000000001,11,TARGET,2.0,0.581643
1767247920000,1767247860000,Long,Asia,87612.7,87532.71776,87772.66447999999,-6.728516630146688,2.799683725062937,-27.840999999999998,12,TARGET,2.0,0.516494
1767254580000,1767254520000,Short,London,87638.5,87749.34335999998,87416.81328000003,-6.193389541043326,12.036625857803092,94.36199999999997,16,STOP,-1.0,0.415594
1767264960000,1767264900000,Short,London,87824.2,87924.18311999999,87624.23376000002,5.560306642845791,1.6113952696669345,16.569,10,STOP,-1.0,2.851929
1767269160000,1767269100000,Short,London,87959.8,88069.19903999999,87741.00192000002,9.293723617711912,2.2851081775551245,35.272999999999996,13,TIMEOUT,0.0,0.92708
1767272940000,1767272400000,Long,LondonNyOverlap,87928.0,87772.7256,88238.54879999999,4.415287192682533,2.8154237846986647,-41.400999999999996,33,STOP,-1.0,0.690125
1767280680000,1767280560000,Short,LondonNyOverlap,87998.8,88103.02608,87790.34784000002,6.253409459515318,5.087935378116753,46.221000000000004,10,TIMEOUT,0.0,1.251202
1767294840000,1767294780000,Long,NewYork,88081.2,87964.27223999999,88315.05552000001,4.647163063169384,3.5714485650945775,-47.770999999999994,53,TARGET,2.0,0.626734
1767297120000,1767297000000,Short,NewYork,88343.2,88462.11311999998,88105.37376000003,5.561683590121176,2.323759336533049,19.71,10,TIMEOUT,0.0,1.739929
1767308520000,1767307920000,Short,Asia,88542.3,88706.90879999999,88213.08240000003,10.0,3.405975981408796,89.423,49,STOP,-1.0,1.105242
1767311280000,1767310980000,Short,Asia,88753.1,88892.05679999999,88475.18640000004,10.0,2.248609038525807,58.610000000000014,20,TARGET,2.0,0.594997
1767314040000,1767313920000,Short,Asia,88776.0,88904.0664,88519.86720000001,2.1989916510684804,1.550557104449913,20.57499999999999,10,TARGET,2.0,0.978448
1767319440000,1767319380000,Long,Asia,88543.3,88424.50376,88780.89248,-5.763778555367546,2.9066887383544535,-96.69699999999999,20,STOP,-1.0,0.675401
1767322860000,1767322260000,Short,Asia,88544.2,88679.08656,88274.42688,-0.7286070408063537,3.2057292321528683,16.65299999999999,10,STOP,-1.0,1.681745
1767336240000,1767335940000,Short,Asia,88932.3,89068.39775999999,88660.10448000002,4.505352379153462,1.9503580695046694,-9.811999999999998,10,STOP,-1.0,1.037094
1767338400000,1767338280000,Long,Asia,88975.9,88781.61783999999,89364.46432,4.105889056789044,4.273913180617013,-146.17000000000002,13,STOP,-1.0,0.984374
1767344520000,1767344400000,Short,London,89111.2,89244.3384,88844.9232,10.0,3.0006964840297066,-18.79600000000002,34,STOP,-1.0,1.058241
1767353820000,1767353340000,Long,London,89469.9,89234.75503999999,89940.18992,4.949949433385126,1.7136895677661241,-48.13900000000001,17,TIMEOUT,0.0,0.685956
1767364560000,1767364320000,Long,LondonNyOverlap,88747.2,88449.184,89343.232,-3.681822337753349,3.7353484698604165,-138.81100000000004,13,TARGET,2.0,1.355415
1767379080000,1767378900000,Long,NewYork,90144.0,89878.04,90675.92000000001,3.6966429577523594,4.741915435194826,-61.20800000000003,10,STOP,-1.0,0.593816
1767384600000,1767384420000,Long,NewYork,89817.1,89718.96736,90013.36528000003,6.104591457358844,1.6587323650010422,-28.633999999999986,12,TARGET,2.0,1.766092
1767387600000,1767387000000,Long,NewYork,89724.4,89607.35672000001,89958.48655999996,2.5339821915796064,1.6048229191601677,17.528999999999996,10,TARGET,2.0,0.803637
1767391200000,1767390720000,Short,Asia,89975.1,90217.6164,89490.06720000002,9.749442860549857,14.486688782284173,162.875,31,STOP,-1.0,1.338043
1767394080000,1767394020000,Short,Asia,90274.8,90420.2784,89983.84320000002,9.698869612591784,1.5783714943826963,46.501000000000005,10,TARGET,2.0,1.978198
1767405660000,1767405420000,Short,Asia,90139.4,90272.15999999999,89873.88,5.977143313997407,2.2559325450094283,31.595999999999997,19,STOP,-1.0,1.237068
1767413100000,1767412920000,Short,Asia,90334.5,90528.3648,89946.77040000001,6.0767571362121995,12.470885900457509,225.99099999999999,13,TARGET,2.0,0.386459
1767418920000,1767418740000,Long,Asia,89928.1,89828.08,90128.14000000001,-7.196700693861824,2.9426912319809433,-61.071,10,STOP,-1.0,0.888474
1767423900000,1767423720000,Short,Asia,89843.1,89985.33071999998,89558.63856000005,-6.001574075824187,1.7407335815805884,24.134,18,TARGET,2.0,1.104418
1767427620000,1767427380000,Short,London,89393.2,89743.83768,88691.92464,-6.16275542382633,2.0541888389021916,121.767,10,STOP,-1.0,1.868967
1767443400000,1767443340000,Short,London,89719.1,89835.61103999999,89486.07792000004,-2.347263020969538,3.359983378164628,50.15899999999999,11,STOP,-1.0,4.368212
1767452160000,1767451860000,Long,LondonNyOverlap,90063.1,89928.69944,90331.90112000002,3.6797206532206337,3.6037298694172497,-81.897,13,STOP,-1.0,0.74994
1767457200000,1767457080000,Short,LondonNyOverlap,89997.6,90086.5116,89819.77680000002,5.237765382171551,1.8390357698289272,28.806999999999995,21,STOP,-1.0,0.982581
1767479340000,1767479160000,Short,Asia,90582.4,90789.47351999999,90168.25296000001,10.0,3.7129368465100665,125.77000000000004,11,STOP,-1.0,3.544623
1767481260000,1767481200000,Short,Asia,90553.0,90699.50159999999,90259.99680000002,10.0,4.955561618076298,104.21199999999999,10,STOP,-1.0,2.988826
1767489780000,1767489420000,Long,Asia,91207.1,91064.88976,91491.52048,-0.9661374855659942,2.484308871163684,-129.339,24,STOP,-1.0,0.770063
1767498420000,1767498360000,Short,Asia,91250.7,91376.04239999999,91000.01520000001,1.554037128460133,1.7170487028790176,30.10799999999999,21,STOP,-1.0,2.330739
1767500820000,1767500280000,Short,Asia,91340.8,91493.93664,91034.52672000001,3.614008722378461,6.387150644924799,224.50400000000002,10,STOP,-1.0,1.3094
1767513540000,1767513420000,Short,Asia,91477.5,91573.2,91286.1,5.071288526123954,1.8327618080270882,25.274,13,TARGET,2.0,0.948363
1767520380000,1767520260000,Short,London,91402.3,91509.84936,91187.20128000002,3.9330105963842357,2.4474539239017647,50.51099999999998,12,STOP,-1.0,1.059773
1767523560000,1767523440000,Short,London,91519.9,91623.84048,91312.01903999998,6.305695803531605,4.2053535942904015,103.93899999999996,20,TARGET,2.0,0.893884
1767528540000,1767528420000,Long,London,91193.9,91087.072,91407.55599999998,-3.043045449982231,9.780072096286915,-512.456,24,STOP,-1.0,1.383919
1767530700000,1767530640000,Long,London,91099.9,90984.35424,91330.99151999998,-2.9612836877790922,2.0993098016403637,-6.548000000000002,11,STOP,-1.0,0.729779
1767536160000,1767535740000,Short,LondonNyOverlap,91285.8,91383.74855999999,91089.90288000002,0.7197263567223475,2.0723066140215645,31.986000000000004,11,TARGET,2.0,1.699397
1767538920000,1767538860000,Short,LondonNyOverlap,91300.0,91423.07999999999,91053.84000000003,0.8812770182446266,2.115344527215731,66.113,11,TARGET,2.0,1.225444
1767541680000,1767541500000,Long,LondonNyOverlap,91135.8,90977.16,91453.08,-5.597364432193842,5.494763622657764,-104.38399999999999,16,TIMEOUT,0.0,1.54712
1767544860000,1767544440000,Short,LondonNyOverlap,91264.6,91472.81975999998,90848.16048000005,2.94807659564329,2.3862426491385826,42.462,22,TIMEOUT,0.0,1.191397
1767548160000,1767548100000,Short,NewYork,91377.8,91477.02311999998,91179.35376000004,3.575275124722614,2.1291721777017036,30.260000000000005,22,TARGET,2.0,2.104314
1767551640000,1767551580000,Long,NewYork,91095.2,90980.45736,91324.68527999999,-6.203126807656834,3.7463659231843796,-82.83,20,STOP,-1.0,1.112707
1767557700000,1767557520000,Short,NewYork,91190.8,91293.97679999999,90984.44640000003,-0.8860864329284451,1.5514641800503175,29.284,10,STOP,-1.0,1.293843
1767561120000,1767561060000,Short,NewYork,91309.7,91458.70848,91011.68303999999,2.4643920519982503,2.468225341087206,17.119999999999997,11,STOP,-1.0,1.558076
1767563520000,1767563100000,Long,NewYork,91187.9,91069.0864,91425.52719999998,-2.117265170866382,1.8363016527491447,-22.017,10,TARGET,2.0,0.295944
1767568980000,1767568500000,Long,Asia,91483.2,91175.30136,92098.99728,-0.1298766557745686,1.7421510522236077,-37.908,11,TARGET,2.0,0.932049
1767577200000,1767577020000,Short,Asia,92997.5,93457.20599999999,92078.08800000002,8.308604035453238,6.7034565994917426,1295.7530000000002,14,TIMEOUT,0.0,1.429641
1767591660000,1767591540000,Long,Asia,92569.8,92437.89047999999,92833.61904000003,-1.1897367375383638,3.288534235138284,-24.831999999999994,23,STOP,-1.0,0.246254
1767604080000,1767603660000,Long,London,92426.0,92286.112,92705.77600000001,-5.776673174969741,4.197636407126215,-141.444,14,TARGET,2.0,1.154071
1767620220000,1767620160000,Long,LondonNyOverlap,92660.0,92529.21736,92921.56528000001,-0.3363061849520936,3.1478509729460145,-52.565,13,STOP,-1.0,1.000058
1767623820000,1767623460000,Long,LondonNyOverlap,92639.7,92492.44679999999,92934.20640000001,-0.717644498084369,1.9463155624792172,-18.783999999999992,33,TARGET,2.0,0.964894
1767630120000,1767630000000,Short,LondonNyOverlap,93705.3,94119.83568,92876.22864,10.0,2.012576332997475,151.35299999999995,14,STOP,-1.0,0.6044
1767643800000,1767643380000,Short,NewYork,94273.6,94495.23576,93830.32848000003,10.0,3.6393094605460767,155.71800000000002,14,STOP,-1.0,1.24996
1767647820000,1767647580000,Long,NewYork,94008.4,93844.96392000001,94335.27215999996,10.0,1.9181895899335781,-129.289,27,STOP,-1.0,1.11758
1767650880000,1767650520000,Long,Asia,94139.5,93877.43792,94663.62416,10.0,2.3249988621019253,-106.405,15,STOP,-1.0,0.285429
1767653700000,1767653580000,Long,Asia,94139.1,93930.2956,94556.70880000002,10.0,2.3736840250693927,-15.268,12,STOP,-1.0,0.454745
1767663960000,1767663840000,Long,Asia,93909.3,93694.984,94337.93200000002,0.05017787413282185,1.5821386517392184,-39.32599999999999,10,STOP,-1.0,0.545675
1767666960000,1767666900000,Long,Asia,93587.1,93468.56528,93824.16944000003,-4.112138878543585,1.5401888985201218,-5.280999999999992,10,STOP,-1.0,1.072349
1767672240000,1767672180000,Long,Asia,93744.3,93613.0496,94006.80080000001,-2.01160720835968,2.0551653131546517,-66.20500000000001,40,STOP,-1.0,0.712235
1767676920000,1767676800000,Short,Asia,93697.0,93835.80863999999,93419.38272000002,-0.290293061079162,1.5521212385678969,3.8320000000000007,13,STOP,-1.0,0.703836
1767679200000,1767678900000,Long,Asia,93582.8,93445.98336,93856.43328000001,-7.850324342662124,3.6479876869892176,-96.73200000000001,12,TARGET,2.0,0.959693
1767681300000,1767681180000,Short,Asia,93796.8,93925.18007999999,93540.03984000003,1.6123267905416203,1.9537020526991244,4.358999999999995,12,TARGET,2.0,2.680455
1767685260000,1767685200000,Long,Asia,93260.8,93148.4216,93485.5568,-7.5068075959052925,2.1732559499775475,-96.92200000000003,15,STOP,-1.0,0.855004
1767690540000,1767690300000,Short,London,93317.2,93484.72799999999,92982.14400000001,-2.6763332737411654,2.1281950681743553,46.501000000000005,10,STOP,-1.0,2.653204
1767694800000,1767694260000,Short,London,93475.5,93689.49167999999,93047.51664000002,-0.6030600470372669,4.489341834932578,85.775,18,STOP,-1.0,1.124202
1767699000000,1767698880000,Short,London,93731.2,93873.03839999999,93447.52320000001,5.973856885719593,2.3173730954399123,17.546000000000006,22,STOP,-1.0,1.112164
1767701640000,1767701160000,Short,London,93857.6,93963.31055999998,93646.17888000005,8.825123699047143,2.8412455591920427,90.35,15,TARGET,2.0,0.84179
1767706800000,1767706560000,Long,LondonNyOverlap,93646.0,93562.78984,93812.42032,0.733821464794567,1.7102307363221658,-43.35699999999999,14,TARGET,2.0,0.878988
1767715620000,1767715140000,Short,LondonNyOverlap,93402.9,93688.8912,92830.91759999999,-1.8357316210064656,1.5512718198791013,208.079,18,TARGET,2.0,0.989392
1767730920000,1767730740000,Short,NewYork,92461.7,92549.08008,92286.93983999999,-9.355307638292185,1.6139003147910538,61.51000000000002,16,STOP,-1.0,1.8427
1767733860000,1767733380000,Long,NewYork,92559.7,92316.28783999999,93046.52432000001,-10.0,1.5211217188841022,-47.93500000000002,20,TARGET,2.0,0.72842
1767739920000,1767739740000,Short,Asia,93131.8,93336.50951999999,92722.38096000002,2.5925740694378083,2.8459514533710912,106.94900000000001,36,STOP,-1.0,0.870849
1767742860000,1767742500000,Short,Asia,93512.6,93694.896,93148.00800000003,8.450369296073802,2.254918439209688,116.24499999999998,11,STOP,-1.0,1.254838
1767751380000,1767751320000,Long,Asia,92369.1,92129.13767999999,92849.02464000005,-10.0,2.82560110246367,-53.766999999999996,22,TARGET,2.0,1.168136
1767756540000,1767755940000,Short,Asia,92965.5,93124.43999999999,92647.62000000002,6.208892812227429,1.548216457149105,52.99799999999999,32,TARGET,2.0,0.643114
1767759480000,1767759360000,Long,Asia,92735.4,92620.24448,92965.71104,-2.689523878816293,3.4774721872134964,-123.13400000000001,12,STOP,-1.0,0.900016
1767764280000,1767763860000,Short,Asia,92731.5,92889.252,92415.99600000001,0.043536017571737425,2.4148740774971893,10.153999999999996,52,TIMEOUT,0.0,1.601447
1767769320000,1767768780000,Long,Asia,92661.7,92540.60824,92903.88351999999,-5.255678922000787,1.9488276431135314,-19.116000000000007,17,TARGET,2.0,1.631828
1767771720000,1767771480000,Short,Asia,92823.6,92936.68991999999,92597.42016000004,1.9288985376484875,2.2737312687479725,6.1129999999999995,15,TARGET,2.0,1.065614
1767774480000,1767774180000,Long,London,92818.2,92694.08536,93066.42928,-0.0597073641220794,2.339948334763881,-48.248999999999995,20,STOP,-1.0,0.7178
1767787200000,1767787140000,Long,London,92086.1,91953.07863999999,92352.14272000003,-9.339758873673588,2.081871934646569,-109.00800000000001,27,STOP,-1.0,0.997961
1767791460000,1767791220000,Long,LondonNyOverlap,91932.7,91752.23943999999,92293.62112000001,-10.0,5.928994037344447,-97.39200000000002,35,STOP,-1.0,0.897087
1767795600000,1767795540000,Long,LondonNyOverlap,91587.7,91383.03503999999,91997.02992000002,-7.426157803812915,4.481034245202029,-239.69399999999996,10,STOP,-1.0,1.524688
1767810480000,1767810300000,Long,NewYork,91231.2,90949.88184,91793.83631999999,-10.0,4.237367153481334,-104.054,32,STOP,-1.0,1.495734
1767818580000,1767817980000,Short,NewYork,90983.4,91089.61344,90770.97311999998,-10.0,1.524094660304426,29.245000000000005,12,STOP,-1.0,2.244066
1767823680000,1767823200000,Long,Asia,91043.5,90853.35912000001,91423.78175999998,-10.0,4.284346953509281,-62.72200000000001,21,TARGET,2.0,0.854581
1767826320000,1767826200000,Long,Asia,91100.0,90876.84032,91546.31936,-10.0,1.6104350972275712,-7.945999999999998,16,TIMEOUT,0.0,2.788431
1767830580000,1767830520000,Short,Asia,91338.0,91597.31928,90819.36144000001,0.19366989777514804,3.507992586298565,248.91200000000003,30,STOP,-1.0,1.204618
1767835860000,1767835380000,Short,Asia,91396.7,91498.13999999998,91193.82000000002,3.563655994047272,1.566656376727852,0.6040000000000063,35,TARGET,2.0,1.205691
1767840480000,1767840360000,Long,Asia,90844.0,90677.4,91177.20000000001,-3.711056843882609,3.9586870008416026,-159.11200000000002,11,STOP,-1.0,1.005607
1767843120000,1767842760000,Long,Asia,90971.8,90827.7796,91259.84080000002,-7.76311686840077,2.2401683724643147,-108.15,10,STOP,-1.0,1.212482
1767850620000,1767850560000,Long,Asia,90959.9,90847.264,91185.17199999999,-2.2494854361736754,2.04727386727787,-63.409000000000006,40,STOP,-1.0,0.970357
1767853200000,1767853020000,Long,Asia,90444.6,90138.8312,91056.13760000002,-3.7025077228362924,9.93843360049347,-683.049,11,STOP,-1.0,1.261939
1767866700000,1767866220000,Long,London,89982.3,89852.96007999999,90240.97984000003,-10.0,1.5199542164529662,-91.148,15,TARGET,2.0,1.147592
1767869880000,1767869700000,Short,London,90362.4,90485.8308,90115.53839999999,-0.9056640006566623,1.7899303388559042,24.363,10,TARGET,2.0,2.417379
1767872640000,1767872460000,Short,London,90042.4,90287.6724,89551.85519999999,-5.418802188356998,2.7597424906581627,132.69899999999998,22,TIMEOUT,0.0,0.643966
1767882180000,1767882060000,Long,LondonNyOverlap,89756.6,89633.236,90003.32800000001,-10.0,1.6319654816486235,-78.081,15,STOP,-1.0,0.471133
1767898140000,1767897600000,Long,NewYork,91072.2,90857.05616000001,91502.48767999998,9.452532208134615,3.9826076024467216,-140.676,33,STOP,-1.0,0.495436
1767907020000,1767906900000,Short,NewYork,91002.2,91215.9144,90574.7712,9.479136400404624,2.226975884397992,51.80499999999999,11,STOP,-1.0,1.208947
1767910380000,1767909960000,Long,Asia,91417.0,91052.79943999999,92145.40112000002,10.0,1.5635373501652001,-40.181,17,STOP,-1.0,0.594874
1767915900000,1767915840000,Long,Asia,91090.6,90986.05287999999,91299.69424000004,10.0,1.7839171930272362,-1.0820000000000007,50,STOP,-1.0,1.385463
1767922080000,1767921720000,Long,Asia,91261.7,91058.0952,91668.9096,-0.06151096684377037,1.7092439562525732,-31.479000000000003,26,STOP,-1.0,0.863391
1767927840000,1767927420000,Long,Asia,91031.0,90897.224,91298.552,-3.077097067716982,2.341388687330896,-99.79400000000001,10,STOP,-1.0,0.943439
1767933600000,1767933180000,Long,Asia,91029.2,90877.23999999999,91333.12000000001,-4.813614805692316,2.3784136886182923,-52.902,32,STOP,-1.0,1.821566
1767939480000,1767939420000,Short,Asia,91007.1,91180.78631999998,90659.72736000005,-1.962398681048368,7.397914065242735,22.27600000000001,11,TARGET,2.0,0.820799
1767944100000,1767943980000,Long,Asia,90940.5,90793.90672,91233.68656,-6.2976212764022055,4.03537968690186,-69.27000000000001,10,STOP,-1.0,0.724672
1767956760000,1767956640000,Short,London,90494.1,90610.53048,90261.23904000001,-3.5441062833042376,2.049091879158451,37.134,50,STOP,-1.0,0.266238
1767959340000,1767959220000,Long,London,90442.0,90340.76952,90644.46096,-4.688605713584741,1.702020329355733,-42.911,18,STOP,-1.0,0.532446
1767965640000,1767965400000,Long,LondonNyOverlap,90605.8,90423.6032,90970.19360000001,-1.271471421041625,16.890488069359563,228.95500000000015,16,STOP,-1.0,0.722892
1767969060000,1767968880000,Short,LondonNyOverlap,90355.1,90630.24624,89804.80752000003,-0.5240403841834109,2.9519216517378153,122.71799999999999,10,TARGET,2.0,1.782755
1767982380000,1767982320000,Long,NewYork,91273.9,91114.64992000001,91592.40015999996,5.958383299744137,1.899276833829386,-61.80300000000001,10,STOP,-1.0,0.85728
1767987300000,1767987000000,Long,NewYork,90350.0,90147.52424,90754.95152,-5.745889260691071,1.7844083880265822,-45.081999999999994,11,STOP,-1.0,1.586867
1767993000000,1767992880000,Short,NewYork,90306.3,90472.21991999999,89974.46016000003,-6.719718019013525,2.6959345831959274,4.187000000000012,11,STOP,-1.0,1.536081
1767996960000,1767996780000,Long,Asia,90432.7,90248.04376,90802.01247999999,-10.0,2.6646016871159786,-29.754000000000005,42,TIMEOUT,0.0,1.46624
1768009800000,1768009500000,Short,Asia,90687.9,90772.56,90518.57999999999,4.512801322814105,1.5305693676027734,19.992000000000004,10,TARGET,2.0,2.315234
1768011840000,1768011720000,Short,Asia,90699.6,90781.56719999999,90535.66560000004,8.905370172091292,1.6158730796219876,2.3909999999999982,11,TARGET,2.0,0.68484
1768014660000,1768014480000,Long,Asia,90551.1,90439.79024,90773.71952000001,-2.6238444077023946,2.5983174803124336,-9.276000000000003,10,STOP,-1.0,1.034909
1768017420000,1768016820000,Long,Asia,90616.4,90462.67192000001,90923.85615999997,-3.199910079214033,2.3718180479117286,-20.590999999999998,12,STOP,-1.0,0.314109
1768020900000,1768020840000,Long,Asia,90445.1,90337.97176,90659.35648000002,-8.669216601286779,2.6738415065929644,-39.946,12,TIMEOUT,0.0,0.814191
1768026300000,1768025940000,Long,Asia,90494.3,90360.05407999999,90762.79184000003,-3.9446926295955684,2.848821470391962,-19.325999999999997,47,TIMEOUT,0.0,0.164661
1768030800000,1768030380000,Short,Asia,90572.6,90668.77704,90380.24592000002,1.9066999883435656,2.1180982414880543,7.716000000000001,11,STOP,-1.0,2.641031
1768037760000,1768037580000,Long,London,90617.9,90507.23624,90839.22751999999,0.7063797131327669,5.082105023951416,-35.439,30,TIMEOUT,0.0,1.024203
1768042260000,1768041960000,Short,London,90763.5,90862.632,90565.236,7.6999770105816365,2.5645142730764867,32.713,12,TIMEOUT,0.0,1.66126
1768046820000,1768046760000,Short,London,90720.7,90807.18768,90547.72463999999,6.770256485754409,3.0792595972848096,38.29899999999999,10,TIMEOUT,0.0,2.599601
1768050660000,1768050480000,Short,LondonNyOverlap,90685.6,90777.0636,90502.67280000003,5.822184598486542,2.108115360384535,8.538999999999994,23,TARGET,2.0,0.160441
1768054680000,1768054260000,Long,LondonNyOverlap,90593.0,90453.0796,90872.8408,-3.834078568165384,8.803457297295557,-119.27799999999999,10,TIMEOUT,0.0,0.968523
1768058340000,1768058100000,Short,LondonNyOverlap,90568.0,90673.18056,90357.63888000001,-0.5869929503600351,1.5443158878757912,20.669999999999998,19,STOP,-1.0,1.428792
1768060800000,1768060380000,Short,LondonNyOverlap,90611.2,90702.50399999999,90428.59200000002,1.3005973951522083,1.9309341811540282,23.347,13,STOP,-1.0,0.955838
1768063740000,1768063320000,Short,LondonNyOverlap,90654.4,90735.63047999999,90491.93904,2.1629018413383476,1.8712797046152099,1.5239999999999974,10,TARGET,2.0,2.03017
1768067580000,1768067460000,Long,NewYork,90582.8,90467.568,90813.26400000001,-1.875021299140463,2.7410388482559718,-47.264,14,STOP,-1.0,0.293385
1768082820000,1768082760000,Long,Asia,90408.4,90328.6792,90567.84159999999,-10.0,4.356801745384025,-43.646,11,TIMEOUT,0.0,0.192339
1768092720000,1768092420000,Short,Asia,90569.4,90657.56808,90393.06383999999,3.883210992257869,1.7761275144491853,24.768999999999995,27,STOP,-1.0,0.50805
1768099920000,1768099560000,Short,Asia,90657.9,90743.43671999998,90486.82656000002,4.7750729024898835,1.728236510659804,17.462999999999997,11,TIMEOUT,0.0,0.832719
1768118880000,1768118760000,Long,London,90634.7,90513.93087999999,90876.23824000002,-2.851901583190504,9.229224064901663,-51.184000000000005,48,TIMEOUT,0.0,0.502677
1768120860000,1768120740000,Long,London,90680.7,90604.05872,90833.98255999999,0.7693977320593867,2.7541617811174475,-46.646,10,TIMEOUT,0.0,1.399966
1768131240000,1768131060000,Short,London,90676.7,90772.56,90484.98,2.742136933455065,3.4678900471637406,31.997999999999998,56,STOP,-1.0,4.717865
1768134600000,1768134480000,Short,London,90812.9,90902.56391999999,90633.57216000001,4.841882623176256,2.057132541344647,18.288000000000004,15,STOP,-1.0,1.261969
1768141920000,1768141860000,Short,LondonNyOverlap,90930.8,91092.51576,90607.36848000002,9.7413345549831,12.357095721139487,168.077,10,STOP,-1.0,1.41226
1768153080000,1768153020000,Long,NewYork,90922.7,90780.8172,91206.46559999998,1.4077089541585803,2.5566588677161888,-46.044999999999995,24,STOP,-1.0,0.977155
1768157820000,1768157640000,Short,NewYork,90819.5,90938.49264,90581.51472,0.5684557977022414,4.837554087007265,66.19600000000001,16,TARGET,2.0,2.262321
1768160940000,1768160880000,Long,NewYork,90692.4,90537.01239999999,91003.1752,-2.796003418625974,10.358173152771162,-88.571,10,STOP,-1.0,0.754077
1768169940000,1768169700000,Short,Asia,90557.9,90658.56887999999,90356.56224,-1.8129632372149795,1.8271127017748885,44.22,10,STOP,-1.0,1.338502
1768176000000,1768175940000,Short,Asia,90905.3,91069.39728,90577.10544,3.6719538645453196,1.7887804276471813,105.196,13,STOP,-1.0,1.381403
1768179300000,1768179060000,Long,Asia,90864.0,90595.4656,91401.06880000001,-2.8227908353773032,2.038139882455883,-91.122,10,TARGET,2.0,1.997178
1768197840000,1768197660000,Long,Asia,92034.3,91921.00432000001,92260.89136,10.0,3.2762605827152598,-36.708,26,STOP,-1.0,1.122326
1768201380000,1768201260000,Long,Asia,91775.1,91660.41296,92004.47408000001,-0.6473842094121947,1.5934285285524623,-40.669999999999995,23,STOP,-1.0,1.920043
1768203480000,1768203420000,Long,Asia,91618.9,91483.65448,91889.39103999999,-2.9420873102859395,6.032166221734059,-159.31699999999998,11,STOP,-1.0,0.437672
1768223760000,1768223220000,Long,LondonNyOverlap,90643.2,90463.97088,91001.65824,-10.0,2.338590241007444,-52.542,21,STOP,-1.0,0.408897
1768233960000,1768233600000,Short,LondonNyOverlap,91609.0,91850.22144,91126.55712000001,6.221962350958188,4.340729804357303,306.462,10,STOP,-1.0,1.191381
1768244880000,1768244400000,Long,NewYork,91656.1,91426.8,92114.70000000001,3.0572434189214994,2.0819164681134907,-121.19200000000001,18,STOP,-1.0,0.841956
1768248540000,1768248180000,Short,NewYork,91865.1,92047.5792,91500.14160000003,8.484487153707335,5.572117715109293,154.51300000000003,10,TARGET,2.0,0.919359
1768251900000,1768251780000,Long,NewYork,91283.7,91132.33576,91586.42847999999,-2.4475984051969673,2.6473105093288236,-68.394,10,STOP,-1.0,2.601848
1768255200000,1768254600000,Long,Asia,91168.1,90921.10488,91662.09024000002,-4.007635658386517,5.922427594197029,-199.19000000000003,12,TIMEOUT,0.0,0.440136
1768259220000,1768259040000,Long,Asia,91117.7,90950.1816,91452.7368,-5.1479225038964795,1.9168646793528152,-22.196000000000005,10,TARGET,2.0,1.01045
1768262820000,1768262460000,Short,Asia,91255.3,91389.75335999999,90986.39328000003,1.6827869207307156,2.8591747051109326,49.35499999999999,33,STOP,-1.0,3.125314
1768269960000,1768269900000,Short,Asia,91297.0,91417.97591999998,91055.04816000003,0.5447266457214245,1.7274489372714217,49.425,10,TARGET,2.0,2.748003
1768278240000,1768277880000,Short,Asia,91433.0,91554.38496,91190.23008000001,5.668427079762113,2.2520573622903535,37.312,11,STOP,-1.0,1.267045
1768284840000,1768284360000,Long,Asia,91892.4,91691.48808,92294.22383999999,3.474488914306233,1.5624635318382722,-111.43600000000004,37,TIMEOUT,0.0,1.174889
1768293060000,1768292820000,Long,London,91952.0,91855.05712,92145.88576,5.391181376669453,2.360022236726694,-56.599000000000004,12,TARGET,2.0,2.16191
1768296180000,1768296060000,Short,London,92414.6,92750.74128,91742.31744000001,10.0,11.93233490629953,698.2700000000002,16,TIMEOUT,0.0,1.322525
1768303140000,1768302540000,Short,London,92106.8,92249.2404,91821.91920000002,7.0132174813768335,2.0043374449733764,58.672,10,TIMEOUT,0.0,0.914859
1768305300000,1768305120000,Long,London,92048.5,91855.25696,92434.98608,0.9373153970379873,1.7275094898462902,-33.232000000000006,10,TARGET,2.0,0.608986
1768309680000,1768309260000,Long,LondonNyOverlap,92064.8,91893.82608,92406.74784000001,2.029584594826447,1.7875908520845882,-47.105000000000004,13,TARGET,2.0,0.725221
1768334520000,1768334400000,Short,NewYork,94173.1,94310.48808,93898.32384000003,10.0,3.9105012359984634,261.711,10,STOP,-1.0,1.344911
1768336680000,1768336620000,Long,NewYork,94173.0,93960.7712,94597.4576,10.0,4.2710174803463765,-4.13900000000001,10,TARGET,2.0,2.036967
1768349400000,1768349280000,Short,Asia,95426.3,95626.43999999999,95026.02000000003,1.015871081412385,1.9079376521777045,80.601,15,TIMEOUT,0.0,0.952921
1768354320000,1768354020000,Short,Asia,95466.9,95621.63616,95157.42768,3.259374695208946,1.7561020026673666,84.524,14,TARGET,2.0,1.031039
1768357800000,1768357740000,Short,Asia,95352.6,95578.90199999999,94899.99600000004,2.7632405023161866,8.106924477550063,407.02700000000004,11,STOP,-1.0,0.951543
1768362120000,1768362060000,Short,Asia,95502.6,95625.53928,95256.72144000002,2.672031572624504,2.5112482755439633,75.46499999999999,13,STOP,-1.0,1.424044
1768374180000,1768373700000,Short,Asia,94933.0,95058.9864,94681.02720000001,-2.6570760170247607,1.8244796015993543,76.19900000000001,10,STOP,-1.0,2.600926
1768385940000,1768385820000,Short,London,95115.0,95333.00544,94678.98912000001,2.0238554648216605,3.036046529704414,30.36699999999999,10,TARGET,2.0,1.931338
1768389480000,1768389300000,Long,London,94865.6,94738.84823999999,95119.10352000003,-4.133195362976182,3.1693904047849895,-118.264,13,STOP,-1.0,0.531869
1768391940000,1768391820000,Long,London,94763.6,94637.22959999999,95016.34080000003,-5.62389428962124,2.0353354763859834,-25.028999999999996,15,TARGET,2.0,1.088609
1768401420000,1768401060000,Long,LondonNyOverlap,95613.1,95350.95816,96137.38368000003,2.8898739274022924,1.8044966192974976,-78.494,14,TARGET,2.0,0.979736
1768414620000,1768414380000,Long,NewYork,96800.0,96544.7024,97310.59520000001,8.100866629928516,2.050774482501957,-144.12,21,STOP,-1.0,1.689403
1768427700000,1768427640000,Long,NewYork,97441.1,97299.19832000001,97724.90336,10.0,6.706938985473319,47.50999999999999,31,STOP,-1.0,0.570967
1768435560000,1768435320000,Long,Asia,96845.6,96672.59999999999,97191.60000000003,-0.7190720104699554,3.4141967501874686,-37.68199999999999,37,STOP,-1.0,0.548944
1768441080000,1768440540000,Long,Asia,96524.0,96260.9296,97050.1408,-2.4873859016470328,5.142583677306341,-286.408,14,STOP,-1.0,0.49694
1768444860000,1768444440000,Long,Asia,96351.0,96244.84247999999,96563.31504000002,-4.4717448217949185,2.0291774651871415,-57.34,29,STOP,-1.0,1.74737
1768454100000,1768454040000,Long,Asia,96265.8,96139.82656,96517.74688,-1.1583065460023558,2.7616351774286745,-119.27699999999999,10,TARGET,2.0,1.017447
1768460340000,1768459800000,Short,Asia,96195.2,96384.0456,95817.5088,-0.7423674656651544,1.9940419928460467,-14.40700000000001,14,STOP,-1.0,0.871395
1768467600000,1768467360000,Short,London,96577.7,96722.51615999998,96288.06768000002,2.9492101420679395,3.5229409683660307,89.62800000000001,15,STOP,-1.0,1.359927
1768478460000,1768478400000,Long,London,96541.0,96393.92312,96835.15375999999,1.4917586639374025,5.588477601751578,-130.141,21,TARGET,2.0,0.930258
1768482060000,1768481880000,Short,LondonNyOverlap,96919.0,97040.87064,96675.25872000001,4.560084537667199,2.6732415082076715,31.24200000000002,12,TARGET,2.0,1.816172
1768486620000,1768486140000,Short,LondonNyOverlap,96977.9,97156.46303999999,96620.77392,7.8233392130924315,2.598534041396106,87.91599999999997,12,TARGET,2.0,2.830847
1768491780000,1768491480000,Long,LondonNyOverlap,95869.4,95444.88296,96718.43407999998,-5.246117501948374,2.450843411110146,-166.63700000000006,13,STOP,-1.0,1.217819
1768503780000,1768503720000,Long,NewYork,95659.0,95452.47687999999,96072.04624000003,-7.389229126547867,3.151583273569813,-148.18800000000005,10,STOP,-1.0,1.183547
1768521600000,1768521240000,Short,Asia,95528.0,95669.9748,95244.05040000001,-10.0,1.5376919695630593,38.619,10,STOP,-1.0,3.298946
1768525980000,1768525860000,Long,Asia,95440.9,95328.97576,95664.74847999998,-2.8915332173415975,6.557200690768054,-138.22000000000003,10,TARGET,2.0,0.488683
1768535820000,1768535760000,Long,Asia,95336.2,95203.57616,95601.44768,-7.87051202396508,6.232576078225353,-92.32800000000002,13,STOP,-1.0,0.649268
1768539540000,1768539120000,Long,Asia,95233.4,95039.00792,95622.18415999998,-7.784104186068757,3.424483304654718,-99.03500000000001,20,TARGET,2.0,1.427626
1768546140000,1768545900000,Short,Asia,95685.5,95796.67607999999,95463.14784000002,7.1112010956782585,1.7860424034060043,53.69600000000001,13,TARGET,2.0,0.935992
1768560360000,1768559820000,Long,London,95367.9,95248.2404,95607.21919999999,-6.869430245553312,1.8276460513219521,-45.537,18,STOP,-1.0,0.577787
1768562400000,1768562220000,Long,London,95295.5,95136.62976,95613.24048000001,-9.330189551902015,1.5061137679973318,-32.62899999999999,10,TIMEOUT,0.0,1.202845
1768566300000,1768566240000,Short,London,95475.8,95580.40319999999,95266.59360000004,0.4508190391483444,1.9966633183820826,55.56100000000001,15,TARGET,2.0,1.246116
1768570140000,1768569660000,Short,LondonNyOverlap,95474.0,95591.21183999999,95239.57632000002,0.5308995079026623,1.523721176377018,17.504999999999995,15,TARGET,2.0,0.726681
1768573860000,1768573680000,Short,LondonNyOverlap,95518.2,95639.25024,95276.09952,1.3055244121666751,2.8941863120950075,-12.488,10,TARGET,2.0,1.480959
1768584360000,1768584300000,Long,NewYork,94618.1,94427.19776,94999.90448000003,-8.723461848109228,4.351029830298257,-55.54699999999997,16,TARGET,2.0,0.606828
1768594380000,1768594020000,Long,NewYork,94833.2,94625.43904,95248.72192,-5.761861524524146,3.9034628522071433,-83.503,40,TARGET,2.0,0.742902
1768605300000,1768605240000,Short,Asia,95447.0,95561.98848,95217.02304,10.0,4.0237390925406515,42.775000000000006,23,TIMEOUT,0.0,1.059793
1768615080000,1768615020000,Long,Asia,95344.2,95256.53376,95519.53247999998,-9.547442165949239,1.7271122317826237,3.2049999999999983,23,STOP,-1.0,1.013546
1768624140000,1768623540000,Long,Asia,95289.0,95145.8224,95575.35519999999,-3.341162801564107,1.6966518048386434,1.3359999999999985,12,STOP,-1.0,0.721288
1768626060000,1768626000000,Short,Asia,95310.4,95396.256,95138.688,-0.5101282138635009,1.6569770891513649,25.139,10,TARGET,2.0,0.291405
1768632180000,1768631760000,Short,Asia,95231.6,95338.81008,95017.17984000003,-1.858996986457058,2.2763823881571783,22.115000000000002,10,TARGET,2.0,2.940457
1768636260000,1768636140000,Long,Asia,95075.0,94929.89528,95365.20944,-9.295595569595223,8.284173262576406,-82.136,10,TIMEOUT,0.0,1.419735
1768641840000,1768641300000,Long,London,95177.8,95077.77687999999,95377.84624000003,-5.6933774277830915,1.5950707199639595,-20.006,10,STOP,-1.0,0.134336
1768647780000,1768647600000,Long,London,95078.8,94990.34688,95255.70624000001,-7.990037702337076,1.5324269142738243,-7.018000000000001,16,TARGET,2.0,1.840667
1768652160000,1768652040000,Short,London,95275.3,95392.15271999998,95041.59456000004,4.7663043315553235,4.737227863923911,79.475,20,STOP,-1.0,1.592108
1768657140000,1768657020000,Long,LondonNyOverlap,95306.9,95200.2788,95520.14239999998,1.4960921800119258,1.8118027167519044,-34.5,13,TARGET,2.0,1.392171
1768659600000,1768659360000,Short,LondonNyOverlap,95382.4,95512.64903999999,95121.90192,6.013790188697294,3.188827704241265,58.900000000000006,16,STOP,-1.0,1.741881
1768667340000,1768666920000,Long,LondonNyOverlap,95434.0,95189.68728,95922.62544,-0.9938054543513979,9.061872944215347,-164.81599999999997,40,STOP,-1.0,0.489651
1768681740000,1768681680000,Short,NewYork,95283.3,95427.88128,94994.13744,-0.4559179157472798,8.19536849485821,93.244,17,TIMEOUT,0.0,0.909008
1768684920000,1768684620000,Short,NewYork,95337.4,95442.89328,95126.41343999997,3.5110878578266242,3.0385510617827403,13.21,12,TARGET,2.0,0.240755
1768689660000,1768689480000,Long,Asia,95108.8,94940.9864,95444.42720000002,-6.861915125048758,7.543115432077668,-124.16900000000004,10,TIMEOUT,0.0,0.867964
1768692300000,1768692180000,Long,Asia,95117.6,95002.4372,95347.92560000002,-9.201140372127346,1.681103921111298,-10.381999999999998,10,STOP,-1.0,1.103732
1768694700000,1768694580000,Long,Asia,95121.7,94975.05912,95414.98175999998,-1.6996033375507458,3.726813026682471,-41.080999999999996,10,STOP,-1.0,1.40801
1768709640000,1768709400000,Long,Asia,95122.3,95014.32767999999,95338.24464000003,5.429372361119935,1.7898337028515132,-24.756,31,STOP,-1.0,1.006449
1768713300000,1768713240000,Short,Asia,95033.7,95146.15608,94808.78783999999,5.104036324566827,3.403226954561632,35.413000000000004,15,STOP,-1.0,0.594322
1768722360000,1768722000000,Long,Asia,95043.3,94924.0,95281.90000000001,-1.2383122112191813,2.0990151515849,-32.604,29,TIMEOUT,0.0,0.514174
1768728360000,1768728060000,Short,London,95162.3,95276.15999999999,94934.58000000003,8.530718312023977,4.478362462943279,54.45200000000001,49,TIMEOUT,0.0,0.795287
1768734720000,1768734240000,Long,London,95084.8,94989.84727999999,95274.70544000003,0.3102690804134081,1.8368191296480858,-19.025,26,STOP,-1.0,1.022856
1768756320000,1768756260000,Short,NewYork,95172.9,95267.05271999999,94984.59456,5.564991565421289,1.6914274896026937,-9.725999999999999,15,STOP,-1.0,1.610138
1768767060000,1768767000000,Long,NewYork,95262.6,95168.804,95450.19200000001,5.049246182839203,1.8836829045600032,-14.188000000000002,10,TIMEOUT,0.0,0.591183
1768772820000,1768772760000,Short,NewYork,95382.4,95470.21511999998,95206.76976000002,6.960459803123016,1.5248490855190875,9.727,10,STOP,-1.0,2.285883
1768776180000,1768776060000,Short,Asia,95430.0,95536.36799999999,95217.26400000002,10.0,1.9871818517152338,4.765000000000001,13,TARGET,2.0,0.470464
1768795440000,1768795380000,Short,Asia,92625.6,92782.96703999999,92310.86592000004,3.072215123511712,2.186809771027046,30.34700000000001,17,TIMEOUT,0.0,1.449577
1768803180000,1768803060000,Long,Asia,92463.1,92366.048,92657.20400000003,-7.074221802695055,1.5318876548104803,-58.303,15,STOP,-1.0,0.74541
1768808760000,1768808640000,Short,Asia,92629.9,92739.23208,92411.23583999998,1.5161892630541276,2.58952003216121,17.137,10,STOP,-1.0,3.376758
1768817220000,1768817160000,Long,London,92900.0,92762.63047999999,93174.73904000001,3.6444642601390433,2.2920216920509815,-81.305,25,TARGET,2.0,0.433395
1768821540000,1768821420000,Short,London,92957.1,93124.33991999998,92622.62016000005,10.0,1.848725967262552,20.449000000000005,32,STOP,-1.0,0.619488
1768825680000,1768825620000,Long,London,92992.6,92892.92616,93191.94768000001,8.447998386485942,2.263307025036454,-44.63900000000001,33,STOP,-1.0,0.60281
1768828140000,1768827840000,Long,LondonNyOverlap,92976.9,92878.73752000001,93173.22495999996,4.948236686625464,1.7883883217138363,-44.338,10,STOP,-1.0,0.589506
1768832100000,1768831740000,Long,LondonNyOverlap,92816.0,92675.8,93096.4,1.499058757174621,2.79684695457816,-45.548,12,STOP,-1.0,0.980886
1768835820000,1768835700000,Short,LondonNyOverlap,92901.4,93099.62015999999,92504.95968,4.039265254304642,2.0004636258142976,38.76700000000001,10,STOP,-1.0,1.05955
1768842120000,1768841640000,Short,NewYork,93199.3,93421.6776,92754.54480000002,10.0,6.938136664191739,193.18699999999995,13,TIMEOUT,0.0,0.691149
1768847820000,1768847280000,Long,NewYork,92994.8,92842.86623999999,93298.66752000003,3.14471556177681,2.9939734723333813,-60.760000000000005,11,TIMEOUT,0.0,0.606998
1768853280000,1768852800000,Short,NewYork,93113.2,93236.82983999999,92865.94032000001,10.0,9.736727047492971,76.47199999999998,52,STOP,-1.0,0.937334
1768863600000,1768863480000,Long,Asia,92706.5,92514.72896000001,93090.04207999998,-3.2831559797709238,7.393814375149626,-277.88,12,STOP,-1.0,0.908743
1768867980000,1768867500000,Short,Asia,92633.2,92919.276,92061.048,1.9086441748012617,2.2086706797995004,93.10500000000002,10,TIMEOUT,0.0,1.51713
1768871880000,1768871460000,Long,Asia,92732.4,92405.11672,93386.96655999997,-1.4998440358780287,2.0420449626454187,-50.147999999999996,14,STOP,-1.0,1.251264
1768875780000,1768875720000,Long,Asia,92437.2,92263.1304,92785.3392,-3.945321977533842,3.462617389763547,-69.131,15,STOP,-1.0,1.479116
1768883700000,1768883340000,Short,Asia,92276.4,92355.02496,92119.15007999999,-4.450534044443743,2.970593691729157,91.97199999999998,10,TARGET,2.0,0.561897
1768890840000,1768890720000,Long,Asia,91010.4,90709.3744,91612.45119999998,-5.870468296418022,2.4984440501440406,-244.58700000000005,11,TIMEOUT,0.0,1.069708
1768912020000,1768911480000,Long,London,91144.0,91038.1112,91355.7776,-10.0,3.2509827459612097,-110.574,28,STOP,-1.0,2.613991
1768916040000,1768915980000,Long,LondonNyOverlap,90879.9,90727.36,91184.97999999998,-10.0,3.6253006562850407,-95.59,25,STOP,-1.0,0.510204
1768918860000,1768918620000,Long,LondonNyOverlap,90889.9,90770.52544,91128.64911999999,-8.926885252002435,6.936600536355064,-508.931,20,STOP,-1.0,1.112632
1768935300000,1768935240000,Long,NewYork,89454.1,89278.52,89805.26000000001,-10.0,2.61367789509659,-140.272,11,STOP,-1.0,1.194923
1768940160000,1768940040000,Long,NewYork,89447.6,89289.41127999999,89763.97744000005,-10.0,1.6911515780331818,-22.217000000000013,13,TARGET,2.0,1.507211
1768953660000,1768953600000,Short,Asia,88475.1,88570.79999999999,88283.70000000004,1.1864813933805094,2.366827623160635,134.22499999999997,20,STOP,-1.0,0.99615
1768963200000,1768962840000,Long,Asia,89146.3,88907.11736,89624.66528,1.6538422125758474,1.513421599810309,-30.589,12,TIMEOUT,0.0,4.376695
1768971120000,1768970640000,Short,Asia,89456.1,89608.52951999998,89151.24096000005,10.0,8.584683352849547,288.96500000000003,25,STOP,-1.0,1.669212
1768974600000,1768974420000,Short,Asia,89959.6,90160.0704,89558.65920000002,5.959722396760925,5.430155789855845,204.687,10,TARGET,2.0,0.954345
1768989540000,1768989480000,Long,London,89068.5,88956.17808,89293.14384,-2.040326715267491,2.746399054110406,-12.206000000000003,10,TARGET,2.0,0.197589
1768993860000,1768993500000,Long,London,89246.2,89036.31392,89665.97215999999,-2.78887337807483,1.7089182528534541,-22.897,13,STOP,-1.0,0.580309
1769002500000,1769002440000,Short,LondonNyOverlap,88953.5,89070.29927999999,88719.90144000002,-1.9962621355479984,4.342918286764927,137.94100000000003,22,TARGET,2.0,0.583492
1769036580000,1769036220000,Long,Asia,89875.6,89728.16,90170.48000000001,10.0,1.603721074654713,-42.482,18,TARGET,2.0,0.720477
1769043840000,1769043780000,Short,Asia,89963.0,90148.66128,89591.67744,4.85836302492439,2.277065176106701,29.36,11,STOP,-1.0,0.409221
1769047200000,1769046840000,Short,Asia,89988.7,90210.01031999999,89546.07936000002,5.162913766891368,1.5658723864977195,62.79399999999998,13,STOP,-1.0,1.899089
1769051880000,1769051760000,Long,Asia,89915.2,89735.45416,90274.69168,-1.4028617766104086,2.801108153177391,-141.82,18,STOP,-1.0,1.703123
1769062440000,1769062260000,Long,Asia,89995.2,89786.21352,90413.17295999998,-0.9438559853463386,2.529853291392033,-32.231,16,STOP,-1.0,0.337308
1769068860000,1769068500000,Long,London,89811.9,89678.2,90079.29999999999,-3.6684564831084145,2.3677368183518808,-19.477000000000004,10,TARGET,2.0,0.823417
1769074620000,1769074560000,Short,London,90046.6,90153.76535999999,89832.26928000004,3.9327757033782884,2.574454548034959,18.265,32,TIMEOUT,0.0,0.566069
1769083380000,1769083320000,Long,London,89937.7,89771.82504,90269.44992,-1.5773124392997926,2.236998827981776,-85.465,24,TARGET,2.0,2.001382
1769087940000,1769087700000,Short,LondonNyOverlap,90032.1,90137.15208,89821.99584000002,5.388700359886024,1.641033079525464,19.566999999999993,42,STOP,-1.0,3.129516
1769090040000,1769089980000,Long,LondonNyOverlap,89507.6,89374.4432,89773.91360000003,-3.461830811567017,3.4494587616411962,-245.995,12,STOP,-1.0,0.74048
1769092620000,1769092500000,Long,LondonNyOverlap,89383.5,89076.78152,89996.93695999999,-6.651536700707974,6.2172030147172075,-457.0049999999999,11,STOP,-1.0,1.332611
1769101920000,1769101680000,Short,NewYork,89185.0,89401.36391999999,88752.27216000002,-2.2108464322788546,2.5906555393151547,56.214,10,STOP,-1.0,0.977999
1769106240000,1769105760000,Short,NewYork,89544.8,89724.82248,89184.75504,1.8975952823182847,2.0850785619573373,95.92700000000002,20,STOP,-1.0,0.578561
1769108700000,1769108460000,Long,NewYork,89303.0,89034.01576,89840.96848000001,-2.3455855056536246,2.4193442524500783,-76.83600000000001,10,TARGET,2.0,0.766179
1769111340000,1769111280000,Long,NewYork,89625.1,89504.43912000001,89866.42176,0.7127524765343509,5.205014877981423,-161.15599999999998,13,TARGET,2.0,0.713671
1769115600000,1769115540000,Long,NewYork,89550.0,89283.516,90082.968,-4.778384282399547,3.211838423593388,-30.102000000000004,13,STOP,-1.0,0.701381
1769124420000,1769124360000,Short,Asia,89418.4,89551.58399999999,89152.032,-0.45551145264171927,2.0228200216540353,35.22,10,STOP,-1.0,2.321648
1769126940000,1769126700000,Long,Asia,89476.0,89358.45599999999,89711.08800000002,-1.8907312858506273,1.7409883863170885,-11.193999999999999,10,TARGET,2.0,0.659874
1769130360000,1769130240000,Short,Asia,89549.8,89693.69759999998,89262.00480000004,2.7153943280878754,1.7928188162143963,20.256,34,STOP,-1.0,0.413178
1769132700000,1769132280000,Short,Asia,89743.5,89900.56296,89429.37408000001,3.7181015869848664,5.0219989537083,45.24800000000002,11,STOP,-1.0,2.027739
1769143260000,1769142840000,Short,Asia,89941.1,90071.99999999999,89679.30000000005,8.340160776827611,1.5949279895054864,18.636000000000003,12,TARGET,2.0,0.642363
1769154420000,1769154300000,Long,Asia,89503.3,89380.53832,89748.82336,-4.928547927934557,2.493815925968884,-60.361000000000004,12,STOP,-1.0,0.810152
1769161680000,1769161500000,Long,London,88943.0,88778.92,89271.16,-10.0,5.689107762523771,-213.99,19,TARGET,2.0,1.107863
1769171040000,1769170440000,Long,London,89151.6,89048.704,89357.39200000002,-10.0,3.708980645303308,-89.458,25,TARGET,2.0,0.548806
1769173260000,1769173200000,Long,LondonNyOverlap,89249.5,89118.44816,89511.60368,-4.762133010568033,2.734031280464545,-40.676,15,TARGET,2.0,0.846711
1769176140000,1769176020000,Short,LondonNyOverlap,89343.6,89482.72896,89065.34208000003,-0.3973900410456447,2.199894859635441,50.289,10,STOP,-1.0,1.537838
1769178720000,1769178120000,Short,LondonNyOverlap,89232.4,89609.6304,88477.9392,2.7263292307832208,8.70687832976618,177.75400000000002,12,STOP,-1.0,0.804033
1769210580000,1769210340000,Long,Asia,89523.3,89392.32887999999,89785.24224000004,-10.0,3.0961592571750143,-67.393,21,STOP,-1.0,1.188138
1769213880000,1769213460000,Long,Asia,89518.9,89405.31847999999,89746.06304000001,-1.713686037316541,2.2691509399253587,-44.067,14,STOP,-1.0,0.95451
1769221500000,1769221320000,Long,Asia,89575.6,89481.25768,89764.28464000003,2.1574596762739278,1.5292040805934173,-7.815999999999999,10,TARGET,2.0,1.832284
1769245020000,1769244960000,Long,London,89635.2,89519.8268,89865.9464,-2.1733453598046637,3.8924083574986987,-39.908,13,TIMEOUT,0.0,3.204538
1769251440000,1769251260000,Long,London,89569.4,89467.86839999999,89772.4632,-8.659285581691293,3.504289524235812,-19.223,40,STOP,-1.0,0.738672
1769263440000,1769263200000,Long,LondonNyOverlap,89328.7,89108.95576,89768.18848,-5.113201863434423,29.633751123579327,-523.401,10,TIMEOUT,0.0,0.216394
1769269260000,1769269020000,Long,LondonNyOverlap,89346.0,89232.45688,89573.08624,-8.61854746940649,1.6082789068486154,-21.877,15,STOP,-1.0,0.910454
1769271240000,1769271180000,Long,LondonNyOverlap,89207.2,89065.99016,89489.61967999999,-10.0,8.898184763359472,-211.508,11,TIMEOUT,0.0,1.535408
1769280180000,1769279880000,Short,NewYork,89382.2,89496.74015999999,89153.11968000002,-2.6760930598501957,1.634237999921504,13.030999999999999,10,TIMEOUT,0.0,1.575946
1769293080000,1769292780000,Short,Asia,89375.9,89506.64808,89114.40383999998,-1.3347415223265209,6.473858804840443,44.476000000000006,14,TIMEOUT,0.0,1.404757
1769296140000,1769296080000,Long,Asia,89307.8,89181.098,89561.20400000001,-5.240813118308816,11.112287348636803,-130.899,17,STOP,-1.0,0.709129
1769310600000,1769310480000,Long,Asia,89128.9,89017.92864,89350.84271999999,-5.211059167169435,2.250454693136562,-16.174,16,STOP,-1.0,0.947108
1769327640000,1769327520000,Long,Asia,88660.2,88559.096,88862.40799999998,-10.0,4.270805266483651,-43.394,12,STOP,-1.0,0.625279
1769341620000,1769341500000,Long,London,88583.8,88454.87943999999,88841.64112000003,-3.4416997379962893,2.385665616204915,-9.039000000000001,15,STOP,-1.0,0.813721
1769346180000,1769346000000,Short,LondonNyOverlap,88750.1,88847.12088,88556.05824000001,3.2940847212375135,1.5202462172451028,36.172,21,STOP,-1.0,2.033077
1769350020000,1769349780000,Long,LondonNyOverlap,88850.4,88683.4964,89184.20719999998,3.75767767796324,5.825353061025018,-256.151,14,STOP,-1.0,0.783268
1769354700000,1769354580000,Long,LondonNyOverlap,88606.2,88513.43256,88791.73487999999,-2.2451330801061573,1.5567180164057788,-34.522999999999996,12,STOP,-1.0,0.747272
1769362200000,1769361960000,Long,NewYork,87920.1,87647.326,88465.64800000002,-10.0,2.172942244463422,-6.306999999999988,20,STOP,-1.0,0.632904
1769378580000,1769378460000,Long,Asia,86446.2,86291.51152,86755.57695999999,-10.0,2.8956215611960343,-248.048,18,STOP,-1.0,2.69951
1769392380000,1769392080000,Long,Asia,87745.0,87464.87207999999,88305.25584000003,8.84907502609754,2.548062180202879,329.27699999999993,15,STOP,-1.0,0.670365
1769406900000,1769406780000,Short,Asia,87850.1,87989.33519999999,87571.62960000004,10.0,4.759694513879627,143.38099999999997,24,STOP,-1.0,0.627262
1769412720000,1769412600000,Long,Asia,87730.8,87614.05264,87964.29472000002,2.7369976583316094,1.846620411940492,-47.486000000000004,11,TARGET,2.0,0.595495
1769415780000,1769415240000,Long,London,88213.8,87793.30912,89054.78176,6.384942883182321,2.16557799441904,-96.79600000000002,19,STOP,-1.0,1.277329
1769425560000,1769425500000,Short,London,87918.0,88000.04375999999,87753.91248000003,10.0,2.4388417223472962,32.208000000000006,46,TARGET,2.0,2.07935
1769429160000,1769428800000,Short,London,87844.4,87929.48735999998,87674.22528000001,10.0,1.9834033574099623,7.099000000000004,29,TARGET,2.0,0.877561
1769432520000,1769432460000,Short,LondonNyOverlap,87783.9,87884.65151999998,87582.39696000001,9.547455146347836,2.397518056112843,47.26700000000001,17,STOP,-1.0,0.423162
1769434440000,1769434380000,Short,LondonNyOverlap,87980.2,88080.70823999999,87779.18352,7.489853826063502,3.813340571245856,22.65299999999999,10,TARGET,2.0,0.906529
1769436360000,1769436300000,Short,LondonNyOverlap,87914.6,88039.67543999999,87664.44912000003,10.0,2.7385664907152707,96.685,10,TARGET,2.0,0.864108
1769454180000,1769454000000,Short,NewYork,88330.7,88544.27879999999,87903.54240000002,5.074071938526226,3.0700591221923714,108.21600000000001,10,TARGET,2.0,1.246247
1769467080000,1769466960000,Short,Asia,88181.1,88292.57759999999,87958.14480000004,5.8668589422310395,1.7146119250204956,33.214,12,STOP,-1.0,1.46241
1769476860000,1769476800000,Short,Asia,88313.7,88413.97464,88113.15071999999,1.6982134877673478,2.2720487808518737,40.205,23,STOP,-1.0,0.6663
1769481720000,1769481600000,Short,Asia,88725.6,88851.02399999999,88474.75200000004,5.073773423549913,2.053569134612449,13.077000000000012,41,STOP,-1.0,1.845754
1769489700000,1769489460000,Long,Asia,88534.1,88392.62928,88817.04144000003,-0.9610200472762864,2.11922367057246,-46.976,10,STOP,-1.0,0.580129
1769496360000,1769496240000,Long,Asia,88305.2,88179.79968,88556.00064,-5.698717465689551,2.1541275124600427,-40.004000000000005,13,STOP,-1.0,0.803882
1769503800000,1769503500000,Long,London,88168.5,88069.488,88366.524,-10.0,1.6738195603516666,-50.403,19,STOP,-1.0,0.676544
1769506500000,1769506440000,Long,London,87987.6,87817.6896,88327.42080000002,-10.0,1.5612841824403152,-61.635000000000005,11,STOP,-1.0,0.809217
1769516520000,1769516460000,Short,London,88091.6,88183.89071999998,87907.01856000006,-4.559862274423459,1.909364626776747,23.833,13,TARGET,2.0,1.993152
1769518680000,1769518620000,Long,London,87930.0,87841.57048,88106.85904000001,-10.0,1.5790169932656584,-21.921999999999997,10,STOP,-1.0,2.134013
1769524320000,1769524200000,Long,LondonNyOverlap,88244.4,88032.21784,88668.76431999999,-2.531681522731125,2.312280709323433,-67.76299999999999,12,STOP,-1.0,0.571291
1769551440000,1769551260000,Short,Asia,89088.9,89261.55215999999,88743.59568,10.0,1.767667319726772,-64.27899999999998,11,STOP,-1.0,0.364564
1769553480000,1769553420000,Short,Asia,89263.2,89426.88431999998,88935.83136000003,10.0,2.426283192531314,85.75800000000001,12,STOP,-1.0,2.192645
1769566080000,1769566020000,Long,Asia,89277.0,89149.12359999999,89532.75280000002,-1.4946390058268333,2.89155319423431,-71.97500000000001,21,STOP,-1.0,0.698188
1769578200000,1769577960000,Long,Asia,88908.1,88758.936,89206.42800000001,-4.843636639998429,1.8706116617174298,-42.748000000000005,14,TARGET,2.0,0.736637
1769582220000,1769581920000,Short,Asia,89195.9,89359.33031999998,88869.03936000002,4.973169297625454,1.5757751895414676,44.298,12,STOP,-1.0,0.494434
1769586960000,1769586900000,Long,Asia,89128.0,89035.41463999999,89313.17072000002,-0.5324908761922742,2.0315399604107385,-17.652,10,STOP,-1.0,0.633362
1769589120000,1769588820000,Long,London,89024.0,88908.81599999999,89254.36800000002,-3.31551729905415,3.105358603442257,-35.56099999999999,10,STOP,-1.0,1.328275
1769592060000,1769592000000,Long,London,88893.2,88760.83447999999,89157.93104000001,-7.694750599036182,2.509939640630365,-36.28800000000001,27,TARGET,2.0,1.281282
1769594400000,1769594340000,Short,London,89403.5,89626.24368,88958.01264,6.698724920087725,4.896269763332423,191.90600000000006,17,STOP,-1.0,0.981172
1769604840000,1769604600000,Long,London,89949.7,89667.80832000001,90513.48335999997,6.039875144895255,2.7923234191609803,-170.323,12,STOP,-1.0,0.853983
1769607600000,1769607360000,Short,LondonNyOverlap,90211.2,90407.268,89819.064,10.0,2.5637308433793744,157.745,19,STOP,-1.0,0.558818
1769621880000,1769621400000,Long,NewYork,89519.2,89264.73104,90028.13792,-2.0859488283136574,4.348191178899841,-89.636,25,TARGET,2.0,0.681157
1769631480000,1769631300000,Short,NewYork,89505.2,89714.61432,89086.37136,1.1030531533334267,3.436107507929394,137.697,14,STOP,-1.0,2.327097
1769633940000,1769633340000,Long,NewYork,89099.9,88928.8,89442.09999999998,-4.0456768427234024,1.6556211961514078,-76.73700000000001,10,STOP,-1.0,0.913347
1769642340000,1769642160000,Short,Asia,89400.3,89498.14128,89204.61744000002,-3.6752398959986445,2.958214098703253,-9.855000000000004,19,TARGET,2.0,0.713506
1769646180000,1769646120000,Long,Asia,89048.8,88942.38912,89261.62176,-2.3467958037920007,1.7168914820166101,-30.171000000000006,13,STOP,-1.0,1.204457
1769661000000,1769660520000,Long,Asia,88099.5,87795.80712,88706.88576,-10.0,4.399213280328878,-143.47899999999998,59,TIMEOUT,0.0,1.929839
1769666400000,1769666040000,Long,Asia,88164.9,88055.79896,88383.10207999998,-2.678478347511137,1.5089251590015973,-23.387,28,TARGET,2.0,0.601954
1769671200000,1769671020000,Long,Asia,88292.8,88148.4248,88581.55040000002,-1.3051397985349338,4.9729881685733845,-54.35900000000001,19,STOP,-1.0,0.947194
1769673480000,1769673300000,Short,Asia,88338.2,88456.7088,88101.1824,2.131503732651358,1.6979794211238162,42.281,14,TARGET,2.0,1.178476
1769679660000,1769679540000,Short,London,87973.6,88175.484,87569.83200000002,-4.558100557741699,5.642032627810969,142.663,16,TIMEOUT,0.0,0.696192
1769685360000,1769685000000,Short,London,87940.1,88098.32231999999,87623.65536000003,-6.770948906476126,2.7384101427157805,51.31800000000001,11,STOP,-1.0,1.612243
1769693400000,1769693340000,Short,LondonNyOverlap,88022.5,88203.70655999999,87660.08688000002,-2.2772048220743635,3.2618630519119294,-14.406999999999996,39,TARGET,2.0,1.190446
1769719320000,1769718900000,Long,NewYork,84020.0,83820.8896,84418.22080000001,-10.0,1.5383120134605994,-76.358,10,TARGET,2.0,0.829017
1769723400000,1769723280000,Short,NewYork,84445.0,84584.31335999999,84166.37328000003,-10.0,1.8387675553421776,83.43100000000001,10,STOP,-1.0,0.643501
1769729340000,1769729040000,Short,Asia,84545.9,84628.54871999999,84380.60256,-10.0,2.2559794450892685,64.73599999999999,38,STOP,-1.0,1.059602
1769734200000,1769733900000,Short,Asia,84355.5,84517.66008,84031.17984,0.7940174973734418,3.9494486012406655,157.64300000000003,17,TARGET,2.0,1.640012
1769747100000,1769746680000,Short,Asia,82977.0,83133.85392,82663.29216000001,5.271911963177356,2.4233960383671382,176.16700000000003,12,STOP,-1.0,1.884262
1769770260000,1769770200000,Short,London,82663.9,82805.69159999999,82380.3168,2.7615765018796488,2.2509300481865058,74.93200000000002,10,STOP,-1.0,2.26864
1769773800000,1769773740000,Long,London,82749.9,82560.79848,83128.10303999999,1.7885312929480834,2.2894295307010153,-47.000000000000014,10,TARGET,2.0,1.447576
1769779920000,1769779800000,Long,LondonNyOverlap,82722.4,82306.20232,83554.79535999999,0.531747218890031,11.67309528691145,-5.387000000000057,21,TARGET,2.0,1.488423
1769783520000,1769783460000,Long,LondonNyOverlap,83048.0,82664.71527999999,83814.56944000002,4.116096493456126,4.889227698507768,-101.15700000000004,12,STOP,-1.0,0.870751
1769804580000,1769804460000,Long,NewYork,83891.7,83459.47896000001,84756.14207999998,5.430844165170196,2.8060383133307507,-81.04199999999997,13,TIMEOUT,0.0,0.914887
1769814060000,1769813940000,Short,Asia,84119.7,84259.75391999999,83839.59216000001,10.0,4.626833078994739,28.264999999999986,18,STOP,-1.0,0.92418
1769826840000,1769826720000,Long,Asia,83894.3,83708.47959999999,84265.94080000003,-4.51166023587608,2.722996460849031,-62.14900000000001,12,TIMEOUT,0.0,0.504071
1769831100000,1769830680000,Long,Asia,84054.7,83953.58336,84256.93327999998,-0.474436426878051,1.862406050469634,-32.082,10,STOP,-1.0,0.447876
1769833500000,1769833140000,Long,Asia,84099.5,83932.8,84432.9,-2.156184810888809,1.5108746112296598,-22.641,10,STOP,-1.0,0.662265
1769859900000,1769859840000,Long,London,82957.4,82862.25712000001,83147.68575999996,-10.0,1.6763004322726198,-4.4410000000000025,39,STOP,-1.0,1.241249
1769863740000,1769863680000,Long,London,82783.4,82701.7856,82946.62879999998,-10.0,1.920236813227135,-62.211000000000006,19,STOP,-1.0,1.077795
1769911320000,1769911200000,Short,Asia,78403.2,78654.97368,77899.65264,-2.9229591687343075,1.8871006148965506,-0.35599999999999454,13,STOP,-1.0,1.642378
1769928480000,1769928420000,Long,Asia,78358.7,78257.24407999999,78561.61184000001,-3.424620932316329,8.908361013440201,-262.3620000000001,10,STOP,-1.0,0.944321
1769934180000,1769933760000,Long,London,78397.7,78151.02912,78891.04175999998,-5.908340969385721,2.579225084075271,-104.066,28,TARGET,2.0,1.222861
1769940240000,1769939820000,Short,London,78876.1,78948.70848,78730.88304000002,7.175079150819201,1.6122939860418704,14.225000000000001,19,STOP,-1.0,0.677059
1769943600000,1769943300000,Long,London,78322.2,78120.25376,78726.09247999998,-6.210128698805833,4.201778688241098,-161.187,15,TARGET,2.0,0.74718
1769955000000,1769954820000,Short,LondonNyOverlap,78093.3,78465.02184,77349.85632,-2.5146723019033517,2.5706054666570552,72.19000000000003,11,TARGET,2.0,0.688873
1769970180000,1769970000000,Short,NewYork,78171.2,78484.33727999999,77544.92544,1.7489033777275198,4.040796854820799,96.56299999999999,11,TARGET,2.0,0.529939
1769972520000,1769972340000,Short,NewYork,77858.2,78084.51768,77405.56463999998,-0.9558544353166359,1.64603142984357,114.12800000000001,11,TARGET,2.0,1.062902
1770032160000,1770032100000,Short,London,77821.0,77940.40248,77582.19503999999,10.0,1.7217079761311178,49.762,12,STOP,-1.0,0.803713
1770039060000,1770038520000,Short,LondonNyOverlap,77809.1,78156.07488,77115.15024000002,10.0,2.5563865743795833,105.51800000000003,23,STOP,-1.0,0.653164
1770042000000,1770041940000,Long,LondonNyOverlap,77707.7,77507.944,78107.21199999998,6.831327944937328,3.0051140067466044,-42.307000000000016,10,TARGET,2.0,0.869283
1770064260000,1770064200000,Long,NewYork,78382.8,78151.62864,78845.14272000002,10.0,2.3861538735080754,-40.72799999999998,20,STOP,-1.0,1.346529
1770073140000,1770073020000,Long,Asia,78758.2,78554.20632,79166.18736,10.0,1.8443815321011257,-42.81,22,STOP,-1.0,0.795643
1770085920000,1770085860000,Long,Asia,78617.2,78429.50616,78992.58767999998,-2.7513840504780025,3.960706425686561,-85.326,14,STOP,-1.0,0.578864
1770105660000,1770105120000,Long,London,78800.1,78622.25184,79155.79632000002,7.466713229720058,1.6906273660000926,-72.048,17,STOP,-1.0,1.557073
1770118140000,1770117960000,Long,London,78012.5,77913.6192,78210.2616,-8.213196477658729,4.114579492040992,-189.156,42,TARGET,2.0,1.158113
1770121140000,1770120720000,Short,London,78110.5,78251.65128,77828.19743999999,-2.6256626229455273,1.7653789398213353,70.20799999999998,13,STOP,-1.0,1.106903
1770124020000,1770123960000,Short,LondonNyOverlap,78374.3,78478.7328,78165.43440000001,-0.0015909941816188964,2.614638454046116,89.63300000000001,13,TARGET,2.0,1.15306
1770127080000,1770126660000,Long,LondonNyOverlap,78297.6,78087.48,78717.84000000003,-5.0530660245145445,1.90846219574944,-51.66,23,STOP,-1.0,0.907375
1770165780000,1770165300000,Short,Asia,76083.3,76241.54448,75766.81104000002,2.8213829784752575,2.706853221917304,98.25,10,STOP,-1.0,1.245962
1770173040000,1770172860000,Long,Asia,75959.2,75609.46399999999,76658.672,-2.4685448929047706,4.932423771497082,-169.95800000000003,11,TARGET,2.0,0.8219
1770198000000,1770197760000,Long,London,76174.4,75886.04256,76751.11487999998,-6.135718627392437,3.64248215084095,-62.617999999999995,13,STOP,-1.0,1.206125
1770201960000,1770201540000,Short,London,76203.2,76317.10488,75975.39024,-0.8522250143688632,3.0097532638273155,60.347999999999985,13,TARGET,2.0,1.66643
1770205260000,1770204960000,Short,London,75933.4,76275.37151999999,75249.45696000001,-0.3278584026448491,4.3162496900854,275.22900000000004,10,TIMEOUT,0.0,1.488235
1770239040000,1770238980000,Long,NewYork,73461.2,73304.10976,73775.38047999998,-10.0,2.4737015981963775,-15.23399999999998,12,STOP,-1.0,0.869757
1770264540000,1770264120000,Long,Asia,71117.8,71018.73952,71315.92096,-8.7868310042914,1.6393441483670579,-159.35600000000002,11,TARGET,2.0,1.219591
1770374220000,1770373920000,Short,London,65926.1,66200.41799999999,65377.464000000036,10.0,1.6507491441918785,117.72199999999998,10,STOP,-1.0,1.057024
1770435840000,1770435660000,Long,Asia,70690.3,70478.0724,71114.7552,4.584759062459787,2.301765377882418,-65.572,15,TARGET,2.0,1.1901
1770465300000,1770465120000,Long,London,67714.8,67585.08864,67974.22272,-10.0,2.102260255068633,-77.887,11,TARGET,2.0,0.858227
1770473700000,1770473460000,Short,LondonNyOverlap,68839.1,69194.41128,68128.47744000002,0.44010232045969494,1.6922423966018487,7.2690000000000055,25,STOP,-1.0,1.08391
1770488220000,1770487680000,Long,NewYork,69195.0,68995.35952,69594.28096,-1.4299181279788629,1.6261821096065208,-97.27900000000001,12,TARGET,2.0,0.875838
1770502380000,1770502020000,Short,Asia,69483.0,69729.33888,68990.32224000001,8.89219943755328,4.396322915698204,106.666,25,TARGET,2.0,2.259917
1770515760000,1770515460000,Short,Asia,69318.9,69517.66968,68921.36063999997,5.196591108287146,3.710639225019274,121.34899999999999,13,STOP,-1.0,0.835446
1770519540000,1770519240000,Long,Asia,69335.7,69055.7112,69895.67759999998,-2.172497879780332,3.5500593912106884,-162.993,11,STOP,-1.0,1.075529
1770524040000,1770523980000,Long,Asia,69030.6,68955.79119999999,69180.21760000003,-4.8717204353332795,1.6521708236465378,-35.61900000000001,25,STOP,-1.0,1.413016
1770526800000,1770526740000,Short,Asia,69261.5,69404.27904,68975.94192000001,2.261494466571956,4.034675530469474,86.13999999999999,11,TIMEOUT,0.0,1.208121
1770534840000,1770534720000,Short,Asia,69345.0,69423.69455999999,69187.61088000002,3.2135886310783452,5.002144725939143,105.588,10,STOP,-1.0,0.812382
1770544560000,1770544260000,Long,London,70249.0,70001.9536,70743.09280000001,3.101412293037815,1.705328717620093,-59.09299999999999,10,STOP,-1.0,0.950464
1770551520000,1770551400000,Short,London,70956.4,71199.01368,70471.17263999998,10.0,6.8180521018426266,287.35299999999984,10,STOP,-1.0,0.832966
1770563940000,1770563760000,Long,LondonNyOverlap,71279.5,71092.88016,71652.73968,10.0,1.5770752718851762,-49.468999999999994,12,STOP,-1.0,0.628929
1770580800000,1770580200000,Short,NewYork,71204.5,71515.46664,70582.56672,10.0,7.768442812588736,134.223,18,TARGET,2.0,0.80964
1770585900000,1770585720000,Short,NewYork,70972.8,71135.76311999999,70646.87376000003,10.0,1.7131165829443156,40.28999999999999,16,TARGET,2.0,1.188477
1770590640000,1770590280000,Long,Asia,70873.9,70550.91407999999,71519.87184,2.968011627683348,2.0391846161608047,-41.116,12,TARGET,2.0,0.961746
1770608700000,1770608580000,Short,Asia,71054.5,71368.5492,70426.40160000001,4.563221811252705,9.114582104392229,168.933,10,STOP,-1.0,0.863743
1770614160000,1770614040000,Long,Asia,70860.0,70710.18656,71159.62688,1.7847307630349418,1.6776658185066091,-12.366,10,STOP,-1.0,1.215543
1770624180000,1770624120000,Long,London,70455.1,70243.76,70877.78000000003,-8.069710882876755,1.720494799128935,-73.673,19,STOP,-1.0,1.903068
1770631620000,1770631500000,Long,London,69515.1,69250.75503999999,70043.78992000004,-10.0,3.6857218363625006,-62.565999999999974,12,STOP,-1.0,0.39167
1770640500000,1770640200000,Long,London,69121.2,68838.58503999999,69686.42992000001,-10.0,1.8492998217061964,-194.18600000000004,10,STOP,-1.0,0.449785
1770666660000,1770666600000,Short,NewYork,70893.2,71084.62224,70510.35552,10.0,2.196155619830768,61.934,11,STOP,-1.0,0.999717
1770682260000,1770682020000,Long,Asia,70074.9,69944.59952,70335.50095999998,-1.7586682338694268,3.228726207840857,-10.699999999999989,19,STOP,-1.0,1.160599
1770688740000,1770688200000,Long,Asia,70454.7,70164.8232,71034.4536,3.919164627948124,3.270413451916853,-137.08100000000002,12,STOP,-1.0,0.641077
1770690660000,1770690600000,Long,Asia,70221.2,70123.75607999999,70416.08784000001,1.5484640977318755,2.6758362007032934,38.579999999999984,10,STOP,-1.0,0.967604
1770701640000,1770701400000,Long,Asia,69525.2,69329.492,69916.616,-4.270405594218069,2.6769378364054166,-67.69299999999998,10,STOP,-1.0,0.449275
1770711720000,1770711180000,Long,London,68928.5,68721.97839999999,69341.54320000001,-10.0,1.6066546073668198,-67.535,16,TARGET,2.0,1.06107
1770719400000,1770719100000,Short,London,69099.2,69288.08615999999,68721.42768000001,-3.9193127301264994,2.246387018853805,61.988,16,TARGET,2.0,1.405561
1770721320000,1770721260000,Long,London,68883.4,68718.58112,69213.03775999998,-10.0,4.5380448027055005,-123.98700000000002,10,STOP,-1.0,0.386042
1770723660000,1770723180000,Short,London,68838.9,69104.13911999999,68308.42176,-8.227081117387094,3.005763278728733,112.77000000000001,10,TIMEOUT,0.0,0.900276
1770727620000,1770727500000,Long,London,68548.3,68376.7548,68891.39040000002,-8.412347096348963,2.4958805587570594,-106.56599999999997,10,STOP,-1.0,0.880685
1770729540000,1770729480000,Short,LondonNyOverlap,68586.4,68722.13376,68314.93247999999,-10.0,2.1217913338241225,60.906000000000006,10,STOP,-1.0,0.767994
1770761280000,1770760980000,Short,Asia,68571.5,68788.08648,68138.32704,-5.352904819302875,2.5061580571186135,60.40700000000001,15,STOP,-1.0,1.250448
1770765240000,1770764820000,Long,Asia,68683.0,68518.34143999999,69012.31712000002,-10.0,1.6330705119098359,-8.585,26,STOP,-1.0,1.034887
1770768600000,1770768300000,Short,Asia,68832.0,68942.91024,68610.17952,1.662005141550696,4.403988403752207,99.82300000000001,25,STOP,-1.0,0.610777
1770776580000,1770776040000,Long,Asia,69017.8,68849.876,69353.648,-2.022263701553843,1.625775654338046,-43.70399999999999,18,STOP,-1.0,0.62763
1770779100000,1770779040000,Long,Asia,68597.7,68422.91784,68947.26432,-8.720669268463752,3.6255146573579244,-101.80799999999999,18,STOP,-1.0,0.811885
1770793620000,1770793560000,Short,Asia,66825.0,67001.95872,66471.08256000001,-10.0,1.642673318568196,67.10000000000002,11,STOP,-1.0,0.816807
1770796740000,1770796320000,Short,Asia,67000.0,67278.78,66442.44,-7.5967623754937605,2.265984405520163,151.473,16,TIMEOUT,0.0,0.800347
1770800640000,1770800520000,Short,London,66995.3,67139.1684,66707.56320000002,-10.0,1.6300484057698474,33.554,27,TARGET,2.0,1.020872
1770803400000,1770803160000,Long,London,66769.2,66648.33864,67010.92271999999,-10.0,1.9759240367260458,-82.28,11,STOP,-1.0,1.064752
1770816300000,1770816060000,Short,LondonNyOverlap,66847.0,67054.30055999999,66432.39888000002,-3.8260330612726645,2.040296585793467,58.198999999999984,11,STOP,-1.0,0.997322
1770856020000,1770855960000,Short,Asia,67352.5,67539.78864,66977.92272,4.287410762596852,1.902397755072726,106.64600000000002,17,STOP,-1.0,1.495342
1770860700000,1770860160000,Short,Asia,67800.3,67952.71871999999,67495.46256000003,4.161283244169465,2.2709256723260345,100.72899999999998,10,TARGET,2.0,0.566224
1770869580000,1770869460000,Short,Asia,67582.1,67665.38904,67415.52192000003,2.0487197255197582,2.0607409714085705,12.030999999999992,16,TARGET,2.0,1.081351
1770877860000,1770877500000,Short,Asia,67213.2,67321.91448,66995.77103999998,-1.8177616157503567,2.5733393330732808,55.912000000000006,15,TARGET,2.0,1.355887
1770885000000,1770884880000,Long,London,66937.7,66806.512,67200.07599999999,-3.8305047893237676,2.723633361798637,-11.109999999999985,10,TARGET,2.0,0.964725
1770888600000,1770888420000,Short,London,67247.6,67334.72471999998,67073.35056000005,-0.40791148823936024,1.7701578782027443,15.953999999999994,13,STOP,-1.0,2.139954
1770894360000,1770894120000,Short,London,67931.7,68132.06208,67530.97583999998,5.798085032755785,4.962606849931362,238.981,10,STOP,-1.0,1.021224
1770898200000,1770897780000,Long,London,67967.3,67845.68,68210.54000000002,9.878906206636815,1.8174624131334007,-15.524999999999977,20,STOP,-1.0,1.468332
1770901020000,1770900960000,Long,London,67745.0,67630.65216,67973.69568,3.705227598942946,1.8373554674654224,-78.569,10,TARGET,2.0,0.742515
1770906900000,1770906660000,Short,LondonNyOverlap,67917.6,68213.42712,67325.94576000003,10.0,2.402006548654336,68.673,15,TARGET,2.0,0.777253
1770925920000,1770925800000,Short,NewYork,65904.4,66143.67264,65425.854719999974,-10.0,1.9865367018816331,215.132,12,TARGET,2.0,1.49087
1770935100000,1770935040000,Short,Asia,65756.3,65873.45664,65521.98672,-10.0,1.9351056491142593,47.71199999999999,11,STOP,-1.0,0.538473
1770942600000,1770942540000,Long,Asia,66060.5,65923.91863999999,66333.66272000002,-1.6561865135144849,2.0519106285652837,-80.518,11,STOP,-1.0,0.716003
1770947640000,1770947100000,Short,Asia,66381.3,66648.47615999999,65846.94768000003,3.0207769058240204,7.928592614043732,176.40800000000002,11,STOP,-1.0,0.7672
1770969120000,1770969060000,Long,Asia,66117.0,65959.39024,66432.21952000001,-3.12970877919032,1.746368616518122,-12.888000000000005,14,TARGET,2.0,1.598874
1770978180000,1770977880000,Short,London,66793.9,67044.99311999998,66291.71376000001,10.0,1.6204142362761222,-53.13499999999999,11,STOP,-1.0,1.340876
1770984180000,1770983700000,Short,London,67004.9,67250.55744,66513.58511999997,9.984981973701176,11.328758367922177,533.7750000000001,10,STOP,-1.0,1.160722
1770988620000,1770988020000,Long,LondonNyOverlap,67062.3,66875.35687999999,67436.18624000002,6.7894243921710675,2.9162213279991285,-88.03800000000001,17,TARGET,2.0,0.536037
1771005840000,1771005660000,Long,NewYork,69008.1,68804.61224,69415.07552000001,10.0,2.246049755191377,-159.08400000000003,13,TIMEOUT,0.0,0.691831
1771014720000,1771014660000,Short,NewYork,68853.3,68959.92384,68640.05232,10.0,2.2895410402189156,70.10300000000001,12,TARGET,2.0,0.962917
1771021440000,1771020840000,Long,Asia,68788.0,68619.66032000001,69124.67935999998,10.0,8.040158726262028,-417.86800000000005,45,TIMEOUT,0.0,4.190848
1771030500000,1771030380000,Short,Asia,69012.3,69173.39448,68690.11104,3.447366575300019,4.6198182076599945,68.21099999999998,12,TIMEOUT,0.0,1.342753
1771036200000,1771035780000,Long,Asia,68865.5,68774.936,69046.628,-3.1649802929809807,1.9005530554759227,-22.052000000000007,10,TIMEOUT,0.0,1.696049
1771041600000,1771041360000,Short,Asia,68935.9,69049.29528,68709.10943999997,1.6386582951146604,2.097813450530297,15.399000000000001,33,TIMEOUT,0.0,1.846307
1771045380000,1771044780000,Long,Asia,68793.2,68701.09512,68977.40976,-5.870624314490114,3.262230161346365,-47.302,10,STOP,-1.0,0.70108
1771048860000,1771048440000,Long,Asia,68753.4,68672.31816,68915.56367999999,-9.768138497280813,3.438593394760784,-68.902,23,TARGET,2.0,0.742573
1771079460000,1771079040000,Long,LondonNyOverlap,69542.4,69313.70464,69999.79071999999,-2.774661363426059,1.6048563326740668,-103.98700000000001,10,TARGET,2.0,1.231775
1771085400000,1771085340000,Long,LondonNyOverlap,69677.1,69564.304,69902.69200000001,1.118263696895854,1.5216719402435435,-56.491,24,STOP,-1.0,0.708924
1771090740000,1771090500000,Long,NewYork,69771.5,69628.45263999999,70057.59472000002,2.654723436101153,1.6078970501728385,-33.579999999999984,22,STOP,-1.0,0.859878
1771096020000,1771095960000,Short,NewYork,69788.0,69886.66464,69590.67072,7.4015181029873025,1.5658140275818122,21.107,11,TARGET,2.0,1.047521
1771099740000,1771099380000,Short,NewYork,69797.0,70025.77584,69339.44832,10.0,9.449394958696082,343.59999999999997,35,STOP,-1.0,0.872898
1771102440000,1771101960000,Short,NewYork,69951.6,70054.99919999999,69744.80160000004,6.675792516942527,3.347127660264939,122.96000000000001,14,STOP,-1.0,1.924865
1771107360000,1771106940000,Long,Asia,69890.0,69769.23992,70131.52015999999,5.477728476992204,2.150809936222077,-155.97199999999998,13,STOP,-1.0,1.661947
1771111020000,1771110540000,Long,Asia,69974.1,69826.99368,70268.31264000002,8.083446202387783,2.308491077688268,12.48899999999999,32,STOP,-1.0,0.935251
1771114980000,1771114620000,Long,Asia,69674.1,69542.52144,69937.25712000002,-1.404178536741055,1.9744858637473495,-24.658,11,STOP,-1.0,0.700937
1771126200000,1771126140000,Long,Asia,69435.3,69356.4704,69592.9592,-4.4400213887932045,2.5843150906636865,-36.94200000000001,23,STOP,-1.0,0.544135
1771128240000,1771128120000,Short,Asia,69988.7,70122.75335999999,69720.59328000002,2.236748157813863,4.072644181604864,118.63499999999999,11,STOP,-1.0,1.366732
1771140840000,1771140780000,Short,Asia,70742.3,70842.22848,70542.44304,6.672168015494822,3.4704898714533488,133.358,10,STOP,-1.0,0.811808
1771149660000,1771149060000,Long,London,70412.4,70302.61287999999,70631.97424000001,3.7373174480483256,2.455541075432447,-79.38799999999999,19,STOP,-1.0,0.794534
1771154520000,1771154460000,Long,London,70357.2,70289.92304,70491.75392,5.882123603663656,1.6864829219079167,-46.968,38,STOP,-1.0,0.469624
1771168140000,1771167660000,Short,LondonNyOverlap,69141.1,69267.26951999999,68888.76096000004,-10.0,1.8539477523296704,40.196,24,TARGET,2.0,1.506285
1771171980000,1771171560000,Long,LondonNyOverlap,68931.1,68815.20376,69162.89248000001,-10.0,3.555957613194515,-151.822,15,STOP,-1.0,0.370251
1771187940000,1771187700000,Short,NewYork,68450.5,68590.22832,68171.04336000001,-10.0,2.0685759487050226,19.738,11,STOP,-1.0,1.478704
1771191300000,1771191060000,Short,NewYork,68786.0,68924.49551999998,68509.00896000004,-10.0,6.4182310815411245,270.84599999999995,14,STOP,-1.0,2.060754
1771194060000,1771193940000,Long,Asia,68858.5,68701.29496,69172.91008,-10.0,2.2371558693165032,-27.709999999999994,14,STOP,-1.0,1.261274
1771205760000,1771205700000,Long,Asia,68571.1,68456.1912,68800.91760000002,-2.996621843283679,2.0186636873796804,0.554000000000002,10,STOP,-1.0,0.586815
1771210800000,1771210440000,Long,Asia,68344.3,68188.4056,68656.08880000001,-6.368311823134729,2.714128765910356,-82.973,26,STOP,-1.0,0.796724
1771212720000,1771212660000,Long,Asia,68170.3,68067.10272000001,68376.69455999999,-5.086925062957357,2.591346528619314,8.718999999999994,10,TARGET,2.0,0.602589
1771218060000,1771217460000,Short,Asia,68744.2,68889.46751999999,68453.66496000001,7.080216314051272,2.073388570754752,46.206999999999994,23,TARGET,2.0,1.439899
1771222920000,1771222860000,Long,Asia,68263.0,68156.43119999999,68476.13760000002,-7.120511733986107,2.0274533746191246,-39.077000000000005,10,TARGET,2.0,0.379149
1771225440000,1771225320000,Long,Asia,68401.4,68283.72928,68636.74143999998,-7.047514690721517,1.9820465421150066,-49.761,19,TARGET,2.0,4.205659
1771231080000,1771230900000,Long,London,68720.1,68537.82583999999,69084.64832000004,1.6032479212014161,1.5418248039137705,-30.275999999999996,11,TIMEOUT,0.0,0.969964
1771234620000,1771234560000,Short,London,68965.6,69048.99504,68798.80992000003,6.461312736374137,1.534721253726165,48.229,15,TARGET,2.0,0.893066
1771237800000,1771237560000,Long,London,68792.1,68601.97447999999,69172.35104000004,1.0170487298567157,2.8207037257267236,-44.40700000000001,13,STOP,-1.0,0.950699
1771255620000,1771255560000,Long,LondonNyOverlap,68347.2,68150.436,68740.72799999999,-6.436250495812011,3.441753264926168,-230.435,13,STOP,-1.0,1.104497
1771265700000,1771265340000,Short,NewYork,68054.1,68144.472,67873.35600000003,-7.670340523509975,6.5697943983926725,-128.86300000000006,10,STOP,-1.0,0.82039
1771269900000,1771269600000,Long,NewYork,67982.4,67731.17168,68484.85663999998,-10.0,1.545260284665331,-30.891999999999996,14,TARGET,2.0,0.331439
1771272840000,1771272300000,Long,NewYork,67935.4,67772.43864,68261.32272,-10.0,5.494216303403336,-207.657,14,TARGET,2.0,0.967863
1771281180000,1771280940000,Long,Asia,68650.2,68495.35983999999,68959.88032000001,1.2296262602974586,1.6074050771498087,-68.22500000000002,13,STOP,-1.0,0.651458
1771284900000,1771284840000,Long,Asia,68621.2,68545.71952,68772.16096,2.3410790011359484,5.203824075487505,60.88799999999998,15,TARGET,2.0,0.39251
1771288020000,1771287420000,Long,Asia,68849.9,68630.052,69289.59599999999,-2.5516888702685967,1.5839247490108923,-42.123000000000005,19,STOP,-1.0,0.977057
1771294020000,1771293720000,Long,Asia,68663.5,68402.734,69185.032,-2.8682500117415946,5.260875917148238,-57.64699999999999,10,TARGET,2.0,0.689166
1771299240000,1771298640000,Long,Asia,68636.8,68512.24632,68885.90736,-6.468210572574931,2.2859549019243524,-56.266999999999996,22,STOP,-1.0,0.445899
1771301280000,1771301220000,Long,Asia,68426.4,68302.01464,68675.17072,-10.0,4.610848700811676,-83.89500000000001,12,TARGET,2.0,1.392481
1771306560000,1771306500000,Long,Asia,67933.2,67822.09887999999,68155.40224000001,-5.892459756970026,1.5441531718675179,-49.11800000000001,11,TARGET,2.0,0.517179
1771312200000,1771312140000,Long,Asia,68288.2,68175.31607999999,68513.96784000001,-6.66462875337986,2.756783199358428,-19.173000000000002,12,STOP,-1.0,0.551185
1771318440000,1771318320000,Long,London,68144.0,68038.5256,68354.94880000001,-9.66715603695445,2.4992015919292414,-31.013000000000005,13,STOP,-1.0,1.140662
1771326120000,1771326000000,Short,London,67827.9,67948.91568,67585.86863999997,-10.0,2.72759335189092,-74.91699999999997,17,STOP,-1.0,0.626042
1771336740000,1771336200000,Short,LondonNyOverlap,68105.3,68234.544,67846.81200000002,-2.6565915479402906,2.5296377930704756,123.27199999999999,21,STOP,-1.0,1.689765
1771338660000,1771338600000,Long,LondonNyOverlap,68160.7,67868.36184,68745.37632,-5.666719480972728,2.6031989681768484,-63.888000000000005,10,STOP,-1.0,0.769785
1771358640000,1771358580000,Long,NewYork,67720.3,67601.67536000001,67957.54927999999,-1.4445882005617203,1.6067673558843185,-107.739,13,STOP,-1.0,0.908106
1771363140000,1771362780000,Short,NewYork,67710.6,67883.16311999998,67365.47376000005,0.9320547064512918,2.2295256703708537,82.107,19,TARGET,2.0,0.864886
1771366080000,1771365960000,Long,Asia,67569.9,67434.70904,67840.28191999998,-8.97308572387541,2.913971523882788,-37.053000000000004,26,STOP,-1.0,0.664905
1771369560000,1771369260000,Long,Asia,67512.1,67365.0648,67806.17040000003,-7.007111689004288,3.219504623367408,-11.382000000000005,13,STOP,-1.0,0.736643
1771373160000,1771373100000,Short,Asia,67538.3,67629.26015999999,67356.37968000003,1.8891714796392878,1.5741123056398176,3.9579999999999984,38,TARGET,2.0,1.851328
1771378260000,1771378200000,Long,Asia,67010.4,66894.64143999999,67241.91712,-4.638516250693874,4.130605712337344,-149.071,11,STOP,-1.0,0.41383
1771384080000,1771383840000,Short,Asia,67365.5,67490.04888,67116.40224,5.283021608402446,2.074616039222983,24.966000000000008,26,STOP,-1.0,2.683657
1771387800000,1771387260000,Long,Asia,67658.5,67476.17584,68023.14832000001,10.0,1.5184924321737985,-30.772000000000006,11,TIMEOUT,0.0,1.603188
1771393680000,1771393260000,Long,Asia,67698.4,67547.9184,67999.36319999999,2.6951173764335814,1.664174152984171,-20.253,10,TARGET,2.0,1.129965
1771397040000,1771396980000,Short,Asia,67877.9,67954.31999999999,67725.06,10.0,2.902293840935147,56.76899999999999,16,TARGET,2.0,0.924901
1771399800000,1771399320000,Long,Asia,67740.7,67607.67056,68006.75888,4.738432050697624,1.6498874178290783,-47.422,17,TARGET,2.0,0.743184
1771402380000,1771402260000,Short,London,68159.5,68276.57759999999,67925.34480000002,10.0,3.574364163036217,195.848,20,STOP,-1.0,1.573917
1771410540000,1771410060000,Long,London,68020.2,67923.71752,68213.16495999998,5.699085429898423,2.2284442893448055,-58.86600000000001,11,STOP,-1.0,0.629719
1771416300000,1771415880000,Long,London,67487.1,67284.72912,67891.84176000001,-7.681014347368349,1.509196235783312,-43.69599999999997,27,STOP,-1.0,0.67102
1771421820000,1771421520000,Long,LondonNyOverlap,67372.5,67278.43416,67560.63167999999,-5.448719252534473,2.2881144440014434,-82.544,26,STOP,-1.0,0.746013
1771425120000,1771425060000,Short,LondonNyOverlap,67170.2,67353.84,66802.92,-4.856979615517234,3.1145262664074393,120.88899999999995,11,TARGET,2.0,0.776631
1771438620000,1771438500000,Long,NewYork,67130.5,66992.26328,67406.97344,-10.0,1.616112499743274,-56.284,10,STOP,-1.0,1.172563
1771457700000,1771457580000,Short,Asia,66356.4,66450.01752,66169.16496,-10.0,2.6332283847726536,4.489999999999995,27,STOP,-1.0,1.767938
1771459980000,1771459620000,Short,Asia,66377.4,66587.2272,65957.7456,3.0426045069973084,2.9636176333166326,99.57999999999998,11,STOP,-1.0,0.873683
1771462920000,1771462860000,Short,Asia,66499.2,66597.7356,66302.12879999999,1.8538508615468323,1.5997333649040266,43.185,20,STOP,-1.0,5.606096
1771465680000,1771465200000,Short,Asia,66737.5,66828.11975999999,66556.26048000003,4.720956082035069,2.130062537708471,70.15899999999999,10,STOP,-1.0,1.18756
1771472160000,1771471920000,Long,Asia,66904.0,66758.65032,67194.69936,3.239272488128084,3.1231743952995514,-58.842,14,STOP,-1.0,0.86708
1771477740000,1771477620000,Long,Asia,66716.1,66616.664,66914.97200000001,-1.3382014047606399,2.5188284684528894,-55.56400000000001,10,TARGET,2.0,1.172037
1771482720000,1771482660000,Short,Asia,67170.1,67329.22032,66851.85936000003,4.864776997796204,5.420826573228132,166.245,10,TARGET,2.0,0.696075
1771486740000,1771486620000,Short,Asia,67156.1,67353.23951999999,66761.82096000004,10.0,3.5909768867471863,41.459,21,TIMEOUT,0.0,1.436194
1771489200000,1771488900000,Long,London,67051.7,66931.21216,67292.67568,3.0315676948979475,2.714474738091796,-36.212999999999994,15,STOP,-1.0,1.051986
1771498320000,1771498260000,Long,London,66791.0,66687.1076,66998.7848,-2.4951632604058043,2.4092185139471938,-30.60499999999999,20,STOP,-1.0,0.464425
1771502940000,1771502580000,Long,London,66512.9,66357.8712,66822.9576,-4.78913042271108,2.1426338076132536,-105.601,10,STOP,-1.0,0.712629
1771534860000,1771534800000,Long,NewYork,67063.4,66952.99472,67284.21055999998,6.529284521451068,2.281585751158447,-59.13000000000001,14,STOP,-1.0,2.85525
1771538460000,1771538400000,Long,Asia,66889.3,66808.11072000001,67051.67855999999,10.0,1.5117783332102945,-12.562999999999995,14,STOP,-1.0,0.459342
1771547640000,1771547160000,Short,Asia,67241.9,67543.992,66637.71599999999,1.3554310493290012,14.577159424974923,682.9189999999999,10,TIMEOUT,0.0,1.252078
1771566360000,1771566300000,Short,Asia,67918.8,68004.25991999998,67747.88016000004,2.925114240384491,2.585536306518128,177.25,11,TARGET,2.0,1.2967
1771569060000,1771568580000,Long,Asia,67777.2,67636.14776,68059.30447999998,6.702263527304539,1.5357212012735537,-227.367,16,TIMEOUT,0.0,1.481574
1771573800000,1771573560000,Long,Asia,67895.6,67740.2644,68206.27120000002,10.0,2.1412606461772894,-36.94699999999999,25,STOP,-1.0,0.709929
1771582080000,1771581960000,Long,London,68232.1,68065.0044,68566.2912,10.0,1.5325923628046756,-61.623000000000005,10,STOP,-1.0,0.860659
1771589880000,1771589580000,Short,London,67338.0,67529.08008,66955.83984,-3.498646284403635,2.1056268732978998,29.05699999999996,15,STOP,-1.0,1.078342
1771591920000,1771591860000,Short,London,67475.9,67591.12968,67245.44063999999,-1.7670213086233781,1.9619156977199104,48.92500000000001,12,TARGET,2.0,1.128531
1771594200000,1771593780000,Long,LondonNyOverlap,67125.9,66947.3992,67482.90159999998,-9.861463562954595,1.9471869617134918,-133.619,10,STOP,-1.0,1.574222
1771617060000,1771616520000,Long,NewYork,67638.3,67536.02792000001,67842.84416,3.7295703578427912,1.7831667118128385,-63.34700000000001,11,STOP,-1.0,1.262388
1771621320000,1771621260000,Short,NewYork,67697.1,67827.11832,67437.06336000003,10.0,3.146898413231568,110.82200000000003,25,STOP,-1.0,1.92767
1771623840000,1771623420000,Short,NewYork,67730.0,67810.80528,67568.38944,10.0,2.9474135819667135,125.263,14,STOP,-1.0,2.364224
1771628820000,1771628400000,Short,Asia,68058.0,68177.79864,67818.40272000001,10.0,2.705186237475651,30.295999999999992,13,TARGET,2.0,0.862889
1771631100000,1771630740000,Long,Asia,67973.5,67825.696,68269.10800000001,10.0,1.7306919867952948,-98.77700000000002,11,STOP,-1.0,0.48215
1771633800000,1771633500000,Long,Asia,67901.4,67802.81432,68098.57135999997,-2.857662826554632,1.936980802992647,-66.77,19,STOP,-1.0,2.480057
1771640040000,1771639980000,Short,Asia,67952.9,68042.39039999999,67773.9192,3.046720347977538,2.795018762406771,51.497000000000014,43,STOP,-1.0,1.046268
1771649580000,1771649040000,Long,Asia,67735.9,67600.97592,68005.74815999999,-5.82831963201333,3.0019252659703906,-97.203,17,TIMEOUT,0.0,0.779877
1771659480000,1771659420000,Long,Asia,67826.5,67730.772,68017.956,1.298079593093284,2.8690476857951834,-13.394999999999996,14,TARGET,2.0,1.719568
1771663500000,1771663380000,Short,London,67945.6,68037.08615999999,67762.62768000003,10.0,2.0181757257048973,29.024,26,STOP,-1.0,0.418622
1771672200000,1771672080000,Short,London,68215.0,68298.79535999999,68047.40928000002,10.0,4.0937590558879755,12.52000000000001,22,TARGET,2.0,1.485509
1771677240000,1771677000000,Long,London,67923.8,67832.89024,68105.61952000002,-1.29409682980153,3.038257591770968,-96.202,21,TARGET,2.0,0.923368
1771683300000,1771683240000,Short,LondonNyOverlap,68194.2,68297.094,67988.412,10.0,2.2054487675169248,40.50399999999999,22,STOP,-1.0,2.203425
1771708140000,1771707540000,Long,NewYork,68303.1,68059.90848,68789.48304000002,0.6910689565621979,14.94184797558388,-228.4240000000001,19,STOP,-1.0,0.484624
1771713960000,1771713720000,Long,Asia,68119.1,68034.92847999999,68287.44304000004,-1.160001880490122,2.755853154391824,-70.18799999999999,13,STOP,-1.0,0.699044
1771718520000,1771718460000,Long,Asia,67975.5,67841.48336,68243.53328,-0.514451513133522,3.019796249626244,-64.82099999999998,10,STOP,-1.0,1.018542
1771725840000,1771725780000,Short,Asia,68105.3,68222.53439999999,67870.83120000003,8.964482617954772,1.9965310978777933,50.062,36,TARGET,2.0,1.232082
1771728120000,1771727940000,Long,Asia,67963.8,67897.33864,68096.72272,-0.6506919893964244,1.515154047521054,-15.426000000000002,10,STOP,-1.0,2.24056
1771734420000,1771734300000,Long,Asia,67982.4,67880.55208,68186.09584,-0.17851026634816064,1.5653857732533938,-25.728,17,STOP,-1.0,0.458629
1771736760000,1771736640000,Long,Asia,67969.6,67878.6536,68151.4928,-1.9190676954403636,1.978124323885764,-8.381,11,STOP,-1.0,0.492489
1771739760000,1771739220000,Long,Asia,67892.9,67812.90624,68052.88751999999,-7.569949146241673,1.532151648963462,-18.899,20,TARGET,2.0,1.417693
1771748160000,1771748040000,Long,London,67969.9,67889.94456,68129.81087999998,-2.555246117003805,1.638715679372423,-38.076,18,STOP,-1.0,2.134999
1771750920000,1771750740000,Long,London,67948.1,67853.6736,68136.95280000003,-5.4650238937071185,2.1269075085150577,-84.605,22,TARGET,2.0,0.890968
1771753260000,1771752840000,Long,London,68020.8,67926.31543999999,68209.76912000003,0.8749042201949356,2.5697776340535614,-67.89999999999999,11,TARGET,2.0,0.722493
1771757160000,1771756740000,Long,London,68076.9,67976.67512,68277.34975999998,3.849131397693607,3.3099701936075716,-91.68,13,STOP,-1.0,3.025238
1771765680000,1771765380000,Short,LondonNyOverlap,67921.0,68038.78751999998,67685.42496000003,-0.1527234789900532,2.3453662881231687,127.14600000000002,21,TARGET,2.0,0.482958
1771769280000,1771769040000,Long,LondonNyOverlap,67580.1,67434.0096,67872.28080000001,-10.0,2.96591276458672,-205.53300000000002,28,STOP,-1.0,1.317942
1771771860000,1771771380000,Long,LondonNyOverlap,67479.9,67277.53487999999,67884.63024,-8.854111566966354,4.887233927640765,-169.67800000000005,10,STOP,-1.0,1.325938
1771781400000,1771781340000,Long,NewYork,67491.7,67409.72903999999,67655.64192000001,-10.0,4.1230133359389844,-134.763,14,STOP,-1.0,0.477109
1771786740000,1771786380000,Short,NewYork,67392.3,67461.52608,67253.84784000002,-10.0,2.766612505325315,78.261,28,STOP,-1.0,0.833486
1771791600000,1771791060000,Long,NewYork,67413.9,67293.22232,67655.25535999998,-10.0,1.9236345429254502,-34.668,43,TIMEOUT,0.0,2.870554
1771793940000,1771793580000,Long,NewYork,67374.9,67290.1248,67544.45039999997,-10.0,1.9007114962820308,-1.142000000000003,12,TARGET,2.0,3.123567
1771798500000,1771798140000,Long,Asia,67509.3,67416.92327999999,67694.05344000003,-8.164285433800245,2.655122899996084,-67.213,11,TARGET,2.0,0.284746
1771801440000,1771801320000,Long,Asia,67631.1,67531.33167999999,67830.63664000004,-4.762453526695783,1.500643630350034,-37.059999999999995,12,STOP,-1.0,0.714808
1771817520000,1771817400000,Short,Asia,64755.1,64919.49407999999,64426.31184000002,-7.2012040911990445,1.8299671402422606,140.805,12,STOP,-1.0,1.014709
1771840080000,1771839960000,Short,London,66251.0,66435.70608,65881.58784,5.393170415498436,3.0249662994315996,245.49900000000002,11,STOP,-1.0,0.717444
1771845720000,1771845360000,Short,London,66314.3,66475.13759999999,65992.62480000003,10.0,2.324010284354659,12.74799999999999,29,TARGET,2.0,0.95536
1771857300000,1771857240000,Long,LondonNyOverlap,66019.5,65835.58936,66387.32128,5.460293018433525,5.984275814525794,-45.50400000000002,11,STOP,-1.0,0.626343
1771886460000,1771886400000,Long,Asia,64849.1,64687.00896,65173.28208,-10.0,1.670715810817756,-64.17200000000001,28,STOP,-1.0,0.533899
1771891080000,1771890660000,Long,Asia,64600.1,64480.17456,64839.95088,-8.304156419974346,2.4070910515679933,23.093999999999994,13,TARGET,2.0,1.511981
1771926000000,1771925640000,Long,London,63165.4,62995.36336,63505.47328,-10.0,1.5688318989720884,-31.051000000000002,12,TIMEOUT,0.0,1.289717
1771932360000,1771932060000,Long,London,63168.9,63087.4896,63331.7208,-10.0,1.689535923188993,-47.00399999999999,20,STOP,-1.0,1.001696
1771936140000,1771936080000,Short,London,63289.1,63347.33735999999,63172.625280000015,-6.064823251728643,1.7488758529206279,-60.187,10,TARGET,2.0,1.041287
1771939980000,1771939920000,Long,LondonNyOverlap,62829.3,62358.5732,63770.75360000001,-7.893021947622398,10.872918009656262,-702.5819999999999,11,TARGET,2.0,1.500803
1771943700000,1771943460000,Long,LondonNyOverlap,62935.3,62774.74,63256.42000000001,-9.9132940359726,2.1329686509371184,-57.182000000000016,10,TARGET,2.0,1.02727
1771958640000,1771958460000,Short,NewYork,64339.7,64529.98271999999,63959.134560000006,10.0,2.5447950979123335,96.118,18,STOP,-1.0,2.068323
1771974720000,1771974300000,Long,Asia,63997.5,63795.32288,64401.85424,3.962491249857269,7.089455151692967,-108.274,21,TARGET,2.0,0.697866
1771978740000,1771978140000,Long,Asia,64007.7,63909.53144,64204.03711999999,-2.512690620458841,2.1401654637915546,-52.16,23,TARGET,2.0,0.762377
1771992660000,1771992060000,Long,Asia,65478.0,65201.69688,66030.60624,-6.471025294427963,1.8575777182029023,-72.11599999999999,13,STOP,-1.0,0.932419
1772003280000,1772003220000,Long,Asia,64846.7,64683.711599999995,65172.6768,-10.0,2.875534493181226,-112.938,14,TARGET,2.0,0.730453
1772017440000,1772017380000,Long,London,65316.3,65230.7736,65487.35280000001,-3.1090766281485664,1.7187385711226932,-34.873,44,STOP,-1.0,0.697132
1772021400000,1772021160000,Long,London,65463.3,65227.87592,65934.14816000001,-4.925527046735416,1.9559003939314488,-36.233999999999995,25,TARGET,2.0,1.479138
1772026980000,1772026920000,Short,LondonNyOverlap,66262.5,66438.80855999999,65909.88288000002,10.0,6.264432179552148,1156.951,11,STOP,-1.0,2.198242
1772091300000,1772091240000,Long,Asia,68102.2,68005.45207999999,68295.69584000001,-4.800015429901037,3.087731055575187,-44.572,13,STOP,-1.0,0.781367
1772093760000,1772093700000,Short,London,68012.0,68145.07248,67745.85504,-2.2768402179160536,3.169624038691009,108.03800000000001,12,STOP,-1.0,2.374469
1772100720000,1772100600000,Short,London,68482.2,68744.65176,67957.29648,10.0,1.714081256111418,79.44499999999996,16,TARGET,2.0,0.663924
1772108460000,1772108280000,Short,London,68204.9,68299.69608,68015.30784,-0.327730749875435,1.9457985398420516,51.494,15,TARGET,2.0,0.858419
1772111640000,1772111580000,Long,LondonNyOverlap,68000.4,67898.13799999999,68204.924,-4.897767763300023,2.5199010217919278,-65.149,27,STOP,-1.0,0.817038
1772113980000,1772113620000,Short,LondonNyOverlap,67957.4,68232.94271999999,67406.31456,-1.8231564185929505,1.8841067256854789,55.554,12,STOP,-1.0,1.530558
1772139540000,1772139000000,Long,NewYork,67386.5,67236.6676,67686.1648,-6.610472031570396,1.7491295891609788,1.179000000000002,10,STOP,-1.0,0.530355
1772142960000,1772142480000,Short,NewYork,67431.0,67582.72295999998,67127.55408000003,-3.818714270292408,2.7320628399162064,86.898,28,STOP,-1.0,0.824427
1772145960000,1772145840000,Short,Asia,67528.2,67642.77096,67299.05808,-1.6461452856930754,1.8151929240634141,27.58,16,TARGET,2.0,1.084741
1772149740000,1772149500000,Long,Asia,67451.1,67370.06079999999,67613.17840000003,-5.552890701459413,1.7742174066188807,-37.998999999999995,12,STOP,-1.0,0.903876
1772152140000,1772151780000,Long,Asia,67272.0,67101.37592,67613.24815999999,-1.870731040119364,2.9889180391930177,-34.30200000000001,12,STOP,-1.0,0.656399
1772158620000,1772158500000,Long,Asia,67333.0,67172.51896,67653.96208,1.3953274761666512,1.5647857019672886,-101.251,10,STOP,-1.0,0.377439
1772163900000,1772163840000,Short,Asia,67304.4,67415.78951999999,67081.62096,1.6660808524838417,1.8829547844730552,25.167000000000016,11,STOP,-1.0,1.861308
1772172900000,1772172720000,Long,Asia,67656.0,67567.30287999999,67833.39424000002,4.980594833163042,2.3745728748579804,-41.74400000000001,22,STOP,-1.0,1.10254
1772177460000,1772177340000,Long,Asia,67503.0,67378.15432,67752.69136,-0.28175471228897453,5.629446871744345,-73.374,10,TARGET,2.0,0.426058
1772181900000,1772181300000,Long,London,67962.3,67673.71767999999,68539.46464000003,5.274898582475212,1.5620484604126113,-86.65699999999998,10,STOP,-1.0,0.972995
1772184060000,1772184000000,Short,London,67974.2,68146.37352,67629.85296,10.0,2.272023729548494,93.95400000000001,14,TARGET,2.0,0.758091
1772222760000,1772222520000,Short,NewYork,65410.0,65607.84431999999,65014.31136000002,-10.0,2.9770070469915413,152.156,11,STOP,-1.0,0.565077
1772226120000,1772226060000,Long,NewYork,65564.9,65392.843839999994,65909.01232,-10.0,2.4619537113425536,-86.798,26,STOP,-1.0,1.024078
1772232060000,1772231640000,Long,Asia,65414.1,64823.699519999995,66594.90096,-10.0,32.42136908590455,-1393.595,12,TIMEOUT,0.0,0.919335
1772237700000,1772237580000,Short,Asia,65925.5,66042.792,65690.916,2.074365823712691,2.6796981413275183,105.57300000000001,47,TARGET,2.0,1.968945
1772242500000,1772242260000,Long,Asia,65791.9,65648.63904,66078.42192,-2.4784423069622554,2.484458377037631,-23.11,21,TIMEOUT,0.0,0.507179
1772247540000,1772247240000,Short,Asia,65926.9,66047.49575999999,65685.70848,6.917007363828945,2.798919540796797,72.455,41,TARGET,2.0,1.840406
1772269920000,1772269740000,Long,London,63432.0,63263.24888,63769.50224,-10.0,2.3243002992009543,-96.02199999999999,17,TARGET,2.0,1.556051
1772278620000,1772278020000,Short,London,64081.1,64277.18064,63688.93872,-0.04751854513565329,3.0419382634770056,100.69600000000003,15,TIMEOUT,0.0,1.38211
1772284620000,1772284500000,Short,LondonNyOverlap,64039.5,64143.774,63830.952000000005,-2.1745003938397245,2.090197366245934,60.66699999999999,10,STOP,-1.0,1.2761
1772298360000,1772297760000,Short,NewYork,64963.1,65179.702079999995,64529.895840000005,10.0,1.718794478352006,60.666,10,STOP,-1.0,1.323144
1772300820000,1772300520000,Long,NewYork,65084.1,64846.0816,65560.13680000001,10.0,3.769386197015679,-145.518,15,TARGET,2.0,0.678238
1772325900000,1772325660000,Long,Asia,66680.9,66560.60888,66921.48223999998,-2.4761350934543613,2.268157515912754,-74.49800000000002,15,STOP,-1.0,0.621534
1772341740000,1772341620000,Long,Asia,67332.9,67109.7692,67779.16159999999,-2.2272071334138634,1.5390247710064857,-79.42300000000002,10,STOP,-1.0,0.883496
1772359380000,1772359200000,Short,London,66282.6,66497.1552,65853.48960000003,-10.0,1.961162927283281,-15.823000000000008,11,STOP,-1.0,1.059098
1772361480000,1772361300000,Short,London,66580.5,66773.57616,66194.34768,-6.8925851499155755,5.823450653679796,306.182,11,TIMEOUT,0.0,1.44336
1772365560000,1772365440000,Long,London,66456.6,66290.9248,66787.95040000003,-10.0,3.4383440545788364,-95.99400000000001,19,STOP,-1.0,0.516132
1772368680000,1772368620000,Long,London,66289.3,66158.63072,66550.63856,-10.0,4.437770640145197,-96.251,10,STOP,-1.0,0.775284
1772371560000,1772371200000,Long,LondonNyOverlap,66349.0,66047.12,66952.76000000001,-10.0,6.2205605226775775,-222.488,15,TARGET,2.0,1.891
1772422740000,1772422620000,Short,Asia,66837.5,67068.51191999999,66375.47616000002,5.772529667766867,5.716416179680958,194.784,10,TIMEOUT,0.0,0.682539
1772427600000,1772427540000,Short,Asia,66764.0,66885.86591999998,66520.26816000004,5.4384025623246925,4.101641822499265,35.36700000000002,16,TARGET,2.0,1.461234
1772442120000,1772442060000,Short,London,66188.1,66434.50511999999,65695.28976000004,0.2951644109765873,2.946460215540962,127.41500000000002,10,STOP,-1.0,1.23826
1772449200000,1772449140000,Short,London,66220.1,66343.33224,65973.63552000001,-0.5990710202287686,1.5032267668116952,38.257999999999996,16,TARGET,2.0,0.687291
1772458020000,1772457660000,Short,LondonNyOverlap,65802.9,66124.15703999999,65160.38592,-3.589145236145578,1.6068706957048227,79.65800000000002,11,STOP,-1.0,1.460229
1772479980000,1772479860000,Long,NewYork,68883.0,68621.35896,69406.28208,10.0,1.6699027522580454,102.69200000000001,10,STOP,-1.0,0.68491
1772489100000,1772489040000,Long,Asia,69366.7,69239.46407999999,69621.17184000001,10.0,2.1463636532283745,-65.56900000000002,26,STOP,-1.0,0.49355
1772492400000,1772492340000,Short,Asia,69385.1,69476.43671999998,69202.42656000005,10.0,5.389044303006505,45.636000000000024,33,TARGET,2.0,2.196806
1772511540000,1772511360000,Long,Asia,68343.1,68195.49992,68638.30016000001,-8.878452056661338,1.5766428509286672,-24.756000000000007,36,STOP,-1.0,1.335336
1772513520000,1772513460000,Long,Asia,68093.5,67965.584,68349.332,-5.225237321740237,2.971269026024625,-71.93299999999999,11,TARGET,2.0,0.403506
1772538540000,1772538480000,Short,London,67024.2,67188.50783999999,66695.58432000001,-5.404455614467446,1.5522138363956195,95.84,10,STOP,-1.0,0.822507
1772543700000,1772543580000,Long,LondonNyOverlap,67119.8,66946.49992,67466.40016,-4.833563846839558,2.8069336661420694,-120.05899999999997,10,STOP,-1.0,0.750268
1772548320000,1772547720000,Short,LondonNyOverlap,67118.8,67373.75591999998,66608.88816000005,-5.002535450436372,2.2870099856530177,67.35300000000001,11,TARGET,2.0,0.775371
1772565180000,1772564820000,Long,NewYork,68561.9,68290.22407999999,69105.25184000001,10.0,2.2224359813863708,-110.99100000000001,11,STOP,-1.0,0.557822
1772581740000,1772581500000,Long,Asia,68392.0,68282.33039999999,68611.33920000002,10.0,2.967295264088336,-128.343,27,STOP,-1.0,0.522554
1772605740000,1772605320000,Long,Asia,68095.6,67947.29864,68392.20272000003,0.0022922381337169445,1.7973217215978592,-152.694,23,TARGET,2.0,0.783041
1772608140000,1772607900000,Long,Asia,68462.1,68309.50864,68767.28272000002,5.601108090345697,3.0885703511049067,-285.668,12,TARGET,2.0,1.188928
1772621340000,1772621280000,Long,London,71240.4,71098.17592000001,71524.84815999996,10.0,1.9244954162660757,-365.41799999999995,14,STOP,-1.0,0.541638
1772649660000,1772649120000,Long,NewYork,73376.5,73073.4944,73982.51120000001,10.0,2.5698521735402635,-97.947,13,TARGET,2.0,1.310075
1772662980000,1772662380000,Long,Asia,73329.9,73196.99552000001,73595.70895999996,10.0,2.032072570738379,-141.522,10,STOP,-1.0,1.335151
1772683320000,1772682900000,Short,Asia,72435.1,72588.82463999999,72127.65072000003,-5.474765540717883,2.177727240047257,72.77900000000002,18,STOP,-1.0,0.759901
1772685360000,1772685180000,Long,Asia,72717.2,72489.86167999999,73171.87664000002,-1.589811686216781,5.905061980530493,-292.081,10,STOP,-1.0,1.600926
1772689080000,1772689020000,Long,Asia,72424.8,72261.6444,72751.1112,-3.990480604653525,4.630045712399612,-203.94099999999997,16,STOP,-1.0,1.46172
1772693940000,1772693400000,Short,Asia,72520.3,72651.57479999999,72257.75040000003,-0.4355588663877082,1.8692799272105347,19.471000000000004,10,TARGET,2.0,1.347335
1772703420000,1772703360000,Short,London,72619.2,72921.2904,72015.0192,4.30637468459938,2.430035880906436,105.94299999999998,11,STOP,-1.0,1.074866
1772706060000,1772705820000,Short,London,72725.0,72833.01984,72508.96032000001,4.386083140096434,1.5444085628574584,65.833,11,STOP,-1.0,1.014623
1772708460000,1772707920000,Short,London,73274.4,73573.81199999999,72675.576,10.0,1.9467879076002244,175.63400000000007,10,TARGET,2.0,1.0964
1772712240000,1772712120000,Long,London,72775.2,72574.99352,73175.61295999998,1.2349933893462393,3.3333135759263417,-207.03,24,STOP,-1.0,1.204501
1772719620000,1772719020000,Long,LondonNyOverlap,72518.2,72357.26784,72840.06431999999,-1.700112033700395,2.337071019588705,-181.637,10,STOP,-1.0,1.068679
1772738160000,1772737980000,Short,NewYork,71235.9,71397.17208,70913.35583999997,-5.985799737860936,1.951825665527594,2.816999999999979,11,STOP,-1.0,1.838067
1772741100000,1772741040000,Short,NewYork,70926.3,71104.03775999999,70570.82448000002,-10.0,2.3018442556288248,49.033000000000015,13,STOP,-1.0,0.612633
1772749800000,1772749560000,Long,Asia,71151.3,70993.25992000001,71467.38015999999,-10.0,3.5777909130086774,-176.18200000000002,10,STOP,-1.0,1.16459
1772753340000,1772753160000,Short,Asia,71187.1,71321.91191999998,70917.47616000005,-10.0,5.354728974128265,129.94400000000002,19,TARGET,2.0,1.769874
1772759460000,1772759400000,Long,Asia,70843.8,70775.43432,70980.53136000001,-1.874215746265393,2.998979394902354,39.07900000000001,16,STOP,-1.0,2.956548
1772769720000,1772769600000,Long,Asia,71028.9,70866.16167999999,71354.37664,-0.42444937832189056,2.8114872475244788,-98.582,12,STOP,-1.0,0.658991
1772779140000,1772779080000,Short,Asia,70486.2,70589.62655999999,70279.34688000001,-4.783914876883592,1.6179607474363529,53.995000000000005,19,STOP,-1.0,1.482668
1772782740000,1772782260000,Short,Asia,70855.1,70981.53984,70602.22032000002,1.3711399593946727,2.612119037809771,124.31099999999998,10,STOP,-1.0,1.144198
1772789760000,1772789640000,Long,London,70350.0,70216.48184,70617.03632000001,-6.136319715071926,2.281611637980299,-39.49199999999999,13,TARGET,2.0,0.841482
1772792820000,1772792760000,Short,London,70704.4,70824.81455999998,70463.57088000001,0.8163141170269762,1.7255926717300336,55.515000000000015,11,TARGET,2.0,2.325772
1772801640000,1772801220000,Long,London,69879.7,69561.3064,70516.48719999999,-8.220014472503022,1.8754028177842332,-150.08499999999998,12,STOP,-1.0,0.837925
1772816640000,1772816040000,Long,NewYork,68550.1,68253.55343999999,69143.19312000004,-10.0,2.232158259700215,-199.41699999999997,17,STOP,-1.0,0.883872
1772827800000,1772827260000,Short,NewYork,68100.1,68284.58399999999,67731.13200000004,-10.0,1.793042382094488,91.749,16,TARGET,2.0,2.270263
1772840640000,1772840520000,Long,Asia,68210.0,68082.29056000001,68465.41887999998,-10.0,2.63985706741559,-55.226,14,STOP,-1.0,1.064423
1772842920000,1772842860000,Long,Asia,68139.2,68020.83976,68375.92047999999,-1.5226516451063572,2.7538450105105214,-84.635,16,TIMEOUT,0.0,1.928324
1772851140000,1772851080000,Long,Asia,68121.7,67964.28504,68436.52991999999,-3.6801726200765965,2.3047583470541433,-67.277,12,TARGET,2.0,2.718398
1772853360000,1772853180000,Short,Asia,68378.3,68579.71991999999,67975.46016000003,3.5788271285391624,6.560413843334149,225.15099999999995,13,TARGET,2.0,1.798779
1772860980000,1772860560000,Long,Asia,67946.1,67845.68,68146.94000000003,-4.4928904972569885,2.1913235759078873,-53.063,13,STOP,-1.0,0.716475
1772865060000,1772864820000,Long,Asia,67894.8,67778.03416,68128.33168000002,-9.58616956473986,3.140263508194167,-31.718999999999994,16,STOP,-1.0,1.413242
1772867520000,1772866980000,Long,Asia,67613.6,67503.35407999999,67834.09184000004,-4.480155047789547,2.853281518982184,-128.536,10,TARGET,2.0,0.789984
1772878500000,1772878380000,Short,London,68025.2,68106.64175999998,67862.31648000002,3.0271009024992575,2.3147056172436624,27.575000000000003,59,TARGET,2.0,1.562725
1772889540000,1772889480000,Short,LondonNyOverlap,67936.4,68095.9332,67617.33359999998,1.9338528131440742,3.2728967842632635,107.65899999999999,20,TARGET,2.0,1.809221
1772897400000,1772896800000,Long,LondonNyOverlap,67894.5,67765.74399999999,68152.01200000002,-2.7752722554628155,2.41654807999073,-19.967000000000013,41,STOP,-1.0,0.968305
1772900400000,1772900220000,Long,LondonNyOverlap,67772.5,67690.40432,67936.69136,-7.247427650072115,2.3591039967876033,-51.29800000000001,20,STOP,-1.0,1.386985
1772918340000,1772917860000,Short,NewYork,67367.5,67492.45079999999,67117.59840000002,-10.0,1.662375475858834,52.55,10,TARGET,2.0,1.033406
1772921940000,1772921640000,Long,Asia,67329.3,67213.78592000001,67560.32815999999,-10.0,1.9335689887590568,-60.68299999999999,17,STOP,-1.0,0.887054
1772924520000,1772924460000,Long,Asia,67237.8,67083.69007999999,67546.01984000004,-10.0,4.137064249625484,-170.55400000000003,21,TIMEOUT,0.0,2.390145
1772929380000,1772929320000,Short,Asia,67356.0,67512.9672,67042.0656,2.9325826748694386,2.207999166536438,31.567999999999998,17,TIMEOUT,0.0,0.712877
1772933820000,1772933400000,Long,Asia,67198.7,67051.8156,67492.46879999999,-3.9118067763371354,1.941184546001349,-64.34299999999999,22,STOP,-1.0,0.333138
1772936280000,1772936040000,Short,Asia,67261.0,67337.62703999999,67107.74592000002,1.2090738112557229,1.6621426927575433,69.88199999999999,10,TARGET,2.0,0.675895
1772949540000,1772949300000,Short,Asia,67115.4,67274.87688,66796.44623999999,6.736897033597484,2.3709152862014875,111.882,30,STOP,-1.0,0.969918
1772951700000,1772951640000,Long,Asia,67030.8,66948.79808,67194.80384000002,-0.6680062338881725,2.7355725500564545,-97.94800000000001,14,TARGET,2.0,1.191344
1772957940000,1772957640000,Long,London,67242.0,67147.2392,67431.52160000001,5.34153946551976,3.0157963616325967,-47.774,22,TARGET,2.0,1.039202
1772994000000,1772993880000,Long,NewYork,66863.9,66691.30424,67209.09151999999,-8.132930668950731,4.486041988592415,-149.213,10,TARGET,2.0,0.750924
1773016200000,1773015600000,Long,Asia,66226.9,66023.1392,66634.42159999997,-0.4173372032169195,1.5191809032879984,-78.671,14,TARGET,2.0,0.942772
1773041160000,1773040620000,Long,Asia,67194.6,66950.49672000001,67682.80656,-0.4262932721311719,2.3773091951070984,-92.62699999999998,10,TARGET,2.0,1.3413
1773047520000,1773047160000,Long,London,67679.5,67468.9816,68100.5368,5.457327894422294,6.321184538669837,51.299999999999955,10,TARGET,2.0,0.951688
1773060180000,1773059820000,Short,London,68113.8,68344.73208,67651.93584,10.0,13.123887870560397,563.4360000000001,15,STOP,-1.0,0.761353
1773075180000,1773075120000,Short,LondonNyOverlap,69070.0,69243.3504,68723.29920000001,10.0,2.1639017889450556,203.00599999999997,12,TARGET,2.0,0.857389
1773092460000,1773092400000,Long,NewYork,68876.2,68566.50287999999,69495.59424000002,10.0,6.716675878317579,-214.279,15,STOP,-1.0,1.385152
1773098580000,1773098460000,Long,Asia,68563.3,68431.41103999999,68827.07792000003,10.0,1.5315914285629806,-35.28300000000001,21,STOP,-1.0,0.576554
1773100920000,1773100500000,Long,Asia,68420.0,68285.12816000001,68689.74367999999,5.079261909282835,2.3614822961394832,-43.599000000000004,11,TARGET,2.0,0.439264
1773104160000,1773103560000,Short,Asia,69087.4,69315.30791999999,68631.58416,3.728695069814135,3.6799990752220193,100.24799999999993,11,STOP,-1.0,0.80284
1773132300000,1773132120000,Short,London,70796.0,71124.05376,70139.89248000001,10.0,2.4304344015527017,316.90999999999997,13,STOP,-1.0,1.595429
1773139020000,1773138600000,Short,London,70659.6,70940.40696,70097.98608000003,10.0,4.32278379455263,93.12300000000005,10,TIMEOUT,0.0,0.767809
1773143220000,1773142980000,Long,London,70546.3,70451.5936,70735.71280000002,9.507126246852716,2.011535400289731,-108.84400000000001,28,STOP,-1.0,2.793128
1773148560000,1773148500000,Short,LondonNyOverlap,70719.8,70884.56231999998,70390.27536000004,6.706759682017839,3.065867439953173,80.43400000000003,14,STOP,-1.0,1.218483
1773163920000,1773163500000,Long,NewYork,71187.9,71055.80984,71452.08031999998,10.0,1.8559765201402114,-101.546,17,STOP,-1.0,0.817836
1773177120000,1773176700000,Short,NewYork,70060.0,70400.27519999999,69379.44960000002,0.31667168852538624,1.841249555728643,80.881,32,TIMEOUT,0.0,1.645173
1773183780000,1773183660000,Short,Asia,69703.9,69871.95288,69367.79423999999,-10.0,2.3602669932268987,5.945999999999998,17,STOP,-1.0,1.462441
1773189960000,1773189660000,Long,Asia,69940.1,69739.56367999999,70341.17264000003,-1.2979514566385961,1.9072176449265892,-88.739,11,STOP,-1.0,0.715442
1773194280000,1773194100000,Short,Asia,70033.4,70142.66928,69814.86143999998,1.7168703241691434,2.854321480940002,105.52100000000002,12,TARGET,2.0,1.620284
1773198240000,1773197940000,Short,Asia,69687.0,69835.52376,69389.95248,-2.5046964026379173,1.5579072896728214,22.345,15,STOP,-1.0,1.730779
1773213900000,1773213720000,Long,Asia,69794.9,69658.2288,70068.24239999999,-0.7514118700641932,1.8446918654285938,-66.035,14,STOP,-1.0,0.538305
1773217980000,1773217620000,Long,London,69546.0,69412.52552000001,69812.94895999998,-7.789805971674097,2.0267671973157535,-142.095,16,STOP,-1.0,1.153021
1773221940000,1773221880000,Long,London,69488.3,69268.64072000001,69927.61855999999,-7.271674366819906,12.14631104659294,-378.85699999999997,44,TIMEOUT,0.0,0.811864
1773226860000,1773226800000,Long,London,69550.8,69454.09224,69744.21552000001,-5.712474331256252,2.6228117674300426,60.43099999999998,15,STOP,-1.0,2.934355
1773229440000,1773229380000,Long,London,69406.8,69308.30896,69603.78208000002,-9.600470539705238,2.5041354879016136,-22.705,21,STOP,-1.0,0.794187
1773232380000,1773231780000,Short,London,69209.1,69441.40871999999,68744.48256000003,-2.8773322148197824,2.6518657152669878,60.61500000000001,10,STOP,-1.0,1.634001
1773267360000,1773267120000,Short,Asia,70709.3,70890.36695999998,70347.16608000004,10.0,3.5258377577786053,55.092,11,TARGET,2.0,0.682145
1773272940000,1773272820000,Long,Asia,70192.7,70026.73376,70524.63247999999,-0.24395250213405228,6.421120269509671,-220.73499999999999,10,STOP,-1.0,1.1603
1773280380000,1773280320000,Long,Asia,69777.7,69650.33512,70032.42975999998,-4.013316275290243,2.3195654561714787,14.466999999999985,16,STOP,-1.0,0.837669
1773282840000,1773282780000,Long,Asia,69571.7,69393.54072,69928.01855999998,-4.403416041991687,1.828842566879942,-20.187999999999988,14,STOP,-1.0,1.299888
1773285720000,1773285600000,Short,Asia,69384.3,69490.548,69171.80400000002,-6.500632426689779,1.6455768552878853,107.79500000000002,22,STOP,-1.0,1.697681
1773290340000,1773290100000,Long,Asia,69396.3,69249.85576,69689.18848,-5.9867248085429,1.9034163568545046,-6.686000000000007,11,STOP,-1.0,0.582908
1773294480000,1773294000000,Short,Asia,69380.0,69528.97871999998,69082.04256000003,-2.241702437446412,3.3325047167406048,161.93699999999995,10,STOP,-1.0,1.548505
1773303360000,1773302760000,Long,London,69866.1,69654.53176,70289.23648000002,3.4324165041276307,1.6831282665743572,-137.789,15,STOP,-1.0,1.588599
1773310080000,1773309600000,Short,London,69847.5,70095.63168,69351.23663999999,3.1986196305098904,3.397562719605269,281.255,12,STOP,-1.0,0.756007
1773314820000,1773314400000,Short,London,70400.0,70591.428,70017.144,10.0,3.6895760338370915,369.933,25,STOP,-1.0,1.186166
1773336120000,1773335940000,Long,NewYork,70401.8,70123.05664,70959.28672000002,3.8286144795988797,1.5011741282157538,-33.53,21,STOP,-1.0,0.948988
1773360420000,1773360000000,Long,Asia,70566.4,70318.7,71061.79999999999,-0.2515961845599009,3.918292412365035,-220.613,26,TARGET,2.0,0.822896
1773368280000,1773368220000,Long,Asia,71499.9,71319.69856,71860.30287999997,1.1010178752281683,2.5818151693932387,-135.84,18,STOP,-1.0,0.966671
1773381240000,1773380880000,Long,Asia,71510.0,71422.81599999999,71684.36800000002,2.173043878247604,3.558770383297741,-133.71599999999998,14,STOP,-1.0,1.430752
1773388260000,1773388140000,Short,Asia,71551.6,71640.86688,71373.06624000001,3.5792671721825777,2.6490450261168816,254.901,24,TARGET,2.0,3.07833
1773395640000,1773395400000,Short,London,71958.6,72084.6216,71706.55680000002,8.939111006325577,3.2518726978010513,156.75,11,STOP,-1.0,2.405057
1773407160000,1773407100000,Short,LondonNyOverlap,72775.7,72934.10063999999,72458.89872000001,10.0,1.869108361714425,163.50599999999997,10,STOP,-1.0,0.961113
1773425940000,1773425580000,Short,NewYork,71001.5,71222.33231999999,70559.83536000003,-10.0,2.646802650509516,-167.90599999999995,15,STOP,-1.0,1.089288
1773438060000,1773437940000,Long,NewYork,71120.1,70975.37423999999,71409.55152000004,-9.954242798882534,2.5257717005148734,-71.16900000000001,10,STOP,-1.0,1.767219
1773441240000,1773441060000,Long,Asia,70665.3,70511.5456,70972.80880000001,-10.0,1.6105258727988045,-73.60500000000002,14,TARGET,2.0,0.813697
1773452460000,1773451980000,Long,Asia,70768.2,70612.56472000001,71079.47055999997,-0.5606818972732375,1.5625904341004093,-94.716,10,TARGET,2.0,1.066919
1773459420000,1773459180000,Short,Asia,71050.0,71198.61335999999,70752.77328000002,6.929121806942275,2.654868365334743,96.97600000000003,20,STOP,-1.0,1.907565
1773461700000,1773461280000,Short,Asia,71066.4,71223.73344,70751.73311999999,10.0,2.6881983293886207,87.62999999999997,10,STOP,-1.0,1.216504
1773464760000,1773464700000,Long,Asia,70983.6,70892.7404,71165.31920000003,1.1410824012220364,1.7737205768972133,-79.66,10,STOP,-1.0,0.922333
1773468780000,1773468660000,Long,Asia,70873.5,70806.40952,71007.68096,0.15428098388465117,1.7694202153195007,-30.991999999999997,41,STOP,-1.0,0.638496
1773478260000,1773478140000,Long,London,70529.8,70457.5888,70674.22240000001,-5.730827352223178,1.7367096881114363,47.81500000000001,13,TARGET,2.0,0.523817
1773481860000,1773481620000,Long,London,70530.8,70398.636,70795.12800000001,-6.826972500252726,2.9239294026230724,-87.58000000000001,12,STOP,-1.0,1.571614
1773488880000,1773488580000,Short,London,70680.0,70755.95951999999,70528.08096000002,-1.2948351937377793,1.803738843854909,46.05500000000001,20,STOP,-1.0,1.440634
1773492300000,1773491700000,Long,London,70666.8,70549.81496,70900.77008,-3.541069209094091,1.9352522572183173,0.9260000000000019,10,TARGET,2.0,0.630815
1773497220000,1773497040000,Short,LondonNyOverlap,70863.3,70971.33168,70647.23664,5.157252692627389,2.4994113334895025,115.37900000000002,26,TARGET,2.0,2.733904
1773504780000,1773504480000,Short,LondonNyOverlap,70547.4,70634.66256,70372.87487999999,-4.031837867176435,2.3546087021853483,85.47399999999999,35,STOP,-1.0,0.308847
1773514800000,1773514680000,Short,NewYork,70586.6,70719.43031999998,70320.93936000005,-3.903530698322042,6.808540197437121,78.27000000000001,34,STOP,-1.0,0.948475
1773527040000,1773526440000,Long,Asia,70729.7,70613.36408,70962.37183999999,-1.1155002100565985,3.3225510917521888,-51.069,30,TARGET,2.0,0.35396
1773531780000,1773531540000,Short,Asia,71131.9,71215.62696,70964.44608,6.905648382031259,4.329956724659574,169.39000000000004,14,STOP,-1.0,1.228995
1773534360000,1773534060000,Long,Asia,71150.1,70902.03296,71646.23408000002,-2.2428867145756977,2.173238272060795,-111.55499999999999,17,STOP,-1.0,1.008439
1773537360000,1773537000000,Long,Asia,70949.8,70784.3272,71280.74560000001,-6.463426909251341,4.089837424593732,-117.93799999999999,23,TARGET,2.0,0.494144
1773539580000,1773539520000,Short,Asia,70966.4,71056.79999999999,70785.6,0.3032846712387607,1.5951251241006439,33.515,10,STOP,-1.0,1.565922
1773545940000,1773545400000,Long,Asia,71361.6,71109.36696,71866.06608000002,0.427136629216172,4.09253838999571,-273.139,10,TIMEOUT,0.0,0.363027
1773552120000,1773551820000,Short,Asia,71612.2,71805.39839999999,71225.80320000001,6.438682009011094,13.103000261741006,522.1080000000001,60,TIMEOUT,0.0,1.051733
1773556440000,1773556380000,Long,Asia,71422.7,71286.4252,71695.2496,0.10406322111097167,3.0676445847163083,-120.099,11,TIMEOUT,0.0,0.786527
1773563400000,1773563160000,Long,London,71545.6,71449.19488,71738.41024000003,3.040809161511271,2.4893514766580602,-18.80000000000001,11,TARGET,2.0,0.697567
1773572700000,1773572640000,Long,London,71729.2,71621.35704,71944.88591999999,9.347769924834529,3.307528577564929,-61.074999999999996,54,STOP,-1.0,0.910702
1773576960000,1773576900000,Long,London,71672.9,71586.6848,71845.33039999998,3.210396252769028,1.659331397875342,-50.491,13,STOP,-1.0,0.814355
1773588660000,1773588600000,Long,LondonNyOverlap,71462.8,71318.59943999999,71751.20112000003,-1.3101694335891334,1.8522988815545525,-7.6129999999999995,10,STOP,-1.0,0.366041
1773591540000,1773591360000,Long,LondonNyOverlap,71425.9,71217.98,71841.73999999999,-2.465795392477463,11.824674005447871,-42.64999999999998,19,TARGET,2.0,0.617184
1773606600000,1773606420000,Long,NewYork,71669.9,71339.28288,72331.13423999998,-2.4313012596120345,3.061421720454196,5.359999999999999,10,TIMEOUT,0.0,0.426094
1773623760000,1773623580000,Long,Asia,72379.9,72207.6876,72724.32479999997,-4.184816753463939,2.701542217181406,-53.641999999999996,10,TARGET,2.0,1.075268
1773650400000,1773650340000,Long,London,73207.9,73099.4736,73424.75279999999,-3.9375713049167334,2.877228126950583,-193.59099999999998,12,STOP,-1.0,0.768245
1773656520000,1773656400000,Long,London,73413.5,73206.38799999999,73827.72400000002,-7.744966706533041,1.6478742878162045,-69.931,10,STOP,-1.0,1.447209
1773675180000,1773675000000,Short,LondonNyOverlap,73699.6,74059.2,72980.40000000002,3.0036993847002647,1.673058423608315,211.42700000000002,11,TIMEOUT,0.0,0.799929
1773683340000,1773683220000,Short,NewYork,73913.6,74125.25279999999,73490.29440000004,3.8831766903003198,5.247516608446682,291.72799999999995,10,STOP,-1.0,0.663254
1773688140000,1773687540000,Long,NewYork,74200.1,73759.64503999999,75081.00992000004,2.7294508316764383,3.1672688447060815,-135.214,13,TIMEOUT,0.0,0.493047
1773695100000,1773694980000,Short,NewYork,74156.5,74319.408,73830.68400000001,9.06688651240593,3.7520284867764433,111.45400000000004,10,STOP,-1.0,1.162512
1773732660000,1773732180000,Short,Asia,74332.6,74475.23255999999,74047.33488000004,-4.802112836079817,1.6896357375580984,30.778999999999996,10,TARGET,2.0,2.027113
1773735600000,1773735000000,Long,London,74335.9,74070.49616,74866.70767999999,-7.848658312347823,3.0759376926348496,-134.51500000000001,11,STOP,-1.0,0.527333
1773743400000,1773743160000,Short,London,73724.1,73871.75016,73428.79968000003,-10.0,1.5129099066372915,94.32999999999998,12,STOP,-1.0,1.088619
1773748560000,1773748080000,Short,London,73987.5,74225.8332,73510.83360000001,-7.009075454539077,1.5574389208569297,132.607,11,TARGET,2.0,0.922132
1773754500000,1773754320000,Short,LondonNyOverlap,73837.3,74159.17991999998,73193.54016000005,-5.714766330130932,15.414903074076516,1213.2330000000002,11,STOP,-1.0,1.862496
1773766380000,1773766320000,Short,LondonNyOverlap,74187.1,74279.97648,74001.34704000002,-2.66675155970296,3.9353315963045867,381.909,10,TARGET,2.0,0.685162
1773772380000,1773771840000,Long,NewYork,74599.9,74353.4696,75092.76079999999,0.680962870159476,2.1291353356156835,-119.824,21,STOP,-1.0,0.534673
1773776400000,1773776280000,Short,NewYork,74621.4,74788.68311999999,74286.83376000001,4.493065146615479,1.774556256549031,43.97400000000002,12,TIMEOUT,0.0,0.363532
1773781860000,1773781560000,Long,NewYork,74569.9,74353.56952,75002.56095999997,1.2938445004857828,3.143016554226635,-61.465999999999994,28,STOP,-1.0,0.463947
1773791340000,1773791040000,Long,Asia,74000.0,73828.8896,74342.22080000001,-7.003412690092897,5.8110088872824655,-68.125,15,STOP,-1.0,0.699553
1773812820000,1773812640000,Long,Asia,74004.0,73896.33559999999,74219.32880000002,-3.2732929030470865,1.5004440768089962,-12.259999999999991,15,STOP,-1.0,1.13357
1773818700000,1773818520000,Long,Asia,73832.1,73748.05432000001,74000.19136,-7.5871803078814235,1.7300214490924737,-4.287999999999997,21,STOP,-1.0,0.739117
1773823680000,1773823140000,Short,London,74027.9,74128.55544,73826.58911999999,1.3139713984949273,3.9708549199229015,226.80099999999993,27,STOP,-1.0,0.975532
1773826200000,1773825720000,Short,London,74133.9,74243.8476,73914.0048,3.6026022556536175,2.050027319769871,74.75900000000001,13,STOP,-1.0,0.556045
1773832020000,1773831960000,Long,London,73770.4,73621.55559999999,74068.0888,-6.60619514627625,3.079798471373662,-116.821,24,STOP,-1.0,0.602992
1773875040000,1773874920000,Short,Asia,71098.5,71256.15935999999,70783.18128000002,-10.0,2.474147570610642,-17.69999999999999,11,STOP,-1.0,1.297577
1773881580000,1773881520000,Long,Asia,71027.2,70893.24,71295.11999999998,-4.3749559604708095,3.7465898156196786,-77.38300000000001,20,STOP,-1.0,0.734145
1773886020000,1773885600000,Long,Asia,71131.8,70945.79792,71503.80416000001,-1.638668770825097,1.765076490380986,1.551000000000002,15,TARGET,2.0,1.320285
1773902340000,1773901980000,Long,Asia,70667.9,70543.81976,70916.06047999999,-4.967157824318343,1.950990122462868,-65.585,10,STOP,-1.0,0.400203
1773909060000,1773908760000,Long,London,70053.8,69973.27656,70214.84688000001,-10.0,2.0779364926261206,-180.52700000000002,10,STOP,-1.0,0.668085
1773912360000,1773912060000,Short,London,70124.5,70379.35848,69614.78304000001,-1.442663876918973,5.159549594688657,465.22900000000004,22,STOP,-1.0,1.28416
1773918120000,1773917520000,Long,London,70195.6,70059.70736,70467.38528000002,-6.772214821092457,2.0487431291926996,-69.38499999999999,21,STOP,-1.0,1.617
1773921540000,1773921360000,Long,London,69926.8,69835.38696,70109.62608,-10.0,2.1501899461083136,-1.3080000000000211,10,STOP,-1.0,0.980731
1773945120000,1773944940000,Long,NewYork,69648.0,69517.04183999999,69909.91632000002,-3.8312264712930846,3.0810753598645215,-171.894,11,TARGET,2.0,0.518298
1773953880000,1773953280000,Long,NewYork,70467.5,70334.48736,70733.52528,6.059089551704344,1.5590846605057942,-54.562,10,STOP,-1.0,0.970051
1773957600000,1773957300000,Short,Asia,70456.8,70572.21264,70225.97472000001,10.0,1.936914404631782,25.41300000000001,19,TARGET,2.0,2.196227
1773964800000,1773964500000,Short,Asia,69882.2,70002.55728,69641.48544,-0.6359848157482068,1.5340192767886547,24.369,10,STOP,-1.0,0.797916
1773968580000,1773968520000,Short,Asia,70271.5,70412.2848,69989.93040000001,4.928608004321636,2.3763356876000477,81.62900000000002,18,STOP,-1.0,1.46818
1773974400000,1773973920000,Long,Asia,70131.5,69974.57552,70445.34896,-2.6205928382415427,3.6700202595233398,-173.769,14,TARGET,2.0,0.611454
1773979080000,1773978600000,Short,Asia,70700.0,70806.59999999999,70486.80000000002,6.727529046465691,3.7523971779960696,180.02900000000005,17,STOP,-1.0,1.310132
1773983040000,1773982980000,Short,Asia,70732.4,70873.65359999999,70449.8928,4.619903971571389,2.7656206821172113,234.985,15,TARGET,2.0,1.475103
1773986280000,1773986220000,Long,Asia,70558.7,70398.43616,70879.22768,0.9399738367936675,5.701517169381032,-73.76400000000001,32,STOP,-1.0,0.489299
1773988860000,1773988800000,Long,Asia,70390.6,70250.7544,70670.2912,-4.502332920777039,2.733077118355301,-117.28599999999999,21,STOP,-1.0,0.946347
1773995580000,1773995460000,Long,London,71115.6,71017.84023999999,71311.11952000004,10.0,1.5820085059854225,-96.24400000000003,13,STOP,-1.0,0.974902
1774001820000,1774001280000,Long,London,70399.6,70262.14528,70674.50944000002,-5.679916719760982,1.7508408581593458,-166.584,13,STOP,-1.0,0.50515
1774008840000,1774008420000,Short,London,70536.4,70676.29583999999,70256.60832,-0.3212068180100854,2.0695138648871403,17.611999999999995,11,TARGET,2.0,1.03652
1774013220000,1774012800000,Short,LondonNyOverlap,70402.4,70533.18144,70140.83711999998,-2.5068607713725197,1.6105047422864645,61.67400000000001,11,TARGET,2.0,0.974715
1774025460000,1774025160000,Short,LondonNyOverlap,69582.0,69883.06176,68979.87648,-4.80292630640035,1.7370039199491416,116.79400000000001,10,STOP,-1.0,0.97702
1774048740000,1774048560000,Long,Asia,70493.6,70331.98936,70816.82128,1.741595148147491,5.716506564535208,-127.01200000000003,13,TIMEOUT,0.0,0.634685
1774056840000,1774056600000,Long,Asia,70564.5,70443.99968,70805.50064000001,-2.150605472632672,2.0189241111798895,-29.420999999999996,11,STOP,-1.0,0.513685
1774060320000,1774059960000,Short,Asia,70557.4,70666.488,70339.22399999999,0.7524091357857114,2.5615062406098863,32.944,10,STOP,-1.0,1.405199
1774067160000,1774067100000,Short,Asia,70733.3,70819.81056,70560.27888000001,8.04345248950454,1.9801270111589167,13.75,22,TIMEOUT,0.0,2.93475
1774071120000,1774071060000,Short,Asia,70721.1,70844.6304,70474.03920000003,3.24888704153074,3.2494233561307326,81.70500000000001,11,STOP,-1.0,1.116726
1774074360000,1774074300000,Short,Asia,70722.8,70842.72888,70482.94224000002,4.661242748607014,3.517915169560674,-11.283000000000001,16,STOP,-1.0,1.577688
1774077360000,1774076760000,Long,Asia,70722.3,70643.44,70880.02,4.822536423578595,2.207433792102331,-54.980999999999995,11,STOP,-1.0,0.998475
1774084140000,1774084020000,Short,London,70679.2,70756.56,70524.48,1.2012658552109643,1.6330064440764225,91.381,10,TARGET,2.0,2.243682
1774093620000,1774093440000,Short,London,70599.0,70676.39591999998,70444.20816000004,-1.3243472832326049,1.7243322433683594,9.350999999999999,12,STOP,-1.0,1.306497
1774096260000,1774095660000,Short,London,70705.7,70770.67128,70575.75744,3.691841939369601,3.631276453553131,68.978,13,STOP,-1.0,1.608273
1774099680000,1774099260000,Long,LondonNyOverlap,70723.4,70654.43119999999,70861.3376,2.633263712739189,1.744979329457527,17.242999999999995,11,TARGET,2.0,3.072479
1774109880000,1774109820000,Long,LondonNyOverlap,70524.4,70432.90856,70707.38287999999,-4.888702260574228,4.761717411856248,-100.62700000000001,12,STOP,-1.0,0.781035
1774113420000,1774112940000,Long,NewYork,70266.1,70106.8696,70584.5608,-9.458480705635663,3.850630867421863,-68.03099999999995,10,TIMEOUT,0.0,1.280262
1774118040000,1774117980000,Short,NewYork,70410.3,70483.94208,70263.01584000002,-7.96747034783784,1.8238117975905088,38.61299999999999,18,STOP,-1.0,2.034496
1774122480000,1774121880000,Long,NewYork,70337.1,70253.95184,70503.39632000003,-9.515984195361577,1.6806022280605286,0.07299999999999685,14,TIMEOUT,0.0,0.794237
1774127580000,1774127280000,Short,NewYork,70341.5,70534.08215999999,69956.33568000002,-6.116946359098823,1.8942634553406592,9.338000000000001,10,TIMEOUT,0.0,1.285079
1774129560000,1774129440000,Long,NewYork,70319.2,70246.95744,70463.68512,-10.0,2.2879529174535373,-10.991,10,STOP,-1.0,0.79016
1774159800000,1774159200000,Long,Asia,69125.7,69014.74399999999,69347.61200000001,3.9200036607471618,6.490887112762711,-203.527,14,STOP,-1.0,0.634182
1774163520000,1774163400000,Long,Asia,69134.8,69031.63047999999,69341.13904000002,5.6240915819324435,2.960175989643931,-81.478,36,STOP,-1.0,0.781991
1774167780000,1774167600000,Long,London,68801.5,68679.51239999999,69045.47520000002,-3.191377865259613,2.2804510853152555,-188.06300000000002,10,STOP,-1.0,0.908014
1774176120000,1774176000000,Long,London,68589.5,68500.55567999999,68767.38864000002,-9.319710545480683,2.717777456929509,-10.769999999999996,14,STOP,-1.0,0.636936
1774179840000,1774179660000,Long,London,68365.0,68185.50792,68723.98415999999,-6.783622147182447,7.217422544331792,-203.57000000000005,13,STOP,-1.0,0.99245
1774188240000,1774188180000,Long,LondonNyOverlap,68582.7,68446.1992,68855.70159999999,-5.455577562213431,2.1764951361165474,-45.95600000000002,17,TARGET,2.0,0.657721
1774190520000,1774190280000,Short,LondonNyOverlap,68803.7,68943.11039999999,68524.87920000001,1.0556145578214375,2.3957138946826424,86.958,13,STOP,-1.0,0.520957
1774198680000,1774198200000,Short,LondonNyOverlap,68779.6,68851.03679999999,68636.72640000004,-0.242787864910571,5.608677398435146,167.84300000000002,33,TARGET,2.0,1.566692
1774202520000,1774202460000,Long,NewYork,68585.4,68511.74672000001,68732.70655999996,-7.351924221627919,3.263693634083849,-34.86500000000001,10,STOP,-1.0,0.552656
1774206240000,1774205940000,Short,NewYork,68431.7,68642.8704,68009.35919999999,-5.60541778804088,2.925643079661772,-12.558000000000021,17,TIMEOUT,0.0,1.418831
1774211160000,1774210860000,Short,NewYork,68264.6,68525.37648,67743.04704,-5.803022063524441,1.5191391734272557,41.881000000000014,10,TARGET,2.0,0.714718
1774216980000,1774216800000,Long,Asia,67787.4,67527.73456,68306.73087999999,-10.0,1.9543822494688077,-132.85700000000003,18,TARGET,2.0,0.999467
1774224360000,1774224300000,Long,Asia,67910.8,67681.8112,68368.77760000002,-1.889056687784288,1.9598915432676562,-94.236,16,STOP,-1.0,2.097719
1774233780000,1774233720000,Short,Asia,68259.1,68394.07151999998,67989.15696000005,4.769761572722315,3.047233614472059,167.93800000000005,15,STOP,-1.0,0.697635
1774244340000,1774244160000,Short,Asia,68664.1,68843.03039999999,68306.23920000004,10.0,1.5905356978464027,78.138,12,STOP,-1.0,0.861562
1774263780000,1774263600000,Short,London,68518.2,68664.28751999998,68226.02496000002,5.312964029923529,4.176153654352248,7.774000000000001,10,STOP,-1.0,1.25457
1774289160000,1774289040000,Short,NewYork,71063.4,71194.9104,70800.3792,10.0,1.6663118205863974,12.656000000000006,11,STOP,-1.0,0.943484
1774292760000,1774292700000,Short,NewYork,71079.5,71214.72624,70809.04752,10.0,1.7589934251446926,38.00999999999999,18,TARGET,2.0,0.681585
1774296180000,1774296060000,Long,NewYork,70629.9,70481.96927999999,70925.76144,5.904153249390911,1.7892171472556406,17.27600000000001,10,TARGET,2.0,0.75665
1774312800000,1774312260000,Long,Asia,70629.2,70513.544,70860.512,-4.969248912605708,2.193349554642076,-91.62400000000001,18,STOP,-1.0,1.03043
1774315260000,1774314720000,Long,Asia,70714.5,70423.616,71296.26800000001,-3.5364153397187423,2.21262007633437,-37.01999999999998,11,STOP,-1.0,0.462267
1774318200000,1774317780000,Short,Asia,70465.2,70725.23495999999,69945.13008000002,-0.7409435950944431,2.550972856568615,126.61699999999999,18,STOP,-1.0,0.550811
1774324560000,1774324440000,Short,Asia,70493.2,70580.81951999999,70317.96096000001,-2.4076575492744463,1.7505763077514387,53.49000000000001,21,STOP,-1.0,0.774794
1774333440000,1774333320000,Short,Asia,70328.4,70481.44008,70022.31983999998,-2.5995074922972674,1.989951502164075,32.596000000000004,14,STOP,-1.0,1.00042
1774335600000,1774335420000,Short,Asia,70474.9,70601.33591999998,70222.02816000002,1.0232190433924524,3.2680676036458975,17.83099999999999,12,STOP,-1.0,0.613887
1774337580000,1774337460000,Long,Asia,70885.6,70755.45032,71145.89936000001,6.278232851056331,4.919906109387952,-457.62199999999996,10,TARGET,2.0,0.693094
1774346520000,1774345980000,Short,London,71197.6,71284.9824,71022.83520000003,6.789479523128432,1.572875473758841,47.741000000000014,16,STOP,-1.0,0.661901
1774350420000,1774350120000,Long,London,71109.7,70950.49416,71428.11167999999,4.9666375915030105,2.3953440829644066,-50.014999999999986,29,STOP,-1.0,1.584259
1774353960000,1774353840000,Long,London,70996.1,70918.22,71151.86000000002,2.094033795810426,2.4111696170873915,103.548,12,STOP,-1.0,1.475088
1774357980000,1774357680000,Long,LondonNyOverlap,70818.0,70663.82367999999,71126.35264000003,-0.27519954412880965,6.330567762703379,-175.865,37,STOP,-1.0,1.528921
1774385460000,1774385220000,Long,NewYork,70112.4,69802.51328,70732.17343999998,-4.910939325190555,2.060030438002477,-147.015,12,TIMEOUT,0.0,0.707458
1774393200000,1774392780000,Short,Asia,70249.9,70415.38728,69918.92543999999,3.462626695350035,1.9458103944689156,66.28099999999998,10,STOP,-1.0,1.817516
1774404900000,1774404780000,Long,Asia,70587.0,70446.99728,70867.00544000001,-3.4400833325147255,4.054553086339028,55.99399999999997,11,STOP,-1.0,0.590852
1774408380000,1774408320000,Long,Asia,70468.2,70321.6976,70761.20479999999,-8.298117581933298,3.565338354678757,-105.728,13,TARGET,2.0,0.712244
1774412940000,1774412880000,Short,Asia,70833.1,70956.71999999999,70585.86000000004,5.8379887604875975,3.261291385180705,98.28099999999998,19,STOP,-1.0,1.405615
1774420440000,1774420320000,Long,Asia,71193.8,71066.90096,71447.59808000001,6.10237686758735,1.511320142523238,-22.079000000000008,13,STOP,-1.0,1.446455
1774426500000,1774426380000,Long,London,70912.8,70695.898,71346.604,-1.6523117301660684,2.3254322196998234,-79.35,15,TARGET,2.0,0.661546
1774432140000,1774432020000,Long,London,71128.0,71028.53167999999,71326.93664000003,3.162617389504682,2.5894027981818724,-83.55300000000001,25,TARGET,2.0,1.359252
1774445580000,1774445400000,Short,LondonNyOverlap,71732.9,71854.938,71488.824,10.0,3.179427144174673,241.81599999999992,22,STOP,-1.0,0.681886
1774462080000,1774461900000,Short,NewYork,70839.9,70960.82328,70598.05343999999,-4.292815705487143,3.0356212264174265,97.981,12,STOP,-1.0,2.691319
1774468740000,1774468500000,Long,NewYork,70853.2,70743.36,71072.87999999999,-5.705419600535296,1.593336343553017,1.5049999999999955,13,STOP,-1.0,0.72894
1774474200000,1774473900000,Long,NewYork,70968.4,70832.88832,71239.42335999999,-4.2024299381975885,5.01284145049335,-161.257,17,TARGET,2.0,1.036161
1774486800000,1774486320000,Long,Asia,71307.9,71154.0312,71615.63759999999,-2.043444579819235,1.7040310852272653,-41.870000000000005,12,STOP,-1.0,0.741119
1774508280000,1774508100000,Short,Asia,70068.3,70182.70128,69839.49744000002,-9.910456361972907,1.6523891850765058,142.106,13,TARGET,2.0,1.333285
1774510380000,1774510320000,Long,Asia,69887.3,69666.82192,70328.25616,-10.0,9.896610200397511,-395.006,13,STOP,-1.0,0.503532
1774513440000,1774513320000,Long,London,69841.5,69735.46696,70053.56607999999,-8.391592535549684,2.006526760365269,-93.421,11,TARGET,2.0,0.856135
1774516140000,1774516080000,Short,London,70036.4,70187.60519999999,69733.9896,-7.643857711336341,4.076485016895659,196.447,10,TARGET,2.0,1.182597
1774522800000,1774522380000,Long,London,69477.0,69394.53992000001,69641.92015999998,-10.0,1.6243136090447363,-52.96300000000001,11,STOP,-1.0,0.913468
1774530600000,1774530420000,Short,LondonNyOverlap,69388.0,69525.0756,69113.8488,-10.0,2.1272659708923047,31.468999999999994,18,STOP,-1.0,1.584581
1774541880000,1774541760000,Long,LondonNyOverlap,68980.1,68796.71856000001,69346.86288,-10.0,1.8300923097868012,-92.042,18,STOP,-1.0,1.08372
1774546680000,1774546140000,Short,NewYork,69009.7,69125.35608,68778.38784,-10.0,1.8033997095993077,55.22800000000001,36,TARGET,2.0,0.927852
1774549260000,1774549200000,Long,NewYork,68303.5,68103.4736,68703.5528,-10.0,2.93974783907142,-279.514,10,TARGET,2.0,0.454946
1774555200000,1774555140000,Long,NewYork,68529.3,68401.2352,68785.42960000002,-10.0,7.895034188573742,-287.18199999999996,22,STOP,-1.0,0.755585
1774567260000,1774566780000,Long,Asia,68793.1,68692.502,68994.29600000003,-10.0,3.2025787971113484,-131.079,18,STOP,-1.0,0.844376
1774572000000,1774571820000,Long,Asia,68722.0,68403.7332,69358.5336,-2.4026304996458756,6.783186675776826,-236.471,10,TIMEOUT,0.0,0.580672
1774577460000,1774577400000,Short,Asia,69075.2,69172.09344,68881.41312,5.619034645504835,1.745424591141897,48.474000000000004,18,TARGET,2.0,0.728015
1774592700000,1774592640000,Short,Asia,68725.4,68818.71096,68538.77807999999,1.796453095760983,1.5618562185466027,28.057999999999993,14,STOP,-1.0,0.781683
1774598340000,1774598160000,Long,Asia,68501.7,68393.34152,68718.41695999999,-4.958638483403136,1.7475981921028756,-104.02499999999998,18,STOP,-1.0,1.426571
1774605480000,1774605420000,Long,London,67685.7,67581.79127999999,67893.51744000001,-10.0,1.9495320132761302,-144.503,24,STOP,-1.0,1.470643
1774614660000,1774614360000,Long,London,66533.3,66446.99983999999,66705.90032000003,-10.0,2.217612898591746,-75.787,10,STOP,-1.0,0.703113
1774618140000,1774618080000,Short,LondonNyOverlap,66658.5,66743.15183999999,66489.19632000002,-10.0,1.536159331021123,76.107,10,TARGET,2.0,0.930699
1774632840000,1774632780000,Long,NewYork,65865.8,65653.53512,66290.32976000001,-9.465597354460439,2.345483535108464,-131.979,10,STOP,-1.0,0.928629
1774635480000,1774635240000,Long,NewYork,65729.9,65502.556,66184.58799999999,-10.0,1.795256897050355,-30.627999999999986,16,STOP,-1.0,0.89932
1774640400000,1774639800000,Short,NewYork,65864.1,66025.87848,65540.54304000002,-10.0,3.114308984737058,75.79200000000003,13,STOP,-1.0,1.474822
1774647840000,1774647420000,Long,NewYork,66083.2,65950.59727999999,66348.40544000002,-10.0,1.5175246378016651,-34.016,33,STOP,-1.0,1.163747
1774651380000,1774651020000,Long,Asia,65993.2,65824.19847999999,66331.20304000001,-10.0,1.6209646808691733,-28.881000000000007,32,TARGET,2.0,0.540515
1774654800000,1774654740000,Short,Asia,66188.3,66256.9632,66050.97360000001,-10.0,2.2523820690304275,36.998999999999995,10,STOP,-1.0,2.608674
1774658040000,1774657860000,Short,Asia,66387.4,66503.15999999999,66155.88,2.744954518514879,1.8023695452427062,34.661,27,TARGET,2.0,1.893986
1774673640000,1774673160000,Short,Asia,66237.4,66327.71975999999,66056.76048,7.346110929275684,2.3108375537084216,40.25,25,STOP,-1.0,1.304337
1774681020000,1774680540000,Long,Asia,66369.9,66261.948,66585.80399999997,5.040744972540039,1.8798394102779787,-70.117,10,TIMEOUT,0.0,0.310201
1774684800000,1774684560000,Short,London,66458.3,66526.07831999999,66322.74336000004,10.0,2.8011623061885174,55.499999999999986,10,STOP,-1.0,1.746209
1774689840000,1774689300000,Long,London,66327.1,66197.09992000001,66587.10016,-0.20499538631724631,6.938036656764375,-173.85800000000003,10,STOP,-1.0,0.99547
1774692360000,1774692300000,Short,London,66333.9,66433.00391999999,66135.69216,2.928557700777864,1.8581527021171935,39.262,10,TARGET,2.0,2.209613
1774698000000,1774697940000,Short,London,66282.8,66353.04,66142.32000000002,1.7992782632671478,7.11460579122088,152.80400000000003,13,STOP,-1.0,1.725314
1774703640000,1774703400000,Short,LondonNyOverlap,66440.1,66531.6828,66256.93440000003,10.0,2.125345002433126,72.035,17,STOP,-1.0,1.593907
1774718520000,1774718400000,Long,NewYork,66826.2,66730.67272,67017.25455999999,5.76671183947973,1.6560777289781123,-62.82599999999999,12,STOP,-1.0,0.912932
1774723140000,1774723020000,Long,NewYork,66839.7,66747.5592,67023.98159999998,10.0,2.7273172150586054,-65.428,33,TIMEOUT,0.0,0.28247
1774727760000,1774727340000,Long,NewYork,66841.6,66741.564,67041.67200000002,10.0,2.71160511919771,-36.793000000000006,14,STOP,-1.0,0.581184
1774734480000,1774734300000,Long,NewYork,66774.0,66707.99088,66906.01824,8.305431196517839,3.1040962949953235,-37.699,10,STOP,-1.0,1.397166
1774746540000,1774746240000,Short,Asia,66462.9,66570.31368,66248.07263999997,2.8477500371017084,2.744897168354916,60.77600000000001,22,STOP,-1.0,1.032294
1774750500000,1774750440000,Short,Asia,66583.6,66669.59303999999,66411.61392000003,5.323006232473291,1.7574291108880913,39.114000000000004,17,STOP,-1.0,1.64381
1774761540000,1774761300000,Long,Asia,66686.5,66566.704,66926.092,-2.742695755000411,1.695979045818739,-29.3,15,STOP,-1.0,0.799147
1774764840000,1774764240000,Short,Asia,66790.0,66897.67536,66574.64928000001,2.1059685133250916,1.5668041516754996,25.917,11,TARGET,2.0,0.931267
1774770720000,1774770600000,Short,Asia,66659.3,66734.34479999999,66509.21040000003,0.02776835447424737,2.563360972934322,71.882,18,STOP,-1.0,0.99704
1774775340000,1774775220000,Long,London,66641.2,66502.7552,66918.08959999999,-3.328774255879248,4.375128915596381,-74.615,38,STOP,-1.0,1.1549
1774780500000,1774780440000,Long,London,66419.9,66334.39,66590.91999999998,-7.5267739624640075,2.6110314925269535,-62.916000000000004,12,TARGET,2.0,0.82281
1774784880000,1774784280000,Short,London,66818.0,66933.504,66586.992,7.315156678307868,2.80778815942017,96.23999999999998,33,TARGET,2.0,0.750397
1774793040000,1774792980000,Long,LondonNyOverlap,66466.9,66401.836,66597.02799999999,-4.393503968943128,1.8099539358626657,-53.997,16,TARGET,2.0,0.618067
1774796940000,1774796400000,Short,LondonNyOverlap,66586.5,66748.356,66262.788,0.2859948416954414,5.773069756717237,99.082,32,TIMEOUT,0.0,3.44639
1774804620000,1774804500000,Long,NewYork,66374.3,66297.01992,66528.86016,-7.178397201881641,4.25048390971271,-60.274000000000015,10,STOP,-1.0,0.297352
1774813560000,1774813260000,Long,NewYork,66361.2,66264.94559999999,66553.70880000001,-8.153198687196074,2.5186398927399885,-30.589999999999996,12,TARGET,2.0,0.260694
1774821600000,1774821300000,Short,Asia,66528.2,66772.27511999999,66040.04976000001,3.46707278306344,10.38018466658982,221.353,38,TARGET,2.0,3.232729
1774844940000,1774844880000,Short,Asia,67414.8,67650.97751999999,66942.44496000004,10.0,7.527918632080554,440.9860000000001,19,STOP,-1.0,0.868256
1774847400000,1774846800000,Short,Asia,67618.9,67742.1504,67372.39919999999,9.079526366371924,4.019660901200864,135.69299999999998,10,TARGET,2.0,1.064052
1774853220000,1774853160000,Short,Asia,67365.4,67437.10655999999,67221.98688000001,10.0,1.9732001030180777,114.326,26,TARGET,2.0,1.096663
1774857000000,1774856940000,Short,Asia,67410.3,67483.84391999998,67263.21216000004,9.214970953236971,2.203881845326696,46.22000000000001,34,STOP,-1.0,0.888393
1774867140000,1774867080000,Long,London,67377.7,67279.43336,67574.23328,7.456599447504259,4.317124329109259,-137.235,26,TARGET,2.0,1.139784
1774870260000,1774869960000,Short,London,67576.4,68052.39839999999,66624.4032,10.0,18.44264252587618,343.1489999999999,12,STOP,-1.0,2.081525
1774873440000,1774873380000,Short,London,67858.7,68004.36,67567.37999999999,10.0,1.6478823394295565,40.536,12,STOP,-1.0,1.232385
1774877100000,1774876860000,Short,LondonNyOverlap,67901.7,68202.91871999999,67299.26256000002,10.0,16.21822407987217,879.844,36,TARGET,2.0,1.013716
1774890000000,1774889640000,Long,NewYork,67364.4,67168.2224,67756.75519999999,-1.7874837906697283,1.8420384244060553,-115.89699999999999,25,STOP,-1.0,0.785846
1774895580000,1774894980000,Long,NewYork,66711.1,66511.94784,67109.40432000003,-10.0,3.9333177795375294,-296.517,19,STOP,-1.0,2.009854
1774898700000,1774898640000,Long,NewYork,66293.3,66147.13992,66585.62016,-10.0,2.9597748626293803,-108.19299999999998,16,TARGET,2.0,0.99246
1774911060000,1774910880000,Long,Asia,66726.1,66597.57927999999,66983.14144000004,-10.0,2.6203210105098687,-53.581999999999994,26,STOP,-1.0,1.879426
1774917600000,1774917480000,Short,Asia,66800.0,66962.02679999999,66475.94640000002,2.238801900782183,3.2386199520964825,88.018,11,STOP,-1.0,1.193771
1774925640000,1774925520000,Short,Asia,67964.3,68104.43999999999,67684.02000000003,8.612749376467399,1.6707927156093538,25.557999999999993,14,TARGET,2.0,0.513953
1774927860000,1774927800000,Long,Asia,67795.1,67708.68968,67967.92064000003,2.447958466265668,1.7641064406631826,-83.00399999999999,15,STOP,-1.0,0.947296
1774931160000,1774930800000,Short,Asia,67613.1,67919.99255999998,66999.31488000005,2.5673039822118806,4.453638177120223,131.71900000000005,15,TIMEOUT,0.0,0.883468
1774933380000,1774933320000,Long,Asia,67536.7,67336.088,67937.92399999998,-3.5963099433972485,2.7251081837745925,-96.088,15,STOP,-1.0,0.988918
1774935420000,1774935240000,Short,Asia,67622.1,67708.62359999999,67449.05280000003,0.1898788930594575,2.5529330545840576,104.15500000000003,10,STOP,-1.0,0.80767
1774938060000,1774937760000,Long,Asia,67446.2,67360.76823999999,67617.06352000001,-2.7752903531028723,2.320535207922831,-126.42599999999999,10,STOP,-1.0,0.837242
1774942500000,1774942020000,Short,Asia,67179.7,67350.23711999999,66838.62576000001,-3.8574356078369725,2.410317781565853,156.31900000000002,11,STOP,-1.0,1.361666
1774953600000,1774953540000,Long,London,66267.8,66135.74904,66531.90192000002,-10.0,4.105314011482073,-503.04599999999994,31,TARGET,2.0,0.703238
1774963020000,1774962900000,Short,LondonNyOverlap,66812.3,66918.59208,66599.71584,-3.9215478020349126,2.1128472191821364,91.28399999999999,13,STOP,-1.0,1.655578
1774974840000,1774974240000,Short,LondonNyOverlap,66986.9,67213.92816,66532.84367999999,0.649293462978191,3.0695239884000873,262.227,10,STOP,-1.0,1.471402
1774999500000,1774999020000,Short,Asia,68205.2,68387.26608,67841.06783999999,10.0,6.470403002160219,262.113,17,TARGET,2.0,0.663496
1775002500000,1775002440000,Long,Asia,68067.9,67920.91976,68361.86047999997,-1.2105595304159764,2.482603128999091,-74.099,11,STOP,-1.0,0.647956
1775008800000,1775008620000,Long,Asia,67790.5,67653.334,68064.832,-7.030020787047228,1.9863572505437492,-66.15,20,STOP,-1.0,1.29611
1775014980000,1775014500000,Long,Asia,67999.9,67818.202,68363.29599999997,-1.8992610050681447,2.0734148204323795,-82.82900000000001,18,TARGET,2.0,1.178827
1775039160000,1775038980000,Short,London,68496.0,68658.98328,68170.03344,3.5298452171934183,1.9513246791515824,55.614000000000004,10,STOP,-1.0,1.31879
1775044920000,1775044320000,Short,London,68531.3,68752.75824,68088.38352000002,5.087071093225576,3.7331762813345604,38.80099999999999,46,STOP,-1.0,1.148856
1775049000000,1775048520000,Long,LondonNyOverlap,68336.0,68114.76456,68778.47088000001,-2.846004018980698,3.8220157130381147,-162.98699999999997,10,STOP,-1.0,1.229266
1775059380000,1775058780000,Short,LondonNyOverlap,68758.7,68993.95104,68288.19791999999,7.844384859565547,3.375000091920078,281.279,22,STOP,-1.0,1.513298
1775063160000,1775062980000,Short,NewYork,68952.6,69197.91408,68461.97184000001,9.032552991905058,10.52355300214495,482.59899999999993,27,TARGET,2.0,1.036886
1775071860000,1775071740000,Short,NewYork,68174.6,68310.50471999998,67902.79056000005,-3.6297480846355934,2.4623420493080315,83.137,20,STOP,-1.0,1.782353
1775075520000,1775075460000,Long,NewYork,67978.7,67881.45136,68173.19727999998,-10.0,2.6082757326066117,-129.511,36,TARGET,2.0,1.439814
1775078040000,1775077680000,Short,NewYork,68257.8,68404.57991999999,67964.24016000003,-4.001044998400688,5.564283480731964,93.06900000000002,15,STOP,-1.0,1.108184
1775080740000,1775080680000,Short,NewYork,68324.7,68496.95375999999,67980.19248000001,-2.06650302340188,2.351183816572581,82.28699999999998,15,TARGET,2.0,1.065418
1775086440000,1775086260000,Long,Asia,68090.6,67919.52088,68432.75824000002,-10.0,4.527274821330068,-67.32800000000002,48,TARGET,2.0,1.177739
1775091300000,1775091240000,Short,Asia,68540.5,68642.97048,68335.55904,2.720057020886636,1.7601611209286192,-19.13199999999999,10,TARGET,2.0,1.151437
1775105100000,1775104800000,Long,Asia,66333.2,66185.0096,66629.58079999998,-10.0,2.6383946391573416,-117.388,12,TARGET,2.0,0.512769
1775108820000,1775108460000,Short,Asia,66465.5,66586.12631999998,66224.24736000004,-10.0,3.3243619174280634,125.49800000000005,26,STOP,-1.0,0.939773
1775110860000,1775110680000,Short,Asia,66679.6,66831.32231999999,66376.15536000003,-5.865944163780726,4.688089747794746,33.988000000000056,10,STOP,-1.0,0.665333
1775116200000,1775116080000,Short,Asia,66838.9,66938.50799999999,66639.68400000001,-3.8884905016768228,2.3465051243251023,24.99600000000001,14,TARGET,2.0,1.684376
1775118660000,1775118060000,Long,London,66674.5,66502.45543999999,67018.58912000002,-10.0,4.556066072116498,-157.144,10,STOP,-1.0,0.391509
1775128500000,1775128260000,Long,London,66355.9,66203.29496,66661.11007999998,-10.0,1.862542234538614,-49.53699999999999,10,STOP,-1.0,0.703791
1775146980000,1775146800000,Long,LondonNyOverlap,66801.2,66679.21392000001,67045.17215999997,0.3923357441719467,2.7771696725148804,-34.417,18,TARGET,2.0,0.780183
1775158800000,1775158380000,Long,NewYork,67019.0,66774.33776,67508.32448000001,1.40253288809911,2.1101120708873844,-40.30900000000001,29,STOP,-1.0,1.407298
1775168760000,1775168700000,Long,Asia,66864.3,66781.13232,67030.63536,1.9300653453361727,3.246558864646339,-84.35799999999999,20,TARGET,2.0,0.510667
1775174820000,1775174400000,Short,Asia,66884.7,66959.0244,66736.0512,0.4228392061328994,2.8025985162150677,34.986999999999995,21,TARGET,2.0,0.916968
1775184000000,1775183940000,Long,Asia,66322.5,66211.08872,66545.32256,-3.1510498059615224,2.3251621940843465,1.4029999999999632,10,TARGET,2.0,0.966635
1775186100000,1775185980000,Short,Asia,66582.4,66676.09823999999,66395.00352,0.8914358165383318,1.5090484695857853,88.99199999999999,12,STOP,-1.0,1.547446
1775190900000,1775190600000,Long,Asia,66513.8,66414.8256,66711.74880000002,-2.123666760158071,1.972506789591404,-22.567,10,STOP,-1.0,0.678791
1775198280000,1775198220000,Short,Asia,66684.0,66802.09895999999,66447.80208000002,3.7431785382766796,3.021062853449802,69.32399999999998,10,STOP,-1.0,1.137703
1775200260000,1775200140000,Short,Asia,66794.5,66911.78663999999,66559.92672000002,6.89373556241369,3.1480757465282143,49.929,10,STOP,-1.0,1.765128
1775206140000,1775205600000,Long,London,66960.8,66877.75496,67126.89008,4.404864632364035,2.4987698462740555,-48.27099999999999,10,STOP,-1.0,0.578726
1775215440000,1775215320000,Short,London,66867.1,66957.72335999999,66685.85328000004,7.297791059257672,4.0104215874318925,72.042,31,STOP,-1.0,1.484388
1775218320000,1775218200000,Long,London,66938.0,66836.88768,67140.22464,8.506611739268608,1.8797017085424164,-43.257000000000005,25,TARGET,2.0,1.338063
1775229120000,1775229000000,Short,LondonNyOverlap,66962.1,67052.5992,66781.10160000002,9.064606693641831,2.4473967244752135,106.39499999999998,42,TARGET,2.0,1.151223
1775233020000,1775232960000,Short,LondonNyOverlap,66861.8,66969.43271999998,66646.53456000004,4.489325503995291,1.6562918994096016,50.766000000000005,12,STOP,-1.0,0.865233
1775247120000,1775246940000,Short,NewYork,66841.5,66917.9916,66688.51680000001,8.575283265449473,1.5383879650144094,24.563,10,STOP,-1.0,0.333153
1775250060000,1775249880000,Long,NewYork,66825.2,66758.5504,66958.4992,1.8213160310022827,1.682813806577461,-12.819000000000003,12,TIMEOUT,0.0,0.633155
1775253660000,1775253600000,Long,Asia,66898.6,66814.006,67067.78800000003,6.999880336810131,2.4031287681464435,-10.022999999999996,10,STOP,-1.0,5.448435
1775258940000,1775258700000,Long,Asia,66828.1,66750.85656,66982.58688000002,2.085087288146431,8.08715034156701,-118.39600000000002,57,TIMEOUT,0.0,1.401149
1775262540000,1775262120000,Short,Asia,66885.6,66953.51999999999,66749.76000000004,1.357598046226063,1.6206903293287322,4.105000000000004,17,TIMEOUT,0.0,1.512104
1775264640000,1775264460000,Long,Asia,66856.4,66797.71904,66973.76191999999,-1.9013100675594687,2.2170635868736244,-12.504999999999999,11,STOP,-1.0,1.072269
1775267160000,1775267040000,Long,Asia,66815.6,66742.36336,66962.07328000001,-6.0921509777098395,2.9123931790926703,-39.221000000000004,19,TIMEOUT,0.0,1.04243
1775276400000,1775275980000,Long,Asia,66802.5,66727.87496,66951.75008,-5.437300615384668,2.2463363792449735,-18.863999999999997,21,TIMEOUT,0.0,1.705365
1775279700000,1775279640000,Long,Asia,66849.4,66773.43848,67001.32303999999,-0.5651266752698548,7.7351969608851325,-66.334,13,TARGET,2.0,1.543477
1775297040000,1775296800000,Short,London,66937.7,67023.87624,66765.34752,7.268582046084961,4.192595214986184,9.031000000000006,56,STOP,-1.0,0.828687
1775300520000,1775300400000,Short,London,67149.9,67232.24279999999,66985.2144,4.390058014464541,5.679152025217309,148.29000000000002,19,TIMEOUT,0.0,1.674787
1775303460000,1775302920000,Short,London,67085.0,67179.20039999999,66896.59920000003,10.0,1.5502325240519148,18.554000000000002,11,STOP,-1.0,0.491
1775310960000,1775310540000,Long,LondonNyOverlap,67200.8,67119.06176,67364.27648000001,3.05329034690387,2.203898346071005,-54.977000000000004,10,STOP,-1.0,0.719396
1775315400000,1775315340000,Short,LondonNyOverlap,67231.0,67332.92328,67027.15344,5.331687485725328,4.059819370326896,287.30600000000004,19,STOP,-1.0,2.320249
1775320200000,1775319960000,Short,LondonNyOverlap,67395.2,67471.53408,67242.53184,10.0,2.5919006181668967,62.46300000000001,36,STOP,-1.0,1.168157
1775326860000,1775326500000,Short,NewYork,67310.3,67401.47808,67127.94384,10.0,4.851934643836564,110.196,20,STOP,-1.0,3.616128
1775330100000,1775330040000,Short,NewYork,67399.9,67526.47799999999,67146.744,5.7260523171585,6.218978091454977,82.17399999999998,15,TIMEOUT,0.0,2.124363
1775337780000,1775337180000,Long,NewYork,67246.8,67127.15527999999,67486.08944000003,3.3664952774754946,6.54083763614335,-27.23299999999999,27,TIMEOUT,0.0,1.280085
1775349000000,1775348940000,Short,Asia,67213.6,67300.79759999999,67039.20480000004,-0.4727399018004408,2.841245329551409,39.381,10,TARGET,2.0,0.518004
1775351520000,1775351220000,Long,Asia,67171.0,67028.33439999999,67456.33120000002,-3.2381071094337486,6.59755755711451,-71.615,16,STOP,-1.0,0.562489
1775358180000,1775358120000,Short,Asia,67150.1,67220.63351999999,67009.03296000004,3.573683511688229,1.7402393923867088,32.905,40,TIMEOUT,0.0,3.117809
1775362560000,1775362260000,Long,Asia,67060.1,66989.46552,67201.36896000002,-3.4048289715572726,2.1786279930459145,-25.655,47,STOP,-1.0,0.516569
1775364660000,1775364540000,Long,Asia,67076.0,66997.65896,67232.68208,-1.690755451385588,2.8088241761587565,-6.113999999999997,10,STOP,-1.0,0.866047
1775373420000,1775373240000,Short,Asia,66809.5,66940.60968,66547.28064000001,-2.061762114958018,2.3366507086173467,106.44999999999999,16,STOP,-1.0,1.549379
1775378880000,1775378580000,Long,London,66856.1,66746.56,67075.18000000002,-8.190878330360466,2.7327570395027347,-22.671000000000006,33,TARGET,2.0,1.219487
1775381220000,1775381100000,Short,London,66973.0,67045.39344,66828.21312,2.3273810734933207,1.7735672962446678,8.668,10,STOP,-1.0,2.413579
1775383320000,1775383200000,Long,London,66977.4,66901.73576,67128.72847999999,4.901075234566875,3.4721242841549667,-52.029,12,TARGET,2.0,0.750164
1775397360000,1775397000000,Short,LondonNyOverlap,66853.8,66946.41431999998,66668.57136000005,-0.05605097158200875,2.4420347679242767,54.04400000000001,12,STOP,-1.0,1.589463
1775400240000,1775400180000,Short,LondonNyOverlap,66910.5,66991.5504,66748.39920000001,2.5356539697675844,1.9010442576414128,67.79199999999999,14,STOP,-1.0,1.701279
1775408220000,1775408040000,Long,LondonNyOverlap,67169.8,67078.49424,67352.41152000001,1.928543605481152,2.7865976667490266,-116.775,17,TARGET,2.0,0.482936
1775426280000,1775425920000,Short,NewYork,67535.5,67727.03831999999,67152.42336000002,8.882519261532757,4.112968862553819,169.21800000000002,11,STOP,-1.0,1.269759
1775446920000,1775446860000,Long,Asia,69088.8,68982.56976,69301.26048000001,-2.5539421346822784,2.4142711386650437,-96.323,17,STOP,-1.0,0.651029
1775453040000,1775452980000,Short,Asia,69123.4,69242.74991999999,68884.70016000001,2.740309606575323,1.593857986506829,12.866000000000014,15,STOP,-1.0,1.296416
1775455500000,1775455320000,Long,Asia,69123.9,69025.53536,69320.62928,-2.1969151105085944,2.3768604942831772,-53.236000000000004,17,TARGET,2.0,0.724373
1775464680000,1775464560000,Short,London,69218.5,69384.16295999999,68887.17408000003,3.279489897967508,4.699047290488849,238.781,10,STOP,-1.0,0.827758
1775472000000,1775471760000,Short,London,69829.2,70038.18576,69411.22848,10.0,8.761431527046572,618.6150000000001,18,TARGET,2.0,1.598659
1775480400000,1775479920000,Long,LondonNyOverlap,69351.6,69264.544,69525.71200000003,-0.25140459042307595,2.5823957952681216,-12.165999999999997,42,STOP,-1.0,0.717907
1775483520000,1775483400000,Short,LondonNyOverlap,69350.1,69496.25256,69057.79488000003,0.9022425209990285,2.062505042194416,145.559,11,STOP,-1.0,1.157443
1775489820000,1775489400000,Short,LondonNyOverlap,69656.2,69835.824,69296.952,9.172596866657099,2.6772414933107496,269.666,12,STOP,-1.0,1.414858
1775491920000,1775491860000,Short,LondonNyOverlap,69937.6,70143.56999999999,69525.66000000003,10.0,5.326865712763451,390.029,13,STOP,-1.0,1.091425
1775494440000,1775493960000,Short,LondonNyOverlap,69984.0,70231.14,69489.72,8.073270860290167,1.8968201583726936,137.50900000000001,10,TARGET,2.0,1.697722
1775506080000,1775505600000,Long,NewYork,69704.4,69526.93392000001,70059.33215999996,5.239552887157512,3.1426788752364465,-30.375,27,STOP,-1.0,0.526265
1775520420000,1775520300000,Short,Asia,68897.5,69092.83008,68506.83984,2.4574641278121474,2.367865023704509,173.51399999999995,21,TARGET,2.0,1.923376
1775527680000,1775527620000,Long,Asia,68347.3,68187.30648,68667.28704000001,-6.833295259495473,2.1455128925485543,-120.27799999999999,16,TARGET,2.0,0.828338
1775535240000,1775535060000,Long,Asia,68637.6,68554.21272000001,68804.37456,-1.2841812210744508,2.141210943612446,-34.7,12,STOP,-1.0,0.747363
1775541540000,1775541300000,Long,Asia,68627.5,68522.73792,68837.02416,-3.3606098915319547,5.575237952024316,-186.115,19,STOP,-1.0,0.897629
1775546760000,1775546700000,Short,Asia,68568.5,68685.4044,68334.6912,-1.2320535662256695,3.140825457884797,54.52900000000001,13,STOP,-1.0,1.716342
1775549100000,1775548920000,Short,London,68627.9,68868.5508,68146.59839999999,2.0481076833785044,9.966835494950976,119.856,12,STOP,-1.0,0.908464
1775559060000,1775559000000,Long,London,68379.2,68235.368,68666.86399999999,-3.3477160654174267,3.1464667937942656,-167.87099999999998,10,STOP,-1.0,0.670985
1775563920000,1775563560000,Long,London,68276.9,68070.5,68689.69999999998,-10.0,8.961299821526795,-139.43899999999996,37,STOP,-1.0,1.254259
1775577900000,1775577720000,Short,LondonNyOverlap,68230.7,68421.99384,67848.11232,-1.7126049330289932,4.61648000334475,216.77600000000007,15,STOP,-1.0,1.031285
1775588220000,1775587980000,Long,NewYork,68420.3,68264.14496,68732.61008,-1.296262729827867,4.926314856017319,-173.288,10,TARGET,2.0,0.724401
1775617860000,1775617260000,Short,Asia,71318.3,71473.73328,71007.43344000001,-7.197137229850124,2.010378279168178,-62.83100000000002,20,STOP,-1.0,0.760164
1775620980000,1775620860000,Short,Asia,71301.6,71386.86383999999,71131.07232000004,-8.203976257197489,2.3326883230861357,65.40599999999999,12,STOP,-1.0,0.722084
1775628780000,1775628180000,Long,Asia,71789.3,71481.96863999999,72403.96272000003,-0.8747590551182317,1.6961118167132552,-44.537000000000006,10,TIMEOUT,0.0,1.018633
1775632080000,1775631660000,Long,Asia,71682.5,71575.6936,71896.1128,0.8164178034509194,1.5976943463895052,-61.63,20,STOP,-1.0,0.7712
1775637360000,1775637300000,Short,London,71639.8,71865.94679999999,71187.50640000003,5.598263032606362,1.6127673515233771,58.75200000000001,31,STOP,-1.0,1.874261
1775641620000,1775641440000,Long,London,71598.9,71502.752,71791.196,-1.802955339106625,2.2302794329881754,-75.443,10,STOP,-1.0,0.695822
1775644980000,1775644380000,Long,London,71537.7,71419.8184,71773.46319999998,-4.306141078305959,3.9709829753867023,-95.52599999999998,25,STOP,-1.0,0.738501
1775650800000,1775650320000,Short,London,71653.4,71827.416,71305.36799999999,5.350630482312232,10.91072532103293,1199.26,15,STOP,-1.0,2.462681
1775687700000,1775687220000,Long,Asia,71319.3,71079.69072,71798.51856000001,-5.965856034486021,10.896411529925832,-227.89,11,STOP,-1.0,0.666123
1775693100000,1775692800000,Long,Asia,71035.6,70935.90583999999,71234.98832000003,-0.4668597436413094,1.8772201804441837,-29.988000000000014,19,STOP,-1.0,0.74474
1775700060000,1775700000000,Short,Asia,70926.0,71019.87048,70738.25904,2.675918849030454,1.5127237862481109,27.729000000000013,11,STOP,-1.0,0.822046
1775707200000,1775706600000,Short,Asia,70946.1,71059.20191999999,70719.89616000003,4.8700418122345726,3.230709394903371,66.26000000000002,31,TARGET,2.0,1.154663
1775713200000,1775713140000,Short,Asia,71008.8,71119.8504,70786.69920000002,5.030135670937354,1.6708621899148255,64.29,10,TARGET,2.0,2.192378
1775718660000,1775718540000,Short,Asia,71031.1,71113.74551999998,70865.80896000005,4.405380648256212,4.212189677577096,16.903999999999996,18,TARGET,2.0,1.87542
1775721900000,1775721660000,Long,London,70977.5,70829.29119999999,71273.91760000002,1.6776540904370398,1.5394773879393575,-24.234,29,TARGET,2.0,0.827609
1775734260000,1775733900000,Long,London,71124.0,71018.83944,71334.32112000001,2.0888354189196137,2.6698975980340562,-65.274,12,STOP,-1.0,0.6963
1775737560000,1775737260000,Long,London,71118.0,70988.26392,71377.47216,2.3530182411426264,2.8553411170705894,-45.95099999999999,10,STOP,-1.0,0.918823
1775741760000,1775741520000,Long,LondonNyOverlap,71047.8,70873.15607999999,71397.08784000004,-1.7303413428378653,5.936408302097004,-154.01200000000003,12,STOP,-1.0,1.424917
1775744880000,1775744820000,Long,LondonNyOverlap,70553.3,70453.69192,70752.51616000001,-6.643826693443872,1.534722647316113,-150.93200000000002,11,TARGET,2.0,1.202298
1775768880000,1775768700000,Short,NewYork,72415.8,72556.89911999999,72133.60176000003,10.0,2.501989318555124,90.65800000000002,10,TARGET,2.0,1.21651
1775780580000,1775780280000,Long,Asia,71679.6,71554.81032,71929.17936000001,-2.5385972709219655,2.4373987697459003,-88.59800000000001,25,TARGET,2.0,1.296153
1775784600000,1775784120000,Long,Asia,71866.4,71563.30352,72472.59295999998,-0.5606577990811802,4.703288952719153,-132.91700000000003,13,TIMEOUT,0.0,0.532557
1775795820000,1775795460000,Long,Asia,71870.0,71744.25864,72121.48272,-6.476990368871536,3.072109076087671,-49.74499999999999,12,TARGET,2.0,0.998162
1775803260000,1775803140000,Short,Asia,71884.4,72039.78575999998,71573.62848000001,0.1153535076206906,8.95138466865469,89.52099999999996,11,TARGET,2.0,0.851906
1775815620000,1775815560000,Long,London,71717.0,71617.36024,71916.27952000001,-8.184447760918342,1.6511277821817656,-36.743,26,TARGET,2.0,1.116442
1775823780000,1775823660000,Short,London,72074.7,72305.39808,71613.30384,7.74750706831729,2.3135777524371837,104.10000000000002,17,STOP,-1.0,1.501678
1775834760000,1775834640000,Short,LondonNyOverlap,72850.0,73314.30455999999,71921.39088000002,10.0,5.548451033308557,682.078,17,TIMEOUT,0.0,1.170909
1775840400000,1775840280000,Short,NewYork,72916.5,73082.51928,72584.46144000001,6.479350524174963,3.72040289102037,133.25599999999997,10,STOP,-1.0,1.898619
1775848380000,1775848320000,Short,NewYork,73159.2,73281.97871999998,72913.64256000002,10.0,5.648101684477036,153.05799999999994,18,TARGET,2.0,0.816264
1775853480000,1775853000000,Short,NewYork,73048.0,73508.76,72126.48000000001,10.0,12.341628006286367,790.854,38,TIMEOUT,0.0,1.232798
1775875140000,1775874600000,Short,Asia,72998.5,73111.54248,72772.41503999999,6.964305954077085,14.112897910396471,474.71299999999997,21,TARGET,2.0,0.952443
1775880720000,1775880420000,Short,Asia,72884.9,72978.336,72698.02799999999,0.7841713869713934,3.1212342814501226,53.72399999999999,10,TARGET,2.0,0.489047
1775884800000,1775884380000,Long,Asia,72722.0,72602.07183999999,72961.85632000002,-5.02138104229889,2.5175892070050865,-31.894000000000005,10,STOP,-1.0,0.488299
1775888760000,1775888700000,Long,Asia,72630.0,72559.9056,72770.1888,-6.587783502451157,2.2941310825579966,-22.546000000000006,16,TARGET,2.0,1.686069
1775897520000,1775897460000,Long,London,72641.4,72554.11024,72815.97952,-6.241960747821849,2.9943528192954236,-26.452000000000005,24,TARGET,2.0,0.461861
1775917260000,1775917200000,Short,LondonNyOverlap,72681.5,72766.26648,72511.96703999999,-1.5755686386215129,2.7676686691601415,116.887,16,STOP,-1.0,2.204671
1775923260000,1775922960000,Short,LondonNyOverlap,72787.4,72890.36568,72581.46863999998,1.5086075182203615,2.679004536393559,-0.8740000000000094,16,STOP,-1.0,1.427989
1775939160000,1775938800000,Long,NewYork,73412.2,73302.81079999999,73630.9784,8.73129170070052,1.5521910783152097,-14.043000000000006,14,STOP,-1.0,0.892439
1775943420000,1775943360000,Short,NewYork,73382.4,73492.14671999999,73162.90656,9.963506150775764,1.724740270694939,48.94400000000002,33,STOP,-1.0,3.422037
1775948580000,1775948100000,Short,Asia,73233.3,73414.88496,72870.13008000002,9.19998668094499,8.616428281737692,313.183,21,TARGET,2.0,0.491468
1775953500000,1775953380000,Short,Asia,73040.0,73120.64975999999,72878.70048000003,2.3234018232433966,1.7115875701255276,31.659000000000006,18,TARGET,2.0,0.948399
1775963640000,1775963460000,Long,Asia,71708.4,71545.7176,72033.76479999998,-6.385208761515128,2.272711084497784,-14.919999999999987,10,STOP,-1.0,0.720367
1775967240000,1775966940000,Long,Asia,71558.8,71463.7832,71748.8336,-10.0,2.0773184286686113,-63.735,18,STOP,-1.0,0.936335
1775970120000,1775969580000,Long,Asia,71495.7,71351.27328,71784.55344,-10.0,6.907564199252342,-354.769,18,TIMEOUT,0.0,0.725302
1775979600000,1775979420000,Short,Asia,71667.3,71738.74511999999,71524.40976000002,-5.38181000764174,1.8971676222079201,20.747999999999998,10,STOP,-1.0,4.177708
1775983620000,1775983140000,Short,London,71600.3,71765.66664,71269.56672000002,-6.152790484436267,1.5402622406177562,-9.534000000000002,10,TIMEOUT,0.0,1.391218
1775991720000,1775991180000,Long,London,71452.5,71301.81288,71753.87424,-10.0,8.531169151885857,-78.108,11,STOP,-1.0,0.393708
1775998140000,1775997540000,Short,London,71384.3,71521.47144,71109.95712000002,-10.0,4.109421296643941,82.09999999999997,28,TARGET,2.0,0.846463
1776002460000,1776002100000,Long,LondonNyOverlap,70883.3,70774.3352,71101.2296,-10.0,1.608536397040384,-199.87699999999998,16,STOP,-1.0,0.407427
1776005700000,1776005580000,Long,LondonNyOverlap,70731.5,70642.64064,70909.21872,-8.838364270799577,3.0365432202852607,-106.63499999999999,10,STOP,-1.0,0.713213
1776015120000,1776015000000,Short,NewYork,70955.7,71030.67911999999,70805.74176000002,-10.0,1.5970239674052078,19.418999999999997,36,STOP,-1.0,1.160327
1776028260000,1776027660000,Short,NewYork,71191.5,71481.03911999999,70612.42176000003,-0.8192787446335024,1.846556063301245,61.71800000000002,16,TARGET,2.0,1.793139
1776031200000,1776031140000,Short,Asia,70878.5,71391.46751999999,69852.56496000002,-2.2763619785551095,5.459275656995344,122.05199999999999,18,TIMEOUT,0.0,0.61008
1776043860000,1776043800000,Long,Asia,71029.7,70936.30552000001,71216.48895999997,0.7756678897616357,2.9577451721636088,-49.91499999999999,10,TARGET,2.0,0.418659
1776049140000,1776048720000,Long,Asia,71047.0,70913.32392000001,71314.35215999998,-0.7990453577239147,1.5231751505444031,-47.834999999999994,11,STOP,-1.0,1.152036
1776051540000,1776051480000,Long,Asia,70924.2,70825.69407999999,71121.21184000002,-2.417432097276103,2.2015934493282323,-43.735,10,STOP,-1.0,0.963172
1776055440000,1776055140000,Short,Asia,70986.9,71147.47248,70665.75503999999,1.4285374623541012,2.29403824376507,32.69800000000001,10,TARGET,2.0,1.812388
1776059160000,1776058620000,Long,Asia,70821.3,70654.53112,71154.83776000001,-8.751367434394759,1.979524943815088,-54.538000000000004,24,STOP,-1.0,1.128964
1776068400000,1776068340000,Long,London,70668.2,70552.91248,70898.77504,-5.937307013680972,4.313155730285787,-131.03500000000003,10,STOP,-1.0,0.623115
1776076560000,1776076500000,Long,London,70734.9,70586.9852,71030.72959999999,-10.0,3.1697009932844775,-62.589,25,TARGET,2.0,0.520527
1776081960000,1776081600000,Long,London,70887.5,70766.24167999999,71130.01664000002,-1.3687974366721223,1.8792855305612326,-1.9009999999999962,14,STOP,-1.0,0.710485
1776096360000,1776096300000,Long,LondonNyOverlap,71844.5,71572.1964,72389.1072,7.281894258716591,1.6738966243402917,-123.993,25,TARGET,2.0,1.518784
1776099000000,1776098820000,Short,LondonNyOverlap,72315.9,72438.30431999998,72071.09136000002,10.0,1.5864708167630581,108.59900000000005,18,TARGET,2.0,1.068335
1776101700000,1776101400000,Short,NewYork,72374.1,72607.23935999999,71907.82128000003,10.0,10.14554182519278,1061.656,19,STOP,-1.0,1.599736
1776106800000,1776106500000,Short,NewYork,72361.7,72466.82711999999,72151.44576000002,10.0,3.0673847285170197,201.68900000000002,21,STOP,-1.0,0.77058
1776114900000,1776114720000,Short,NewYork,73227.0,73313.60399999999,73053.79200000002,10.0,1.804561306418984,85.971,40,STOP,-1.0,0.849476
1776118140000,1776117960000,Short,Asia,73285.5,73550.79359999999,72754.91280000002,10.0,9.35032875273373,361.005,13,STOP,-1.0,1.13189
1776126900000,1776126360000,Long,Asia,74257.5,74126.45136,74519.59727999999,-2.5504118106111324,1.5199736436479512,-25.536999999999978,13,STOP,-1.0,0.62715
1776133440000,1776132960000,Short,Asia,74433.5,74529.47591999998,74241.54816000003,4.635500004291683,2.296526156863679,113.46600000000004,19,TARGET,2.0,1.076467
1776146400000,1776145800000,Long,Asia,74259.5,74160.624,74457.25200000001,-2.9777252360732853,1.698889903196044,-35.89200000000001,57,TARGET,2.0,1.958413
1776156840000,1776156660000,Short,London,74665.1,74836.72151999999,74321.85696000003,5.074164250934265,2.428359213100464,56.63300000000001,12,TARGET,2.0,1.259322
1776167640000,1776167340000,Short,London,74336.5,74477.034,74055.432,-1.1151891354598182,3.103947883790949,78.13600000000002,12,STOP,-1.0,0.787917
1776171420000,1776171360000,Short,London,74352.5,74471.12928,74115.24144000001,-0.17338371243523948,1.7383262676406406,78.37500000000001,41,STOP,-1.0,1.275697
1776173460000,1776173280000,Long,LondonNyOverlap,74573.0,74490.36,74738.28,2.248755198204052,1.586699849849964,-82.87100000000001,10,TARGET,2.0,1.493981
1776202620000,1776202560000,Long,NewYork,74019.5,73904.12936,74250.24127999999,-10.0,3.3038727264071213,-79.016,22,STOP,-1.0,0.650789
1776205080000,1776204660000,Short,Asia,74070.5,74385.26064,73440.97872000001,-7.922208018646636,2.8180717495156338,54.912000000000006,13,STOP,-1.0,1.300998
1776211080000,1776210720000,Long,Asia,74127.4,73940.8,74500.59999999998,-10.0,7.3195625318280815,-248.06000000000003,13,TARGET,2.0,2.150346
1776217140000,1776216960000,Long,Asia,74524.0,74423.21376,74725.57248,-0.3703822551872211,1.840046092450204,-72.367,34,STOP,-1.0,0.945713
1776225960000,1776225660000,Short,Asia,74316.1,74417.68655999999,74112.92688000004,-1.7102427348275149,2.395170918129683,47.01299999999999,40,TARGET,2.0,3.278113
1776229800000,1776229560000,Long,Asia,74218.0,74137.6424,74378.7152,-5.063059604407616,2.2915277075964293,-18.11,39,STOP,-1.0,1.47223
1776236400000,1776236100000,Long,Asia,73880.1,73765.94,74108.42000000001,-10.0,2.921086897843299,-55.986999999999995,11,STOP,-1.0,0.402056
1776239340000,1776239100000,Long,Asia,73659.6,73390.2408,74198.31840000002,-10.0,6.127629187224097,-145.461,24,TIMEOUT,0.0,0.993689
1776243720000,1776243180000,Short,London,74034.7,74213.62344,73676.85312,0.5544374464526923,3.4357911208682714,80.60300000000001,15,STOP,-1.0,0.369029
1776259800000,1776259500000,Short,LondonNyOverlap,74301.0,74428.9956,74045.00880000001,7.839840453299365,1.5880395814289563,103.67599999999999,25,TARGET,2.0,0.648885
1776271740000,1776271200000,Long,LondonNyOverlap,73961.6,73812.70256,74259.39488,-3.162687801536606,2.1949180525279535,-49.803,22,STOP,-1.0,0.9066
1776275640000,1776275580000,Short,NewYork,74075.3,74171.68991999999,73882.52016000003,0.5236517945745602,2.2223455323911057,41.80099999999999,14,STOP,-1.0,0.725721
1776288900000,1776288780000,Long,NewYork,74551.6,74448.49352,74757.81296000001,10.0,1.7197332888177106,1.5819999999999936,15,TARGET,2.0,0.972635
1776293160000,1776292740000,Short,Asia,75033.8,75485.94048,74129.51904,10.0,17.80608675285286,1071.3709999999999,28,TIMEOUT,0.0,0.801234
1776299280000,1776298800000,Long,Asia,74550.1,74421.71496,74806.87008000002,-1.5715406717404736,4.103167892829692,8.251000000000005,14,TARGET,2.0,0.880985
1776307560000,1776307200000,Short,Asia,75029.4,75155.87664,74776.44671999998,2.919720988176303,1.9100988225774786,26.994999999999976,10,TARGET,2.0,1.291185
1776311640000,1776311400000,Long,Asia,74923.5,74797.71392000001,75175.07215999998,2.3282253679392766,1.5240553163790838,-30.103999999999992,13,STOP,-1.0,0.952306
1776322080000,1776321660000,Long,Asia,74934.0,74742.75792,75316.48415999999,-0.8957498530422229,16.633225772865064,-509.1089999999999,16,STOP,-1.0,0.615576
1776326700000,1776326640000,Long,London,74615.2,74504.04904,74837.50192,-6.27241498249138,1.992812120265537,-96.905,16,STOP,-1.0,0.925866
1776336780000,1776336480000,Long,London,74307.0,74166.81904,74587.36192,-10.0,3.4315469859168886,-91.30099999999999,10,TARGET,2.0,0.560984
1776339480000,1776339240000,Short,London,74363.5,74516.56559999999,74057.36880000003,-9.956540348224108,7.17225620291658,24.817999999999984,14,STOP,-1.0,2.279516
1776341460000,1776341400000,Short,London,74719.5,74806.79759999999,74544.90480000002,0.3542286114562542,2.9729671302181666,149.712,11,TARGET,2.0,0.178458
1776346200000,1776346020000,Short,LondonNyOverlap,74841.8,75008.75903999999,74507.88192000003,3.2391969938823055,4.268201446320313,171.42699999999996,10,TARGET,2.0,1.090501
1776355980000,1776355620000,Short,LondonNyOverlap,74639.6,74888.36279999999,74142.07440000004,4.8458262047775795,1.6305759262800612,227.99199999999996,16,TARGET,2.0,1.36631
1776368160000,1776367920000,Short,NewYork,75024.2,75246.74928,74579.10143999998,7.7503671847016,4.083463222432453,239.37799999999993,12,STOP,-1.0,1.203114
1776381720000,1776381660000,Short,Asia,74980.4,75084.31943999999,74772.56112,10.0,1.8957341352873127,-2.4779999999999944,19,STOP,-1.0,0.534771
1776386880000,1776386820000,Long,Asia,74906.5,74814.80024,75089.89952,-1.3823029858770453,2.6186634461638527,-86.08699999999999,21,STOP,-1.0,0.482252
1776390900000,1776390540000,Long,Asia,74695.4,74490.26008,75105.67984,-5.645426390370025,3.1550104564155057,-91.453,16,STOP,-1.0,1.012532
1776397200000,1776396960000,Short,Asia,74682.7,74850.83279999999,74346.43440000001,0.84060775656276,3.1455558685068206,41.68099999999998,12,TIMEOUT,0.0,1.84768
1776406740000,1776406500000,Short,Asia,74700.8,74832.01775999999,74438.36448000003,0.8680674222051863,2.7784165244862624,50.868999999999986,16,STOP,-1.0,2.85524
1776410100000,1776409560000,Short,Asia,74965.4,75058.99919999999,74778.2016,4.882156700658312,1.5749043238058194,20.974000000000004,13,STOP,-1.0,1.766117
1776412560000,1776412440000,Short,Asia,74963.1,75083.21856,74722.86288000003,8.99022950659851,2.258759784386845,88.92000000000002,16,STOP,-1.0,1.198414
1776427260000,1776426720000,Short,London,75486.8,75606.23664,75247.92672,3.781207133997858,1.9669142366797063,70.637,18,STOP,-1.0,0.695174
1776452880000,1776452700000,Long,NewYork,77087.0,76860.36248,77540.27504000001,7.406456853012067,5.5243911043669,-133.31599999999997,15,TARGET,2.0,1.939771
1776462060000,1776461880000,Long,NewYork,77305.0,77186.80112,77541.39775999999,10.0,2.8749365736856247,-45.059000000000005,10,STOP,-1.0,1.00865
1776464220000,1776464100000,Long,Asia,77345.1,77240.1584,77554.98320000002,10.0,4.803538422357311,-84.62500000000001,13,STOP,-1.0,0.524422
1776470940000,1776470460000,Short,Asia,77049.6,77214.12191999999,76720.55616000004,1.925088546713086,1.6854470966681103,69.852,22,STOP,-1.0,0.778829
1776476700000,1776476640000,Long,Asia,77190.4,77087.58056,77396.03887999998,0.6339115120408564,3.7289386470604624,-104.135,15,STOP,-1.0,0.617959
1776479040000,1776478980000,Short,Asia,77295.0,77441.904,77001.19200000001,2.4169883129404934,3.388787753245824,81.71200000000002,17,TARGET,2.0,1.897062
1776486780000,1776486660000,Long,Asia,76875.1,76804.30736,77016.68528,-5.422299514335029,1.554127097958549,-52.90599999999999,19,TARGET,2.0,0.605757
1776490800000,1776490740000,Short,Asia,77095.8,77211.71999999999,76863.96000000004,1.2284390180770666,2.4444337235645035,70.994,10,TIMEOUT,0.0,1.749704
1776496860000,1776496680000,Long,Asia,77021.5,76938.4,77187.70000000001,-4.085508429535448,2.827165125142683,-31.313,10,STOP,-1.0,1.34212
1776514740000,1776514680000,Short,London,76176.8,76307.29703999999,75915.80592000003,-7.315755596815387,1.5742005216399735,37.98999999999998,11,TARGET,2.0,1.816287
1776518520000,1776518160000,Long,LondonNyOverlap,76148.4,75973.97216,76497.25567999997,-10.0,1.6517517351560325,-51.405,24,STOP,-1.0,1.067332
1776523440000,1776522840000,Short,LondonNyOverlap,76152.8,76251.05208,75956.29584000002,-5.2534014365581365,2.518675853362417,61.827,10,STOP,-1.0,3.807624
1776529260000,1776529020000,Long,LondonNyOverlap,76024.8,75738.3608,76597.67840000002,-7.892625411069188,23.037246188880744,-1029.775,13,STOP,-1.0,1.017093
1776535680000,1776535260000,Long,NewYork,75749.1,75584.88368,76077.53264000002,-10.0,6.065751725994775,-216.871,10,STOP,-1.0,0.245772
1776537780000,1776537660000,Long,NewYork,75520.5,75335.58327999999,75890.33344000002,-10.0,7.318238926907728,-524.444,12,TIMEOUT,0.0,0.589961
1776542880000,1776542760000,Short,NewYork,75638.3,75728.73456,75457.43088000001,-10.0,2.123559097880177,44.72,38,STOP,-1.0,1.060815
1776545580000,1776545100000,Short,NewYork,75752.0,75856.73688,75542.52624,-10.0,1.7015239393698167,33.745000000000005,10,TIMEOUT,0.0,1.976236
1776551940000,1776551520000,Short,Asia,75701.0,75817.50551999999,75467.98896000002,-10.0,1.8008173477045069,17.403999999999996,10,STOP,-1.0,1.146375
1776557880000,1776557760000,Long,Asia,75673.6,75565.9988,75888.80240000002,-1.719525136066346,2.4134846997127863,-20.071999999999996,15,STOP,-1.0,0.56624
1776565440000,1776564840000,Short,Asia,75436.1,75664.68336,74978.93328000003,0.9802154505930137,1.9065232389064075,49.208,15,STOP,-1.0,1.746594
1776568380000,1776567780000,Long,Asia,75489.1,75303.40904,75860.48192000002,-2.4529672457816614,3.7803553541044126,-136.70800000000003,12,TIMEOUT,0.0,0.354141
1776571620000,1776571020000,Long,Asia,75583.9,75414.22032000001,75923.25935999997,-1.6944987896661696,1.6128232509683627,-46.638999999999996,16,STOP,-1.0,1.128429
1776574080000,1776573600000,Long,Asia,75559.2,75311.30272,76054.99455999998,-1.9584823118532553,7.880748202485522,-114.64699999999999,12,STOP,-1.0,0.898049
1776576300000,1776576240000,Short,Asia,75501.2,75568.70663999999,75366.18672000001,-3.2445725922595794,1.6577570536319168,93.201,10,STOP,-1.0,1.252156
1776582720000,1776582420000,Long,Asia,75241.6,75139.93992,75444.92016000001,-6.80913058602505,4.834014754695075,-113.39499999999998,59,STOP,-1.0,0.396793
1776590820000,1776590760000,Long,London,75029.4,74841.27904,75405.64192,-5.918570414934429,7.62689543965545,-190.86700000000002,13,TARGET,2.0,0.82343
1776593160000,1776592980000,Short,London,74972.9,75111.94152,74694.81696,-8.658189643424953,1.9244826268793973,74.66000000000001,15,STOP,-1.0,0.854059
1776595920000,1776595860000,Short,London,75127.1,75239.44344,74902.41312000001,-3.538691166087631,2.237692128979118,24.316999999999993,10,STOP,-1.0,1.382166
1776600300000,1776600120000,Short,London,75581.7,75660.48,75424.14,7.0419134895784525,2.0433617998897406,145.86399999999998,20,STOP,-1.0,1.066202
1776603540000,1776603420000,Short,London,75529.3,75702.91391999999,75182.07216000003,5.302180234774374,1.8967867569100387,57.405,10,STOP,-1.0,2.472413
1776611400000,1776610860000,Long,LondonNyOverlap,75949.9,75790.21927999999,76269.26144,5.714226118462103,1.8246025781178827,-47.46100000000001,21,STOP,-1.0,1.051903
1776627120000,1776626580000,Long,NewYork,74968.4,74763.74112,75377.71775999997,-10.0,2.019228393876701,-84.37,12,STOP,-1.0,2.206168
1776640620000,1776640560000,Long,Asia,73841.6,73728.9696,74066.86080000002,-10.0,1.6948462417697991,-46.587999999999994,11,STOP,-1.0,2.314164
1776655260000,1776655200000,Short,Asia,74453.0,74559.70008,74239.59984000001,5.145278644346933,10.393853000968809,311.26200000000006,27,STOP,-1.0,0.478633
1776657600000,1776657240000,Short,Asia,74563.4,74659.68,74370.84,7.525732742135147,1.5137804906909178,30.08699999999999,12,TARGET,2.0,2.759688
1776659700000,1776659640000,Short,Asia,74443.8,74542.68648,74246.02704,9.308083162231629,1.6241735315323607,59.864000000000004,13,STOP,-1.0,3.547368
1776668460000,1776668400000,Short,Asia,74783.3,74884.86,74580.18000000001,10.0,2.355723371842122,37.09700000000001,17,STOP,-1.0,0.978205
1776682920000,1776682680000,Long,London,75040.6,74904.82816,75312.14368000001,5.989482886513015,1.7091356170375458,-13.913000000000011,10,TARGET,2.0,0.880265
1776691500000,1776691440000,Long,LondonNyOverlap,75053.7,74891.63872,75377.82255999999,2.6613667766897144,2.515843564187021,-122.78799999999998,11,STOP,-1.0,0.504167
1776703740000,1776703260000,Short,LondonNyOverlap,75298.5,75594.32711999999,74706.84576000003,10.0,1.753523111612176,44.206999999999994,14,STOP,-1.0,1.049782
1776710520000,1776710460000,Short,NewYork,76164.1,76260.95999999999,75970.38000000003,10.0,2.071984195002833,338.039,17,STOP,-1.0,0.772205
1776727140000,1776727080000,Long,Asia,75671.5,75565.39928,75883.70144,5.737742621248391,4.59965158045977,-115.068,15,STOP,-1.0,0.458976
1776729780000,1776729720000,Short,Asia,75795.1,75946.80888,75491.68224000002,1.099934597867767,2.6449475258097124,33.197,22,STOP,-1.0,1.046691
1776739500000,1776739440000,Long,Asia,75592.0,75497.5536,75780.8928,-5.6444715604106435,2.370409168611828,-49.53299999999999,12,STOP,-1.0,0.640974
1776744120000,1776744000000,Short,Asia,75665.2,75770.0676,75455.4648,-0.977406168250182,4.080341728828786,95.309,13,STOP,-1.0,1.918096
1776757500000,1776757260000,Short,Asia,76123.4,76333.41791999999,75703.36416,6.5161649960248935,2.96199680064883,120.55099999999999,14,STOP,-1.0,1.957214
1776767280000,1776766980000,Short,London,76467.1,76594.2264,76212.84720000002,9.727033374234809,1.5075545089529985,69.62299999999999,13,STOP,-1.0,1.113813
1776773280000,1776773040000,Long,London,76415.1,76238.66024,76767.97952000002,7.582872466743099,2.9078394029151933,-140.107,16,STOP,-1.0,1.16371
1776789780000,1776789240000,Short,LondonNyOverlap,75861.3,76116.94488,75350.01024000002,-0.1905250646063822,3.4245136883149248,206.03599999999994,35,TARGET,2.0,0.457046
1776818220000,1776818160000,Long,Asia,76257.8,76109.064,76555.27200000001,-2.3317952592297075,1.978127700957777,-205.818,19,STOP,-1.0,0.572498
1776832140000,1776831600000,Long,Asia,77470.0,77259.84264,77890.31472,4.77312326262238,1.5657497779540308,-72.45200000000001,55,TARGET,2.0,0.493312
1776842280000,1776841740000,Short,Asia,77935.6,78093.32471999999,77620.15056000004,10.0,2.4527391064381625,39.60499999999999,20,STOP,-1.0,0.943178
1776846180000,1776846060000,Short,London,78050.2,78246.14688,77658.30623999999,10.0,2.5527851609616774,80.35,17,TIMEOUT,0.0,0.988821
1776850860000,1776850800000,Short,London,78115.0,78209.21736,77926.56528000001,10.0,1.7243638752025068,28.12700000000001,20,TARGET,2.0,1.644191
1776856140000,1776855660000,Short,London,78085.6,78227.43191999999,77801.93616000004,10.0,2.5998044511217233,33.55500000000001,30,STOP,-1.0,1.201005
1776859440000,1776859320000,Short,London,78277.1,78359.83776,78111.62448000003,10.0,1.7043159333833124,26.010999999999996,24,STOP,-1.0,1.575689
1776864720000,1776864660000,Short,LondonNyOverlap,78339.9,78716.92319999999,77585.8536,10.0,13.563515570756936,924.5510000000002,20,STOP,-1.0,0.839362
1776867480000,1776867000000,Short,LondonNyOverlap,78777.6,78971.52672,78389.74656000003,10.0,2.6989411450514056,503.70000000000005,17,STOP,-1.0,0.642679
1776873600000,1776873240000,Short,LondonNyOverlap,79279.8,79427.9916,78983.41680000002,10.0,1.5980666425410608,171.351,10,STOP,-1.0,1.24763
1776876960000,1776876900000,Long,LondonNyOverlap,78716.0,78523.83064,79100.33872,6.516279052645874,4.468355373131859,-2.6159999999999854,10,TARGET,2.0,1.032718
1776884160000,1776883680000,Short,NewYork,78968.1,79100.93015999999,78702.43968000004,10.0,3.546917641017461,108.61500000000004,14,TARGET,2.0,2.394408
1776897300000,1776897240000,Long,Asia,78492.6,78368.85472,78740.09056000001,3.773457341954735,1.7361893527034875,-31.664,14,STOP,-1.0,0.70943
1776903540000,1776902940000,Long,Asia,78361.0,78038.31936,79006.36128000001,-2.2909104838265475,2.4637239126315276,14.093999999999994,10,STOP,-1.0,1.749972
1776911460000,1776911400000,Long,Asia,77969.1,77872.25232,78162.79536000002,-2.1800758882133016,1.6428397829522712,-17.67500000000001,10,STOP,-1.0,0.799112
1776923640000,1776923460000,Short,Asia,77931.9,78079.81391999999,77636.07216000001,0.64403834808481,3.4497502552858017,74.60499999999996,10,STOP,-1.0,1.48762
1776929880000,1776929820000,Long,Asia,78057.1,77929.20672,78312.88656000001,2.2833872606094734,3.487971582909519,-20.793999999999983,53,STOP,-1.0,0.983877
1776932340000,1776931920000,Short,London,78062.4,78157.476,77872.24799999999,3.0014513279226316,1.8114173526644544,64.92599999999999,11,TARGET,2.0,0.974601
1776934440000,1776934320000,Short,London,77830.6,77909.67791999999,77672.44416000004,-2.914725121596689,1.7535203018254073,25.516999999999996,10,TARGET,2.0,1.527077
1776944280000,1776944160000,Short,London,77448.7,77549.89031999999,77246.31936000001,-9.65671454462589,3.2899767991057365,142.35399999999998,40,STOP,-1.0,1.417745
1776948900000,1776948300000,Long,London,77722.3,77513.13983999999,78140.62032000003,-3.6461482999008887,4.019850403152591,-263.49699999999996,12,STOP,-1.0,0.594079
1776952920000,1776952380000,Long,LondonNyOverlap,77485.8,77317.99608,77821.40784000001,-5.740970482202429,2.0158916699922873,-68.39099999999999,11,TARGET,2.0,1.325943
1776980340000,1776980160000,Short,NewYork,77950.0,78042.58415999998,77764.83168000003,2.8187473055500427,1.7358458346031034,40.798,11,STOP,-1.0,1.622463
1776985200000,1776985020000,Long,Asia,78193.6,78098.17143999999,78384.45712000004,10.0,2.354411975641878,-101.878,21,STOP,-1.0,0.469143
1776987840000,1776987720000,Short,Asia,78219.5,78317.70408,78023.09184000001,9.35412416421506,2.700025230208418,66.059,10,STOP,-1.0,2.073025
1776990240000,1776990000000,Short,Asia,78300.0,78467.72399999999,77964.55200000003,1.4755097648249593,6.196092026958342,145.766,15,TARGET,2.0,1.712751
1776996240000,1776996060000,Short,Asia,78373.7,78492.74399999999,78135.61200000001,1.1537881993391508,7.543107990147519,732.231,11,TARGET,2.0,1.212199
1777007940000,1777007880000,Long,Asia,77476.4,77339.5788,77750.04239999998,-8.255302226483497,2.676791058741675,-56.55500000000001,10,TARGET,2.0,0.699583
1777010040000,1777009800000,Short,Asia,77745.2,77902.272,77431.056,-3.0484548655436052,4.393647372985407,196.75400000000002,10,STOP,-1.0,2.185246
1777017480000,1777017300000,Long,Asia,77580.0,77490.9576,77758.08480000001,-8.796817051672894,3.377851724927799,-99.27899999999998,42,TARGET,2.0,0.423417
1777021140000,1777020660000,Short,London,77744.6,77912.38008,77409.03984000001,-1.803139904465235,2.4403715410584197,84.459,11,TARGET,2.0,1.427018
1777028220000,1777028100000,Short,London,77708.2,77812.2,77500.2,-3.1033366613507645,3.5170229181959676,59.341999999999985,39,STOP,-1.0,1.163709
1777035480000,1777034940000,Long,London,78148.9,78024.5304,78397.63919999998,5.774374823629748,2.047764897511433,-62.788,32,TARGET,2.0,0.68349
1777038540000,1777038420000,Long,LondonNyOverlap,78062.9,77937.59999999999,78313.5,2.8652596817463194,1.9495584579098988,-127.127,15,STOP,-1.0,1.51183
1777041300000,1777040700000,Long,LondonNyOverlap,77814.9,77662.52024,78119.65951999999,-3.5038284102091137,1.755806442839473,-0.7740000000000009,13,STOP,-1.0,1.361822
1777052160000,1777051980000,Long,NewYork,77549.8,77352.46848,77944.46304000002,-6.9294304947108,8.825089777666346,-158.5039999999999,54,STOP,-1.0,1.47451
1777062480000,1777062060000,Long,NewYork,77521.6,77428.008,77708.78400000001,-10.0,1.7969081792304038,-15.457000000000008,11,TARGET,2.0,0.52984
1777068000000,1777067940000,Long,Asia,77509.7,77428.008,77673.08399999999,-10.0,2.067613516096155,-43.528000000000006,21,STOP,-1.0,0.597293
1777075320000,1777075260000,Short,Asia,77436.7,77519.66616,77270.76768,2.1533433878048758,3.0326996757197264,56.175,35,TARGET,2.0,0.578963
1777079880000,1777079820000,Short,Asia,77480.4,77562.0,77317.19999999998,4.244825538137118,3.1169613280621657,73.546,12,STOP,-1.0,3.939194
1777082940000,1777082580000,Long,Asia,77508.9,77391.0376,77744.62479999999,2.436395268665594,2.423034461768327,-27.451000000000008,24,TIMEOUT,0.0,0.463528
1777086840000,1777086780000,Long,Asia,77536.3,77442.996,77722.90800000001,2.409102977289581,3.9947705089792844,-74.507,12,STOP,-1.0,1.38147
1777088940000,1777088700000,Short,Asia,77640.1,77730.1344,77460.03120000003,3.668672781986105,2.743954472040179,29.98299999999999,10,TARGET,2.0,1.647446
1777097580000,1777097160000,Short,Asia,77507.6,77576.5116,77369.77680000002,1.5952197951869218,1.8513534101873952,27.567999999999998,33,TIMEOUT,0.0,4.288859
1777102200000,1777102140000,Short,Asia,77473.2,77562.90071999999,77293.79856000001,0.44301111883063793,9.482971889973477,150.81000000000003,14,STOP,-1.0,2.288899
1777111140000,1777110960000,Short,London,77672.5,77798.98943999999,77419.52112000002,5.705425939037484,1.920996977151669,29.760000000000005,14,STOP,-1.0,1.667988
1777113300000,1777113060000,Short,London,77790.1,77898.86928,77572.56144000002,9.919223414401317,4.212364693774422,153.90699999999998,11,TARGET,2.0,1.530305
1777125780000,1777125720000,Short,LondonNyOverlap,77657.5,77781.27528,77409.94944,5.45589688025157,7.125671581498686,60.914000000000016,15,TARGET,2.0,0.609937
1777132020000,1777131960000,Long,LondonNyOverlap,77588.9,77501.9488,77762.80239999999,-0.40514195539664716,3.2270107261086682,-46.891999999999996,10,STOP,-1.0,0.293329
1777134420000,1777134360000,Long,LondonNyOverlap,77348.9,77243.55567999999,77559.58864,-9.939769086215938,2.5407666737734984,-162.924,18,STOP,-1.0,0.642532
1777138320000,1777137720000,Short,NewYork,77232.5,77441.60375999998,76814.29248000003,-6.961965422475343,2.106483251987437,97.97399999999999,15,TIMEOUT,0.0,0.514636
1777148880000,1777148520000,Short,NewYork,77372.5,77463.92159999999,77189.65680000003,-3.616808783725518,3.394938692826223,80.67599999999999,19,STOP,-1.0,1.864459
1777153440000,1777153380000,Long,NewYork,77422.4,77305.1064,77656.98719999997,-3.5020479464872496,1.6214303436550515,-32.826,11,TIMEOUT,0.0,0.333423
1777157640000,1777157460000,Long,Asia,77520.1,77426.30936,77707.68128000002,0.26406561171881315,1.529660590365168,-22.464,10,STOP,-1.0,0.531838
1777160340000,1777160040000,Short,Asia,77569.9,77641.46351999999,77426.77296,5.783743536958696,8.135529428776858,162.697,19,TARGET,2.0,0.693597
1777166700000,1777166580000,Short,Asia,77498.0,77581.71575999999,77330.56848000002,0.4416496874435986,1.9600144595168087,19.147000000000006,13,TIMEOUT,0.0,0.261064
1777168800000,1777168680000,Long,Asia,77439.1,77333.28383999999,77650.73232000004,-2.6502506532893144,2.0100200003507496,-36.765,10,STOP,-1.0,0.728259
1777178400000,1777177800000,Long,Asia,77470.0,77317.0968,77775.8064,-5.002180183340424,3.9848480190629436,-65.22800000000001,14,TARGET,2.0,0.796631
1777186440000,1777186200000,Long,Asia,77934.3,77805.7056,78191.4888,3.688326824599433,2.6442257174668238,-34.251000000000005,40,TIMEOUT,0.0,0.359542
1777192800000,1777192500000,Short,London,78072.9,78179.19335999999,77860.31328,9.766861089377704,2.5594403230985012,43.428,10,TIMEOUT,0.0,1.932177
1777196580000,1777196280000,Long,London,77937.0,77837.68,78135.64000000001,3.9363204495167965,2.108548239409669,-39.232,15,TIMEOUT,0.0,0.830456
1777202160000,1777201860000,Short,London,77990.9,78112.43999999999,77747.82,7.315849839742164,1.9964104646096563,22.505000000000003,15,STOP,-1.0,2.228878
1777212840000,1777212360000,Long,LondonNyOverlap,77917.1,77778.2276,78194.84480000002,0.6948425908957726,1.633428724974341,-48.216,21,TIMEOUT,0.0,0.256941
1777215060000,1777215000000,Short,LondonNyOverlap,78073.5,78162.37991999999,77895.74016000002,7.6234818483988915,4.445648448520427,192.336,13,TIMEOUT,0.0,0.592928
1777217340000,1777217040000,Long,LondonNyOverlap,78058.0,77850.17,78473.66,3.5942370258029324,13.114495967187986,-604.284,10,STOP,-1.0,1.578344
1777221360000,1777221180000,Short,LondonNyOverlap,78000.1,78111.83952,77776.62096000003,10.0,4.804976592329326,75.051,39,STOP,-1.0,1.883994
1777224540000,1777224480000,Short,NewYork,77975.4,78071.80751999999,77782.58496000001,10.0,3.5226941871306057,94.443,31,STOP,-1.0,0.666692
1777229880000,1777229700000,Short,NewYork,78225.0,78322.608,78029.78400000001,8.198518600637524,1.7208007138908126,106.35,15,STOP,-1.0,1.754095
1777235820000,1777235640000,Short,NewYork,78249.0,78417.78408,77911.43184,7.279777037175173,6.651841638538399,118.85399999999998,12,TARGET,2.0,2.057208
1777240080000,1777239960000,Long,NewYork,77938.0,77752.74799999999,78308.50400000002,-0.7431217242844481,4.737148509546527,-139.542,10,TARGET,2.0,0.825548
1777246320000,1777246140000,Long,Asia,78342.3,78043.71504,78939.46992000002,0.9111990352226603,4.786988394178667,-88.79099999999997,45,TARGET,2.0,1.382382
1777260840000,1777260600000,Short,Asia,79209.2,79325.70984,78976.18032,9.024075852063728,2.86369048107793,113.94399999999999,17,TARGET,2.0,0.996227
1777262820000,1777262700000,Long,Asia,79053.7,78945.39312000001,79270.31375999998,-0.3109149855208055,2.922965408919634,-74.75699999999999,10,STOP,-1.0,0.572874
1777265520000,1777265460000,Long,Asia,78940.0,78836.97992,79146.04016,-3.054407966464799,2.6853672318537263,-88.65299999999999,10,STOP,-1.0,0.384036
1777267860000,1777267800000,Long,Asia,77799.9,77587.88,78223.93999999997,-3.754465507169175,3.9340300658313887,-168.69299999999998,10,STOP,-1.0,0.856283
1777288320000,1777288140000,Long,London,77734.6,77647.832,77908.13600000003,-10.0,2.123962271831502,-55.979,10,STOP,-1.0,0.716599
1777291860000,1777291320000,Long,London,77831.2,77648.03184,78197.53632,-10.0,3.3139795708971516,-77.15100000000001,29,STOP,-1.0,1.222413
1777297380000,1777297020000,Short,LondonNyOverlap,77746.9,77842.22399999999,77556.25200000001,-10.0,3.7889728427783558,96.31700000000001,13,TARGET,2.0,0.806938
1777309080000,1777309020000,Long,LondonNyOverlap,76561.3,76465.47864,76752.94272,-10.0,2.42767556538487,-150.49200000000002,21,TARGET,2.0,1.534308
1777313520000,1777313340000,Long,NewYork,76706.4,76571.39383999999,76976.41232,-10.0,2.7075897192890332,-179.982,13,STOP,-1.0,1.249786
1777322340000,1777322220000,Short,NewYork,76958.8,77098.6296,76679.14080000001,-10.0,6.439231075154282,226.07599999999996,14,TIMEOUT,0.0,1.104939
1777324680000,1777324320000,Long,NewYork,76887.6,76732.76464,77197.27072000003,-10.0,1.5195809193393786,-26.599999999999998,12,STOP,-1.0,0.892085
1777327560000,1777326960000,Long,Asia,76803.1,76680.90616,77047.48768000002,-10.0,2.2190097841799967,-26.692,17,TARGET,2.0,1.165374
1777332900000,1777332840000,Short,Asia,77162.1,77269.56624,76947.16752000002,-10.0,2.0663239567734246,83.332,10,STOP,-1.0,0.342549
1777336920000,1777336860000,Short,Asia,77384.7,77502.85271999998,77148.39456000003,2.0685266766173873,2.969494158868486,44.93900000000002,25,TARGET,2.0,1.460933
1777340100000,1777340040000,Long,Asia,77184.4,76994.45512,77564.28975999999,-3.6143799714027733,1.5891878801836068,-40.797999999999995,10,STOP,-1.0,1.648458
1777349820000,1777349760000,Short,Asia,76850.5,76941.50399999999,76668.49200000003,-3.462524618011188,3.0093103616518717,51.37700000000001,10,TARGET,2.0,1.291638
1777354140000,1777354080000,Short,Asia,77025.8,77194.10591999999,76689.18816000003,1.5407891422969837,10.771074534163073,-160.058,10,TARGET,2.0,2.961483
1777360860000,1777360440000,Long,Asia,76580.0,76438.8,76862.4,-7.395090288848668,3.774986629313898,-241.13,33,TARGET,2.0,0.526355
1777365120000,1777364880000,Short,London,76850.2,76982.53679999999,76585.52640000002,0.7193379273725437,3.783809787922344,221.693,43,TARGET,2.0,0.723152
1777368420000,1777368360000,Long,London,76720.0,76607.6648,76944.6704,-5.373912076937143,1.6562782507064515,0.3719999999999999,10,STOP,-1.0,0.483881
1777373820000,1777373760000,Long,London,76552.1,76478.768,76698.76400000002,-10.0,1.548907100607643,-60.941,15,STOP,-1.0,0.492428
1777375740000,1777375680000,Long,London,76308.1,76166.0184,76592.26320000002,-10.0,5.497030659853365,-52.34300000000002,10,STOP,-1.0,1.131555
1777380480000,1777380420000,Short,London,76321.5,76448.00951999999,76068.48096000002,-7.8210362075053395,3.120609798226646,67.702,44,TARGET,2.0,1.328364
1777384080000,1777383960000,Short,LondonNyOverlap,76319.9,76449.11039999999,76061.4792,-3.3425744021032586,2.1537410576211236,73.406,13,TARGET,2.0,0.456949
1777394520000,1777394100000,Long,LondonNyOverlap,75895.9,75779.62776,76128.44447999998,-10.0,1.549249663090733,-12.123999999999995,49,TARGET,2.0,0.626013
1777397160000,1777396560000,Long,NewYork,76046.5,75865.35912000001,76408.78175999998,-8.785074677060384,1.694586888066105,-79.083,13,TIMEOUT,0.0,0.542455
1777399560000,1777399380000,Short,NewYork,76189.0,76272.16896,76022.66208000001,-8.924358858653125,1.5269874213385481,11.707999999999998,16,STOP,-1.0,2.566332
1777406280000,1777406220000,Short,NewYork,76321.2,76413.08159999999,76137.43680000001,-1.5722318964777628,4.242493964777488,49.316,11,STOP,-1.0,1.938671
1777420500000,1777420440000,Short,Asia,76298.1,76401.87264,76090.55472000001,-2.625313749842389,4.111963773481705,78.00600000000001,17,STOP,-1.0,1.461223
1777426500000,1777426200000,Long,Asia,76240.9,76077.78903999999,76567.12192,-3.1616419871080566,1.8716882539364603,-8.293999999999997,17,TARGET,2.0,0.730223
1777431840000,1777431540000,Short,Asia,76480.6,76555.49544,76330.80912000002,2.9139023490959586,1.6777872739687214,39.467999999999996,18,STOP,-1.0,1.59328
1777445100000,1777445040000,Long,Asia,76995.0,76907.32487999999,77170.35024000003,1.8210286608393118,2.402011924917069,-168.623,15,STOP,-1.0,1.353687
1777449960000,1777449900000,Long,London,76954.7,76875.75016,77112.59968,1.063801182427879,2.4055164864818916,-69.525,16,TARGET,2.0,1.048678
1777459020000,1777458420000,Short,London,77670.0,77897.06783999999,77215.86432000002,10.0,2.543797639472346,348.3829999999999,37,TARGET,2.0,1.655662
1777462440000,1777462380000,Short,London,77539.2,77622.048,77373.504,10.0,1.97143451452795,98.376,16,STOP,-1.0,1.441235
1777473720000,1777473300000,Short,LondonNyOverlap,76610.5,76877.75304,76075.99392000001,-6.445517902736563,2.3394328399089384,187.082,17,TARGET,2.0,1.267008
1777478280000,1777477860000,Long,LondonNyOverlap,75874.3,75703.78847999999,76215.32304000003,-10.0,3.4552543925675434,-329.35,11,STOP,-1.0,0.666166
1777483800000,1777483620000,Long,NewYork,75865.9,75722.67336,76152.35327999998,-10.0,2.0216828353940075,-100.69,16,TARGET,2.0,1.235003
1777491480000,1777491060000,Long,NewYork,75412.6,75219.776,75798.24800000002,-10.0,2.8898651191650813,-223.952,20,TARGET,2.0,0.730117
1777500300000,1777500000000,Long,Asia,75933.0,75740.65896,76317.68208,-10.0,3.8793772878137145,-26.99600000000001,24,STOP,-1.0,0.45053
1777506360000,1777506240000,Short,Asia,75780.6,75893.56631999998,75554.66736000005,-10.0,6.905630406021948,-190.168,13,STOP,-1.0,0.775574
1777512480000,1777512420000,Short,Asia,76300.1,76434.39864,76031.50272000002,6.26110906622589,2.046793409175551,152.56900000000002,30,STOP,-1.0,1.605978
1777515840000,1777515600000,Long,Asia,76216.3,76060.50287999999,76527.89424000004,-0.022818766332922985,2.068133999754295,-76.31700000000001,25,STOP,-1.0,0.910434
1777527000000,1777526820000,Long,Asia,75474.3,75213.2812,75996.33760000001,-8.136482767314309,4.662456282900035,-90.45399999999998,10,TIMEOUT,0.0,1.066218
1777535460000,1777535340000,Short,Asia,76079.0,76191.00408,75854.99184,4.130613906384759,1.5101231549199352,40.57300000000001,10,STOP,-1.0,1.399827
1777540860000,1777540800000,Long,London,76019.7,75912.52136,76234.05728,3.279570256654659,1.9733873631641987,-43.69799999999999,12,TARGET,2.0,1.168714
1777544100000,1777544040000,Long,London,76040.4,75943.1968,76234.80639999997,4.456673546804471,1.9851085973959088,-64.681,32,STOP,-1.0,0.825515
1777547580000,1777547340000,Short,London,76122.5,76242.04488,75883.41024,5.730658837652297,5.4548865848601595,52.928,33,TARGET,2.0,1.545997
1777555920000,1777555560000,Long,LondonNyOverlap,76214.5,76095.47488,76452.55024000001,6.315801375582764,2.065092975233244,-44.10000000000001,43,TARGET,2.0,1.087793
1777560000000,1777559460000,Short,LondonNyOverlap,76229.7,76580.81568,75527.46863999999,4.630065065452013,1.93556741482716,141.44600000000003,10,STOP,-1.0,1.109582
1777563180000,1777562940000,Short,LondonNyOverlap,76440.0,76529.27448,76261.45104000001,10.0,3.1901317764712323,151.15100000000004,12,TARGET,2.0,0.739247
1777570320000,1777570200000,Short,NewYork,76126.0,76280.67575999998,75816.64848000003,3.3474659340843558,2.363626829804308,56.765,12,STOP,-1.0,1.062159
1777573500000,1777572960000,Short,NewYork,76283.1,76488.64199999999,75872.01600000003,6.812230008706754,3.8248603523266245,20.570999999999998,23,STOP,-1.0,1.344084
1777580220000,1777580160000,Long,NewYork,76353.5,76228.968,76602.56400000001,6.56019763793858,2.112644569833351,-25.935000000000002,12,STOP,-1.0,1.276376
1777582680000,1777582080000,Short,NewYork,76451.5,76576.91256,76200.67488,10.0,1.5579900787486962,70.63699999999999,10,TARGET,2.0,2.298438
1777590300000,1777589760000,Long,Asia,76267.8,76155.0272,76493.34560000002,3.9046166602182972,1.9047050881954495,-15.040999999999997,11,TARGET,2.0,0.689765
1777598580000,1777598100000,Short,Asia,76540.4,76647.26879999999,76326.6624,1.9432661826358888,2.6313026045727197,52.884,11,STOP,-1.0,1.057246
1777611360000,1777611240000,Long,Asia,77014.0,76944.69496000001,77152.61007999998,4.23137603195226,1.7375992013406953,-101.002,10,TARGET,2.0,0.833758
1777618320000,1777618200000,Long,Asia,76919.9,76772.23303999999,77215.23392,-0.8214458888044985,8.250075611665697,-129.077,18,TARGET,2.0,0.436913
1777620720000,1777620660000,Long,Asia,76981.9,76860.86207999999,77223.97584,-0.19715601116626763,2.3273501959177625,-14.908999999999992,12,TARGET,2.0,0.540204
1777630560000,1777630200000,Long,London,77199.9,77060.60216,77478.49567999999,3.7834928410966326,3.182036618186562,-75.92399999999999,19,TARGET,2.0,1.001243
1777633380000,1777633200000,Short,London,77263.6,77364.8424,77061.11520000003,10.0,1.831200959085866,17.418999999999997,23,STOP,-1.0,1.673017
1777642440000,1777642380000,Short,LondonNyOverlap,78394.5,78509.45735999999,78164.58528000003,10.0,2.098981587434232,111.85800000000006,22,TARGET,2.0,0.591913
1777644840000,1777644780000,Short,LondonNyOverlap,78623.8,78923.08799999999,78025.22400000003,10.0,2.2618715274846273,312.14199999999994,16,TARGET,2.0,1.04082
1777649040000,1777648980000,Short,LondonNyOverlap,78419.1,78640.8624,77975.57520000002,7.618002985916305,4.427032357206072,433.76,11,STOP,-1.0,1.224182
1777653060000,1777652580000,Long,LondonNyOverlap,78244.7,78171.31288,78391.47424,4.2054038091522745,1.861604011992294,-35.69,11,STOP,-1.0,0.317071
1777677600000,1777677480000,Long,Asia,78060.2,77983.5632,78213.47359999998,10.0,2.2339788109050303,-64.05000000000001,26,TARGET,2.0,0.999205
1777683180000,1777682700000,Short,Asia,78300.0,78386.45904,78127.08192,2.536710468441183,1.531511393541625,22.794000000000004,18,STOP,-1.0,2.026604
1777685700000,1777685580000,Short,Asia,78318.0,78476.13071999999,78001.73856000003,3.7903317206600735,8.214756099545891,90.34200000000001,19,STOP,-1.0,1.534193
1777690380000,1777690320000,Short,Asia,78388.8,78542.784,78080.83200000001,3.0624631443224124,12.240025170131444,167.399,11,TARGET,2.0,0.907128
1777698960000,1777698720000,Long,Asia,78055.0,77937.69992,78289.60016,-6.887748431289739,5.214478980880649,-102.62999999999997,41,TARGET,2.0,2.30484
1777714440000,1777714200000,Long,London,78272.4,78105.86528,78605.46943999999,-1.2366999378494767,9.400143959023092,-103.87699999999998,41,TIMEOUT,0.0,1.068715
1777718640000,1777718580000,Long,London,78210.9,78112.45999999999,78407.78,-3.975532645239278,3.3435954286378826,-14.187000000000005,28,STOP,-1.0,0.547377
1777722240000,1777721940000,Long,London,78134.9,78045.51359999999,78313.6728,-4.42069030001955,1.8148492987949305,-5.241,10,TARGET,2.0,1.067182
1777733520000,1777733460000,Short,LondonNyOverlap,78410.0,78497.14751999998,78235.70496000003,8.037319957590261,1.776885903541844,27.882999999999996,21,STOP,-1.0,1.293026
1777737600000,1777737360000,Short,LondonNyOverlap,78420.7,78512.76,78236.58,8.225285322641064,2.8297020328958338,36.495000000000005,10,STOP,-1.0,2.37383
1777743660000,1777743060000,Short,NewYork,78414.3,78499.54944,78243.80112,10.0,1.6246790828381712,20.308,34,TIMEOUT,0.0,1.380986
1777747140000,1777746720000,Short,NewYork,78381.4,78480.234,78183.73199999999,4.426730583549898,1.8140814309151791,20.198,10,STOP,-1.0,2.668714
1777766040000,1777765860000,Long,Asia,78651.6,78525.42936,78903.94128000003,3.656398457928869,1.533450577485759,-33.313,13,STOP,-1.0,0.826474
1777771620000,1777771320000,Long,Asia,78241.9,78107.06432,78511.57135999997,-5.046938061476478,2.460177962792248,-54.869,11,STOP,-1.0,0.733999
1777779360000,1777779300000,Short,Asia,78140.1,78241.94351999999,77936.41296000005,-4.24007092928303,2.4724143755064314,50.54900000000001,11,TIMEOUT,0.0,1.840838
1777789920000,1777789320000,Long,Asia,78120.1,78025.82936,78308.64128000001,-9.662905381706134,2.9816022051102555,-15.472000000000001,16,TARGET,2.0,1.508972
1777792380000,1777791900000,Short,Asia,78304.0,78444.90576,78022.18848000001,1.3209262199705347,3.3180975662942367,92.62099999999998,10,STOP,-1.0,1.280452
1777799040000,1777798860000,Long,London,78350.9,78262.04024,78528.61951999998,2.6691974557229616,2.639260383986271,7.302,26,TARGET,2.0,0.272039
1777801320000,1777801140000,Short,London,78485.5,78641.86319999999,78172.77360000001,6.44286338794639,10.824104426401428,168.296,14,TIMEOUT,0.0,1.337867
1777805640000,1777805160000,Long,London,78386.6,78299.61016,78560.57968000002,4.247767041747637,2.543316411402837,-21.897000000000002,43,TARGET,2.0,0.990578
1777809000000,1777808820000,Short,London,78713.8,78877.35144,78386.69712000001,5.19782376927081,9.05636338310723,151.00900000000001,12,TIMEOUT,0.0,2.452521
1777812300000,1777812240000,Short,London,78730.1,78822.20735999999,78545.88528000005,10.0,1.8120930695267816,102.927,19,TARGET,2.0,2.048237
1777820340000,1777819980000,Short,LondonNyOverlap,78700.6,78801.4908,78498.81840000002,10.0,1.5355668020546993,9.881,10,TIMEOUT,0.0,0.475994
1777822980000,1777822620000,Long,LondonNyOverlap,78670.9,78558.6028,78895.4944,10.0,3.5463830328502883,-46.61200000000001,10,STOP,-1.0,0.935607
1777826220000,1777826100000,Short,LondonNyOverlap,78690.2,78812.4996,78445.6008,6.89955956823528,4.246762400647032,50.44200000000001,10,TIMEOUT,0.0,3.97987
1777829220000,1777829100000,Short,NewYork,78727.6,78825.91031999998,78530.97936000006,7.160558272318626,2.1966591274586857,31.614999999999995,11,TIMEOUT,0.0,1.625141
1777832340000,1777832100000,Long,NewYork,78666.2,78525.32944,78947.94111999999,6.481912475126286,3.711134683364722,-51.255,12,TIMEOUT,0.0,0.468077
1777835520000,1777835220000,Short,NewYork,78661.5,78787.98,78408.54000000001,10.0,1.5257381541503763,17.735,13,STOP,-1.0,1.310743
1777839060000,1777838640000,Long,NewYork,78745.3,78630.44527999999,78975.00944000004,10.0,1.814921146393743,-17.857000000000003,31,TARGET,2.0,0.535662
1777844280000,1777844220000,Long,NewYork,78840.9,78709.18224,79104.33552,7.727942403529592,2.225839032167183,-66.69,35,STOP,-1.0,0.795694
1777852020000,1777851900000,Long,Asia,78553.6,78377.24799999999,78906.30400000003,-3.3959678608303623,5.076138833860289,-137.683,20,STOP,-1.0,0.726291
1777854480000,1777854060000,Long,Asia,78406.3,78172.81168,78873.27664000001,-2.760187815502776,3.935444559653323,-139.002,13,TARGET,2.0,0.475811
1777868160000,1777868100000,Short,Asia,80362.8,80532.17424,80024.05152000002,10.0,2.3486122876356537,173.82600000000002,16,STOP,-1.0,1.079866
1777872420000,1777872360000,Long,Asia,79986.2,79879.14552,80200.30895999998,2.5994342288317633,5.656769743223696,234.06600000000014,15,STOP,-1.0,3.57064
1777886820000,1777886760000,Short,London,79734.9,79858.63584,79487.42831999998,0.8692356953439423,3.3747143032560802,90.12200000000001,28,STOP,-1.0,1.136574
1777900200000,1777899600000,Long,LondonNyOverlap,78837.8,78490.55728,79532.28544000002,-10.0,12.984854027771492,-174.33000000000004,43,STOP,-1.0,0.411491
1777917540000,1777916940000,Short,NewYork,80339.8,80474.42808,80070.54384000001,10.0,2.190278400329365,115.596,16,TARGET,2.0,1.181005
1777921200000,1777920720000,Long,NewYork,80068.7,79972.67064,80260.75872,8.783085371767296,2.085859282813093,29.440999999999974,12,STOP,-1.0,0.865218
1777926240000,1777925940000,Long,NewYork,79940.7,79841.77544,80138.54912,6.322504708594841,1.614760304538427,-59.4,13,TARGET,2.0,2.481075
1777932960000,1777932900000,Short,Asia,80316.9,80422.58664,80105.52672,10.0,1.501385894672005,44.11699999999999,34,TARGET,2.0,1.097973
1777935480000,1777935240000,Long,Asia,80064.0,79961.9792,80268.0416,10.0,1.7912240870290737,-20.476999999999997,13,STOP,-1.0,3.204915
1777943640000,1777943340000,Short,Asia,80152.4,80238.53951999999,79980.12096,5.745591760783554,1.553476033623281,20.973,15,STOP,-1.0,0.668995
1777945680000,1777945620000,Short,Asia,80286.7,80382.55464,80094.99071999999,6.674874635602145,1.8067169437727482,38.56899999999999,12,STOP,-1.0,1.246011
1777952340000,1777952220000,Short,Asia,80817.7,80934.19559999999,80584.70880000001,9.787444031120287,1.8785452262749804,128.28900000000004,20,STOP,-1.0,0.850343
1777959900000,1777959540000,Short,Asia,80933.0,81343.22256,80112.55488000001,5.436385734131774,8.314799759095804,941.538,14,TIMEOUT,0.0,0.805248
1777965480000,1777965180000,Short,Asia,80935.4,81053.69111999999,80698.81776,8.632063099118971,1.9373010482429645,38.929,23,STOP,-1.0,1.528707
1777971000000,1777970400000,Long,London,80764.8,80646.9308,81000.5384,-1.0558808421282666,1.8474394272718766,-85.239,10,STOP,-1.0,0.496548
1777974060000,1777974000000,Long,London,80553.8,80450.588,80760.224,-6.333206181780753,1.6919794096371572,-95.735,18,TARGET,2.0,0.425233
1777977420000,1777977240000,Short,London,80724.9,80853.63119999999,80467.4376,1.3715972157852645,4.890775126701833,98.64999999999998,11,STOP,-1.0,1.116902
1777981140000,1777981080000,Short,London,80972.2,81124.44768,80667.70464,4.065084909570846,3.261097244593417,280.43100000000004,12,STOP,-1.0,1.629324
1777987200000,1777987080000,Long,LondonNyOverlap,81623.2,81352.06624,82165.46751999999,5.510694355832092,1.5308872714433912,-224.85299999999998,10,STOP,-1.0,1.327683
1777996020000,1777995960000,Short,LondonNyOverlap,81593.8,81696.00455999999,81389.39088000004,10.0,2.7098461722474463,303.89799999999997,34,TARGET,2.0,0.868681
1778005080000,1778004780000,Short,NewYork,81449.9,81642.66191999998,81064.37616000001,5.73568918184914,6.475022544670588,226.115,11,STOP,-1.0,3.246155
1778008380000,1778008320000,Long,NewYork,81400.6,81282.42199999999,81636.95600000003,10.0,2.1209950234259294,-32.759,33,TARGET,2.0,0.956393
1778011500000,1778011380000,Short,NewYork,81631.5,81766.96128,81360.57744,10.0,10.715404754749262,511.08000000000004,23,TARGET,2.0,0.804343
1778020140000,1778020020000,Short,Asia,81389.9,81550.88855999999,81067.92288,8.075324002988177,2.7016719470196127,84.43799999999999,19,TARGET,2.0,1.103471
1778028840000,1778028240000,Long,Asia,80986.4,80785.61976,81387.96047999998,-4.063548232256921,1.8365286646786818,-112.773,23,TARGET,2.0,0.758608
1778047800000,1778047200000,Short,Asia,81206.0,81380.25215999999,80857.49568000002,1.2328742160994015,1.8742326809149608,34.512,10,STOP,-1.0,2.361421
1778051040000,1778050980000,Short,Asia,81412.7,81563.39855999999,81111.30288000002,10.0,3.325887753235469,98.48500000000001,10,STOP,-1.0,0.809658
1778058060000,1778057520000,Short,London,81780.7,81918.9828,81504.1344,7.772293141989195,5.30688777095691,381.602,17,STOP,-1.0,0.666608
1778062860000,1778062680000,Short,London,82068.1,82165.57991999999,81873.14016000004,10.0,2.1576877253944384,399.76599999999996,24,STOP,-1.0,3.444299
1778064960000,1778064840000,Short,London,82234.2,82426.78871999998,81849.02256000003,10.0,4.377874066428421,560.896,12,STOP,-1.0,0.516236
1778069700000,1778069640000,Long,London,82269.2,82084.28,82639.04,3.4688831182377857,3.1424090580765203,-288.92400000000004,16,STOP,-1.0,0.899875
1778072160000,1778072100000,Long,London,82239.8,82054.304,82610.792,6.980683340462175,2.781564882267893,-93.957,19,STOP,-1.0,0.915989
1778083980000,1778083740000,Short,LondonNyOverlap,81727.6,81867.84191999999,81447.11616000003,0.15572162152485228,2.9777462649634203,132.86199999999997,14,TARGET,2.0,0.492489
1778086860000,1778086260000,Short,NewYork,81502.9,81828.31031999999,80852.07936,-0.8482201131005749,3.3832265429834116,174.70800000000003,17,TIMEOUT,0.0,0.607502
1778091180000,1778091120000,Long,NewYork,81369.0,81148.22944,81810.54112000001,-10.0,7.092642524207356,-66.80100000000004,22,STOP,-1.0,1.182215
1778094540000,1778094480000,Long,NewYork,81290.7,81147.82976000001,81576.44047999998,-10.0,1.5385177085441688,-25.313000000000002,34,STOP,-1.0,2.019166
1778097120000,1778097060000,Short,NewYork,81417.3,81524.76768,81202.36464,-4.601613129859133,3.5056899713051073,101.494,17,STOP,-1.0,0.676007
1778103840000,1778103780000,Short,NewYork,81525.6,81643.56263999999,81289.67472000004,-2.8804705069856733,1.9522746962846582,18.179999999999993,12,TARGET,2.0,1.340283
1778107860000,1778107620000,Long,Asia,81274.8,81146.43087999999,81531.53824000004,-10.0,1.546698107872742,-42.16,10,STOP,-1.0,0.962502
1778112060000,1778112000000,Short,Asia,81401.0,81472.42584,81258.14832000001,0.41844554849782983,1.709081674555318,12.158000000000001,13,TARGET,2.0,1.508459
1778116020000,1778115960000,Long,Asia,80993.0,80756.8428,81465.3144,-4.574992659307935,6.515668155204852,-421.129,27,TIMEOUT,0.0,1.082185
1778121180000,1778121120000,Short,Asia,80942.7,81068.40288,80691.29424,-1.1718813106474948,6.0971480576061,247.60099999999994,18,STOP,-1.0,1.034807
1778124240000,1778124120000,Long,Asia,80868.0,80777.62616,81048.74768,-3.645685770064904,2.121146619153345,-16.378,10,STOP,-1.0,0.820956
1778126400000,1778126340000,Long,Asia,80811.2,80715.376,81002.84799999998,-4.158503407115457,2.7898346332980566,-52.012,10,STOP,-1.0,1.244548
1778131260000,1778130720000,Short,Asia,81051.9,81140.8608,80873.97839999999,1.8227317770771523,1.74662482724765,44.759000000000015,20,TARGET,2.0,0.475386
1778138340000,1778138040000,Short,Asia,81561.2,81693.30239999999,81296.99520000002,7.7187563854517665,2.4588069654029496,101.048,10,TARGET,2.0,1.354403
1778140920000,1778140800000,Long,London,81505.1,81331.68256,81851.93488000002,6.438322283270486,1.9197946162279909,-97.31900000000002,15,STOP,-1.0,1.595064
1778149860000,1778149680000,Long,London,80689.4,80457.38256,81153.43487999999,-6.398208423374039,7.388045056980387,-316.63700000000006,10,TIMEOUT,0.0,0.618772
1778154900000,1778154600000,Long,London,80872.0,80692.69416,81230.61168,-6.424877981770761,2.569782030234231,-37.18100000000001,54,STOP,-1.0,0.770031
1778158800000,1778158440000,Short,LondonNyOverlap,81046.0,81191.9016,80754.1968,1.615935102437941,1.6716701859211867,32.74900000000001,17,TARGET,2.0,0.878892
1778163360000,1778163060000,Short,LondonNyOverlap,80522.1,80673.18695999999,80219.92608000003,-7.308758142612408,2.018440427568666,202.71800000000002,14,TARGET,2.0,1.300496
1778174460000,1778174280000,Long,NewYork,79729.4,79620.85232,79946.49535999997,-10.0,2.4234290778769783,-35.849999999999994,44,STOP,-1.0,0.950057
1778180100000,1778179800000,Long,NewYork,80181.8,79894.73303999999,80755.93392000002,-10.0,1.7666899429382519,-75.37,10,STOP,-1.0,0.714414
1778183700000,1778183520000,Long,NewYork,80050.0,79891.73543999999,80366.52912000002,-10.0,4.113526026926175,-94.309,10,STOP,-1.0,0.51429
1778197920000,1778197800000,Short,Asia,79987.5,80090.42111999998,79781.65776000003,-10.0,2.26701480287528,36.542,10,STOP,-1.0,2.814062
1778202000000,1778201760000,Long,Asia,79844.8,79607.2632,80319.8736,-3.5967411242201006,2.4126708654899636,-80.82199999999999,13,STOP,-1.0,0.497668
1778206920000,1778206620000,Long,Asia,79464.1,79224.5696,79943.16080000001,-4.826462408313154,17.800069265355404,-524.102,13,STOP,-1.0,1.273752
1778214420000,1778214360000,Long,Asia,79649.9,79562.09936000001,79825.50127999997,1.3586265617434956,1.7923300247928569,-11.756999999999998,11,STOP,-1.0,1.572469
1778218260000,1778218200000,Short,Asia,79608.7,79729.83288,79366.43423999999,3.039988667636201,2.712122268620727,60.465,42,STOP,-1.0,0.823664
1778222160000,1778222100000,Long,Asia,79407.8,79306.504,79610.392,-3.1334631728846998,4.223492676132425,-77.446,40,STOP,-1.0,0.801216
1778224140000,1778224020000,Long,Asia,79358.6,79188.09879999999,79699.60240000003,-4.613063307934805,7.472037355860304,-37.972999999999956,10,TARGET,2.0,0.676674
1778229600000,1778229540000,Short,London,79789.5,79909.57655999999,79549.34688000003,7.019841523824716,3.841006930564185,93.60000000000002,10,STOP,-1.0,1.02052
1778234820000,1778234640000,Short,London,79900.0,80061.79823999999,79576.40352000002,5.498172861258203,2.749674222135645,107.368,10,STOP,-1.0,0.907687
1778242440000,1778242200000,Long,London,80226.8,80026.62744,80627.14512000002,10.0,1.5725028175866678,-27.039999999999992,16,STOP,-1.0,0.529086
1778244960000,1778244540000,Long,London,80099.9,79980.96399999999,80337.772,6.617325322028809,3.094119195817427,-110.57900000000001,12,STOP,-1.0,0.91624
1778254320000,1778253780000,Long,LondonNyOverlap,79762.6,79643.13448,80001.53104000003,-1.150800920256905,4.004429277154137,-390.455,14,TARGET,2.0,0.949268
1778260020000,1778259960000,Short,NewYork,79867.1,79982.13455999999,79637.03088000003,2.2574204418555124,1.7003369237419572,57.672,10,STOP,-1.0,1.237264
1778272320000,1778272260000,Long,NewYork,80184.6,80048.50992,80456.78016000002,7.758718577544283,1.786528356343001,-16.424999999999997,15,STOP,-1.0,1.280927
1778278560000,1778278500000,Short,Asia,80340.0,80440.3008,80139.3984,9.458322944156283,1.9489695084000567,37.518,10,TARGET,2.0,2.889482
1778281320000,1778281140000,Long,Asia,80253.7,80162.61856,80435.86287999999,10.0,4.092783148073281,-68.381,14,STOP,-1.0,0.424785
1778283900000,1778283360000,Long,Asia,80135.9,80020.83208,80366.03584,7.0307492359234365,1.885337534232531,-23.006,13,TIMEOUT,0.0,0.737041
1778287380000,1778286780000,Short,Asia,80145.7,80255.25288,79926.59423999999,1.8770122831681277,2.959497159978752,29.447999999999993,20,STOP,-1.0,1.216296
1778291880000,1778291400000,Short,Asia,80280.0,80463.3192,79913.3616,7.691599409941235,2.5549357201407017,54.125,14,STOP,-1.0,1.293704
1778293980000,1778293860000,Short,Asia,80384.1,80512.55855999999,80127.18288000004,7.509332804318381,2.4446788515755355,61.67999999999999,12,STOP,-1.0,1.083379
1778297040000,1778296740000,Short,Asia,80433.7,80524.06775999999,80252.96448000001,4.67035031305995,3.145639566963549,52.08,11,STOP,-1.0,2.84936
1778312640000,1778312580000,Long,Asia,80196.8,80078.48592,80433.42816,-7.583531281490796,4.250503860546508,-116.226,25,TIMEOUT,0.0,1.036561
1778321040000,1778320920000,Long,London,80212.0,80077.58664,80480.82672000001,-9.920329981516142,3.047658735925628,-71.60499999999999,21,TIMEOUT,0.0,0.237339
1778330220000,1778330100000,Long,London,80308.7,80225.66807999999,80474.76384000001,-0.3838919239972535,1.764947533979671,-6.73,11,STOP,-1.0,0.549638
1778334480000,1778334000000,Long,LondonNyOverlap,80325.9,80210.48023999999,80556.73952,-1.9041919146385595,1.8092817052907375,-24.863,17,STOP,-1.0,1.04093
1778339520000,1778339460000,Long,LondonNyOverlap,80204.2,80129.64496,80353.31007999998,-3.719303466749263,2.4934427449602516,-98.012,32,TARGET,2.0,0.306259
1778346720000,1778346660000,Short,NewYork,80721.7,80852.12999999999,80460.84000000001,6.0591744420799225,2.4513164108591563,88.86599999999999,11,STOP,-1.0,1.872676
1778355960000,1778355600000,Short,NewYork,80780.3,80872.74648,80595.40704,8.80609496684028,2.60393183791646,-1.3840000000000003,10,STOP,-1.0,0.145379
1778366040000,1778365800000,Long,Asia,80715.2,80585.57992,80974.44015999998,9.427536110126999,4.965223286825503,-34.480000000000004,30,STOP,-1.0,0.977098
1778371500000,1778371440000,Long,Asia,80618.4,80543.51359999999,80768.1728,-1.9342169969729144,1.5772782603933122,-10.729999999999997,10,STOP,-1.0,0.564043
1778380140000,1778380080000,Short,Asia,80700.0,80793.28296,80513.43408,2.3305790379871043,1.8709240766134123,32.294,10,STOP,-1.0,2.751431
1778382300000,1778382240000,Short,Asia,80764.5,80862.43823999999,80568.62352000002,6.30070376159275,3.011930799338702,7.412999999999997,10,TIMEOUT,0.0,1.688284
1778390940000,1778390580000,Short,Asia,80728.8,80828.6112,80529.17760000001,5.075189535626902,1.6097777948354537,17.473,16,TIMEOUT,0.0,1.274055
1778395020000,1778394540000,Long,Asia,80669.9,80555.10432,80899.49135999999,-2.97641498898291,2.6433598373732696,-26.584,12,TIMEOUT,0.0,0.323957
1778400300000,1778400240000,Long,London,80683.5,80606.4632,80837.5736,-0.3017525545700946,1.5903688820601714,-18.113,10,TARGET,2.0,0.506457
1778402820000,1778402400000,Long,London,80815.9,80717.97392,81011.75215999997,3.3929363638199965,2.7223352465599877,-55.511,11,STOP,-1.0,0.77639
1778407740000,1778407440000,Long,London,80786.5,80628.54552,81102.40896,-0.3513428744793245,5.526891701762886,-74.615,12,TIMEOUT,0.0,0.680586
1778415960000,1778415360000,Short,London,80834.1,80912.97864,80676.34272000002,4.159579399952493,1.5044981137541351,12.919000000000004,11,STOP,-1.0,1.938979
1778419800000,1778419260000,Short,LondonNyOverlap,80902.0,81014.76,80676.48000000001,9.069860185393454,2.9149186662863387,53.36,23,STOP,-1.0,1.909169
1778424600000,1778424420000,Long,LondonNyOverlap,80865.8,80706.88279999999,81183.63440000002,0.7742041042388945,4.702699048862992,-67.503,35,TARGET,2.0,0.385611
1778439780000,1778439720000,Long,NewYork,81167.0,81040.71552,81419.56896,3.6609786939692315,6.226400878552853,-141.01799999999997,10,TARGET,2.0,1.184221
1778445360000,1778445120000,Long,NewYork,81018.4,80872.05056,81311.09887999998,-1.5843870077779627,4.203416989616175,-172.406,17,STOP,-1.0,1.77546
1778464140000,1778463900000,Long,Asia,81529.3,81284.92,82018.06000000001,-3.1220062376721343,2.0359222928432756,-106.10700000000001,17,STOP,-1.0,1.76818
1778466780000,1778466720000,Long,Asia,81124.0,81002.34624,81367.30752,-7.194535067118829,6.000517797793941,-152.671,16,STOP,-1.0,1.291505
1778474160000,1778473920000,Short,Asia,80752.0,80830.91304,80594.17392,-10.0,1.5654264691248176,8.320000000000007,16,STOP,-1.0,0.797866
1778477100000,1778477040000,Short,Asia,80873.9,80964.71999999999,80692.26000000001,-10.0,1.9483137573881248,38.763999999999996,15,STOP,-1.0,2.182536
1778479980000,1778479800000,Short,Asia,80900.1,80988.7392,80722.82160000002,-5.800276111270995,1.647539008548754,22.810000000000002,10,STOP,-1.0,0.85516
1778483340000,1778483100000,Long,Asia,80729.1,80591.07552,81005.14896000002,-10.0,4.793095595867556,15.564000000000021,26,STOP,-1.0,0.561621
1778485920000,1778485860000,Short,Asia,80737.7,80827.21008,80558.67983999998,-10.0,2.2489815039228263,61.378,21,STOP,-1.0,1.756689
1778488620000,1778488080000,Long,London,80757.0,80561.79896,81147.40208,-10.0,1.850134842194826,6.507000000000005,15,TARGET,2.0,1.26087
1778492520000,1778492340000,Long,London,80902.3,80749.14896,81208.60208,-10.0,1.8126873327258453,0.26200000000000045,27,TIMEOUT,0.0,0.561713
1778494800000,1778494740000,Short,London,81060.1,81194.904,80790.49200000003,-0.17766078290731174,5.06238223835352,12.65700000000001,16,STOP,-1.0,0.835777
1778498580000,1778498460000,Short,London,81077.5,81185.99687999999,80860.50624000002,0.5052022563309158,3.095967238852524,34.28999999999999,12,STOP,-1.0,2.08926
1778500980000,1778500740000,Short,London,81117.0,81237.53808,80875.92384,3.1573494832084497,2.3314338346058823,45.397999999999996,13,STOP,-1.0,1.79492
1778522880000,1778522820000,Short,NewYork,82030.0,82143.46224,81803.07552000001,10.0,2.431362936688529,66.57799999999997,26,TARGET,2.0,0.686809
1778526360000,1778526120000,Long,NewYork,81858.9,81626.34663999999,82324.00672,6.9449259178089555,5.538930887090349,-116.673,11,TIMEOUT,0.0,0.562915
1778530320000,1778530260000,Long,NewYork,81881.0,81743.0532,82156.89360000001,10.0,2.454458185624953,-109.896,17,STOP,-1.0,0.960712
1778544120000,1778544000000,Long,Asia,81724.3,81566.39464,82040.11072000001,-0.8240550781943107,4.348269557174329,22.688999999999993,16,STOP,-1.0,0.69848
1778556720000,1778556180000,Long,Asia,81153.8,81060.19992,81341.00016000001,-1.666606882824421,1.6225457283594267,-32.021,30,STOP,-1.0,1.326666
1778558640000,1778558580000,Long,Asia,80999.7,80910.31992000001,81178.46015999997,-4.100584953352706,3.545479228239568,-83.27699999999999,10,TARGET,2.0,0.841947
1778564100000,1778564040000,Long,Asia,81187.1,81075.48767999999,81410.32464000004,0.026587721982412545,6.035939517859947,-205.284,31,STOP,-1.0,3.487448
1778568360000,1778568180000,Long,Asia,81083.4,80989.85624,81270.48752,-1.7758647964178782,1.8946473079823372,-43.08099999999999,11,STOP,-1.0,0.69388
1778576580000,1778576400000,Long,London,80819.8,80700.48792,81058.42416000001,-6.659002061887852,1.5004086486668664,9.274000000000001,12,STOP,-1.0,1.430121
1778584080000,1778583900000,Long,London,80575.4,80467.5744,80791.05119999999,-10.0,3.658087128474412,-142.60899999999998,37,STOP,-1.0,0.952062
1778588880000,1778588820000,Long,London,80784.4,80642.13463999999,81068.93072,-7.718964267856038,1.9142202688811722,-57.57199999999999,10,STOP,-1.0,0.968133
1778598060000,1778598000000,Long,LondonNyOverlap,80430.2,80352.46656,80585.66687999999,-3.7644204475418896,1.995195419687676,-155.862,12,TARGET,2.0,2.315003
1778602860000,1778602560000,Long,LondonNyOverlap,80267.6,80101.76727999999,80599.26544000005,-10.0,1.8630608431021973,-43.32499999999999,15,STOP,-1.0,1.832182
1778608500000,1778608320000,Short,NewYork,80498.3,80584.21583999999,80326.46832000003,-6.568219666081985,1.9696220876624715,14.552000000000021,16,STOP,-1.0,0.427692
1778612220000,1778612160000,Short,NewYork,80664.6,80797.88664,80398.02672000002,0.6520356858626327,2.023008506654548,-5.010000000000019,12,STOP,-1.0,2.36429
1778615640000,1778615580000,Short,NewYork,80771.2,80901.16919999999,80511.26160000001,3.305681780449385,2.0641829387621518,37.131,10,TARGET,2.0,1.225068
1778621280000,1778621220000,Long,NewYork,80612.0,80520.53199999999,80794.93600000002,-3.320691878259513,2.167229676621521,-23.945,52,STOP,-1.0,0.617262
1778627940000,1778627580000,Long,Asia,80585.8,80511.5392,80734.32160000001,-4.53132018054732,1.8691174374325452,-25.563000000000002,14,STOP,-1.0,0.811725
1778630640000,1778630580000,Long,Asia,80436.0,80300.708,80706.584,-1.2465488624197059,3.3206384959055235,-0.31800000000001205,23,TARGET,2.0,1.122952
1778639220000,1778638980000,Short,Asia,81085.6,81214.81991999998,80827.16016000006,6.2443152236146435,1.849323001132394,90.218,10,STOP,-1.0,1.300998
1778644260000,1778644140000,Short,Asia,81190.7,81310.9968,80950.1064,5.775971746645772,6.405743042781378,112.88499999999999,10,TIMEOUT,0.0,1.444926
1778646840000,1778646600000,Short,Asia,81154.0,81280.77264,80900.45472000001,8.275345697081,2.079048789806801,-17.137,18,TIMEOUT,0.0,1.296999
1778649420000,1778649360000,Long,Asia,81098.8,81025.62759999999,81245.14480000002,3.2918587506645736,2.0838130824878887,-0.5120000000000005,10,STOP,-1.0,0.694859
1778651880000,1778651820000,Long,Asia,80977.0,80895.232,81140.536,-1.29271590940041,1.5026787450599715,-24.244999999999997,15,STOP,-1.0,0.698924
1778657940000,1778657880000,Short,Asia,80873.2,80978.7312,80662.1376,-4.226041996393687,1.973560955685317,27.051999999999992,13,STOP,-1.0,1.532096
1778661600000,1778661000000,Long,London,81089.4,80891.73479999999,81484.7304,-0.5001556380627284,1.551182679640754,1.3100000000000023,11,STOP,-1.0,1.019381
1778680860000,1778680800000,Long,LondonNyOverlap,79560.3,79436.49992,79807.90016,-10.0,4.149816263184708,-276.466,14,TARGET,2.0,1.387962
1778705040000,1778704980000,Short,NewYork,79688.3,79775.7696,79513.36080000001,-10.0,3.127435734151385,75.00200000000001,22,TARGET,2.0,0.974298
1778710200000,1778709900000,Long,Asia,79349.8,79146.23232000001,79756.93535999999,-10.0,6.373793348519667,-86.94099999999997,57,TIMEOUT,0.0,1.269398
1778717940000,1778717700000,Short,Asia,79471.6,79624.74888,79165.30224000002,1.5274252159368091,3.628900532766787,63.55000000000001,10,STOP,-1.0,1.472217
1778722980000,1778722620000,Long,Asia,79439.3,79306.60392000001,79704.69215999999,-1.8835221986250894,2.8516129767928944,-47.765,12,STOP,-1.0,0.927533
1778725260000,1778724960000,Long,Asia,79603.0,79468.77407999999,79871.45184000002,0.2198908789027501,2.899784054100131,-128.03,12,STOP,-1.0,0.525688
1778728320000,1778728080000,Long,Asia,79234.0,79034.42184,79633.15632000001,-4.711040261149447,5.15193640908712,-91.632,14,STOP,-1.0,1.279757
1778730720000,1778730660000,Long,Asia,79038.1,78917.11576,79280.06848000002,-3.3956467127451333,3.109237785415623,-197.935,10,STOP,-1.0,0.709336
1778736420000,1778736120000,Short,Asia,79496.8,79623.94824,79242.50352000001,4.5976386500915245,4.496506453129613,111.33299999999997,10,STOP,-1.0,0.963182
1778753220000,1778752800000,Short,London,79555.8,79743.64391999999,79180.11216000003,4.271140356652538,3.1452891618808945,85.84899999999999,10,TIMEOUT,0.0,1.552245
1778758140000,1778758080000,Long,London,79319.5,79155.6248,79647.25039999999,-2.982226520234469,11.908796308820987,90.125,12,TARGET,2.0,0.672862
1778760420000,1778760240000,Short,London,79290.4,79412.07888,79047.04223999998,-4.8792910827963665,1.6639175621813938,31.886999999999986,12,STOP,-1.0,1.267292
1778763600000,1778763420000,Short,LondonNyOverlap,79670.6,79792.98335999998,79425.83328000005,3.5979743831884425,1.779094043856713,97.107,10,STOP,-1.0,0.54358
1778766300000,1778765700000,Long,LondonNyOverlap,79870.4,79636.33992,80338.52015999999,1.7682816158053687,1.5668286601042376,-126.05899999999997,10,STOP,-1.0,0.561905
1778785260000,1778784780000,Long,NewYork,81623.3,81320.8912,82228.11760000001,10.0,1.618041150951663,-60.84899999999999,17,STOP,-1.0,1.177217
1778798100000,1778797920000,Short,Asia,81460.4,81546.28487999999,81288.63024,10.0,1.8574007052278037,15.314999999999998,26,TARGET,2.0,1.603688
1778802660000,1778802600000,Long,Asia,81059.8,80943.09367999999,81293.21264000003,4.57881926983382,2.074003204338712,-47.373000000000005,10,TARGET,2.0,0.500706
1778805660000,1778805120000,Short,Asia,81294.1,81584.21519999999,80713.86960000003,5.18353942665742,2.9036180585558196,121.844,20,TARGET,2.0,1.293711
1778810040000,1778809860000,Long,Asia,81228.9,81053.90496,81578.89007999998,-3.0777500365049195,1.6041234296421114,-27.60300000000001,12,STOP,-1.0,0.686261
1778812500000,1778812260000,Long,Asia,80842.0,80743.3536,81039.2928,-10.0,1.7775594409853346,40.775000000000006,16,TARGET,2.0,0.422532
1778820540000,1778820480000,Long,Asia,80853.9,80756.8428,81048.01439999999,-7.0028761747665484,1.6507579466843771,-41.81,16,STOP,-1.0,0.868387
1778829360000,1778829300000,Short,Asia,80725.4,80841.22128,80493.75743999999,-1.2185926120753672,1.7674970837264126,51.59299999999999,10,STOP,-1.0,1.581073
1778833920000,1778833800000,Long,London,80483.1,80304.60488,80840.09024000002,-6.643915786814379,4.071532391062773,-142.07900000000004,22,TIMEOUT,0.0,0.656973
1778837880000,1778837580000,Short,London,80474.9,80663.37911999998,80097.94176000002,-4.923837218863277,1.705141028366738,-19.016,22,STOP,-1.0,0.952126
1778846940000,1778846460000,Long,London,80554.4,80470.572,80722.05599999998,-6.6246558028361,3.3481857641889263,-68.771,60,STOP,-1.0,0.607521
1778858520000,1778858460000,Short,LondonNyOverlap,79254.4,79398.86832,78965.46336,-8.926456525119095,1.9404775027843564,165.063,11,TIMEOUT,0.0,1.204233
1778866140000,1778866080000,Short,NewYork,79338.7,79478.73215999999,79058.63568000002,-10.0,5.186202651106119,193.53700000000003,11,STOP,-1.0,1.24178
1778875260000,1778875200000,Short,NewYork,79144.5,79232.93568,78967.62864000001,-10.0,2.8859110265543073,36.584,38,TARGET,2.0,0.72315
1778877960000,1778877840000,Long,NewYork,79064.4,78973.7704,79245.6592,-10.0,2.4627495690218693,-28.144,22,STOP,-1.0,0.752564
1778881800000,1778881740000,Long,NewYork,79043.0,78939.39792,79250.20416,-10.0,1.6626355721643438,-21.937,27,STOP,-1.0,1.1828
1778887080000,1778887020000,Short,Asia,79083.3,79198.60824,78852.68352,-10.0,8.017350866816862,75.14099999999999,22,STOP,-1.0,0.82526
1778889840000,1778889600000,Long,Asia,79099.9,78983.2628,79333.17439999999,-0.8102833958102972,3.1479299436470867,-48.97500000000001,17,STOP,-1.0,0.562261
1778893140000,1778893080000,Long,Asia,79075.6,78968.47464,79289.85072000002,-1.8020794767290427,1.8646593572544685,-17.433,11,TIMEOUT,0.0,0.57957
1778897400000,1778897040000,Short,Asia,79144.0,79226.63064,78978.73872,1.7343203009649812,4.720504076542572,156.25599999999997,14,TIMEOUT,0.0,1.373074
1778900880000,1778900520000,Short,Asia,79108.9,79207.91568,78910.86863999997,1.3829759349424626,1.979767476974181,28.978,11,TARGET,2.0,2.404578
1778911140000,1778911080000,Long,Asia,78989.9,78859.8616,79249.97679999997,-7.777660912159438,1.5324446951921091,-25.64,16,STOP,-1.0,1.483588
1778927520000,1778927280000,Long,London,77882.2,77539.71856,78567.16288,-10.0,7.77997966466636,-536.8560000000001,26,TIMEOUT,0.0,0.970562
1778933220000,1778932980000,Short,London,78064.8,78162.48,77869.44000000002,-9.277317547473709,1.9502942243544614,58.29700000000001,11,TARGET,2.0,0.332449
1778937540000,1778937120000,Long,LondonNyOverlap,77957.5,77837.68,78197.14000000001,-10.0,1.6121429309053037,-56.159000000000006,19,STOP,-1.0,1.427273
1778940240000,1778939940000,Short,LondonNyOverlap,77889.6,78050.29031999999,77568.21936000005,-8.165171042486321,1.5548181491765518,38.206999999999994,10,STOP,-1.0,1.967984
1778942820000,1778942580000,Short,LondonNyOverlap,78135.0,78262.15968,77880.68064,-1.7990360828296263,3.9783805298324273,148.16400000000002,10,STOP,-1.0,1.612781
1778947500000,1778947380000,Short,LondonNyOverlap,78241.7,78353.33256,78018.43488,-0.805644709242899,6.864039976098344,207.67899999999997,24,TIMEOUT,0.0,0.802862
1778954460000,1778954340000,Long,NewYork,78200.0,78096.57272000001,78406.85455999998,-4.726963297299655,1.9204940147954783,-24.174999999999997,10,TIMEOUT,0.0,0.578817
1778957340000,1778956980000,Short,NewYork,78202.9,78299.78975999999,78009.12048000001,-2.265311926528555,1.6672105713043253,35.641999999999996,17,STOP,-1.0,0.253352
1778962800000,1778962500000,Short,NewYork,78266.9,78339.6216,78121.45679999999,-1.4879807686938178,1.6935009360791653,6.772000000000002,54,TIMEOUT,0.0,0.844419
1778972700000,1778972640000,Long,Asia,78146.9,78045.91328,78348.87344,-9.879728799461471,4.864106757975511,-10.242999999999995,13,STOP,-1.0,0.19455
1778988000000,1778987700000,Short,Asia,77936.5,78020.3664,77768.7672,1.0639045569066952,1.671869278675187,31.021000000000008,10,STOP,-1.0,1.871434
1778992260000,1778991840000,Short,Asia,78021.7,78167.484,77730.132,6.849816762239466,4.733048633484423,69.78599999999997,43,STOP,-1.0,2.480818
1778997600000,1778997060000,Long,Asia,78105.0,78005.046,78304.908,4.515906828101069,1.7451429697209369,-52.82900000000001,27,STOP,-1.0,2.237248
1779003480000,1779003060000,Short,Asia,78065.0,78201.5112,77791.97760000001,4.389933384031548,2.7079764515525797,40.248999999999995,15,TIMEOUT,0.0,2.344618
1779012300000,1779012240000,Short,London,78243.2,78376.45104,77976.69791999999,4.3883678232728505,7.8642634681712975,165.37099999999998,11,STOP,-1.0,1.228831
1779016140000,1779015660000,Long,London,78405.7,78255.94512,78705.20975999998,10.0,2.198647327922033,-123.84700000000001,28,STOP,-1.0,0.891799
1779021480000,1779021360000,Short,London,78433.3,78578.3124,78143.27520000002,10.0,7.2791428748872065,119.12700000000001,10,TARGET,2.0,0.991867
1779036840000,1779036600000,Long,LondonNyOverlap,78087.5,77948.99088,78364.51824,-3.152165403030297,2.113804705065521,-52.397,11,STOP,-1.0,0.413841
1779042300000,1779042000000,Long,NewYork,78060.0,77912.42016,78355.15968000001,-2.080295804798045,2.0841254700742247,-33.81399999999999,25,TARGET,2.0,0.4012
1779053820000,1779053760000,Short,NewYork,78369.7,78515.76239999999,78077.5752,5.800407175035726,10.252815834540902,224.747,12,TARGET,2.0,0.630511
1779058800000,1779058260000,Long,Asia,77945.4,77777.12848,78281.94303999998,-4.773003326609883,2.3939821802424657,-100.36,41,STOP,-1.0,0.755664
1779072900000,1779072720000,Long,Asia,76735.3,76644.6352,76916.6296,-4.487108138011943,1.8871752948887826,-12.867999999999995,10,TARGET,2.0,1.663711
1779082980000,1779082920000,Long,Asia,76944.9,76788.52,77257.65999999997,-3.2155601465663857,2.3831447309468885,-47.426,59,STOP,-1.0,0.706271
1779099600000,1779099420000,Long,London,76730.5,76633.04448,76925.41104,-3.6778115957035307,6.054139732178112,-79.19900000000001,10,STOP,-1.0,1.169686
1779102600000,1779102540000,Long,London,76699.9,76591.178,76917.34399999998,-5.624681579533013,1.819818534282253,-11.805999999999997,11,TARGET,2.0,0.916859
1779107160000,1779107040000,Short,London,77385.5,77586.61968,76983.26064,10.0,1.9364079381843728,201.474,10,STOP,-1.0,0.973025
1779113700000,1779113580000,Long,LondonNyOverlap,76781.2,76574.29152,77195.01696,-4.187298866198288,1.725183656761635,-166.779,14,STOP,-1.0,0.982536
1779124800000,1779124560000,Short,NewYork,76578.8,76726.53215999999,76283.33568000003,-2.5482421455868627,2.239605639910465,193.63000000000005,14,TARGET,2.0,0.604318
1779128940000,1779128340000,Long,NewYork,76327.0,76222.67304,76535.65392000001,-5.567913485186572,1.9461248075799742,-27.02200000000002,10,STOP,-1.0,0.275657
1779133560000,1779133500000,Short,NewYork,76865.7,76961.51999999999,76674.06000000001,1.3384230177155532,2.900544978510412,327.563,10,STOP,-1.0,2.404893
1779136440000,1779136080000,Short,NewYork,77069.3,77204.7144,76798.47120000001,8.639823488415855,4.614662333512675,394.898,12,TARGET,2.0,1.3232
1779149580000,1779149520000,Short,Asia,77079.8,77186.09951999999,76867.20096000003,2.3550363940484473,3.2638105905736423,2.146000000000015,27,STOP,-1.0,0.993044
1779157920000,1779157440000,Short,Asia,76804.3,77035.27896,76342.34208000002,0.4380068836241533,4.033064231282532,189.38199999999995,10,TIMEOUT,0.0,1.715836
1779169380000,1779169320000,Short,Asia,76921.1,77039.5824,76684.13520000002,0.9149408462633806,3.3330298166487204,79.37800000000001,10,STOP,-1.0,0.765391
1779172080000,1779172020000,Short,Asia,76980.9,77061.59999999999,76819.5,5.962533966960711,1.92084098105891,86.34400000000001,23,STOP,-1.0,0.927944
1779174060000,1779174000000,Long,Asia,76976.3,76878.54792,77171.80416000001,3.8672805474138796,3.379274592411127,44.521000000000015,11,TARGET,2.0,0.352912
1779179280000,1779179100000,Long,London,77026.3,76910.4224,77258.05520000002,1.7432016565072281,1.5579363371590844,-1.5840000000000032,20,TARGET,2.0,0.451399
1779183180000,1779183120000,Long,London,76749.9,76609.76312,77030.17375999998,-2.4199920716032994,3.525255449541441,-94.62699999999998,13,TARGET,2.0,0.632601
1779187080000,1779186660000,Short,London,76780.2,76924.9908,76490.61839999999,-1.5407700168169016,1.6856696890555514,48.137,33,STOP,-1.0,5.45511
1779191280000,1779191040000,Long,London,76709.3,76515.53856,77096.82288,-4.191258365839491,10.711544021430282,-414.12499999999994,12,TIMEOUT,0.0,0.412252
1779195600000,1779195300000,Short,LondonNyOverlap,76886.4,77009.05799999999,76641.084,1.445684222601772,1.501781394612007,-5.484999999999999,10,TARGET,2.0,1.524186
1779199440000,1779199200000,Long,LondonNyOverlap,76967.0,76691.098,77518.804,-1.508641628365209,1.619586600806311,38.498999999999995,12,STOP,-1.0,0.83931
1779207000000,1779206940000,Long,LondonNyOverlap,76432.1,76315.8984,76664.5032,-10.0,6.176026738659205,-451.76300000000003,31,TARGET,2.0,0.968488
1779212280000,1779211800000,Long,NewYork,76926.3,76744.75503999999,77289.38992000003,1.1258148138178985,1.7028498726925274,-67.21800000000002,11,STOP,-1.0,0.311919
1779215460000,1779215400000,Long,NewYork,76768.3,76648.83184,77007.23632000001,-0.7486557594509682,1.798632508068489,-61.864,26,TARGET,2.0,0.777116
1779223680000,1779223620000,Short,NewYork,76937.2,77015.26296,76781.07408,9.46294011168009,1.779490420514261,9.081000000000003,18,TARGET,2.0,0.385795
1779226500000,1779226020000,Long,NewYork,76994.5,76876.54952,77230.40096,8.607881370092768,3.0706696573502934,-37.441,11,STOP,-1.0,2.794221
1779235320000,1779235200000,Long,Asia,76853.5,76712.5808,77135.33840000001,-0.2861314164919038,2.0305795028414577,-26.209,11,STOP,-1.0,1.276651
1779238800000,1779238740000,Short,Asia,76746.7,76822.30871999999,76595.48256000002,3.5353404991590485,1.8171984736321924,-58.010999999999996,27,STOP,-1.0,1.227577
1779246060000,1779245820000,Short,Asia,76597.0,76724.33039999999,76342.33920000002,-0.41504103658928476,1.7708927999922632,75.731,19,STOP,-1.0,1.060172
1779258840000,1779258240000,Short,Asia,77261.5,77389.8624,77004.7752,9.207701113174647,2.3843067181061826,110.84,60,STOP,-1.0,6.649212
1779261240000,1779261120000,Short,Asia,77347.9,77457.61656,77128.46687999999,10.0,4.015315399184448,213.584,17,STOP,-1.0,2.429897
1779265380000,1779265320000,Long,London,77209.9,77127.7484,77374.20319999999,10.0,1.5264365869225938,-47.015,40,TARGET,2.0,0.96129
1779275700000,1779275640000,Long,London,77468.6,77364.15912000001,77677.48176,10.0,1.9780524431096222,-25.800000000000004,16,STOP,-1.0,0.574584
1779277920000,1779277860000,Long,London,77336.4,77224.27112,77560.65775999997,4.318704393593028,2.6698630671668866,-18.802999999999997,15,TARGET,2.0,0.808302
1779279960000,1779279900000,Short,London,77447.8,77535.07848,77273.24304000002,10.0,1.6760880559748002,22.509,12,STOP,-1.0,0.535523
1779286440000,1779286320000,Long,LondonNyOverlap,77081.6,76801.40968,77641.98064000002,-3.351079391587696,3.171495231047711,-331.74300000000005,20,TARGET,2.0,0.427075
1779297360000,1779297180000,Short,NewYork,77325.3,77476.93199999999,77022.03600000004,4.61701054538226,3.6355404582872497,168.50699999999995,32,STOP,-1.0,0.658455
1779306600000,1779306480000,Short,NewYork,77565.6,77692.6044,77311.59120000002,10.0,4.1869734911554755,156.851,25,STOP,-1.0,1.467614
1779308820000,1779308460000,Long,NewYork,77584.3,77409.52279999999,77933.85440000003,5.461984142479195,3.5694896269340637,-99.34700000000001,10,STOP,-1.0,0.741337
1779312120000,1779312000000,Long,NewYork,77599.8,77519.63463999999,77760.13072000003,8.683113457773663,1.512385125512417,-25.579000000000004,28,STOP,-1.0,0.377595
1779315660000,1779315480000,Long,Asia,77269.8,77168.31592000001,77472.76815999999,-0.4605251013595177,2.108546398714236,4.331999999999994,17,TARGET,2.0,1.062103
1779326340000,1779326040000,Short,Asia,77857.6,78173.38871999999,77226.02256000004,5.89268049927913,3.9071659840487944,250.779,24,TIMEOUT,0.0,1.055319
1779332400000,1779332040000,Long,Asia,77939.5,77849.17079999999,78120.15840000001,1.4251086735779788,1.9703274969480762,-72.646,14,TARGET,2.0,0.464852
1779340080000,1779339780000,Short,Asia,77999.4,78118.24463999999,77761.71072,5.371678788100002,1.6868586554241496,43.019999999999996,51,TARGET,2.0,1.296291
1779344700000,1779344460000,Short,Asia,77743.4,77889.36168,77451.47663999998,-2.30579747126445,2.463582727276288,101.023,10,STOP,-1.0,0.532864
1779350460000,1779350400000,Short,London,77852.7,77941.10304,77675.89391999999,0.5437591424942687,1.8464698348014374,46.239999999999995,13,STOP,-1.0,1.282971
1779357600000,1779357540000,Long,London,77623.6,77527.928,77814.94400000002,-10.0,5.108424385460139,-205.87900000000002,13,STOP,-1.0,0.71587
1779364800000,1779364500000,Long,London,77194.5,77087.38072,77408.73856,-10.0,2.1475038601001883,-94.98500000000001,27,STOP,-1.0,0.509588
1779368400000,1779368040000,Short,LondonNyOverlap,77274.0,77364.74231999999,77092.51536000002,-10.0,2.068073733086349,114.92199999999997,18,TARGET,2.0,1.533871
1779377700000,1779377640000,Long,LondonNyOverlap,77117.7,76974.17136000001,77404.75727999998,-9.546249405288567,3.1247234936282204,-155.566,18,STOP,-1.0,0.830329
1779381420000,1779381360000,Long,LondonNyOverlap,77097.6,76962.3808,77368.03840000002,-9.245743566141314,8.229836932393777,-123.38900000000007,11,TARGET,2.0,2.469246
1779397860000,1779397800000,Short,NewYork,77740.7,77836.11911999999,77549.86176000001,4.721774351228996,1.6475496063857722,-19.438999999999997,38,TARGET,2.0,0.797363
1779400860000,1779400800000,Long,Asia,77607.0,77513.33967999999,77794.32064000002,1.4072422463277778,2.4921106310976087,-33.956999999999994,11,STOP,-1.0,0.486601
1779406920000,1779406800000,Short,Asia,77684.6,77762.15999999999,77529.48000000004,3.619954379169954,2.3381746467061157,-5.784999999999997,34,TARGET,2.0,2.204866
1779408960000,1779408900000,Long,Asia,77443.6,77312.50047999999,77705.79904000004,-1.482724373462169,2.6431218654001545,-23.403999999999996,10,STOP,-1.0,0.862235
1779412140000,1779411540000,Long,Asia,77370.2,77271.43336,77567.73328,-3.3645844592940275,1.6958949216452173,-24.398000000000003,22,TARGET,2.0,0.60782
1779415260000,1779415200000,Short,Asia,77625.8,77716.12319999999,77445.15360000003,3.195006836281396,3.694217614788613,92.56900000000002,10,STOP,-1.0,0.735727
1779418140000,1779418080000,Long,Asia,77596.6,77494.9544,77799.89120000001,2.2568932434559574,2.0912512742766034,-35.86200000000001,26,TARGET,2.0,0.502207
1779427800000,1779427380000,Long,Asia,77594.4,77493.05592,77797.08815999998,-1.6750143182255905,2.150295526683153,-25.872,23,STOP,-1.0,1.316009
1779433080000,1779432960000,Long,Asia,77391.4,77262.34064,77649.51872,-5.128604789497367,3.504308996857329,-103.87,16,STOP,-1.0,0.748328
1779436980000,1779436800000,Short,London,77415.0,77480.43479999999,77284.13040000002,-3.1918309985877547,1.6383119679957951,51.86699999999999,10,STOP,-1.0,1.029754
1779440880000,1779440820000,Long,London,77205.9,77111.56136,77394.57727999997,-8.099607385892146,1.555899771374251,-21.904000000000003,30,TIMEOUT,0.0,0.789193
1779451440000,1779451380000,Short,London,77401.3,77480.43479999999,77243.03040000003,-0.8720646411085642,2.292939504601512,14.126999999999995,13,STOP,-1.0,1.745207
1779462300000,1779462000000,Long,LondonNyOverlap,76914.2,76569.39544,77603.80912,-10.0,4.476612451214127,-641.618,36,STOP,-1.0,1.212921
1779470880000,1779470340000,Long,NewYork,76949.9,76739.25944,77371.18112,-9.790826119645113,4.29923115349159,-154.574,37,STOP,-1.0,0.910811
1779483360000,1779483120000,Short,NewYork,75945.7,76087.72151999999,75661.65696000001,-10.0,3.1972499692586624,141.861,54,TARGET,2.0,1.819524
1779487560000,1779487500000,Long,Asia,75887.4,75774.93152,76112.33695999999,-10.0,2.10971574630952,-18.914,10,STOP,-1.0,0.821104
1779489780000,1779489720000,Long,Asia,75677.2,75581.28656000001,75869.02687999998,-10.0,3.2275712499056395,-50.040000000000006,10,STOP,-1.0,0.769897
1779493500000,1779493320000,Short,Asia,75505.5,75837.92184,74840.65632000001,-10.0,1.5270816908923233,42.407,21,TIMEOUT,0.0,1.139867
1779502440000,1779502380000,Short,Asia,75442.4,75582.81791999999,75161.56416000001,4.1284098100459765,4.289293286120858,103.90199999999999,12,STOP,-1.0,3.363959
1779511380000,1779511260000,Long,Asia,75490.3,75424.01247999999,75622.87504000003,1.2371867539110306,2.2472158533629907,-48.22500000000001,11,STOP,-1.0,0.224036
1779515700000,1779515400000,Long,Asia,75448.2,75378.1492,75588.30159999999,-0.30458737731458957,2.0187478115801913,-48.97,27,STOP,-1.0,0.339197
1779521520000,1779521460000,Long,Asia,75180.1,75044.81607999999,75450.66784000004,-5.944646589825607,6.37449222519173,-216.83100000000002,26,STOP,-1.0,0.469952
1779529980000,1779529800000,Short,London,74706.8,74800.19231999999,74520.01536000003,-7.81699189635659,2.158824885465945,89.74599999999998,17,STOP,-1.0,1.114433
1779532800000,1779532440000,Short,London,74722.4,74819.3076,74528.58479999998,-10.0,2.8359984108647542,74.386,16,STOP,-1.0,0.558404
1779538560000,1779538320000,Long,London,74724.1,74634.2448,74903.81040000002,-8.08056139892979,2.4246960733836986,-27.793,18,STOP,-1.0,0.73204
1779541140000,1779541080000,Long,London,74726.0,74624.2528,74929.4944,-10.0,2.3065890194667626,-41.437000000000005,19,TARGET,2.0,0.612933
1779543180000,1779543120000,Long,LondonNyOverlap,74947.8,74846.87456,75149.65088000002,-0.38751323616333755,2.909936215016751,-142.792,12,STOP,-1.0,0.63351
1779550860000,1779550620000,Long,LondonNyOverlap,75487.7,75303.00936,75857.08128,4.290716342107445,1.9946056245724828,-128.803,10,TIMEOUT,0.0,0.771623
1779558660000,1779558360000,Long,NewYork,75433.0,75273.03336,75752.93328,10.0,2.0781857292088137,-49.78099999999999,23,TARGET,2.0,0.494616
1779561240000,1779561180000,Short,NewYork,75846.0,76046.08824,75445.82352,10.0,6.927135679303926,471.9000000000001,15,STOP,-1.0,0.92159
1779575520000,1779575400000,Long,Asia,76559.0,76390.8384,76895.32320000001,10.0,2.8988133933989095,-118.22900000000001,13,STOP,-1.0,0.428757
1779577740000,1779577620000,Short,Asia,76695.7,76826.81231999998,76433.47536000003,10.0,1.5147115361730081,52.33500000000001,10,STOP,-1.0,2.317295
1779583800000,1779583620000,Short,Asia,76787.0,76981.93632,76397.12736000001,2.8038363666746986,14.977428029012048,241.40099999999995,13,TIMEOUT,0.0,0.992453
1779595260000,1779595200000,Short,Asia,76773.7,76859.03808,76603.02384,-0.052641686514255756,2.2230722788665984,51.88600000000001,19,TIMEOUT,0.0,0.334729
1779601500000,1779601440000,Long,Asia,76633.3,76549.7112,76800.4776,-6.832371159532491,1.620702963003864,-22.523,28,TARGET,2.0,0.579757
1779614280000,1779614100000,Short,London,76868.1,76949.01,76706.28000000003,2.4621245822205178,2.2371533943059005,34.92099999999999,14,STOP,-1.0,1.770759
1779629460000,1779629280000,Long,LondonNyOverlap,76983.0,76883.14424,77182.71152000001,-0.40659282755967663,2.470952029408637,-38.093999999999994,15,STOP,-1.0,0.91988
1779639480000,1779639420000,Short,LondonNyOverlap,76610.6,76783.57775999999,76264.64448000005,-1.097056189998357,3.5444530808940424,97.71600000000001,12,TIMEOUT,0.0,1.263849
1779644400000,1779644340000,Short,NewYork,76661.2,76760.55935999998,76462.48128000002,-3.5776842219813503,2.0246368245870534,30.590000000000003,28,STOP,-1.0,1.241097
1779647940000,1779647400000,Long,NewYork,76686.5,76519.63527999999,77020.22944000002,-5.041029603527861,2.799378719050202,-53.355999999999995,26,TIMEOUT,0.0,0.777799
1779650400000,1779650220000,Short,NewYork,76666.2,76753.35359999999,76491.89280000002,-3.8209105981721514,3.1418737159598695,69.714,11,STOP,-1.0,1.121408
1779652800000,1779652500000,Short,NewYork,76646.3,76814.70264,76309.49472,-1.2245267826892647,1.7779921232033322,9.467000000000006,14,TARGET,2.0,1.133686
1779659940000,1779659880000,Long,NewYork,76106.0,75996.654,76324.69200000001,-10.0,2.003237328735015,-142.887,11,TARGET,2.0,2.153398
1779662760000,1779662280000,Long,Asia,76968.4,76592.6768,77719.84639999998,-0.7863172286777408,2.1133771984693945,-207.03900000000002,11,TIMEOUT,0.0,1.099185
1779669060000,1779668640000,Short,Asia,77187.4,77297.28839999999,76967.6232,2.7535015033655923,2.612815414723518,95.13400000000001,44,TARGET,2.0,0.637398
1779671940000,1779671700000,Short,Asia,77160.8,77274.97055999999,76932.45888000003,1.5746052443005067,2.591634367560549,34.77399999999997,23,TARGET,2.0,1.828479
1779674400000,1779674340000,Long,Asia,76948.1,76809.90288,77224.49424000003,-3.17802574185831,5.552316467768969,-15.403999999999996,10,TARGET,2.0,0.433101
1779679980000,1779679920000,Long,Asia,77046.3,76920.61424,77297.67152000002,-5.666371401480447,3.688029623616331,-71.24399999999999,17,TARGET,2.0,0.487002
1779683520000,1779683400000,Short,Asia,77116.3,77224.23,76900.44000000002,0.5164895745378513,2.3963959695505226,27.852000000000004,10,STOP,-1.0,2.320563
1779685740000,1779685680000,Short,Asia,77360.5,77475.93119999999,77129.63760000002,5.301686938227816,1.8865670629653968,23.03099999999999,10,STOP,-1.0,0.744737
1779689460000,1779689220000,Short,Asia,77363.5,77462.72064,77165.05872,10.0,4.330447551781953,86.98299999999998,13,STOP,-1.0,0.55021
1779695460000,1779695160000,Short,Asia,77270.9,77385.75911999999,77041.18176,2.1342412956102215,1.5950829624620866,2.5789999999999935,11,STOP,-1.0,1.086339
1779699660000,1779699600000,Short,London,77403.0,77516.96399999999,77175.07200000001,4.308982286453804,2.1477461384088046,50.929,13,STOP,-1.0,2.364313
1779721980000,1779721800000,Short,LondonNyOverlap,77740.0,77881.2552,77457.4896,10.0,5.105725403960299,322.639,21,TIMEOUT,0.0,1.612658
1779725700000,1779725580000,Long,LondonNyOverlap,77518.6,77418.016,77719.76800000001,4.458246546663827,2.3038355944807996,-65.386,34,TARGET,2.0,1.163896
1779727860000,1779727740000,Short,LondonNyOverlap,77681.0,77810.59872,77421.80256000001,6.3338150757723035,1.7185047072161281,29.108999999999995,11,TIMEOUT,0.0,1.05171
1779740940000,1779740340000,Short,NewYork,77399.6,77533.9776,77130.84480000002,5.215705193814423,1.73668060899097,36.142,37,TIMEOUT,0.0,1.071056
1779745080000,1779745020000,Long,NewYork,77257.8,77184.50296,77404.39408000001,-5.105592211554105,2.576810114235637,-56.883,10,TARGET,2.0,0.90211
1779747540000,1779747120000,Short,Asia,77316.9,77491.94399999999,76966.812,0.41286813198816785,3.783217050705346,71.98499999999999,13,TIMEOUT,0.0,1.623421
1779753720000,1779753660000,Long,Asia,77250.9,77166.7172,77419.26559999998,-1.4611350766983218,5.287263098485215,-23.83699999999999,21,STOP,-1.0,1.899708
1779756840000,1779756720000,Long,Asia,76685.4,76504.7472,77046.70559999999,-2.7013281001522236,5.90543071347857,-264.24,10,STOP,-1.0,0.950438
1779766080000,1779766020000,Long,Asia,76500.0,76373.25248,76753.49504000001,-8.785643702157348,5.4337076917312475,-256.509,50,TARGET,2.0,1.47686
1779771600000,1779771360000,Short,Asia,76697.0,76845.82751999999,76399.34496000002,2.9167451405506886,2.3581342298918666,54.62300000000002,24,STOP,-1.0,0.906006
1779775380000,1779775260000,Long,Asia,76839.9,76751.24983999999,77017.20032,2.979520881498392,3.079288671894133,48.65899999999999,10,STOP,-1.0,1.807834
1779777900000,1779777540000,Short,Asia,76910.3,77016.564,76697.77200000001,4.417411728444711,1.5869646982967063,53.111000000000004,11,TARGET,2.0,1.109229
1779787380000,1779787020000,Short,London,76634.1,76824.71063999999,76252.87872000004,0.4385968950103198,4.699214783481989,93.113,13,STOP,-1.0,1.070538
1779790080000,1779789840000,Long,London,76599.7,76519.7352,76759.6296,-7.489892198067881,1.586537332926431,-21.471000000000004,10,TARGET,2.0,0.575483
1779813540000,1779813360000,Short,LondonNyOverlap,76606.6,76740.04295999999,76339.71408000003,-4.44344677138617,1.598405140237589,77.15100000000001,10,TARGET,2.0,1.782713
1779825540000,1779825120000,Short,NewYork,76028.3,76114.44288,75856.01424,-10.0,1.8692179923918029,48.94800000000001,18,STOP,-1.0,1.040217
1779832980000,1779832440000,Long,Asia,75975.6,75839.37992,76248.04016,-10.0,1.6990103050709113,-18.244000000000003,37,STOP,-1.0,1.205397
1779843660000,1779843300000,Short,Asia,76017.3,76112.14104,75827.61792,2.36476661679122,2.3893569308358686,44.031000000000006,45,TARGET,2.0,1.951172
1779848820000,1779848280000,Long,Asia,75757.1,75629.14824,76013.00352000003,-5.497334325254058,4.549744520411679,-84.06500000000001,24,STOP,-1.0,0.979466
1779862260000,1779861900000,Short,Asia,75692.8,75810.59999999999,75457.20000000003,2.342909169831204,2.0943259253326203,58.043000000000006,47,STOP,-1.0,1.249798
1779869160000,1779868860000,Short,London,75916.3,76018.7664,75711.36720000002,7.877930011221288,2.252398235345407,19.781000000000006,24,STOP,-1.0,1.687684
1779874980000,1779874680000,Short,London,75892.5,76004.45495999999,75668.59008000002,3.92075554485781,2.736933579554258,80.465,11,STOP,-1.0,1.931328
1779880560000,1779880500000,Short,London,75942.1,76048.7904,75728.71920000002,7.70732934678703,1.6625209830051073,6.372,21,TARGET,2.0,0.847133
1779897000000,1779896520000,Long,LondonNyOverlap,75382.1,75196.19488,75753.91024000003,-3.3927723957760816,2.044597596145234,-171.103,13,STOP,-1.0,0.597317
1779899820000,1779899700000,Long,LondonNyOverlap,75021.0,74901.0312,75260.9376,-10.0,3.200461471633404,-199.12099999999998,18,TARGET,2.0,0.994993
1779903780000,1779903720000,Long,NewYork,74899.0,74766.93856,75163.12288000001,-10.0,1.7052087527820963,-41.932000000000016,30,STOP,-1.0,0.722102
1779910200000,1779909840000,Short,NewYork,75025.5,75119.54759999999,74837.40480000002,-10.0,2.6108832335782655,35.644000000000005,22,STOP,-1.0,0.461961
1779919800000,1779919260000,Short,Asia,74403.8,74651.77368,73907.85264000001,-5.859591849595685,2.244147438651493,110.37200000000001,14,TIMEOUT,0.0,0.872177
1779924060000,1779923820000,Short,Asia,74395.1,74605.43664,73974.42672000002,-10.0,2.666875266778048,118.09900000000002,26,TIMEOUT,0.0,0.997575
1779927960000,1779927900000,Long,Asia,74407.9,74278.42967999999,74666.84064000001,-2.6093562967516006,1.5886887195326826,-22.99799999999999,22,STOP,-1.0,0.937142
1779931080000,1779931020000,Long,Asia,74338.0,74040.72,74932.56,-2.7880871638718108,20.890452245980722,-782.185,10,STOP,-1.0,1.242565
1779935760000,1779935700000,Long,Asia,74175.4,74022.63448,74480.93104,-3.897722687879187,5.517508894447508,-64.577,12,STOP,-1.0,0.924021
1779945600000,1779945480000,Long,Asia,72943.3,72834.186,73161.528,-10.0,1.579533389714148,-98.733,15,STOP,-1.0,0.842846
1779951660000,1779951600000,Short,Asia,73172.6,73267.16688,72983.46624000001,-2.1045717079005724,2.3217960865427685,120.23000000000002,12,STOP,-1.0,1.386086
1779963420000,1779963000000,Short,London,73503.7,73648.3716,73214.3568,5.710058190720887,3.056735776271765,86.321,14,TIMEOUT,0.0,1.358019
1779969600000,1779969180000,Short,London,73456.0,73558.79999999999,73250.40000000002,1.1221103552088392,1.739273317075238,12.524000000000001,10,TARGET,2.0,1.117912
1779972660000,1779972480000,Short,London,73470.0,73613.844,73182.312,2.1913718375843576,2.5637531899980632,74.55600000000001,19,TARGET,2.0,0.847651
1779975900000,1779975840000,Long,LondonNyOverlap,72832.5,72681.00864,73135.48272,-5.591218994283532,2.097043231924257,-156.00900000000001,11,STOP,-1.0,0.705512
1779985500000,1779985440000,Short,LondonNyOverlap,73152.7,73338.624,72780.852,-0.3872858215594369,2.2191968658532004,42.64099999999999,11,STOP,-1.0,0.965584
1779988620000,1779988080000,Short,NewYork,73382.1,73535.58144,73075.13712000003,3.1367434919799955,2.1969257494126806,77.46000000000004,17,STOP,-1.0,1.202168
1779994800000,1779994500000,Short,NewYork,73552.0,73768.968,73118.06400000001,10.0,1.566735184376944,1.5480000000000018,35,TIMEOUT,0.0,0.788875
1779998040000,1779997980000,Long,NewYork,73438.8,73277.3312,73761.73760000001,1.8698911194856265,9.970324620736333,-331.212,27,STOP,-1.0,0.984024
1780003740000,1780003440000,Short,NewYork,73669.7,73793.28744,73422.52511999999,8.15053204332412,2.1935070353011605,73.653,12,STOP,-1.0,1.049605
1780005660000,1780005600000,Short,Asia,73793.2,73925.19288,73529.21423999999,10.0,2.3276173554685715,60.911,10,TARGET,2.0,0.900538
1780013460000,1780013400000,Short,Asia,73711.9,73827.21456,73481.27088,1.3524158511240876,8.486362056775832,139.54500000000002,17,STOP,-1.0,0.966915
1780017180000,1780016700000,Short,Asia,73732.1,73875.35304,73445.59392000001,1.5025437253389546,2.8996089026322673,81.013,12,TARGET,2.0,2.512417
1780019640000,1780019340000,Long,Asia,73576.9,73371.7556,73987.18879999997,-7.4906433369294545,1.7055009796956044,-61.068,11,STOP,-1.0,0.819727
1780026060000,1780025760000,Long,Asia,73338.9,73238.3624,73539.97519999999,-9.055671577788642,2.9365109459141268,-62.70400000000001,24,STOP,-1.0,1.094656
1780029060000,1780029000000,Short,Asia,73323.8,73444.80888,73081.78224000002,-2.2283128457321797,2.524187210363237,88.586,28,STOP,-1.0,1.362377
1780031520000,1780031400000,Short,Asia,73581.6,73668.88799999999,73407.02400000003,1.7489101652256749,2.182333131678845,24.596000000000004,10,STOP,-1.0,1.930905
1780045980000,1780045860000,Short,London,73795.4,73871.44991999998,73643.30016000001,4.8648388712051425,1.5250541579809527,50.334999999999994,58,TARGET,2.0,1.19007
1780051320000,1780050900000,Short,London,73597.8,73707.21863999999,73378.96272000003,2.80835170523328,1.6279829222265345,46.288,11,TARGET,2.0,1.207652
1780055940000,1780055340000,Long,London,73447.6,73361.264,73620.27200000003,-4.915230832650182,2.7857192990018658,-64.431,20,STOP,-1.0,0.833493
1780059420000,1780059060000,Short,London,73265.1,73396.97064,73001.35872000002,-7.7700399689377155,2.6441152331410427,113.07599999999996,15,TARGET,2.0,0.357921
1780078680000,1780078620000,Long,NewYork,73896.2,73797.9144,74092.7712,8.664700110077693,4.402951019166414,-172.586,29,STOP,-1.0,1.745067
1780089660000,1780089180000,Short,NewYork,73650.3,73888.26336,73174.37328000001,5.721147657486826,4.502709300349395,126.28,26,TIMEOUT,0.0,2.219178
1780097100000,1780096920000,Long,Asia,73348.7,73224.17376,73597.75247999998,-6.210472712835006,4.410519413859033,-91.689,18,TARGET,2.0,0.903598
1780102440000,1780102320000,Short,Asia,73485.0,73598.13144,73258.73712,1.6443529125168055,5.974527449140712,85.09899999999999,13,STOP,-1.0,1.17696
1780114380000,1780113960000,Long,Asia,73448.8,73359.56536000001,73627.26928,-4.27582362544822,1.503202632726528,-25.745999999999995,10,STOP,-1.0,0.908031
1780127460000,1780127340000,Short,Asia,73492.5,73573.51176,73330.47648000001,0.7515969646908961,2.18542662203031,15.125999999999998,10,TIMEOUT,0.0,0.673941
1780132740000,1780132560000,Short,London,73496.9,73589.82479999999,73311.05040000001,2.3717796006392473,4.330794062275648,75.368,13,STOP,-1.0,2.613247
1780136640000,1780136520000,Long,London,73638.2,73529.92896,73854.74207999998,5.23383914048409,2.1626277145054384,-24.822999999999997,11,STOP,-1.0,1.055857
1780146240000,1780146120000,Short,LondonNyOverlap,73685.7,73759.66055999999,73537.77888000001,9.118039779939865,2.579283985371111,45.155,40,STOP,-1.0,1.716381
1780150440000,1780150200000,Short,LondonNyOverlap,73906.8,74009.05991999999,73702.28016000004,7.178635908018975,2.9413428289274552,103.684,10,STOP,-1.0,2.563032
1780161360000,1780160820000,Long,NewYork,73876.7,73782.52672000001,74065.04655999997,10.0,2.222111995157901,-33.522999999999996,10,STOP,-1.0,1.037073
1780165500000,1780165020000,Short,NewYork,73962.2,74075.41295999999,73735.77408000002,10.0,2.6303169623698226,20.26700000000001,18,STOP,-1.0,0.858112
1780169760000,1780169280000,Long,NewYork,74000.0,73896.33559999999,74207.32880000002,10.0,2.5038714099046437,-64.482,42,STOP,-1.0,0.558209
1780176240000,1780176180000,Short,NewYork,73958.4,74025.1728,73824.85439999998,10.0,3.6792652339122114,12.373999999999995,15,STOP,-1.0,1.426431
1780178820000,1780178760000,Long,Asia,73825.3,73743.458,73988.98400000001,2.3084124307463885,1.823713977377193,9.694999999999993,10,TIMEOUT,0.0,0.458286
1780187280000,1780187100000,Short,Asia,73938.9,74070.00864,73676.68271999998,2.4512198215393264,7.224252429681312,70.83399999999997,10,STOP,-1.0,4.430008
1780195980000,1780195920000,Short,Asia,73974.6,74068.00704,73787.78592000002,-1.3678712737124734,1.7654272748389426,29.370999999999995,21,STOP,-1.0,0.526162
1780201020000,1780200840000,Long,Asia,74092.0,74014.84072000001,74246.31855999999,1.553076868952151,2.0210264968617886,-25.717,58,STOP,-1.0,0.614678
1780205340000,1780205160000,Long,Asia,74136.0,74034.42504,74339.14992,1.4291041669942066,2.1337085763370855,-7.941999999999997,42,STOP,-1.0,0.349601
1780211400000,1780211040000,Long,Asia,73983.5,73892.43872,74165.62255999999,-4.173574689527248,3.758813891933625,-35.546,10,STOP,-1.0,0.645195
1780215000000,1780214700000,Short,London,73843.8,74002.1544,73527.09120000001,-3.2753462277652567,1.8916062594195835,38.781000000000006,10,TIMEOUT,0.0,1.051241
1780220640000,1780220400000,Short,London,73945.6,74039.184,73758.43200000003,-1.9353242431259838,2.286943006049637,34.26599999999999,51,TARGET,2.0,0.569348
1780228740000,1780228680000,Short,London,73913.6,74008.1592,73724.48160000003,-2.581062449434167,1.7306099732316182,4.6690000000000005,37,TIMEOUT,0.0,1.12699
1780230900000,1780230840000,Long,London,73913.5,73813.00232,74114.49536,-4.58199159922622,2.2114411467036974,-3.237000000000002,14,STOP,-1.0,0.762055
1780234140000,1780233540000,Short,LondonNyOverlap,73930.0,74015.06472,73759.87056000001,-0.9105044838479553,1.8490380917446096,19.445000000000004,11,TARGET,2.0,1.34467
1780236240000,1780236120000,Long,LondonNyOverlap,73774.3,73668.61792,73985.66416,-7.5574941420059245,14.178897788567568,-295.256,12,STOP,-1.0,1.087824
1780242420000,1780242180000,Long,LondonNyOverlap,73644.9,73512.54288,73909.61424,-8.314733839206536,1.9921030469019296,-33.263,26,STOP,-1.0,1.133585
1780244940000,1780244520000,Long,LondonNyOverlap,73573.9,73443.79792,73834.10415999999,-6.707980652662357,3.5383533731308305,-38.486000000000004,12,STOP,-1.0,0.612739
1780249500000,1780249440000,Short,NewYork,73680.2,73746.45,73547.7,-2.748211143404006,1.5049988432945471,5.2790000000000035,11,TARGET,2.0,2.634591
1780253520000,1780253460000,Long,NewYork,73567.4,73481.36783999999,73739.46432,-8.954716813264115,3.42108300501293,-28.02,11,STOP,-1.0,0.565503
1780262100000,1780261980000,Long,NewYork,73672.7,73595.47648,73827.14704,-7.799602967499204,4.066669291998493,-5.227999999999994,25,STOP,-1.0,1.037053
1780264920000,1780264800000,Short,Asia,73765.5,74004.15599999999,73288.18800000002,1.6166139908107504,6.485832750767233,64.21999999999997,11,STOP,-1.0,0.685232
1780268700000,1780268580000,Short,Asia,73987.3,74218.92768,73524.04464000002,5.687922349515466,16.073710651942623,386.70399999999995,10,TARGET,2.0,2.480262
1780273860000,1780273680000,Short,Asia,73828.0,73966.32575999999,73551.34848000002,2.472019110899116,1.8422038796692108,35.765,23,STOP,-1.0,1.727521
1780286400000,1780286040000,Long,Asia,73774.4,73651.13192,74020.93615999998,0.8054067348456165,1.5940494724096177,-33.236000000000004,44,STOP,-1.0,1.879851
1780290000000,1780289760000,Short,Asia,73484.9,73621.14984,73212.40031999999,-2.5845785197630047,1.8413880490404024,87.45399999999998,35,TARGET,2.0,1.987243
1780294860000,1780294800000,Long,Asia,73205.9,73123.55432000001,73370.59135999996,-10.0,2.8864437658243784,-82.78800000000001,14,STOP,-1.0,1.168795
1780302780000,1780302540000,Long,London,72771.0,72515.4412,73282.1176,-10.0,7.758058481633253,-445.73599999999993,39,TIMEOUT,0.0,0.633317
1780306380000,1780305960000,Short,London,72966.4,73108.43999999999,72682.32,-10.0,5.134600461737927,474.34900000000016,14,TARGET,2.0,1.615204
1780310100000,1780310040000,Long,London,72636.7,72541.92,72826.26,-10.0,1.6795034788670524,-18.083,10,STOP,-1.0,1.740239
1780313640000,1780313400000,Long,London,72623.0,72558.60664,72751.78672,-10.0,1.629477925812432,-64.941,27,STOP,-1.0,0.510376
1780322280000,1780322100000,Long,LondonNyOverlap,71620.6,71292.92,72275.96000000002,-9.523694731888778,5.176701158186333,-428.46400000000017,12,STOP,-1.0,0.935248
1780327800000,1780327740000,Long,LondonNyOverlap,71238.2,70980.76992,71753.06015999998,-8.809909131837749,3.2332463722483475,-255.23899999999992,10,STOP,-1.0,1.012841
1780335120000,1780334940000,Short,NewYork,71535.1,71777.8764,71049.54720000003,-9.124709191329453,2.710981033082516,364.16099999999994,20,STOP,-1.0,1.39421
1780350480000,1780350180000,Long,NewYork,71061.3,70854.2712,71475.3576,-10.0,4.081236533053473,-194.60000000000002,33,STOP,-1.0,0.564345
1780373880000,1780373340000,Long,Asia,70852.0,70681.70936000001,71192.58127999998,0.7516083848026659,3.750290351249268,-75.17200000000003,57,STOP,-1.0,1.103557
1780378260000,1780378080000,Long,Asia,70608.0,70493.46007999999,70837.07984000002,-3.067804531699921,2.009770708721285,-28.74200000000002,10,STOP,-1.0,0.641858
1780380780000,1780380300000,Short,Asia,70223.0,70471.23191999999,69726.53616000002,-5.626414810274043,3.0954743020368296,417.726,13,TARGET,2.0,1.023141
1780388880000,1780388820000,Short,London,69982.4,70116.048,69715.10399999999,-8.071843347546123,1.5421964333020561,53.18600000000001,10,TARGET,2.0,1.532308
1780399500000,1780399080000,Long,London,69496.0,69335.38728,69817.22544000001,-10.0,1.7288144802078236,-43.78,10,STOP,-1.0,0.503648
1780401960000,1780401900000,Long,London,69407.2,69254.552,69712.496,-10.0,3.1801574560445913,-90.77199999999999,10,STOP,-1.0,1.519013
1780405320000,1780405140000,Long,LondonNyOverlap,69147.8,68899.836,69643.72800000002,-10.0,3.217557017800122,-151.332,13,STOP,-1.0,0.724982
1780426500000,1780426380000,Long,NewYork,67199.9,67069.30159999999,67461.0968,-10.0,2.8003026708534358,-141.57099999999997,23,STOP,-1.0,1.317691
1780434420000,1780434300000,Short,NewYork,67585.1,67830.52103999999,67094.25792000003,-8.476295114898601,2.7769994661497783,220.15200000000004,13,STOP,-1.0,1.120634
1780450560000,1780450020000,Short,Asia,66700.0,67053.59999999999,65992.80000000002,1.2453375440984806,1.7232394530275894,204.06600000000003,12,TARGET,2.0,1.705072
1780456500000,1780456140000,Long,Asia,66520.0,66326.896,66906.20800000001,-4.227400833042901,13.49838785665911,-1170.592,10,STOP,-1.0,1.857257
1780475280000,1780475040000,Long,London,66999.7,66918.82208,67161.45584,6.575505585089275,2.0056885717154684,-33.72199999999998,16,TARGET,2.0,2.865894
1780477620000,1780477320000,Long,London,66990.0,66879.55352,67210.89296,6.431870037388911,1.6199543480827507,-164.622,11,STOP,-1.0,1.137431
1780480140000,1780479600000,Long,London,67006.3,66656.632,67705.63600000001,1.2982669967749347,2.0392003526939035,91.36899999999997,10,TIMEOUT,0.0,0.161017
1780488240000,1780488000000,Long,London,67085.8,66936.408,67384.58400000002,7.483915901918955,4.385378269446583,-214.56,10,STOP,-1.0,0.680929
1780493520000,1780493100000,Long,LondonNyOverlap,67161.9,66838.4864,67808.7272,1.820085919881478,2.5569947091471494,-38.97999999999999,14,STOP,-1.0,0.773582
1780526460000,1780526220000,Long,Asia,65105.1,64850.17832,65614.94336,-10.0,2.8071966908506765,-267.53299999999996,13,STOP,-1.0,1.793394
1780545900000,1780545420000,Long,Asia,64524.9,64172.1212,65230.4576,10.0,1.8211405076482354,-119.58600000000001,15,STOP,-1.0,0.799774
1780593360000,1780593060000,Short,NewYork,63321.0,63726.14015999999,62510.719680000024,4.245970758382237,4.298988905882779,333.13700000000006,15,STOP,-1.0,1.174094
1780614600000,1780614240000,Short,Asia,63643.1,63872.557199999996,63184.185600000004,5.237044900583878,2.3386525816521133,15.822000000000003,11,STOP,-1.0,1.316659
1780617360000,1780617000000,Short,Asia,63767.0,63924.79895999999,63451.402080000014,7.263293346309799,1.8157815555502537,136.24500000000003,14,STOP,-1.0,0.734555
1780656180000,1780655760000,Long,London,62541.3,62355.076,62913.74800000001,-2.962636147630734,1.5375742209452976,-34.81800000000001,19,STOP,-1.0,1.368715
1780747020000,1780746420000,Short,London,60760.6,60986.7504,60308.2992,5.531985633936113,1.570828279883185,102.76399999999998,21,STOP,-1.0,0.912929
1780753680000,1780753500000,Short,LondonNyOverlap,60792.2,61063.812,60248.975999999995,4.442583779532646,2.4951254362601736,94.47800000000001,10,TIMEOUT,0.0,1.300459
1780769880000,1780769820000,Long,NewYork,60430.8,60337.09168,60618.21664000001,-5.124988152598917,1.649122135272178,-44.108999999999995,17,TARGET,2.0,1.27403
1780773360000,1780772940000,Short,NewYork,60628.6,60790.19327999999,60305.41344000001,0.49809372958149245,2.40752569362841,-0.17300000000000182,11,STOP,-1.0,1.061845
1780778100000,1780778040000,Short,NewYork,60629.9,60726.442319999995,60436.815360000015,-0.4782174634432641,1.965945094576675,1.0309999999999917,57,STOP,-1.0,0.933656
1780781700000,1780781640000,Short,NewYork,60900.1,61017.97535999999,60664.34928000002,7.628586802154727,1.7451786064087254,64.12100000000001,21,TARGET,2.0,0.76369
