ts_ms,direction,entry,stop,target,rr,range_high,range_low,range_bars,spike_dir,vr_spike,vr_entry,delta_spike,cvd_slope,session,veto_reason,open_bar,exit_bar,exit,result_r
1773107820000,Short,69229.8,69366.04848,68957.30304000001,2.0,69235.0,68925.1,8,Up,4.161,1.76,186.59,20.81,Asia,,134,166,STOP,-1.0
1773129960000,Short,70416.1,70756.56,69735.18000000002,2.0,70488.0,70287.0,9,Up,8.162,3.154,409.92,17.04,London,,503,503,STOP,-1.0
1773132300000,Short,70796.0,71124.05376,70139.89248000001,2.0,70993.0,70700.0,34,Up,2.43,2.633,316.91,21.13,London,,542,580,STOP,-1.0
1773140640000,Long,70787.9,70526.63352,71310.43295999998,2.0,70924.9,70619.5,31,Down,1.69,3.519,-90.94,-2.2,London,,681,719,STOP,-1.0
1773143280000,Long,70604.6,70451.5936,70910.61280000003,2.0,70723.9,70550.0,18,Down,2.012,1.712,-108.84,8.25,London,,725,739,STOP,-1.0
1773139020000,Short,70659.6,70940.40696,70097.98608000003,2.0,70793.1,70687.0,8,Up,4.323,2.335,93.12,-0.48,London,,654,774,TIMEOUT,0.0
1773145800000,Short,70276.1,70581.42,69665.46000000002,2.0,70498.6,70360.0,8,Up,1.328,2.116,64.69,4.35,London,,767,797,STOP,-1.0
1773163920000,Long,71187.9,71055.80984,71452.08031999998,2.0,71412.3,71136.0,25,Down,1.856,1.667,-101.55,-5.69,NewYork,,1069,1070,STOP,-1.0
1773170400000,Short,70100.7,70264.56671999999,69772.96656000002,2.0,70136.9,69824.9,8,Up,2.314,1.543,95.74,23.23,NewYork,,1177,1190,TARGET,2.0
1773171600000,Long,70042.7,69716.1824,70695.73519999998,2.0,70024.6,69826.5,8,Down,1.783,2.224,-54.06,-5.46,NewYork,,1197,1314,STOP,-1.0
1773177120000,Short,70060.0,70400.27519999999,69379.44960000002,2.0,70311.4,70163.1,30,Up,1.841,2.551,80.88,8.63,NewYork,,1289,1409,TIMEOUT,0.0
1773183780000,Short,69703.9,69871.95288,69367.79423999999,2.0,69734.4,69433.6,42,Up,2.36,1.701,5.95,8.99,Asia,,1400,1427,STOP,-1.0
1773185040000,Long,69765.0,69650.2352,69994.52960000001,2.0,69828.8,69717.9,10,Down,1.973,1.668,-96.26,-0.48,Asia,,1421,1468,TARGET,2.0
1773198480000,Short,69678.9,69835.52376,69365.65247999999,2.0,69766.7,69563.3,22,Up,1.558,2.736,22.34,7.41,Asia,,1645,1721,STOP,-1.0
1773213900000,Long,69794.9,69658.2288,70068.24239999999,2.0,69892.5,69775.7,12,Down,1.845,2.507,-66.03,-9.71,Asia,,1902,1910,STOP,-1.0
1773218040000,Long,69531.5,69412.52552000001,69769.44895999998,2.0,69738.8,69477.0,22,Down,2.027,2.082,-142.09,-4.54,London,,1971,2034,STOP,-1.0
1773226860000,Long,69550.8,69454.09224,69744.21552000001,2.0,69602.2,69540.0,12,Down,2.623,1.906,60.43,4.84,London,,2118,2138,STOP,-1.0
1773221940000,Long,69488.3,69268.64072000001,69927.61855999999,2.0,69550.0,69466.0,9,Down,12.146,2.458,-378.86,-23.69,London,,2036,2156,TIMEOUT,0.0
1773229440000,Long,69406.8,69308.30896,69603.78208000002,2.0,69517.8,69400.0,10,Down,2.504,2.65,-22.7,-6.82,London,,2161,2167,STOP,-1.0
1773223020000,Short,69377.6,69721.7328,68689.33440000002,2.0,69611.6,69324.1,14,Up,2.442,2.51,117.38,8.72,London,,2054,2174,TIMEOUT,0.0
1773232380000,Short,69209.1,69441.40871999999,68744.48256000003,2.0,69285.3,69120.2,8,Up,2.652,2.006,60.62,53.74,London,,2210,2241,STOP,-1.0
1773245220000,Short,70301.5,70451.51615999998,70001.46768000003,2.0,70314.7,70093.2,13,Up,1.816,1.836,249.36,10.44,LondonNY,,2424,2439,STOP,-1.0
1773248400000,Long,70568.0,70465.5824,70772.8352,2.0,70799.9,70554.2,16,Down,1.533,1.585,-68.13,-4.63,NewYork,,2477,2479,TARGET,2.0
1773250380000,Short,70969.8,71256.95999999999,70395.48000000003,2.0,70994.6,70762.1,17,Up,6.475,1.648,653.49,38.16,NewYork,,2510,2575,TARGET,2.0
1773267240000,Short,70761.8,70890.36695999998,70504.66608000004,2.0,70776.3,70505.5,27,Up,3.526,1.859,55.09,2.23,Asia,,2791,2804,TARGET,2.0
1773268740000,Long,70320.7,70211.88552000001,70538.32895999997,2.0,70560.3,70310.0,8,Down,3.355,2.892,-60.76,-15.82,Asia,,2816,2832,STOP,-1.0
1773272940000,Long,70192.7,70026.73376,70524.63247999999,2.0,70380.2,70164.4,15,Down,6.421,1.998,-220.73,-0.81,Asia,,2886,2958,STOP,-1.0
1773280380000,Long,69777.7,69650.33512,70032.42975999998,2.0,69958.7,69750.0,14,Down,2.32,3.434,14.47,-2.09,Asia,,3010,3034,STOP,-1.0
1773282840000,Long,69571.7,69393.54072,69928.01855999998,2.0,69634.6,69460.8,11,Down,1.829,2.031,-20.19,-19.32,Asia,,3051,3053,STOP,-1.0
1773284040000,Long,69226.5,69144.64,69390.22,2.0,69453.2,69214.4,8,Down,1.941,2.412,-20.46,6.0,Asia,,3071,3095,TARGET,2.0
1773300900000,Short,69604.5,69790.788,69231.924,2.0,69639.7,69483.5,11,Up,9.276,2.52,216.89,28.46,Asia,,3352,3365,STOP,-1.0
1773303540000,Short,69968.8,70107.74135999999,69690.91728000004,2.0,69970.0,69676.0,8,Up,5.873,3.217,267.4,14.36,London,,3396,3417,TARGET,2.0
1773303360000,Long,69866.1,69654.53176,70289.23648000002,2.0,69887.7,69750.0,13,Down,1.683,5.476,-137.79,0.91,London,,3393,3450,STOP,-1.0
1773308820000,Short,69876.9,70363.44575999999,68903.80848,2.0,70042.8,69737.4,8,Up,11.958,10.771,311.19,22.74,London,,3484,3536,STOP,-1.0
1773315900000,Short,70635.5,70780.87943999999,70344.74112000002,2.0,70641.0,70436.9,9,Up,4.716,4.476,334.56,17.92,London,,3602,3617,TARGET,2.0
1773323040000,Short,70042.3,70405.17911999999,69316.54176000004,2.0,70195.5,69901.4,14,Up,4.433,3.04,73.42,-4.47,LondonNY,,3721,3751,STOP,-1.0
1773330000000,Short,70314.4,70588.42559999999,69766.3488,2.0,70388.0,70092.5,12,Up,3.158,1.655,409.61,10.69,LondonNY,,3837,3957,TIMEOUT,0.0
1773336360000,Long,70434.0,70123.05664,71055.88672000001,2.0,70499.9,70300.0,19,Down,1.501,1.571,-33.53,-0.74,NewYork,,3943,3962,STOP,-1.0
1773338460000,Long,70152.5,69961.38608,70534.72784,2.0,70392.6,70118.3,15,Down,4.267,1.53,-79.69,-6.4,NewYork,,3978,3996,STOP,-1.0
1773357780000,Short,70473.4,70554.19824,70311.80351999999,2.0,70485.7,70325.2,8,Up,1.857,2.44,-7.9,38.15,Asia,,4300,4319,STOP,-1.0
1773360600000,Long,70727.1,70318.7,71543.90000000002,2.0,70630.0,70427.5,24,Down,3.918,2.259,-220.61,-14.17,Asia,,4347,4352,TARGET,2.0
1773366120000,Long,71611.3,71331.8888,72170.12240000001,2.0,71738.6,71429.1,19,Down,1.345,5.649,-116.89,-13.92,Asia,,4439,4489,STOP,-1.0
1773381300000,Long,71538.7,71422.81599999999,71770.46800000001,2.0,71596.0,71500.8,12,Down,3.559,2.934,-133.72,2.25,Asia,,4692,4699,STOP,-1.0
1773379320000,Long,71386.1,71144.0392,71870.22160000002,2.0,71407.0,71221.5,38,Down,1.354,2.144,-44.67,-9.7,Asia,,4659,4779,TIMEOUT,0.0
1773387060000,Short,71468.8,71592.22799999999,71221.94400000003,2.0,71489.0,71371.3,18,Up,1.423,1.685,89.26,0.25,Asia,,4788,4806,STOP,-1.0
1773389040000,Long,71515.4,71377.852,71790.49599999998,2.0,71630.0,71474.4,9,Down,1.476,2.798,-55.99,32.44,London,,4821,4828,STOP,-1.0
1773395640000,Short,71958.6,72084.6216,71706.55680000002,2.0,71962.7,71754.7,9,Up,3.252,3.56,156.75,11.13,London,,4931,4937,STOP,-1.0
1773396960000,Short,72219.4,72407.87999999999,71842.44,2.0,72232.6,72087.7,9,Up,5.208,2.641,336.11,72.2,London,,4953,4954,STOP,-1.0
1773397200000,Short,72293.1,72525.87431999999,71827.55136000004,2.0,72350.0,72091.4,8,Up,4.759,3.048,449.95,66.03,London,,4957,4973,STOP,-1.0
1773405900000,Long,72480.0,72226.6724,72986.65520000001,2.0,72599.9,72297.6,8,Down,1.534,1.782,-90.93,19.8,London,,5102,5133,TARGET,2.0
1773425940000,Short,71001.5,71150.07456,70704.35088000001,2.0,71050.6,70893.1,8,Up,2.191,2.263,-89.32,12.34,NewYork,,5436,5445,STOP,-1.0
1773437760000,Long,71255.7,71034.82664,71697.44671999999,2.0,71452.1,71227.2,47,Down,6.061,4.243,-133.03,-13.06,NewYork,,5633,5635,STOP,-1.0
1773452460000,Long,70768.2,70612.56472000001,71079.47055999997,2.0,70780.4,70727.3,8,Down,1.563,3.115,-94.72,-16.43,Asia,,5878,5973,TARGET,2.0
1773458580000,Long,70957.3,70860.06656,71151.76688,2.0,71099.0,70927.6,10,Down,1.326,3.14,-18.62,21.24,Asia,,5980,6024,TARGET,2.0
1773468840000,Long,70883.1,70806.40952,71036.48096000002,2.0,70986.0,70882.3,14,Down,1.769,4.177,-30.99,-6.36,Asia,,6151,6152,STOP,-1.0
1773478260000,Long,70529.8,70457.5888,70674.22240000001,2.0,70596.7,70516.1,11,Down,1.737,2.361,47.82,-3.74,London,,6308,6321,TARGET,2.0
1773480540000,Short,70649.6,70763.56559999999,70421.66880000004,2.0,70665.1,70596.2,9,Up,9.937,3.603,25.07,0.51,London,,6346,6364,TARGET,2.0
1773493560000,Short,70705.7,70806.59999999999,70503.90000000001,2.0,70724.7,70620.7,12,Up,5.46,5.13,159.62,3.81,LondonNY,,6563,6574,STOP,-1.0
1773490260000,Short,70683.1,70856.53991999998,70336.22016000006,2.0,70750.0,70657.9,14,Up,5.14,1.871,82.19,9.53,London,,6508,6575,STOP,-1.0
1773492300000,Long,70666.8,70549.81496,70900.77008,2.0,70707.1,70635.7,8,Down,1.935,2.611,0.93,-9.8,London,,6542,6620,TARGET,2.0
1773497760000,Long,70727.6,70623.55592,70935.68816000002,2.0,70914.6,70707.0,9,Down,3.038,1.645,-112.25,-4.27,LondonNY,,6633,6660,STOP,-1.0
1773500520000,Long,70657.7,70506.84936000001,70959.40127999998,2.0,70634.5,70584.9,8,Down,1.389,2.639,-29.47,-9.9,LondonNY,,6679,6708,STOP,-1.0
1773497400000,Short,70725.1,70971.33168,70232.63664000001,2.0,70899.0,70750.0,24,Up,2.499,1.918,115.38,5.2,LondonNY,,6627,6747,TIMEOUT,0.0
1773517740000,Long,70700.1,70618.36008,70863.57984000002,2.0,70700.0,70637.1,9,Down,1.741,1.74,8.41,0.88,NewYork,,6966,6981,STOP,-1.0
1773514800000,Short,70586.6,70719.43031999998,70320.93936000005,2.0,70646.2,70562.6,32,Up,6.809,3.685,78.27,3.74,NewYork,,6917,6996,STOP,-1.0
1773517500000,Short,70679.4,70746.75215999999,70544.69568,2.0,70680.0,70552.6,47,Up,1.344,1.553,11.24,-0.51,NewYork,,6962,7016,STOP,-1.0
1773519840000,Short,70674.4,70757.36064,70508.47871999998,2.0,70674.7,70630.2,8,Up,4.861,8.33,23.33,1.21,NewYork,,7001,7017,STOP,-1.0
1773514980000,Long,70602.1,70496.15792,70813.98416000002,2.0,70662.9,70576.3,8,Down,4.131,2.964,-38.43,4.19,NewYork,,6920,7020,TARGET,2.0
1773527040000,Long,70729.7,70613.36408,70962.37183999999,2.0,70784.6,70672.3,28,Down,3.323,2.334,-51.07,-4.93,Asia,,7121,7162,TARGET,2.0
1773534360000,Long,71150.1,70902.03296,71646.23408000002,2.0,71071.4,70990.3,8,Down,2.173,1.809,-111.55,-5.63,Asia,,7243,7286,STOP,-1.0
1773539580000,Short,70966.4,71056.79999999999,70785.6,2.0,70973.0,70855.0,8,Up,1.595,2.291,33.52,3.67,Asia,,7330,7336,STOP,-1.0
1773538500000,Long,70878.0,70759.04744,71115.90512000001,2.0,70972.6,70867.7,16,Down,1.932,1.786,-28.23,-0.33,Asia,,7312,7337,TARGET,2.0
1773532860000,Short,71066.2,71270.87111999998,70656.85776000003,2.0,71194.1,71053.8,11,Up,1.588,1.912,62.09,14.51,Asia,,7218,7338,TIMEOUT,0.0
1773545940000,Long,71361.6,71109.36696,71866.06608000002,2.0,71360.0,71280.3,8,Down,4.093,2.62,-273.14,-19.46,Asia,,7436,7556,TIMEOUT,0.0
1773556440000,Long,71422.7,71286.4252,71695.2496,2.0,71464.4,71358.4,9,Down,3.068,2.411,-120.1,-18.39,Asia,,7611,7731,TIMEOUT,0.0
1773563400000,Long,71545.6,71449.19488,71738.41024000003,2.0,71615.2,71540.9,9,Down,2.489,1.58,-18.8,4.75,London,,7727,7756,TARGET,2.0
1773573420000,Short,71734.7,71831.51928,71541.06144,2.0,71735.0,71653.5,10,Up,5.045,4.473,153.81,-7.42,London,,7894,7927,STOP,-1.0
1773576960000,Long,71672.9,71586.6848,71845.33039999998,2.0,71737.2,71657.1,11,Down,1.659,1.588,-50.49,-7.45,London,,7953,7977,STOP,-1.0
1773577200000,Short,71679.9,71787.58415999998,71464.53168000001,2.0,71700.0,71618.0,8,Up,1.392,1.847,11.11,-8.4,London,,7957,8004,TARGET,2.0
1773582240000,Long,71420.6,71194.19903999999,71873.40192000003,2.0,71524.5,71331.3,8,Down,4.039,2.245,119.22,44.72,LondonNY,,8041,8161,TIMEOUT,0.0
1773588660000,Long,71462.8,71318.59943999999,71751.20112000003,2.0,71576.9,71424.8,8,Down,1.852,2.253,-7.61,-7.95,LondonNY,,8148,8192,STOP,-1.0
1773607500000,Short,71704.1,71817.50808,71477.28384000002,2.0,71714.0,71396.4,13,Up,7.144,5.657,45.45,24.7,NewYork,,8462,8508,STOP,-1.0
1773612240000,Short,72192.3,72337.824,71901.25200000002,2.0,72200.0,71960.3,25,Up,5.569,1.528,368.31,7.92,Asia,,8541,8546,TARGET,2.0
1773606600000,Long,71669.9,71339.28288,72331.13423999998,2.0,71493.8,71414.0,8,Down,3.061,15.214,5.36,2.0,NewYork,,8447,8567,TIMEOUT,0.0
1773636960000,Short,73785.1,73954.31615999999,73446.66768000004,2.0,73856.8,73550.8,24,Up,1.861,2.864,178.36,81.11,Asia,,8953,8966,STOP,-1.0
1773648000000,Long,73600.1,73321.296,74157.70800000001,2.0,73561.0,73400.0,9,Down,1.237,4.316,-45.61,-1.62,London,,9137,9166,STOP,-1.0
1773646500000,Short,73629.1,73869.048,73149.20400000003,2.0,73783.1,73663.8,8,Up,1.277,1.806,32.94,-10.28,Asia,,9112,9177,TARGET,2.0
1773648900000,Short,73359.7,73781.47799999999,72516.14400000001,2.0,73680.0,73414.4,10,Up,1.507,2.049,108.18,17.12,London,,9152,9272,TIMEOUT,0.0
1773664380000,Short,73875.1,74091.62591999999,73442.04816000003,2.0,73940.0,73618.8,8,Up,5.947,2.994,366.76,41.45,London,,9410,9468,STOP,-1.0
1773668700000,Long,74254.5,73929.20928,74905.08144000001,2.0,74481.5,74155.9,9,Down,4.521,3.246,-556.35,108.56,LondonNY,,9482,9488,STOP,-1.0
1773667920000,Long,74102.4,73783.22616,74740.74767999997,2.0,73957.5,73746.3,18,Down,2.461,10.841,94.38,-0.47,LondonNY,,9469,9525,STOP,-1.0
1773682800000,Short,73859.0,73992.1464,73592.7072,2.0,73862.9,73614.4,33,Up,2.582,2.165,118.6,7.31,NewYork,,9717,9723,STOP,-1.0
1773683400000,Short,73797.7,74125.25279999999,73142.59440000002,2.0,73935.6,73630.0,13,Up,5.248,1.56,291.73,25.09,NewYork,,9727,9744,STOP,-1.0
1773696000000,Short,74354.4,74459.51999999999,74144.16,2.0,74360.0,74150.0,11,Up,1.459,1.544,99.66,28.93,NewYork,,9937,9952,STOP,-1.0
1773695100000,Short,74156.5,74539.0836,73391.3328,2.0,74260.0,74107.4,8,Up,15.025,6.964,577.31,25.51,NewYork,,9922,9952,STOP,-1.0
1773697200000,Short,74405.1,74514.564,74186.17200000002,2.0,74434.4,74151.4,20,Up,2.057,1.911,102.89,34.41,NewYork,,9957,9964,STOP,-1.0
1773734400000,Long,74283.8,74166.51928,74518.36144000002,2.0,74385.5,74255.4,22,Down,1.53,1.567,-50.08,-6.24,London,,10577,10586,STOP,-1.0
1773739560000,Short,74200.0,74393.16695999999,73813.66608000002,2.0,74216.8,73943.9,23,Up,3.809,6.81,137.63,0.04,London,,10663,10691,TARGET,2.0
1773747000000,Short,73970.8,74077.01423999999,73758.37152000003,2.0,74001.4,73850.0,14,Up,1.368,1.544,110.26,52.66,London,,10787,10792,STOP,-1.0
1773750120000,Long,74049.9,73905.12856,74339.44287999999,2.0,74150.0,73977.0,22,Down,1.402,4.07,-73.24,2.41,London,,10839,10840,STOP,-1.0
1773754500000,Short,73837.3,74159.17991999998,73193.54016000005,2.0,73850.0,73625.8,18,Up,15.415,4.258,1213.23,38.38,LondonNY,,10912,10916,STOP,-1.0
1773758940000,Short,74192.2,74400.77304,73775.05391999999,2.0,74260.1,74015.5,10,Up,2.477,2.07,351.37,17.6,LondonNY,,10986,10996,STOP,-1.0
1773765240000,Long,74074.4,73961.68328,74299.83343999999,2.0,74314.0,74074.1,8,Down,1.428,1.596,-52.23,2.01,LondonNY,,11091,11092,STOP,-1.0
1773768120000,Long,74385.5,74148.134,74860.23199999999,2.0,74250.9,73961.5,17,Down,1.656,13.281,142.61,25.36,NewYork,,11139,11259,TIMEOUT,0.0
1773785160000,Long,74671.7,74521.63496,74971.83008,2.0,74748.4,74614.8,14,Down,1.444,1.539,-19.64,-2.32,Asia,,11423,11431,STOP,-1.0
1773783180000,Long,74579.8,74401.53112,74936.33776000001,2.0,74627.9,74521.0,8,Down,1.855,1.816,-3.47,5.29,NewYork,,11390,11443,STOP,-1.0
1773781860000,Long,74569.9,74353.56952,75002.56095999997,2.0,74542.6,74437.6,26,Down,3.143,2.029,-61.47,-6.47,NewYork,,11368,11445,STOP,-1.0
1773782340000,Short,74583.2,74809.59984,74130.40032,2.0,74678.6,74413.1,8,Up,5.698,2.712,26.64,7.51,NewYork,,11376,11452,TARGET,2.0
1773792960000,Short,73895.3,74087.02223999999,73511.85552000003,2.0,74025.7,73763.0,26,Up,1.285,3.73,26.37,3.74,Asia,,11553,11574,TARGET,2.0
1773799200000,Long,74059.6,73940.8,74297.20000000001,2.0,74167.5,74029.8,16,Down,1.381,1.519,-54.28,-5.47,Asia,,11657,11690,TARGET,2.0
1773818040000,Long,73941.2,73756.9472,74309.7056,2.0,73959.4,73840.9,8,Down,1.425,1.659,-23.01,-9.24,Asia,,11971,11987,STOP,-1.0
1773819360000,Long,73734.1,73577.5908,74047.1184,2.0,73835.1,73710.1,8,Down,5.954,3.494,-152.14,-6.98,Asia,,11993,12055,TARGET,2.0
1773832020000,Long,73770.4,73621.55559999999,74068.0888,2.0,73990.0,73750.0,27,Down,3.08,2.008,-116.82,-4.83,London,,12204,12225,STOP,-1.0
1773838980000,Long,72293.6,72154.13047999999,72572.53904000003,2.0,72502.7,72237.5,21,Down,3.545,1.942,-459.29,-12.43,LondonNY,,12320,12366,STOP,-1.0
1773840900000,Long,72433.6,72131.04896,73038.70208000002,2.0,72507.8,72250.3,14,Down,1.309,2.337,-76.58,32.34,LondonNY,,12352,12367,STOP,-1.0
1773850260000,Short,71227.9,71593.2288,70497.24239999999,2.0,71497.0,71332.9,9,Up,1.393,2.165,147.43,6.9,LondonNY,,12508,12593,STOP,-1.0
1773860520000,Long,71254.1,70986.1656,71789.96880000003,2.0,71499.6,71235.0,8,Down,6.332,1.841,-689.33,-41.66,NewYork,,12679,12719,STOP,-1.0
1773875460000,Short,71115.2,71256.15935999999,70833.28128000001,2.0,71161.5,71023.7,9,Up,2.474,1.814,-17.7,4.91,Asia,,12928,12948,STOP,-1.0
1773878460000,Long,71181.3,71102.27264,71339.35472000002,2.0,71333.1,71171.7,19,Down,4.274,2.298,-96.93,4.96,Asia,,12978,12986,STOP,-1.0
1773877620000,Long,71314.2,71124.35496,71693.89008,2.0,71314.4,71234.0,10,Down,2.192,6.169,-23.04,6.55,Asia,,12964,12986,STOP,-1.0
1773881580000,Long,71027.2,70893.24,71295.11999999998,2.0,71092.9,71000.0,12,Down,3.747,1.741,-77.38,0.26,Asia,,13030,13097,STOP,-1.0
1773886680000,Short,71129.2,71215.72704,70956.14592,2.0,71149.7,70858.4,9,Up,1.328,2.37,34.51,1.64,Asia,,13115,13125,STOP,-1.0
1773887400000,Short,71209.3,71277.97679999999,71071.94640000003,2.0,71216.0,71101.8,17,Up,1.359,1.7,40.53,7.38,Asia,,13127,13146,TARGET,2.0
1773886020000,Long,71131.8,70945.79792,71503.80416000001,2.0,71149.9,71049.1,13,Down,1.765,3.527,1.55,-2.4,Asia,,13104,13175,TARGET,2.0
1773909600000,Long,69985.0,69804.41176,70346.17648,2.0,70088.0,69980.1,8,Down,4.811,2.475,-502.27,-107.28,London,,13497,13538,TARGET,2.0
1773913500000,Short,70382.4,70498.15344,70150.89312,2.0,70398.2,70156.0,8,Up,1.581,2.044,98.66,14.33,London,,13562,13565,STOP,-1.0
1773918120000,Long,70195.6,70059.70736,70467.38528000002,2.0,70324.6,70149.6,19,Down,2.049,1.82,-69.38,-1.05,London,,13639,13647,STOP,-1.0
1773925980000,Short,69098.3,69482.04119999999,68330.81760000002,2.0,69360.3,69069.0,11,Up,3.384,2.232,200.59,40.47,LondonNY,,13770,13776,STOP,-1.0
1773933120000,Short,69644.8,69789.78719999999,69354.82560000003,2.0,69663.0,69375.4,8,Up,1.857,1.547,84.83,21.96,LondonNY,,13889,13895,TARGET,2.0
1773934740000,Long,69216.4,69089.98376,69469.23247999998,2.0,69337.2,69162.8,14,Down,1.276,3.005,58.41,-12.35,LondonNY,,13916,13917,STOP,-1.0
1773935340000,Long,69200.2,68891.8424,69816.9152,2.0,69350.0,69111.5,8,Down,5.784,2.167,-629.73,-54.29,LondonNY,,13926,14046,TIMEOUT,0.0
1773953280000,Short,70402.9,70556.4,70095.9,2.0,70456.0,70279.8,8,Up,1.611,1.559,21.85,14.27,NewYork,,14225,14244,STOP,-1.0
1773955440000,Long,70553.0,70413.02448,70832.95104000001,2.0,70654.4,70499.7,17,Down,1.781,1.562,-64.04,-3.6,NewYork,,14261,14269,STOP,-1.0
1773957600000,Short,70456.8,70572.21264,70225.97472000001,2.0,70480.5,70331.9,17,Up,1.937,2.216,25.41,9.79,Asia,,14297,14328,TARGET,2.0
1773964920000,Short,69857.9,70002.55728,69568.58544,2.0,69903.5,69782.5,8,Up,1.534,1.688,24.37,-0.19,Asia,,14419,14426,STOP,-1.0
1773968220000,Long,70195.4,70099.77527999999,70386.64944000001,2.0,70280.6,70162.3,9,Down,1.467,2.415,-14.92,13.5,Asia,,14474,14483,TARGET,2.0
1773973020000,Long,70270.0,70159.42752,70491.14496,2.0,70422.2,70220.0,8,Down,1.417,1.766,-9.24,-1.2,Asia,,14554,14561,STOP,-1.0
1773976860000,Short,70465.5,70542.3888,70311.7224,2.0,70466.3,70345.2,20,Up,1.28,1.528,43.49,4.19,Asia,,14618,14624,STOP,-1.0
1774001820000,Long,70399.6,70262.14528,70674.50944000002,2.0,70655.5,70379.9,28,Down,1.751,1.536,-166.58,-18.96,London,,15034,15036,STOP,-1.0
1774002360000,Long,70264.7,70118.86,70556.37999999999,2.0,70428.7,70200.0,11,Down,2.332,1.571,99.4,-9.62,London,,15043,15056,TARGET,2.0
1774008060000,Short,70395.5,70560.80351999999,70064.89296000003,2.0,70441.4,70309.8,8,Up,1.356,2.005,65.59,-6.26,London,,15138,15141,STOP,-1.0
1774008840000,Short,70536.4,70676.29583999999,70256.60832,2.0,70563.5,70364.8,12,Up,2.07,1.513,17.61,10.09,London,,15151,15177,TARGET,2.0
1774013220000,Short,70402.4,70533.18144,70140.83711999998,2.0,70424.7,70200.0,34,Up,1.611,2.434,61.67,4.98,LondonNY,,15224,15227,TARGET,2.0
1774025460000,Short,69582.0,69883.06176,68979.87648,2.0,69776.2,69650.0,10,Up,1.737,2.36,116.79,-7.8,LondonNY,,15428,15437,STOP,-1.0
1774026300000,Short,69704.6,69902.67744,69308.44512000002,2.0,69827.2,69577.0,11,Up,1.708,3.937,26.41,2.24,NewYork,,15442,15494,STOP,-1.0
1774039260000,Long,69878.4,69661.52616000001,70312.14767999997,2.0,69997.7,69777.0,10,Down,1.72,1.773,-59.21,-13.45,NewYork,,15658,15694,TARGET,2.0
1774035840000,Long,69968.9,69631.2504,70644.19919999997,2.0,69954.9,69733.2,11,Down,2.29,2.021,-70.03,-7.65,NewYork,,15601,15713,TARGET,2.0
1774046520000,Short,70650.7,70790.28696,70371.52608,2.0,70706.4,70569.2,13,Up,2.308,1.566,147.06,-2.69,Asia,,15779,15786,STOP,-1.0
1774056900000,Long,70598.1,70443.99968,70906.30064000003,2.0,70617.0,70562.3,9,Down,2.019,1.971,-29.42,-5.72,Asia,,15952,15970,STOP,-1.0
1774057560000,Long,70503.4,70411.52567999999,70687.14864,2.0,70620.8,70500.4,15,Down,1.632,2.012,-31.94,-2.65,Asia,,15963,15976,STOP,-1.0
1774058880000,Short,70465.8,70532.88119999999,70331.63760000003,2.0,70470.5,70403.2,9,Up,1.929,1.548,10.59,-7.29,Asia,,15985,15997,STOP,-1.0
1774058640000,Long,70428.7,70346.87744,70592.34512,2.0,70540.0,70405.9,15,Down,2.097,4.516,-36.62,-9.35,Asia,,15981,16001,TARGET,2.0
1774060320000,Short,70557.4,70666.488,70339.22399999999,2.0,70592.6,70511.4,8,Up,2.562,1.545,32.94,6.07,Asia,,16009,16016,STOP,-1.0
1774066920000,Long,70726.4,70624.55512,70930.08975999997,2.0,70758.0,70684.8,15,Down,1.742,1.712,22.16,3.29,Asia,,16119,16127,STOP,-1.0
1774067160000,Short,70733.3,70819.81056,70560.27888000001,2.0,70751.8,70681.1,9,Up,1.98,4.815,13.75,5.13,Asia,,16123,16243,TIMEOUT,0.0
1774074360000,Short,70722.8,70842.72888,70482.94224000002,2.0,70766.7,70676.1,14,Up,3.518,3.866,-11.28,-0.19,Asia,,16243,16301,STOP,-1.0
1774071120000,Short,70721.1,70844.6304,70474.03920000003,2.0,70767.8,70674.6,9,Up,3.249,3.44,81.71,6.39,Asia,,16189,16301,STOP,-1.0
1774078440000,Short,70764.4,70902.37655999999,70488.44688,2.0,70794.1,70701.3,13,Up,7.196,2.282,152.82,3.21,Asia,,16311,16359,TARGET,2.0
1774084260000,Short,70664.3,70756.56,70479.78000000001,2.0,70696.0,70537.7,8,Up,1.633,1.697,91.38,8.05,London,,16408,16528,TIMEOUT,0.0
1774093620000,Short,70599.0,70676.39591999998,70444.20816000004,2.0,70607.0,70556.4,10,Up,1.724,1.705,9.35,2.68,London,,16564,16580,STOP,-1.0
1774099200000,Short,70725.2,70841.72808,70492.14383999999,2.0,70759.6,70713.1,8,Up,2.595,1.592,24.0,5.32,LondonNY,,16657,16707,STOP,-1.0
1774109880000,Long,70524.4,70432.90856,70707.38287999999,2.0,70615.8,70515.7,10,Down,4.762,1.56,-100.63,-2.58,LondonNY,,16835,16844,STOP,-1.0
1774117440000,Short,70368.3,70444.21031999998,70216.47936000004,2.0,70377.2,70236.1,35,Up,1.294,3.641,20.2,11.4,NewYork,,16961,16971,STOP,-1.0
1774123380000,Short,70352.8,70422.19271999999,70214.01456000003,2.0,70356.8,70306.8,13,Up,1.711,2.209,25.34,2.46,NewYork,,17060,17079,STOP,-1.0
1774124040000,Short,70372.0,70462.92528,70190.14944000001,2.0,70377.3,70332.3,10,Up,1.614,2.518,22.43,3.03,NewYork,,17071,17104,STOP,-1.0
1774129560000,Long,70319.2,70246.95744,70463.68512,2.0,70359.9,70315.6,11,Down,2.288,1.603,-10.99,-2.22,NewYork,,17163,17168,STOP,-1.0
1774123740000,Long,70366.7,70276.03416,70548.03168,2.0,70397.1,70344.4,8,Down,1.207,1.891,-4.2,2.53,NewYork,,17066,17168,STOP,-1.0
1774130040000,Long,70315.1,70245.45864,70454.38272000002,2.0,70364.6,70303.2,9,Down,1.422,1.62,-20.89,-1.19,NewYork,,17171,17179,STOP,-1.0
1774127580000,Short,70341.5,70534.08215999999,69956.33568000002,2.0,70442.5,70377.5,8,Up,1.894,3.359,9.34,1.51,NewYork,,17130,17250,TIMEOUT,0.0
1774136160000,Long,70127.7,70029.13184,70324.83631999999,2.0,70191.2,70092.1,13,Down,1.454,3.435,3.56,-2.45,Asia,,17273,17282,STOP,-1.0
1774164840000,Long,69094.4,69002.7536,69277.69279999999,2.0,69219.4,69086.9,27,Down,2.254,2.466,-33.06,1.08,Asia,,17751,17755,STOP,-1.0
1774160520000,Short,69114.9,69220.73231999998,68903.23536000002,2.0,69138.8,69025.6,15,Up,1.585,1.612,19.19,-1.4,Asia,,17679,17760,TARGET,2.0
1774166100000,Short,68965.9,69089.12711999999,68719.44576,2.0,68998.8,68872.3,8,Up,2.058,2.114,98.95,-30.01,Asia,,17772,17778,TARGET,2.0
1774176120000,Long,68589.5,68500.55567999999,68767.38864000002,2.0,68730.2,68576.5,12,Down,2.718,1.625,-10.77,-1.63,London,,17939,17981,STOP,-1.0
1774171980000,Long,68615.2,68481.87064,68881.85872,2.0,68862.0,68600.1,14,Down,3.444,2.186,-85.22,-10.41,London,,17870,17981,STOP,-1.0
1774179840000,Long,68365.0,68185.50792,68723.98415999999,2.0,68475.6,68346.7,11,Down,7.217,2.17,-203.57,-35.3,London,,18001,18008,STOP,-1.0
1774184640000,Short,68787.9,68987.94623999999,68387.80752,2.0,68860.2,68595.0,8,Up,3.915,1.968,160.2,15.33,LondonNY,,18081,18201,TIMEOUT,0.0
1774204260000,Short,68681.6,68763.26664,68518.26672000001,2.0,68698.0,68625.0,14,Up,1.25,1.861,14.71,1.69,NewYork,,18408,18410,TARGET,2.0
1774208100000,Long,68340.5,68170.42,68680.66,2.0,68342.8,68240.0,8,Down,1.441,1.747,-29.52,-7.8,NewYork,,18472,18484,STOP,-1.0
1774212300000,Long,68267.2,68167.4224,68466.7552,2.0,68470.6,68242.0,15,Down,1.533,2.271,-35.76,-2.09,NewYork,,18542,18547,STOP,-1.0
1774211160000,Short,68264.6,68525.37648,67743.04704,2.0,68421.7,68251.8,8,Up,1.519,2.57,41.88,14.38,NewYork,,18523,18561,TARGET,2.0
1774206240000,Short,68431.7,68642.8704,68009.35919999999,2.0,68557.3,68402.6,15,Up,2.926,1.726,-12.56,2.32,NewYork,,18441,18561,TARGET,2.0
1774221180000,Short,68349.7,68480.2404,68088.6192,2.0,68384.9,68160.8,11,Up,1.688,1.853,105.51,5.95,Asia,,18690,18702,TARGET,2.0
1774217040000,Long,67885.8,67527.73456,68601.93088000001,2.0,67950.0,67649.2,24,Down,1.954,1.647,-132.86,-7.58,Asia,,18621,18741,TIMEOUT,0.0
1774224660000,Long,68030.6,67681.8112,68728.17760000002,2.0,68000.0,67809.9,11,Down,1.96,2.298,-94.24,13.22,Asia,,18748,18772,STOP,-1.0
1774227600000,Short,67561.3,67903.57944,66876.74112,2.0,67737.4,67527.0,8,Up,1.339,1.737,77.78,5.12,Asia,,18797,18804,STOP,-1.0
1774233780000,Short,68259.1,68394.07151999998,67989.15696000005,2.0,68265.6,68160.9,11,Up,3.047,2.744,167.94,36.54,Asia,,18900,18917,STOP,-1.0
1774244700000,Short,68646.9,68843.03039999999,68254.6392,2.0,68709.6,68550.8,10,Up,1.591,1.932,78.14,-9.24,Asia,,19082,19092,STOP,-1.0
1774249620000,Long,67820.1,67569.30128,68321.69744000002,2.0,67920.0,67653.1,20,Down,1.21,2.545,-94.17,-7.75,Asia,,19164,19201,TARGET,2.0
1774263780000,Short,68518.2,68664.28751999998,68226.02496000002,2.0,68547.0,68331.8,16,Up,4.176,3.763,7.77,10.5,London,,19400,19401,STOP,-1.0
1774272900000,Long,70727.3,70563.504,71054.892,2.0,70887.7,70712.7,15,Down,2.594,2.556,6.81,-8.06,LondonNY,,19552,19553,TARGET,2.0
1774289220000,Short,70934.8,71194.9104,70414.57920000002,2.0,71123.5,70890.0,16,Up,1.666,2.235,12.66,10.5,NewYork,,19824,19882,STOP,-1.0
1774292880000,Long,70965.8,70766.64136,71364.11728000002,2.0,71232.0,70943.2,27,Down,5.5,1.841,5.05,3.83,NewYork,,19885,19926,STOP,-1.0
1774305600000,Long,70631.7,70478.77184,70937.55631999999,2.0,70654.9,70569.0,8,Down,1.419,1.633,-22.86,0.51,Asia,,20097,20131,STOP,-1.0
1774311000000,Long,70831.6,70698.29607999999,71098.20784000005,2.0,71080.0,70820.0,14,Down,1.602,1.707,-53.92,12.34,Asia,,20187,20191,STOP,-1.0
1774310460000,Short,70951.9,71123.45328,70608.79343999998,2.0,70973.8,70688.0,11,Up,10.027,4.301,131.69,11.17,Asia,,20178,20207,TARGET,2.0
1774320000000,Short,70426.7,70662.48479999999,69955.13040000001,2.0,70600.0,70380.0,20,Up,1.945,4.145,79.34,-0.3,Asia,,20337,20422,STOP,-1.0
1774318320000,Short,70442.7,70725.23495999999,69877.63008000002,2.0,70545.5,70232.0,19,Up,2.551,1.567,126.62,4.61,Asia,,20309,20422,STOP,-1.0
1774328820000,Long,70177.2,70095.27888,70341.04224,2.0,70365.1,70157.9,8,Down,1.958,2.179,3.89,-28.66,Asia,,20484,20499,STOP,-1.0
1774333440000,Short,70328.4,70481.44008,70022.31983999998,2.0,70396.2,70258.0,12,Up,1.99,2.788,32.6,2.95,Asia,,20561,20591,STOP,-1.0
1774334040000,Short,70425.0,70534.98288,70205.03424000001,2.0,70459.4,70292.1,8,Up,1.294,1.688,11.04,9.47,Asia,,20571,20593,STOP,-1.0
1774333860000,Short,70404.8,70515.76752,70182.86496000002,2.0,70425.1,70287.6,12,Up,2.624,2.202,63.94,6.59,Asia,,20568,20593,STOP,-1.0
1774335600000,Short,70474.9,70601.33591999998,70222.02816000002,2.0,70486.7,70308.4,29,Up,3.268,2.848,17.83,0.44,Asia,,20597,20602,STOP,-1.0
1774343820000,Long,70938.2,70783.92752,71246.74496,2.0,71009.8,70910.8,12,Down,1.489,1.947,-93.11,2.85,London,,20734,20770,TARGET,2.0
1774350480000,Long,71125.0,70950.49416,71474.01168,2.0,71259.2,71063.4,27,Down,2.395,1.706,-50.01,-8.81,London,,20845,20853,STOP,-1.0
1774357800000,Long,70741.0,70553.61192000001,71115.77615999998,2.0,71029.2,70720.4,8,Down,9.485,2.133,-183.94,-3.21,LondonNY,,20967,20976,STOP,-1.0
1774358580000,Long,70644.6,70516.14192000001,70901.51616,2.0,70874.3,70610.1,11,Down,3.331,2.76,-93.57,-28.05,LondonNY,,20980,20995,STOP,-1.0
1774357620000,Short,70831.6,71086.02335999999,70322.75328000003,2.0,70997.4,70834.2,16,Up,1.218,3.024,34.15,7.09,LondonNY,,20964,20996,TARGET,2.0
1774363860000,Long,69852.5,69412.22576,70733.04848,2.0,69865.7,69567.8,10,Down,3.275,1.783,-245.21,-41.89,LondonNY,,21068,21175,STOP,-1.0
1774381920000,Long,69283.0,69170.6192,69507.7616,2.0,69445.0,69265.1,12,Down,1.202,1.947,-30.18,-8.17,NewYork,,21369,21396,TARGET,2.0
1774389420000,Long,70270.2,70108.36839999999,70593.8632,2.0,70386.6,70171.0,13,Down,1.202,2.08,-43.98,14.69,NewYork,,21494,21526,STOP,-1.0
1774394580000,Short,70516.2,70750.45511999998,70047.68976000002,2.0,70547.2,70464.9,8,Up,4.754,4.842,270.41,22.95,Asia,,21580,21586,STOP,-1.0
1774400940000,Long,70790.7,70603.87168,71164.35664,2.0,71028.0,70730.0,30,Down,1.225,2.146,-51.88,-9.94,Asia,,21686,21709,STOP,-1.0
1774406220000,Long,70712.3,70452.99247999999,71230.91504000004,2.0,70637.0,70533.4,12,Down,1.367,1.7,-35.65,3.27,Asia,,21774,21804,STOP,-1.0
1774408380000,Long,70468.2,70321.6976,70761.20479999999,2.0,70541.6,70441.2,11,Down,3.565,3.096,-105.73,-6.81,Asia,,21810,21833,TARGET,2.0
1774412940000,Short,70833.1,70956.71999999999,70585.86000000004,2.0,70869.0,70742.6,17,Up,3.261,1.989,98.28,-1.22,Asia,,21886,21918,STOP,-1.0
1774420440000,Long,71193.8,71066.90096,71447.59808000001,2.0,71233.7,71160.2,11,Down,1.511,1.59,-22.08,15.54,Asia,,22011,22031,STOP,-1.0
1774426500000,Long,70912.8,70760.3464,71217.70720000002,2.0,70980.0,70872.3,9,Down,3.53,1.989,-49.34,-7.47,London,,22112,22124,TARGET,2.0
1774432140000,Long,71128.0,71028.53167999999,71326.93664000003,2.0,71361.2,71108.0,30,Down,2.589,1.753,-83.55,-6.56,London,,22206,22215,TARGET,2.0
1774447920000,Long,71389.2,71251.05352,71665.49295999999,2.0,71666.6,71350.0,12,Down,1.987,3.154,-122.54,-26.88,LondonNY,,22469,22480,STOP,-1.0
1774452720000,Short,70969.5,71111.844,70684.812,2.0,71026.4,70850.9,8,Up,1.234,1.554,-40.03,10.49,LondonNY,,22549,22581,TARGET,2.0
1774468740000,Long,70853.2,70743.36,71072.87999999999,2.0,70973.6,70851.3,11,Down,1.593,2.47,1.5,0.11,NewYork,,22816,22818,STOP,-1.0
1774470480000,Long,70703.4,70546.51759999999,71017.1648,2.0,70781.9,70648.1,14,Down,1.998,1.547,-68.86,1.28,NewYork,,22845,22868,TARGET,2.0
1774469460000,Long,70734.2,70597.87647999999,71006.84704000001,2.0,70891.0,70713.1,13,Down,6.872,4.472,-170.94,-2.78,NewYork,,22828,22868,TARGET,2.0
1774472400000,Short,70940.8,71080.51895999999,70661.36208000004,2.0,70991.0,70859.5,8,Up,1.803,1.707,69.35,8.57,NewYork,,22877,22888,STOP,-1.0
1774476600000,Short,70957.9,71153.97768,70565.74463999999,2.0,71053.3,70967.0,8,Up,3.164,2.19,59.78,4.16,Asia,,22947,22967,STOP,-1.0
1774485240000,Short,71266.0,71399.37384,70999.25232,2.0,71280.0,71194.3,10,Up,2.607,2.685,-31.98,-2.56,Asia,,23091,23105,STOP,-1.0
1774498140000,Short,70800.1,70942.10831999998,70516.08336000005,2.0,70877.0,70760.1,24,Up,1.203,2.132,29.55,-1.77,Asia,,23306,23362,TARGET,2.0
1774496160000,Long,70780.8,70604.57112000001,71133.25776,2.0,70928.5,70672.0,10,Down,1.278,1.767,-65.42,-4.93,Asia,,23273,23362,STOP,-1.0
1774504920000,Long,69960.1,69759.54767999999,70361.20464000004,2.0,70166.0,69860.0,9,Down,1.893,1.785,-108.75,-95.05,Asia,,23419,23508,STOP,-1.0
1774510080000,Short,69906.0,70121.5524,69474.8952,2.0,70050.0,69864.6,10,Up,1.48,2.175,-3.27,-7.25,Asia,,23505,23530,STOP,-1.0
1774515120000,Short,69921.9,70053.9984,69657.70319999999,2.0,69940.1,69769.7,28,Up,3.57,1.662,54.71,7.34,London,,23589,23604,STOP,-1.0
1774513440000,Long,69841.5,69735.46696,70053.56607999999,2.0,69976.7,69822.1,9,Down,2.007,2.882,-93.42,-6.53,London,,23561,23604,TARGET,2.0
1774522860000,Long,69537.3,69394.53992000001,69822.82015999999,2.0,69534.9,69469.4,9,Down,1.624,2.739,-52.96,-15.38,London,,23718,23727,STOP,-1.0
1774523460000,Short,69528.8,69673.89455999999,69238.61088000004,2.0,69559.5,69417.0,8,Up,1.474,4.924,7.53,-12.75,London,,23728,23741,TARGET,2.0
1774524600000,Long,69386.0,69244.65992,69668.68015999999,2.0,69594.0,69330.1,19,Down,4.696,2.187,-46.1,-51.51,London,,23747,23773,STOP,-1.0
1774532160000,Long,69383.0,69280.93087999999,69587.13824000003,2.0,69487.0,69375.0,8,Down,1.837,2.142,-80.13,-16.12,LondonNY,,23873,23875,STOP,-1.0
1774536900000,Long,69386.2,69245.5592,69667.48159999998,2.0,69632.9,69360.9,12,Down,1.555,1.655,-65.61,-18.27,LondonNY,,23952,23963,STOP,-1.0
1774537680000,Short,69178.4,69597.33335999999,68340.53328,2.0,69471.4,69217.0,9,Up,3.869,2.032,366.91,7.09,LondonNY,,23965,24085,TIMEOUT,0.0
1774541880000,Long,68980.1,68796.71856000001,69346.86288,2.0,69135.0,68921.0,19,Down,1.83,1.726,-92.04,-7.05,LondonNY,,24035,24124,STOP,-1.0
1774577460000,Short,69075.2,69172.09344,68881.41312,2.0,69094.0,68910.3,16,Up,1.745,1.88,48.47,6.47,Asia,,24628,24657,TARGET,2.0
1774572000000,Long,68722.0,68403.7332,69358.5336,2.0,68736.3,68601.0,8,Down,6.783,4.377,-236.47,-14.44,Asia,,24537,24657,TIMEOUT,0.0
1774592760000,Short,68736.5,68818.71096,68572.07808,2.0,68737.9,68643.0,12,Up,1.562,1.526,28.06,-1.75,Asia,,24883,24925,TARGET,2.0
1774592940000,Short,68754.3,68848.73495999999,68565.43008000003,2.0,68770.2,68689.0,8,Up,2.354,5.101,31.77,-2.09,Asia,,24886,24929,STOP,-1.0
1774598340000,Long,68501.7,68393.34152,68718.41695999999,2.0,68662.7,68482.8,17,Down,1.748,1.786,-104.02,-0.51,Asia,,24976,24992,STOP,-1.0
1774614660000,Long,66533.3,66446.99983999999,66705.90032000003,2.0,66742.2,66524.0,22,Down,2.218,2.424,-75.79,-14.43,London,,25248,25250,STOP,-1.0
1774618260000,Short,66390.9,66696.61464,65779.47071999998,2.0,66607.8,66452.0,15,Up,1.39,7.895,-15.59,-3.37,LondonNY,,25308,25359,TARGET,2.0
1774630020000,Short,66034.9,66171.69503999999,65761.30992,2.0,66075.0,65780.0,32,Up,1.392,1.615,23.41,0.53,LondonNY,,25504,25522,STOP,-1.0
1774636260000,Short,65757.7,65890.67039999999,65491.759200000015,2.0,65772.2,65501.0,8,Up,1.635,2.084,84.24,-10.27,NewYork,,25608,25626,STOP,-1.0
1774648680000,Long,66029.1,65952.39584,66182.50832000002,2.0,66100.0,66012.9,15,Down,1.358,1.612,-7.25,-3.38,NewYork,,25815,25822,STOP,-1.0
1774654800000,Short,66188.3,66256.9632,66050.97360000001,2.0,66196.8,66118.2,8,Up,2.252,2.463,37.0,17.15,Asia,,25917,25921,STOP,-1.0
1774656000000,Short,66323.7,66437.1072,66096.8856,2.0,66345.7,66277.3,9,Up,2.461,1.627,98.6,20.36,Asia,,25937,25967,STOP,-1.0
1774656780000,Short,66263.8,66461.1264,65869.14720000002,2.0,66384.0,66310.6,9,Up,1.525,2.217,19.62,9.08,Asia,,25950,25972,STOP,-1.0
1774658640000,Short,66450.0,66521.37456,66307.25088,2.0,66455.3,66289.2,8,Up,1.259,1.528,33.89,9.16,Asia,,25981,25997,TARGET,2.0
1774658040000,Short,66387.4,66503.15999999999,66155.88,2.0,66409.3,66239.9,24,Up,1.802,1.77,34.66,1.5,Asia,,25971,26007,TARGET,2.0
1774669140000,Short,66129.3,66217.83191999998,65952.23616000004,2.0,66151.8,66084.2,23,Up,1.404,3.019,5.99,3.45,Asia,,26156,26194,STOP,-1.0
1774676940000,Short,66297.3,66373.056,66145.78800000002,2.0,66314.8,66245.8,9,Up,1.467,2.046,-0.97,5.48,Asia,,26286,26298,STOP,-1.0
1774677720000,Short,66285.2,66419.79336,66016.01328,2.0,66333.0,66245.8,17,Up,4.461,4.332,95.4,1.7,Asia,,26299,26313,STOP,-1.0
1774671420000,Long,66166.4,66042.02407999999,66415.15184,2.0,66217.5,66104.5,36,Down,1.252,5.285,-26.55,-9.18,Asia,,26194,26313,TARGET,2.0
1774684380000,Short,66445.2,66505.86215999999,66323.87568000001,2.0,66450.0,66391.7,35,Up,1.235,1.626,4.92,0.71,Asia,,26410,26413,STOP,-1.0
1774682520000,Short,66426.3,66503.15999999999,66272.58000000003,2.0,66431.7,66341.3,11,Up,1.305,1.584,34.53,2.54,Asia,,26379,26413,STOP,-1.0
1774684560000,Long,66472.9,66406.23247999999,66606.23504,2.0,66465.0,66413.5,8,Down,1.318,2.801,1.32,3.71,Asia,,26413,26459,STOP,-1.0
1774690560000,Long,66266.9,66187.10792000001,66426.48415999996,2.0,66339.8,66260.7,8,Down,1.605,1.523,-60.94,-1.98,London,,26513,26560,STOP,-1.0
1774692360000,Short,66333.9,66433.00391999999,66135.69216,2.0,66346.8,66252.8,8,Up,1.858,1.594,39.26,2.2,London,,26543,26563,TARGET,2.0
1774696440000,Short,66218.4,66328.62048,65997.95903999999,2.0,66222.0,66087.3,42,Up,5.024,2.248,131.13,11.02,London,,26611,26669,STOP,-1.0
1774703640000,Short,66440.1,66531.6828,66256.93440000003,2.0,66449.6,66388.0,15,Up,2.125,3.173,72.03,11.11,LondonNY,,26731,26748,STOP,-1.0
1774704540000,Long,66432.4,66310.50912,66676.18175999998,2.0,66478.5,66388.0,17,Down,2.174,2.984,-54.31,-5.29,LondonNY,,26746,26752,TARGET,2.0
1774699980000,Long,66366.4,66138.74664,66821.70671999999,2.0,66320.0,66220.0,8,Down,2.69,3.133,-64.25,-3.37,London,,26670,26756,TARGET,2.0
1774723140000,Long,66839.7,66747.5592,67023.98159999998,2.0,66907.6,66831.6,31,Down,2.727,3.968,-65.43,-6.42,NewYork,,27056,27176,TIMEOUT,0.0
1774729980000,Long,66925.3,66833.79016,67108.31968,2.0,66973.6,66904.3,8,Down,2.767,5.931,-48.63,-4.81,NewYork,,27170,27204,STOP,-1.0
1774727760000,Long,66841.6,66741.564,67041.67200000002,2.0,66864.0,66800.0,12,Down,2.712,2.794,-36.79,-1.07,NewYork,,27133,27245,STOP,-1.0
1774736340000,Long,66687.6,66510.2492,67042.3016,2.0,66693.9,66581.0,16,Down,1.643,2.933,10.89,-18.79,Asia,,27276,27325,STOP,-1.0
1774734300000,Short,66761.4,66913.38792,66457.42416,2.0,66847.4,66771.4,11,Up,1.275,3.104,23.39,-0.47,NewYork,,27242,27326,TARGET,2.0
1774746540000,Short,66462.9,66570.31368,66248.07263999997,2.0,66468.6,66341.5,20,Up,2.745,5.175,60.78,6.73,Asia,,27446,27458,STOP,-1.0
1774749240000,Short,66465.3,66619.85328,66156.19344000002,2.0,66533.9,66381.0,8,Up,1.668,7.49,10.64,-4.36,Asia,,27491,27518,STOP,-1.0
1774750500000,Short,66583.6,66669.59303999999,66411.61392000003,2.0,66591.1,66395.6,26,Up,1.757,2.443,39.11,10.41,Asia,,27512,27520,STOP,-1.0
1774767600000,Short,66626.4,66769.3728,66340.45439999999,2.0,66691.7,66608.2,24,Up,1.406,2.12,37.93,1.42,Asia,,27797,27917,TIMEOUT,0.0
1774775640000,Long,66658.4,66583.39064,66808.41871999999,2.0,66743.7,66653.1,34,Down,2.386,2.353,-6.88,-3.72,London,,27931,27949,STOP,-1.0
1774784280000,Long,66863.4,66680.71272000001,67228.77455999996,2.0,66832.9,66762.3,8,Down,1.5,2.808,-19.15,-0.1,London,,28075,28130,STOP,-1.0
1774796940000,Short,66586.5,66748.356,66262.788,2.0,66587.5,66464.2,30,Up,5.773,4.57,99.08,11.94,LondonNY,,28286,28406,TIMEOUT,0.0
1774804620000,Long,66374.3,66297.01992,66528.86016,2.0,66518.2,66359.4,8,Down,4.25,3.809,-60.27,-5.39,NewYork,,28414,28416,STOP,-1.0
1774813560000,Long,66361.2,66264.94559999999,66553.70880000001,2.0,66453.4,66355.0,10,Down,2.519,3.666,-30.59,-11.3,NewYork,,28563,28594,TARGET,2.0
1774809720000,Short,66430.3,66577.21919999999,66136.46160000002,2.0,66441.2,66320.1,29,Up,8.664,2.398,125.5,7.82,NewYork,,28499,28596,STOP,-1.0
1774814520000,Long,66378.8,66229.07432,66678.25136000001,2.0,66400.0,66302.7,13,Down,2.215,3.591,-13.22,-0.34,NewYork,,28579,28599,TARGET,2.0
1774822680000,Long,66335.5,66138.5468,66729.4064,2.0,66445.4,66216.8,9,Down,7.034,1.63,-233.65,-25.95,Asia,,28715,28737,STOP,-1.0
1774821600000,Short,66528.2,66772.27511999999,66040.04976000001,2.0,66666.0,66515.0,36,Up,10.38,3.776,221.35,15.98,Asia,,28697,28737,TARGET,2.0
1774844940000,Short,67414.8,67650.97751999999,66942.44496000004,2.0,67486.1,67333.9,17,Up,7.528,3.293,440.99,25.25,Asia,,29086,29116,STOP,-1.0
1774847400000,Short,67618.9,67742.1504,67372.39919999999,2.0,67625.1,67339.3,37,Up,4.02,2.999,135.69,8.22,Asia,,29127,29192,TARGET,2.0
1774854480000,Long,67362.5,67126.7556,67833.98879999999,2.0,67400.0,67216.1,47,Down,1.787,1.979,-28.14,-7.03,Asia,,29245,29301,TARGET,2.0
1774862220000,Long,67596.6,67484.46919999999,67820.86160000003,2.0,67760.0,67560.5,20,Down,1.256,4.716,-54.64,-14.31,London,,29374,29379,STOP,-1.0
1774858020000,Short,67700.9,67942.81079999999,67217.0784,2.0,67767.2,67508.8,9,Up,7.766,1.545,408.55,52.44,London,,29304,29424,TIMEOUT,0.0
1774867920000,Short,67439.2,67551.9984,67213.6032,2.0,67488.7,67378.8,8,Up,1.872,1.556,56.44,1.04,London,,29469,29484,STOP,-1.0
1774868580000,Short,67487.9,67579.5204,67304.6592,2.0,67498.0,67390.6,15,Up,2.347,1.508,28.64,8.11,London,,29480,29498,STOP,-1.0
1774869120000,Short,67532.1,67613.94791999999,67368.40416000003,2.0,67544.7,67444.2,11,Up,2.045,1.699,26.69,13.4,London,,29489,29502,STOP,-1.0
1774878120000,Long,67733.0,67650.836,67897.32800000001,2.0,68008.5,67732.6,16,Down,2.048,3.607,-128.72,11.64,LondonNY,,29639,29644,STOP,-1.0
1774877100000,Short,67901.7,68202.91871999999,67299.26256000002,2.0,67932.9,67775.3,46,Up,16.218,2.626,879.84,45.12,LondonNY,,29622,29685,TARGET,2.0
1774897140000,Long,66620.6,66403.23487999999,67055.33024000004,2.0,66794.9,66544.4,22,Down,5.469,1.517,-252.81,-18.65,NewYork,,29956,29963,STOP,-1.0
1774908480000,Long,66775.2,66666.1244,66993.35119999999,2.0,66971.2,66757.9,10,Down,1.386,1.634,-62.01,-4.57,Asia,,30145,30184,STOP,-1.0
1774910940000,Long,66700.2,66597.57927999999,66905.44144000001,2.0,66902.0,66668.2,42,Down,2.62,10.714,-53.58,4.22,Asia,,30186,30198,STOP,-1.0
1774905900000,Short,66830.9,66993.552,66505.59599999999,2.0,66888.0,66696.2,8,Up,6.224,4.66,145.69,12.06,NewYork,,30102,30198,TARGET,2.0
1774915200000,Short,66685.0,66822.51528,66409.96943999999,2.0,66741.0,66626.6,25,Up,1.374,6.284,55.13,-3.41,Asia,,30257,30291,STOP,-1.0
1774925580000,Short,68005.9,68104.43999999999,67808.82,2.0,68029.0,67802.2,25,Up,1.671,1.63,25.56,-8.44,Asia,,30430,30437,TARGET,2.0
1774930800000,Long,67799.4,67493.9616,68410.27679999999,2.0,67758.7,67557.9,17,Down,2.241,4.454,-109.88,-12.24,Asia,,30517,30523,STOP,-1.0
1774934100000,Long,67399.8,67306.6116,67586.1768,2.0,67588.0,67390.0,17,Down,1.992,1.821,-81.44,-5.74,Asia,,30572,30580,TARGET,2.0
1774938120000,Long,67473.6,67360.76823999999,67699.26352000004,2.0,67566.4,67427.9,8,Down,2.321,1.697,-126.43,-7.15,Asia,,30639,30642,STOP,-1.0
1774933380000,Long,67536.7,67336.088,67937.92399999998,2.0,67738.2,67441.8,39,Down,2.725,1.64,-96.09,-16.58,Asia,,30560,30642,STOP,-1.0
1774942500000,Short,67179.7,67350.23711999999,66838.62576000001,2.0,67259.9,67071.9,11,Up,2.41,4.402,156.32,5.3,Asia,,30712,30721,STOP,-1.0
1774948380000,Long,66658.2,66550.41704,66873.76591999999,2.0,66944.4,66655.0,29,Down,1.849,2.283,-12.14,-12.92,London,,30810,30813,STOP,-1.0
1774963920000,Short,66784.8,66932.70335999998,66488.99328000004,2.0,66800.1,66719.9,9,Up,2.143,1.928,35.15,10.51,LondonNY,,31069,31073,STOP,-1.0
1774959480000,Long,66644.5,66426.81599999999,67079.86800000002,2.0,66805.7,66520.0,37,Down,2.032,1.754,-111.82,-6.21,London,,30995,31076,TARGET,2.0
1774965780000,Short,67267.7,67554.0,66695.09999999999,2.0,67375.0,67089.8,14,Up,5.59,3.005,704.64,50.19,LondonNY,,31100,31114,STOP,-1.0
1774984800000,Short,67843.1,68040.18864,67448.92272000003,2.0,67979.8,67802.0,10,Up,1.438,1.569,66.45,10.28,NewYork,,31417,31462,STOP,-1.0
1775002500000,Long,68067.9,67920.91976,68361.86047999997,2.0,68188.8,68011.0,9,Down,2.483,1.923,-74.1,-20.54,Asia,,31712,31719,STOP,-1.0
1775000700000,Short,68200.0,68363.74728,67872.50544000001,2.0,68270.8,68175.5,14,Up,1.349,1.783,46.03,4.12,Asia,,31682,31724,TARGET,2.0
1775008800000,Long,67790.5,67653.334,68064.832,2.0,67920.0,67770.1,18,Down,1.986,1.575,-66.15,0.84,Asia,,31817,31842,STOP,-1.0
1775010420000,Long,67664.3,67502.05512,67988.78976,2.0,67881.2,67662.2,19,Down,2.684,1.943,-95.78,-9.11,Asia,,31844,31885,TARGET,2.0
1775016840000,Long,68037.1,67945.59999999999,68220.10000000003,2.0,68176.3,68034.0,8,Down,4.43,2.004,-196.32,-6.08,Asia,,31951,31977,TARGET,2.0
1775016600000,Short,68065.7,68258.16288,67680.77423999998,2.0,68147.7,68054.7,10,Up,2.172,3.239,112.25,3.64,Asia,,31947,31985,STOP,-1.0
1775015040000,Long,68025.7,67818.202,68440.69599999998,2.0,67988.0,67890.0,16,Down,2.073,2.635,-82.83,-1.46,Asia,,31921,31989,TARGET,2.0
1775041020000,Long,68483.6,68351.97464,68746.85072000002,2.0,68595.7,68456.0,12,Down,2.651,2.311,-83.69,-0.75,London,,32354,32452,STOP,-1.0
1775044920000,Short,68531.3,68752.75824,68088.38352000002,2.0,68649.9,68505.9,9,Up,3.733,2.271,38.8,5.94,London,,32419,32461,STOP,-1.0
1775048820000,Long,68185.3,68105.27216000001,68345.35568,2.0,68383.7,68169.3,11,Down,1.33,2.883,-46.05,-8.48,LondonNY,,32484,32487,TARGET,2.0
1775051700000,Short,68123.1,68332.6224,67704.05520000003,2.0,68144.6,67903.7,8,Up,1.472,2.216,58.91,-32.31,LondonNY,,32532,32557,STOP,-1.0
1775054340000,Short,68369.0,68653.57895999998,67799.84208000003,2.0,68487.0,68216.0,10,Up,2.858,1.898,328.57,20.17,LondonNY,,32576,32590,STOP,-1.0
1775075340000,Long,68021.5,67937.6064,68189.28719999999,2.0,68107.7,68000.0,9,Down,1.644,2.596,-22.4,0.09,NewYork,,32926,32927,STOP,-1.0
1775072040000,Short,68091.4,68310.50471999998,67653.19056000002,2.0,68207.6,68000.0,21,Up,2.462,1.538,83.14,11.9,NewYork,,32871,32964,STOP,-1.0
1775082720000,Short,68162.1,68277.5784,67931.14320000002,2.0,68184.2,68032.9,10,Up,2.155,1.649,41.14,-1.33,Asia,,33049,33058,STOP,-1.0
1775080740000,Short,68324.7,68496.95375999999,67980.19248000001,2.0,68331.3,68230.1,13,Up,2.351,1.513,82.29,-3.62,NewYork,,33016,33107,TARGET,2.0
1775091300000,Short,68540.5,68634.56375999999,68352.37248000002,2.0,68563.4,68391.6,9,Up,2.149,1.628,44.75,16.86,Asia,,33192,33193,STOP,-1.0
1775091480000,Short,68587.5,68694.01128,68374.47743999999,2.0,68591.4,68395.0,8,Up,2.592,1.992,126.71,15.43,Asia,,33195,33196,TARGET,2.0
1775110920000,Short,66669.1,66763.16784,66480.96432000003,2.0,66672.9,66530.0,8,Up,2.304,1.505,30.13,-12.42,Asia,,33519,33591,STOP,-1.0
1775110500000,Long,66650.7,66476.776,66998.548,2.0,66591.9,66540.0,12,Down,1.699,1.698,-75.62,1.5,Asia,,33512,33632,TIMEOUT,0.0
1775116200000,Short,66838.9,66938.50799999999,66639.68400000001,2.0,66860.0,66732.8,12,Up,2.347,3.537,25.0,19.98,Asia,,33607,33635,TARGET,2.0
1775122860000,Short,66406.9,66540.89016,66138.91967999999,2.0,66451.7,66386.5,9,Up,2.29,2.689,127.84,8.25,London,,33718,33811,TARGET,2.0
1775128500000,Long,66355.9,66241.06472000001,66585.57055999996,2.0,66449.7,66321.9,9,Down,1.348,17.307,-27.89,-10.02,London,,33812,33849,STOP,-1.0
1775132580000,Long,66023.4,65914.2264,66241.74719999998,2.0,66227.0,66001.0,23,Down,11.147,1.941,-417.16,-20.84,London,,33880,33933,STOP,-1.0
1775144460000,Short,66757.8,67014.26856,66244.86288000002,2.0,66891.2,66596.2,23,Up,1.293,1.589,24.08,-1.48,LondonNY,,34078,34131,STOP,-1.0
1775168220000,Short,66930.1,67003.56,66783.18000000002,2.0,66930.3,66864.0,9,Up,1.479,1.638,35.55,1.33,Asia,,34474,34482,TARGET,2.0
1775170740000,Short,66954.0,67035.18528,66791.62943999999,2.0,66975.0,66885.0,11,Up,2.08,1.992,55.96,6.3,Asia,,34516,34521,STOP,-1.0
1775169600000,Short,66937.1,67024.37664,66762.54672000001,2.0,66965.9,66782.0,19,Up,2.269,2.09,57.93,-1.14,Asia,,34497,34521,STOP,-1.0
1775168760000,Long,66864.3,66781.13232,67030.63536,2.0,66965.9,66864.0,14,Down,3.247,3.099,-84.36,1.05,Asia,,34483,34521,TARGET,2.0
1775174820000,Short,66884.7,66959.0244,66736.0512,2.0,66892.0,66820.6,19,Up,2.803,2.421,34.99,0.83,Asia,,34584,34617,TARGET,2.0
1775175060000,Long,66818.0,66725.27704,67003.44592,2.0,66976.2,66790.0,9,Down,1.744,4.106,-31.73,0.55,Asia,,34588,34621,STOP,-1.0
1775171760000,Short,66924.9,67113.44784,66547.80432,2.0,67050.0,66912.1,8,Up,1.361,1.586,6.3,-6.75,Asia,,34533,34653,TIMEOUT,0.0
1775182440000,Long,66479.6,66382.45152,66673.89696000001,2.0,66600.2,66457.6,27,Down,1.751,5.31,-70.27,-15.71,Asia,,34711,34713,TARGET,2.0
1775186100000,Short,66582.4,66676.09823999999,66395.00352,2.0,66594.9,66461.0,13,Up,1.509,2.181,88.99,-15.05,Asia,,34772,34778,STOP,-1.0
1775190900000,Long,66513.8,66414.8256,66711.74880000002,2.0,66605.7,66505.6,8,Down,1.973,1.944,-22.57,-2.25,Asia,,34852,34894,STOP,-1.0
1775191980000,Short,66573.0,66674.19671999999,66370.60656000001,2.0,66578.1,66468.0,17,Up,2.033,1.552,43.29,-1.86,Asia,,34870,34907,STOP,-1.0
1775199900000,Short,66730.0,66860.24544,66469.50912,2.0,66782.0,66700.0,10,Up,3.717,1.831,84.41,1.73,Asia,,35002,35006,STOP,-1.0
1775215440000,Short,66867.1,66957.72335999999,66685.85328000004,2.0,66888.2,66790.6,29,Up,4.01,2.524,72.04,4.42,London,,35261,35268,STOP,-1.0
1775219400000,Short,66978.1,67164.08832,66606.12336000003,2.0,67029.9,66910.0,13,Up,6.578,28.85,155.45,6.42,London,,35327,35346,TARGET,2.0
1775224500000,Long,66615.4,66448.89832000001,66948.40335999997,2.0,66705.7,66525.4,39,Down,1.451,2.134,-19.53,-5.05,LondonNY,,35412,35444,TARGET,2.0
1775229120000,Short,66962.1,67052.5992,66781.10160000002,2.0,66968.1,66773.3,45,Up,2.447,1.956,106.39,1.91,LondonNY,,35489,35522,TARGET,2.0
1775246400000,Long,66844.3,66772.23943999999,66988.42112000003,2.0,66882.9,66841.3,8,Down,1.205,1.811,-8.41,0.95,NewYork,,35777,35897,TIMEOUT,0.0
1775252700000,Long,66900.2,66846.67984,67007.24032,2.0,66900.3,66813.2,37,Down,1.835,2.377,31.88,8.24,NewYork,,35882,35903,STOP,-1.0
1775253660000,Long,66898.6,66814.006,67067.78800000003,2.0,66946.3,66875.7,8,Down,2.403,1.587,-10.02,17.21,Asia,,35898,35905,STOP,-1.0
1775249820000,Long,66825.9,66760.94847999999,66955.80304,2.0,66888.0,66821.5,19,Down,1.436,3.325,-11.22,0.66,NewYork,,35834,35954,TIMEOUT,0.0
1775250420000,Long,66831.9,66746.56,67002.57999999999,2.0,66854.7,66812.0,8,Down,1.717,1.887,6.16,0.41,NewYork,,35844,35964,TIMEOUT,0.0
1775259000000,Long,66873.8,66750.85656,67119.68688000001,2.0,66930.6,66818.5,44,Down,8.087,2.17,-118.4,-2.69,Asia,,35987,36107,TIMEOUT,0.0
1775265840000,Long,66848.3,66766.34416000001,67012.21168,2.0,66895.7,66835.3,13,Down,4.01,2.473,-32.9,-1.71,Asia,,36101,36221,TIMEOUT,0.0
1775268720000,Short,66807.6,66941.41032,66539.97936000003,2.0,66850.3,66806.7,8,Up,1.659,4.587,18.56,1.74,Asia,,36149,36269,TIMEOUT,0.0
1775276100000,Long,66784.9,66716.584,66921.53199999998,2.0,66821.8,66781.3,8,Down,3.224,1.539,-2.34,-1.22,Asia,,36272,36386,TARGET,2.0
1775281140000,Short,66863.9,66961.92671999999,66667.84656,2.0,66878.8,66817.8,8,Up,8.38,2.564,79.62,4.22,Asia,,36356,36425,STOP,-1.0
1775300700000,Short,67144.8,67232.24279999999,66969.91440000002,2.0,67150.3,67000.0,17,Up,5.679,2.457,148.29,28.18,London,,36682,36802,TIMEOUT,0.0
1775308860000,Short,67079.7,67156.98264,66925.13471999999,2.0,67083.7,67028.6,35,Up,1.406,1.631,18.71,-0.36,LondonNY,,36818,36833,STOP,-1.0
1775304120000,Short,67122.4,67206.222,66954.756,2.0,67134.9,67084.5,8,Up,1.595,1.857,27.3,-3.81,London,,36739,36833,STOP,-1.0
1775304720000,Long,67084.4,66995.16096000001,67262.87807999997,2.0,67152.5,67064.3,8,Down,2.786,1.911,-41.65,-3.7,London,,36749,36869,TIMEOUT,0.0
1775310960000,Long,67200.8,67119.06176,67364.27648000001,2.0,67240.0,67180.4,8,Down,2.204,1.968,-54.98,-3.52,LondonNY,,36853,36895,STOP,-1.0
1775315400000,Short,67231.0,67332.92328,67027.15344,2.0,67236.0,67092.3,17,Up,4.06,1.964,287.31,21.69,LondonNY,,36927,36928,STOP,-1.0
1775320200000,Short,67395.2,67471.53408,67242.53184,2.0,67395.8,67300.6,8,Up,2.592,1.741,62.46,10.35,LondonNY,,37007,37016,STOP,-1.0
1775321100000,Short,67450.2,67530.18096,67290.23808,2.0,67460.0,67332.9,16,Up,2.296,1.654,101.06,34.74,LondonNY,,37022,37037,TARGET,2.0
1775330100000,Short,67399.9,67526.47799999999,67146.744,2.0,67421.1,67275.3,13,Up,6.219,12.378,82.17,11.5,NewYork,,37172,37292,TIMEOUT,0.0
1775337780000,Long,67246.8,67127.15527999999,67486.08944000003,2.0,67269.4,67220.3,43,Down,6.541,1.737,-27.23,0.04,NewYork,,37300,37420,TIMEOUT,0.0
1775342700000,Short,67379.4,67486.84631999998,67164.50736000002,2.0,67415.5,67332.2,31,Up,2.633,1.551,31.16,0.19,Asia,,37382,37502,TIMEOUT,0.0
1775352780000,Long,67092.2,67024.43752,67227.72495999998,2.0,67176.0,67082.0,26,Down,1.321,1.885,-22.38,-1.89,Asia,,37550,37578,STOP,-1.0
1775351520000,Long,67171.0,67028.33439999999,67456.33120000002,2.0,67200.0,67123.0,10,Down,6.598,1.904,-71.61,-9.63,Asia,,37529,37578,STOP,-1.0
1775366340000,Long,67085.7,67023.43832,67210.22335999999,2.0,67127.5,67080.7,8,Down,2.054,2.359,-21.13,0.6,Asia,,37776,37777,STOP,-1.0
1775364660000,Long,67076.0,66997.65896,67232.68208,2.0,67110.4,67062.0,8,Down,2.809,1.747,-6.11,-2.37,Asia,,37748,37806,STOP,-1.0
1775362380000,Long,67054.4,66981.17216,67200.85567999998,2.0,67106.1,67043.1,8,Down,1.862,1.716,-9.4,-4.14,Asia,,37710,37807,STOP,-1.0
1775366520000,Long,67047.0,66956.39199999999,67228.21600000001,2.0,67097.9,67040.7,8,Down,4.019,2.231,-38.51,-1.13,Asia,,37779,37808,STOP,-1.0
1775365920000,Short,67086.9,67176.19799999999,66908.304,2.0,67118.5,67051.3,26,Up,4.124,3.531,59.24,1.54,Asia,,37769,37812,TARGET,2.0
1775373420000,Short,66809.5,66940.60968,66547.28064000001,2.0,66865.0,66771.5,14,Up,2.337,7.618,106.45,-1.81,Asia,,37894,38000,STOP,-1.0
1775379960000,Short,66886.0,66986.54639999999,66684.90720000002,2.0,66925.8,66851.9,12,Up,2.933,3.254,46.91,9.61,London,,38003,38021,STOP,-1.0
1775381340000,Short,66973.1,67045.39344,66828.51312000002,2.0,66980.0,66890.7,8,Up,1.774,1.656,8.67,5.52,London,,38026,38092,STOP,-1.0
1775391300000,Long,66899.8,66819.5016,67060.3968,2.0,66975.0,66880.0,16,Down,1.633,1.928,-1.03,-12.98,London,,38192,38207,STOP,-1.0
1775397900000,Short,66884.2,66959.5248,66733.5504,2.0,66884.4,66834.3,10,Up,2.356,1.591,58.83,9.26,LondonNY,,38302,38373,STOP,-1.0
1775401680000,Long,66885.2,66801.61592000001,67052.36815999997,2.0,66916.9,66871.0,12,Down,2.997,1.669,-54.14,-8.27,LondonNY,,38365,38381,TARGET,2.0
1775426400000,Short,67472.5,67727.03831999999,66963.42336000002,2.0,67569.6,67394.8,9,Up,4.113,9.308,169.22,7.17,Asia,,38777,38780,STOP,-1.0
1775427000000,Short,67540.3,67732.1424,67156.61520000001,2.0,67638.2,67446.1,8,Up,2.296,2.407,33.98,8.98,Asia,,38787,38820,STOP,-1.0
1775437620000,Long,68920.0,68760.84727999999,69238.30544000003,2.0,69133.5,68904.1,8,Down,4.885,1.827,-208.33,-33.41,Asia,,38964,39016,STOP,-1.0
1775448840000,Long,69039.0,68957.98943999999,69201.02112000002,2.0,69172.4,69035.8,9,Down,2.939,1.876,-86.33,-13.63,Asia,,39151,39158,STOP,-1.0
1775446800000,Short,69106.1,69261.3648,68795.57040000003,2.0,69177.6,69030.0,13,Up,1.318,2.057,13.71,-4.74,Asia,,39117,39237,TIMEOUT,0.0
1775453040000,Short,69123.4,69242.74991999999,68884.70016000001,2.0,69174.1,69110.8,13,Up,1.594,2.119,12.87,2.63,Asia,,39221,39264,STOP,-1.0
1775456160000,Short,69234.8,69372.75383999999,68958.89232000003,2.0,69247.8,69063.2,9,Up,5.669,1.772,109.57,6.15,Asia,,39273,39279,TARGET,2.0
1775472360000,Short,69712.2,70038.18576,69060.22848,2.0,69845.4,69698.6,16,Up,8.761,5.069,618.62,27.37,London,,39543,39663,TIMEOUT,0.0
1775486280000,Short,69372.6,69847.13304,68423.53392000002,2.0,69688.5,69437.6,16,Up,5.354,4.838,165.05,15.43,LondonNY,,39775,39843,STOP,-1.0
1775491920000,Short,69937.6,70143.56999999999,69525.66000000003,2.0,69947.8,69762.0,22,Up,5.327,1.949,390.03,21.46,LondonNY,,39869,39902,STOP,-1.0
1775506140000,Long,69666.0,69526.93392000001,69944.13215999998,2.0,69862.2,69632.8,46,Down,3.143,1.858,-30.38,-10.02,NewYork,,40106,40193,STOP,-1.0
1775524920000,Short,68741.2,68933.40264,68356.79471999999,2.0,68789.2,68521.8,8,Up,3.353,1.57,-111.15,-15.86,Asia,,40419,40448,TARGET,2.0
1775527800000,Long,68430.8,68187.30648,68917.78704000001,2.0,68418.8,68333.5,10,Down,2.146,1.636,-120.28,-17.62,Asia,,40467,40587,TIMEOUT,0.0
1775535240000,Long,68637.6,68554.21272000001,68804.37456,2.0,68755.0,68617.3,11,Down,2.141,2.161,-34.7,-0.42,Asia,,40591,40594,STOP,-1.0
1775541540000,Long,68627.5,68522.73792,68837.02416,2.0,68720.8,68600.0,17,Down,5.575,1.786,-186.12,-5.65,Asia,,40696,40705,STOP,-1.0
1775543040000,Long,68506.6,68352.07456000001,68815.65088,2.0,68635.9,68415.0,16,Down,2.037,5.2,-29.61,-13.34,Asia,,40721,40840,TARGET,2.0
1775559840000,Long,68160.4,67978.5736,68524.05279999998,2.0,68427.1,68137.6,15,Down,2.649,2.012,-84.23,-30.86,London,,41001,41111,TARGET,2.0
1775569800000,Long,68286.8,68113.4656,68633.46880000002,2.0,68424.4,68196.6,8,Down,1.294,1.78,23.82,-9.09,LondonNY,,41167,41178,STOP,-1.0
1775571540000,Long,67830.3,67709.7888,68071.32240000002,2.0,67955.8,67788.3,9,Down,1.479,1.601,-91.0,-60.86,LondonNY,,41196,41198,TARGET,2.0
1775576040000,Short,68124.7,68232.54239999999,67909.01520000001,2.0,68154.7,67945.2,9,Up,1.206,1.628,21.56,21.91,LondonNY,,41271,41291,STOP,-1.0
1775574600000,Long,67876.3,67699.99664,68228.90672000001,2.0,68017.2,67791.2,12,Down,1.797,1.706,-126.15,-4.98,LondonNY,,41247,41291,TARGET,2.0
1775588220000,Long,68420.3,68264.14496,68732.61008,2.0,68489.6,68378.0,8,Down,4.926,2.148,-173.29,-26.91,NewYork,,41474,41496,TARGET,2.0
1775586960000,Short,68554.5,68754.95999999999,68153.58000000002,2.0,68645.0,68516.7,15,Up,1.251,2.777,47.66,-9.62,NewYork,,41453,41496,STOP,-1.0
1775622180000,Short,71473.4,71596.03104,71228.13791999998,2.0,71517.0,71432.1,10,Up,3.577,2.782,7.81,13.47,Asia,,42040,42054,STOP,-1.0
1775623320000,Short,71592.5,71695.31039999999,71386.87920000002,2.0,71635.8,71488.0,8,Up,1.822,1.638,79.77,0.88,Asia,,42059,42096,STOP,-1.0
1775629500000,Short,71799.9,71929.49759999999,71540.7048,2.0,71828.0,71587.9,11,Up,3.323,1.801,63.72,13.34,Asia,,42162,42282,TIMEOUT,0.0
1775635020000,Long,71595.0,71494.55856,71795.88287999999,2.0,71660.0,71563.0,14,Down,1.38,1.542,-11.34,-7.03,Asia,,42254,42290,TARGET,2.0
1775637360000,Short,71639.8,71865.94679999999,71187.50640000003,2.0,71800.0,71642.5,30,Up,1.613,4.482,58.75,0.05,London,,42293,42322,STOP,-1.0
1775647260000,Short,71527.4,71676.19511999999,71229.80976,2.0,71568.7,71483.3,10,Up,1.21,3.361,42.19,4.22,London,,42458,42487,STOP,-1.0
1775648460000,Long,71498.5,71382.04864,71731.40272000001,2.0,71640.0,71492.5,21,Down,1.407,2.709,-56.65,-11.61,London,,42478,42508,TARGET,2.0
1775649960000,Long,71687.5,71624.75432000001,71812.99135999999,2.0,71687.6,71639.6,9,Down,3.246,2.219,214.93,45.16,London,,42503,42510,TARGET,2.0
1775650800000,Short,71653.4,71882.05968,71196.08063999997,2.0,71799.6,71645.1,9,Up,1.718,2.118,67.76,99.6,London,,42517,42532,STOP,-1.0
1775664480000,Short,71343.8,71454.51791999998,71122.36416000004,2.0,71384.0,71247.7,11,Up,1.423,2.055,8.66,6.27,LondonNY,,42745,42760,STOP,-1.0
1775669760000,Long,71853.4,71418.8192,72722.56159999999,2.0,71725.6,71512.6,9,Down,2.115,8.443,93.81,-7.42,NewYork,,42833,42874,STOP,-1.0
1775676960000,Long,71249.0,70965.38223999999,71816.23552000002,2.0,71233.5,71081.4,14,Down,1.557,4.076,-105.04,3.4,NewYork,,42953,43073,TIMEOUT,0.0
1775694660000,Long,70873.0,70689.10343999999,71240.79312000002,2.0,70980.1,70833.1,10,Down,10.696,1.694,-411.76,-16.46,Asia,,43248,43262,STOP,-1.0
1775695560000,Long,70745.3,70655.4304,70925.03920000001,2.0,70980.1,70728.0,20,Down,1.314,6.024,-69.7,-28.6,Asia,,43263,43264,STOP,-1.0
1775695860000,Long,70660.0,70568.9996,70842.00080000001,2.0,70801.6,70632.0,10,Down,1.464,2.371,-66.5,-31.68,Asia,,43268,43272,TARGET,2.0
1775706600000,Long,70986.1,70780.92992000001,71396.44016,2.0,70957.9,70893.5,8,Down,1.834,3.231,-26.36,-2.58,Asia,,43447,43482,STOP,-1.0
1775708940000,Long,70820.1,70726.67336,71006.95328000002,2.0,71022.1,70807.8,41,Down,1.886,2.063,-41.07,-7.28,Asia,,43486,43504,STOP,-1.0
1775714040000,Long,70934.6,70831.2896,71141.22080000001,2.0,71036.1,70911.7,8,Down,1.915,3.199,-67.89,-1.67,Asia,,43571,43601,STOP,-1.0
1775713200000,Short,71008.8,71119.8504,70786.69920000002,2.0,71049.0,70939.8,8,Up,1.671,1.641,64.29,19.61,Asia,,43557,43606,TARGET,2.0
1775720640000,Short,70971.0,71056.79999999999,70799.40000000002,2.0,70973.9,70914.2,8,Up,1.727,2.354,23.72,2.79,Asia,,43681,43727,STOP,-1.0
1775734260000,Long,71124.0,71018.83944,71334.32112000001,2.0,71199.0,71089.1,10,Down,2.67,2.149,-65.27,-16.69,London,,43908,43958,STOP,-1.0
1775737380000,Long,71047.3,70953.192,71235.51600000002,2.0,71214.3,71045.1,8,Down,2.737,5.553,-55.81,-4.35,London,,43960,43963,TARGET,2.0
1775737860000,Short,71164.9,71314.00559999999,70866.6888,2.0,71214.3,70978.8,10,Up,3.8,2.007,65.6,-6.06,London,,43968,43996,STOP,-1.0
1775741400000,Long,71073.9,70970.97776,71279.74448,2.0,71111.0,71067.5,13,Down,1.447,3.154,-53.54,-4.73,LondonNY,,44027,44028,STOP,-1.0
1775741760000,Long,71047.8,70873.15607999999,71397.08784000004,2.0,71128.4,71030.0,8,Down,5.936,1.706,-154.01,-6.05,LondonNY,,44033,44034,STOP,-1.0
1775741940000,Long,70913.7,70708.98752000001,71323.12495999997,2.0,71128.4,70868.0,8,Down,6.643,2.559,-252.26,-9.94,LondonNY,,44036,44047,STOP,-1.0
1775742480000,Long,70804.9,70665.62224,71083.45551999999,2.0,71073.1,70765.6,14,Down,2.184,1.781,-77.15,-19.82,LondonNY,,44045,44052,STOP,-1.0
1775743020000,Long,70755.1,70617.56072000001,71030.17856,2.0,70929.0,70703.9,13,Down,2.163,2.272,-27.63,-27.06,LondonNY,,44054,44066,STOP,-1.0
1775744880000,Long,70553.3,70453.69192,70752.51616000001,2.0,70823.3,70550.0,36,Down,1.535,1.632,-150.93,-10.04,LondonNY,,44085,44095,TARGET,2.0
1775756280000,Long,72438.2,72049.3144,73215.97119999999,2.0,72443.9,72171.5,10,Down,1.36,1.587,-123.74,-20.92,NewYork,,44275,44298,STOP,-1.0
1775764800000,Long,72101.5,71965.98112000001,72372.53775999998,2.0,72267.3,72051.1,12,Down,2.237,1.62,-154.11,15.95,NewYork,,44417,44423,STOP,-1.0
1775768940000,Short,72234.4,72495.95039999999,71711.29920000001,2.0,72393.4,72248.3,18,Up,1.314,5.147,35.84,12.59,NewYork,,44486,44551,STOP,-1.0
1775776800000,Long,71822.5,71662.624,72142.25200000001,2.0,72094.4,71800.1,15,Down,1.404,1.521,-94.42,8.04,Asia,,44617,44626,STOP,-1.0
1775781480000,Short,71782.6,71919.98999999999,71507.82000000004,2.0,71826.6,71573.0,9,Up,1.362,2.147,101.43,16.0,Asia,,44695,44697,STOP,-1.0
1775777460000,Long,71672.3,71525.53376,71965.83248,2.0,71886.0,71599.9,13,Down,1.251,1.642,-91.02,31.94,Asia,,44628,44708,TARGET,2.0
1775784120000,Short,71765.6,72103.03631999998,71090.72736000005,2.0,71995.8,71778.5,26,Up,2.626,4.703,115.27,3.79,Asia,,44739,44749,STOP,-1.0
1775796600000,Short,71897.2,71972.43191999999,71746.73616000001,2.0,71898.6,71781.9,12,Up,1.269,3.355,22.54,-0.42,Asia,,44947,44948,STOP,-1.0
1775804220000,Long,71765.1,71702.49208,71890.31584000002,2.0,71962.2,71760.6,13,Down,1.216,1.656,-28.76,-7.77,Asia,,45074,45084,STOP,-1.0
1775804880000,Long,71769.8,71683.80704,71941.78592000001,2.0,71852.8,71754.4,13,Down,1.262,2.835,-42.5,-7.67,Asia,,45085,45089,STOP,-1.0
1775803740000,Short,71843.0,72039.78575999998,71449.42848000003,2.0,71958.5,71834.1,9,Up,8.951,1.69,89.52,-0.62,Asia,,45066,45129,TARGET,2.0
1775810820000,Short,71541.4,71787.38399999999,71049.432,2.0,71688.5,71583.9,10,Up,1.427,3.794,14.11,-9.28,London,,45184,45215,STOP,-1.0
1775812800000,Short,71756.3,71875.95479999999,71516.99040000002,2.0,71776.3,71460.1,36,Up,4.594,2.525,124.51,8.27,London,,45217,45307,STOP,-1.0
1775815620000,Long,71717.0,71617.36024,71916.27952000001,2.0,71800.0,71701.1,24,Down,1.651,2.175,-36.74,-0.86,London,,45264,45317,TARGET,2.0
1775823780000,Short,72074.7,72305.39808,71613.30384,2.0,72182.4,72034.7,23,Up,2.314,2.66,104.1,5.58,London,,45400,45406,STOP,-1.0
1775824140000,Long,72134.7,71921.71656,72560.66687999999,2.0,72294.9,72032.2,9,Down,2.798,5.467,-137.46,-0.94,London,,45406,45471,STOP,-1.0
1775829900000,Short,72394.7,72513.66455999999,72156.77088000001,2.0,72399.1,72150.3,10,Up,5.131,3.625,544.12,32.76,LondonNY,,45502,45504,STOP,-1.0
1775834760000,Short,72850.0,73314.30455999999,71921.39088000002,2.0,73084.0,72784.8,22,Up,5.548,2.091,682.08,29.05,LondonNY,,45583,45703,TIMEOUT,0.0
1775875140000,Short,72998.5,73111.54248,72772.41503999999,2.0,73000.0,72905.0,19,Up,14.113,1.869,474.71,24.54,Asia,,46256,46332,TARGET,2.0
1775880780000,Short,72785.0,72978.336,72398.32800000001,2.0,72887.1,72765.8,8,Up,3.121,6.12,53.72,-8.19,Asia,,46350,46470,TIMEOUT,0.0
1775888760000,Long,72630.0,72559.9056,72770.1888,2.0,72691.7,72620.0,14,Down,2.294,1.67,-22.55,6.98,Asia,,46483,46540,TARGET,2.0
1775891640000,Long,72709.9,72656.12856,72817.44287999999,2.0,72740.0,72672.2,15,Down,2.864,8.993,-18.93,-1.94,Asia,,46531,46564,STOP,-1.0
1775897640000,Long,72641.2,72554.11024,72815.37952,2.0,72728.0,72638.3,22,Down,2.994,9.406,-26.45,-3.73,London,,46631,46657,TARGET,2.0
1775923260000,Short,72787.4,72890.36568,72581.46863999998,2.0,72800.0,72701.9,14,Up,2.679,1.874,-0.87,-0.6,LondonNY,,47058,47071,STOP,-1.0
1775945160000,Long,73461.0,73267.93872,73847.12255999999,2.0,73500.0,73354.1,14,Down,1.511,1.794,-26.59,4.81,Asia,,47423,47447,STOP,-1.0
1775944200000,Short,73439.6,73531.57824,73255.64352000001,2.0,73440.9,73267.9,17,Up,1.758,2.517,39.09,15.03,NewYork,,47407,47447,TARGET,2.0
1775948640000,Short,73064.5,73414.88496,72363.73008000001,2.0,73328.6,73183.4,19,Up,8.616,10.666,313.18,12.9,Asia,,47481,47601,TIMEOUT,0.0
1775964360000,Long,71658.0,71522.736,71928.52799999999,2.0,71780.0,71600.3,14,Down,1.861,1.979,-20.52,-1.67,Asia,,47743,47785,STOP,-1.0
1775963640000,Long,71708.4,71545.7176,72033.76479999998,2.0,71831.8,71638.0,8,Down,2.273,1.556,-14.92,-2.17,Asia,,47731,47785,STOP,-1.0
1775967240000,Long,71558.8,71463.7832,71748.8336,2.0,71724.5,71550.0,42,Down,2.077,1.92,-63.73,-14.46,Asia,,47791,47794,STOP,-1.0
1775964780000,Short,71582.0,71762.16384,71221.67232000001,2.0,71691.8,71575.0,8,Up,2.224,1.569,96.49,5.52,Asia,,47750,47870,TIMEOUT,0.0
1775970120000,Long,71495.7,71351.27328,71784.55344,2.0,71557.2,71465.5,17,Down,6.908,2.024,-354.77,-22.37,Asia,,47839,47959,TIMEOUT,0.0
1775984280000,Long,71606.0,71522.53616,71772.92768,2.0,71735.1,71600.0,8,Down,3.346,1.693,-14.42,-7.96,London,,48075,48078,STOP,-1.0
1775983620000,Short,71600.3,71765.66664,71269.56672000002,2.0,71689.6,71643.5,8,Up,1.54,1.84,-9.53,1.81,London,,48064,48184,TIMEOUT,0.0
1775991720000,Long,71452.5,71301.81288,71753.87424,2.0,71485.2,71437.3,9,Down,8.531,1.633,-78.11,-11.11,London,,48199,48268,STOP,-1.0
1776005700000,Long,70731.5,70642.64064,70909.21872,2.0,70849.1,70712.4,8,Down,3.037,2.175,-106.63,-41.12,LondonNY,,48432,48466,STOP,-1.0
1776007860000,Long,70677.6,70549.81496,70933.17008000001,2.0,70826.9,70655.6,41,Down,5.157,4.166,-410.31,-10.43,LondonNY,,48468,48559,TARGET,2.0
1776013860000,Short,70869.2,70985.54303999999,70636.51392000001,2.0,70922.6,70822.0,9,Up,1.328,1.522,16.46,8.98,NewYork,,48568,48605,STOP,-1.0
1776015360000,Short,70934.8,71025.67511999999,70753.04976000004,2.0,70946.5,70876.5,12,Up,2.416,3.301,33.61,7.13,NewYork,,48593,48607,STOP,-1.0
1776014520000,Long,70935.6,70799.3152,71208.16960000002,2.0,70958.2,70868.6,9,Down,2.22,2.256,6.64,7.02,NewYork,,48579,48699,TIMEOUT,0.0
1776023640000,Long,71090.2,70985.96576,71298.66847999998,2.0,71130.1,71042.8,18,Down,1.221,4.39,-18.84,-7.34,NewYork,,48731,48743,STOP,-1.0
1776022740000,Long,71082.8,70985.96576,71276.46848,2.0,71130.1,71075.5,8,Down,3.071,2.05,-67.52,-3.87,NewYork,,48716,48743,STOP,-1.0
1776025200000,Short,70981.7,71048.2932,70848.51359999999,2.0,70988.7,70920.4,8,Up,5.306,2.163,19.51,-21.47,NewYork,,48757,48768,STOP,-1.0
1776021240000,Short,71100.0,71255.9592,70788.0816,2.0,71154.2,71106.9,8,Up,7.817,5.114,119.17,0.56,NewYork,,48691,48778,STOP,-1.0
1776028260000,Short,71191.5,71481.03911999999,70612.42176000003,2.0,71348.0,71186.9,16,Up,1.847,2.607,61.72,17.54,NewYork,,48808,48883,TARGET,2.0
1776031200000,Short,70878.5,71391.46751999999,69852.56496000002,2.0,71250.3,71175.0,8,Up,5.459,22.591,122.05,-6.89,Asia,,48857,48977,TIMEOUT,0.0
1776043860000,Long,71029.7,70936.30552000001,71216.48895999997,2.0,71132.6,71020.3,8,Down,2.958,1.54,-49.91,-16.24,Asia,,49068,49096,TARGET,2.0
1776046380000,Long,70999.9,70898.43583999999,71202.82832,2.0,71230.0,70990.7,43,Down,2.741,1.584,-86.22,7.38,Asia,,49110,49121,TARGET,2.0
1776049140000,Long,71047.0,70913.32392000001,71314.35215999998,2.0,71049.3,70977.0,9,Down,1.523,2.294,-47.83,-13.35,Asia,,49156,49194,STOP,-1.0
1776053880000,Long,70920.7,70808.50783999999,71145.08432000001,2.0,70970.0,70882.6,10,Down,1.269,1.761,9.19,0.93,Asia,,49235,49282,STOP,-1.0
1776050040000,Short,71027.3,71156.67984,70768.54032000001,2.0,71058.2,70960.0,11,Up,5.754,3.705,156.62,3.8,Asia,,49171,49287,TARGET,2.0
1776059160000,Long,70821.3,70654.53112,71154.83776000001,2.0,70840.5,70722.0,22,Down,1.98,4.243,-54.54,-7.84,Asia,,49323,49418,STOP,-1.0
1776076920000,Short,70751.3,70846.632,70560.63600000001,2.0,70782.5,70643.5,8,Up,1.509,2.771,17.81,-3.94,London,,49619,49651,STOP,-1.0
1776076560000,Long,70734.9,70586.9852,71030.72959999999,2.0,70765.3,70700.0,15,Down,3.17,1.589,-62.59,-3.12,London,,49613,49704,TARGET,2.0
1776081960000,Long,70887.5,70766.24167999999,71130.01664000002,2.0,70929.4,70872.4,12,Down,1.879,1.782,-1.9,-0.42,London,,49703,49728,STOP,-1.0
1776087000000,Short,71106.7,71266.76784,70786.56431999999,2.0,71174.7,71037.3,14,Up,3.939,1.658,239.14,23.21,LondonNY,,49787,49795,TARGET,2.0
1776088860000,Short,71513.9,71686.40328,71168.89343999999,2.0,71598.0,71280.2,8,Up,1.332,2.452,50.13,-29.25,LondonNY,,49818,49832,STOP,-1.0
1776098040000,Short,72179.5,72334.52135999998,71869.45728000003,2.0,72234.7,71990.6,12,Up,3.584,2.638,259.31,25.05,LondonNY,,49971,49983,STOP,-1.0
1776099180000,Short,72049.9,72438.30431999998,71273.09136000002,2.0,72322.4,72085.7,19,Up,1.586,3.709,108.6,18.31,LondonNY,,49990,50026,STOP,-1.0
1776106800000,Short,72361.7,72466.82711999999,72151.44576000002,2.0,72380.0,72218.9,19,Up,3.067,2.518,201.69,13.52,NewYork,,50117,50132,STOP,-1.0
1776115140000,Short,73108.5,73313.60399999999,72698.29200000002,2.0,73218.9,73026.7,9,Up,1.805,1.936,85.97,0.33,NewYork,,50256,50277,STOP,-1.0
1776121800000,Short,74686.4,74816.60544,74425.98911999998,2.0,74690.0,74411.1,13,Up,1.443,3.031,308.84,75.96,Asia,,50367,50386,STOP,-1.0
1776128520000,Long,74063.4,73952.99024,74284.21951999998,2.0,74385.5,74057.7,15,Down,2.046,2.881,-100.3,-44.95,Asia,,50479,50497,TARGET,2.0
1776146400000,Long,74259.5,74160.624,74457.25200000001,2.0,74330.0,74231.4,22,Down,1.699,2.426,-35.89,1.33,Asia,,50777,50830,TARGET,2.0
1776150060000,Short,74434.5,74577.61439999999,74148.27120000002,2.0,74470.0,74363.1,8,Up,7.371,3.906,240.91,21.88,Asia,,50838,50839,STOP,-1.0
1776164340000,Short,74309.8,74468.02679999999,73993.34640000002,2.0,74369.9,74300.0,8,Up,2.716,2.284,24.3,0.27,London,,51076,51196,TIMEOUT,0.0
1776171420000,Short,74352.5,74471.12928,74115.24144000001,2.0,74383.2,74264.2,11,Up,1.738,4.138,78.38,1.25,London,,51194,51197,STOP,-1.0
1776166200000,Short,74300.1,74477.83464,73944.63072000002,2.0,74404.6,74277.4,27,Up,1.22,1.66,62.19,2.99,London,,51107,51197,STOP,-1.0
1776173280000,Short,74556.0,74757.25799999999,74153.48400000003,2.0,74638.0,74480.2,12,Up,3.591,1.587,131.6,11.07,LondonNY,,51225,51229,STOP,-1.0
1776167340000,Long,74388.0,74207.78624,74748.42752,2.0,74408.5,74282.0,21,Down,1.48,3.104,-33.15,0.36,London,,51126,51229,TARGET,2.0
1776173640000,Short,74695.2,74897.8704,74289.85919999999,2.0,74699.9,74452.8,11,Up,9.461,2.107,486.4,28.27,LondonNY,,51231,51236,STOP,-1.0
1776175200000,Short,75414.2,75544.3872,75153.8256,2.0,75442.7,75110.0,8,Up,1.72,3.488,121.31,61.56,LondonNY,,51257,51263,STOP,-1.0
1776177180000,Short,75635.4,75978.73439999999,74948.73120000001,2.0,75830.0,75503.4,10,Up,2.448,2.689,786.01,81.25,LondonNY,,51290,51316,TARGET,2.0
1776183480000,Short,75244.2,75745.44791999999,74241.70416000001,2.0,75479.0,75253.3,8,Up,5.87,2.713,963.42,41.3,LondonNY,,51395,51471,TARGET,2.0
1776202740000,Long,74003.1,73904.12936,74201.04128,2.0,74137.6,74000.0,20,Down,3.304,4.202,-79.02,-1.48,NewYork,,51716,51717,STOP,-1.0
1776204000000,Short,74182.0,74254.45608,74037.08784,2.0,74188.8,73934.1,9,Up,1.277,1.61,12.09,12.82,Asia,,51737,51745,STOP,-1.0
1776204360000,Long,74222.6,74034.42504,74598.94992000001,2.0,74295.7,74149.0,9,Down,1.409,2.427,-13.48,19.99,Asia,,51743,51756,STOP,-1.0
1776205920000,Long,74012.4,73870.05664,74297.08671999999,2.0,74269.1,73971.0,13,Down,1.218,2.168,-19.76,-3.67,Asia,,51769,51774,STOP,-1.0
1776209700000,Short,74071.9,74215.72511999999,73784.24976,2.0,74132.4,74014.9,8,Up,1.576,2.189,55.94,11.09,Asia,,51832,51857,STOP,-1.0
1776211080000,Long,74127.4,73940.8,74500.59999999998,2.0,74200.1,74100.0,11,Down,7.32,2.347,-248.06,1.02,Asia,,51855,51860,TARGET,2.0
1776229800000,Long,74218.0,74137.6424,74378.7152,2.0,74390.0,74211.3,23,Down,2.292,1.626,-18.11,2.32,Asia,,52167,52177,STOP,-1.0
1776228540000,Long,74299.3,74151.93096,74594.03808000001,2.0,74341.5,74250.0,8,Down,1.749,1.926,-33.98,-8.22,Asia,,52146,52177,STOP,-1.0
1776236820000,Long,73818.3,73740.95999999999,73972.98000000003,2.0,73909.6,73815.3,9,Down,3.003,2.739,-10.11,-12.63,Asia,,52284,52289,TARGET,2.0
1776237180000,Short,73905.7,74029.77648,73657.54703999999,2.0,73909.6,73788.0,10,Up,2.168,1.536,51.84,-7.57,Asia,,52290,52293,TARGET,2.0
1776239340000,Long,73659.6,73390.2408,74198.31840000002,2.0,73697.2,73530.1,23,Down,6.128,6.417,-145.46,-6.02,Asia,,52326,52446,TIMEOUT,0.0
1776248100000,Short,74035.4,74114.14391999999,73877.91216,2.0,74047.2,73868.0,47,Up,1.246,1.649,11.91,10.28,London,,52472,52483,TARGET,2.0
1776243720000,Short,74034.7,74213.62344,73676.85312,2.0,74104.0,73991.7,13,Up,3.436,2.39,80.6,-4.86,London,,52399,52502,STOP,-1.0
1776259800000,Short,74301.0,74428.9956,74045.00880000001,2.0,74318.8,74130.0,23,Up,1.588,1.643,103.68,7.0,LondonNY,,52667,52673,TARGET,2.0
1776260340000,Long,74086.7,73960.784,74338.53199999999,2.0,74380.0,74058.6,10,Down,2.492,1.642,-89.16,-13.46,LondonNY,,52676,52677,STOP,-1.0
1776272700000,Short,73991.7,74070.50903999999,73834.08192000001,2.0,73992.1,73776.0,15,Up,1.489,1.788,39.54,2.38,NewYork,,52882,52883,STOP,-1.0
1776276060000,Short,74066.6,74171.68991999999,73856.42016000004,2.0,74088.8,73873.8,14,Up,2.222,2.106,41.8,-1.25,NewYork,,52938,52938,STOP,-1.0
1776275100000,Long,73945.7,73814.70096,74207.69807999999,2.0,74197.1,73911.0,20,Down,1.567,1.859,-39.49,2.92,NewYork,,52922,52938,TARGET,2.0
1776274140000,Short,74076.3,74237.14224,73754.61552,2.0,74096.9,73874.5,28,Up,3.219,1.926,95.85,5.47,NewYork,,52906,52940,STOP,-1.0
1776289080000,Long,74583.0,74448.49352,74852.01296,2.0,74649.6,74536.5,13,Down,1.72,2.193,1.58,-0.75,NewYork,,53155,53179,TARGET,2.0
1776293160000,Short,75033.8,75485.94048,74129.51904,2.0,75148.2,74852.0,32,Up,17.806,1.681,1071.37,63.7,Asia,,53223,53343,TIMEOUT,0.0
1776299400000,Long,74650.6,74421.71496,75108.37008000002,2.0,74659.6,74537.7,11,Down,4.103,2.852,8.25,-10.49,Asia,,53327,53362,STOP,-1.0
1776304920000,Short,74655.6,74752.75439999999,74461.29120000004,2.0,74676.3,74473.2,47,Up,1.21,1.797,13.3,0.38,Asia,,53419,53442,STOP,-1.0
1776307560000,Short,75029.4,75155.87664,74776.44671999998,2.0,75051.8,74855.8,10,Up,1.91,2.305,26.99,23.92,Asia,,53463,53469,TARGET,2.0
1776312360000,Long,74906.9,74740.16,75240.37999999998,2.0,74964.0,74825.1,19,Down,1.527,2.436,-47.52,-0.08,Asia,,53543,53585,STOP,-1.0
1776314820000,Short,74870.1,75047.9904,74514.31920000003,2.0,74974.7,74800.0,38,Up,1.556,10.044,74.37,90.85,Asia,,53584,53622,STOP,-1.0
1776315000000,Long,74842.3,74615.65968,75295.58064000001,2.0,75130.0,74822.0,8,Down,8.472,7.372,144.13,91.29,Asia,,53587,53707,TIMEOUT,0.0
1776324480000,Long,74861.7,74761.14319999999,75062.81360000001,2.0,74940.1,74847.0,17,Down,1.403,1.64,-45.35,-0.58,Asia,,53745,53761,STOP,-1.0
1776322080000,Long,74934.0,74742.75792,75316.48415999999,2.0,75013.0,74922.3,14,Down,16.633,2.72,-509.11,-30.67,Asia,,53705,53761,STOP,-1.0
1776326760000,Long,74596.3,74504.04904,74780.80192000001,2.0,74730.0,74590.3,14,Down,1.993,2.595,-96.91,-29.38,London,,53783,53785,STOP,-1.0
1776327000000,Long,74533.3,74428.4096,74743.08080000001,2.0,74711.8,74518.4,9,Down,3.922,2.744,-210.57,-25.16,London,,53787,53851,TARGET,2.0
1776339540000,Short,74358.8,74516.56559999999,74043.26880000003,2.0,74368.4,74234.9,38,Up,7.172,1.832,24.82,10.77,London,,53996,54009,STOP,-1.0
1776341460000,Short,74719.5,74806.79759999999,74544.90480000002,2.0,74723.1,74490.0,13,Up,2.973,2.88,149.71,0.27,London,,54028,54070,TARGET,2.0
1776346800000,Long,74630.0,74512.64216,74864.71568,2.0,74874.3,74580.9,8,Down,1.567,3.323,-13.36,5.67,LondonNY,,54117,54117,STOP,-1.0
1776346200000,Short,74841.8,75008.75903999999,74507.88192000003,2.0,74892.1,74822.9,8,Up,4.268,3.263,171.43,20.49,LondonNY,,54107,54117,TARGET,2.0
1776351480000,Short,73903.2,74215.02455999999,73279.55088000001,2.0,74063.1,73836.7,8,Up,1.489,1.551,293.15,21.48,LondonNY,,54195,54205,STOP,-1.0
1776377280000,Short,75025.3,75118.44671999999,74839.00656000002,2.0,75035.5,74736.5,41,Up,2.88,1.715,116.66,11.37,Asia,,54625,54635,TARGET,2.0
1776381720000,Short,74980.4,75084.31943999999,74772.56112,2.0,75003.5,74866.4,17,Up,1.896,1.626,-2.48,5.87,Asia,,54699,54700,STOP,-1.0
1776382620000,Short,75079.5,75173.99111999999,74890.51776000002,2.0,75097.2,74900.4,17,Up,2.808,2.718,92.65,-5.9,Asia,,54714,54759,TARGET,2.0
1776386880000,Long,74906.5,74814.80024,75089.89952,2.0,74995.7,74890.0,9,Down,2.619,2.071,-86.09,-1.68,Asia,,54785,54817,STOP,-1.0
1776381900000,Short,75017.7,75157.27776,74738.54448,2.0,75024.3,74873.2,8,Up,4.36,2.162,14.48,2.45,Asia,,54702,54817,TARGET,2.0
1776390900000,Long,74695.4,74490.26008,75105.67984,2.0,74898.1,74578.7,33,Down,3.155,2.19,-91.45,-5.29,Asia,,54852,54886,STOP,-1.0
1776396420000,Short,74677.8,74765.66471999999,74502.07056000004,2.0,74690.1,74644.2,8,Up,1.38,2.286,-2.53,-5.49,Asia,,54944,54949,STOP,-1.0
1776406740000,Short,74700.8,74832.01775999999,74438.36448000003,2.0,74744.5,74559.7,15,Up,2.778,3.782,50.87,5.07,Asia,,55116,55145,STOP,-1.0
1776408000000,Short,74767.1,74858.23872,74584.82256000003,2.0,74788.0,74724.0,11,Up,8.446,3.805,170.16,2.33,Asia,,55137,55146,STOP,-1.0
1776405960000,Long,74714.1,74500.05223999999,75142.19552000004,2.0,74696.8,74604.8,8,Down,2.393,2.008,-31.55,1.91,Asia,,55103,55223,TIMEOUT,0.0
1776410100000,Short,74965.4,75058.99919999999,74778.2016,2.0,74980.0,74855.1,12,Up,1.575,1.784,20.97,15.07,Asia,,55172,55224,STOP,-1.0
1776412800000,Short,75004.2,75107.43791999998,74797.72416000003,2.0,75030.0,74916.9,8,Up,1.421,1.507,38.58,14.68,London,,55217,55225,STOP,-1.0
1776414360000,Short,75070.0,75180.09599999999,74849.80800000002,2.0,75078.0,74951.6,10,Up,3.01,3.018,90.63,0.29,London,,55243,55248,STOP,-1.0
1776417360000,Short,75815.7,75960.41975999999,75526.26048000001,2.0,75869.0,75560.0,20,Up,2.789,1.904,615.26,35.95,London,,55293,55304,STOP,-1.0
1776418200000,Short,75927.2,76357.13688,75067.32623999998,2.0,75950.6,75670.6,18,Up,10.363,3.125,1914.15,91.65,London,,55307,55367,TARGET,2.0
1776426660000,Long,75480.8,75281.82632000001,75878.74736,2.0,75540.2,75388.4,18,Down,1.329,1.621,-58.8,-9.12,London,,55448,55481,TARGET,2.0
1776428760000,Short,75593.6,75821.1084,75138.58320000002,2.0,75722.9,75599.0,8,Up,2.89,5.29,-84.06,11.95,London,,55483,55486,STOP,-1.0
1776442440000,Short,77817.9,78047.28791999999,77359.12416,2.0,77929.8,77660.0,10,Up,3.251,5.342,216.88,12.93,LondonNY,,55711,55716,STOP,-1.0
1776447000000,Long,77327.8,77138.24,77706.92,2.0,77543.0,77277.6,8,Down,2.739,1.699,-125.78,-15.79,NewYork,,55787,55826,STOP,-1.0
1776452880000,Long,77087.0,76860.36248,77540.27504000001,2.0,77328.0,77040.0,20,Down,5.524,1.752,-133.32,-4.89,NewYork,,55885,55943,TARGET,2.0
1776456600000,Short,77384.8,77574.30984,77005.78032,2.0,77495.0,77280.0,8,Up,1.822,1.707,49.87,2.86,NewYork,,55947,56067,TIMEOUT,0.0
1776462180000,Long,77331.8,77186.80112,77621.79776,2.0,77398.2,77300.0,8,Down,2.875,2.38,-45.06,6.01,NewYork,,56040,56124,STOP,-1.0
1776463140000,Short,77400.1,77520.9672,77158.36560000002,2.0,77443.4,77344.2,10,Up,1.25,1.511,-2.19,-0.67,NewYork,,56056,56126,TARGET,2.0
1776476700000,Long,77190.4,77087.58056,77396.03887999998,2.0,77258.7,77160.0,13,Down,3.729,3.873,-104.14,-4.82,Asia,,56282,56298,STOP,-1.0
1776477720000,Long,77102.6,77028.328,77251.14400000003,2.0,77203.5,77090.0,11,Down,1.751,1.591,-57.1,-0.99,Asia,,56299,56310,TARGET,2.0
1776480240000,Short,77282.8,77385.15864,77078.08272000002,2.0,77305.6,77218.0,9,Up,2.208,1.869,53.83,8.28,Asia,,56341,56388,TARGET,2.0
1776477000000,Long,77180.4,77064.49904,77412.20191999999,2.0,77274.6,77149.3,10,Down,2.22,2.397,-76.17,-3.53,Asia,,56287,56388,STOP,-1.0
1776490800000,Short,77095.8,77211.71999999999,76863.96000000004,2.0,77126.8,77063.7,8,Up,2.444,2.048,70.99,-3.11,Asia,,56517,56637,TIMEOUT,0.0
1776496860000,Long,77021.5,76938.4,77187.70000000001,2.0,77086.5,77020.2,14,Down,2.827,1.565,-31.31,0.04,Asia,,56618,56638,STOP,-1.0
1776506760000,Long,76382.4,76258.84408,76629.51183999999,2.0,76574.4,76319.9,10,Down,3.955,8.937,96.88,-33.31,London,,56783,56784,STOP,-1.0
1776512340000,Short,75779.7,76163.68224,75011.73552,2.0,76065.4,75870.0,25,Up,1.723,5.36,135.71,15.7,London,,56876,56897,STOP,-1.0
1776514740000,Short,76176.8,76307.29703999999,75915.80592000003,2.0,76214.5,76089.2,9,Up,1.574,1.554,37.99,33.18,London,,56916,56992,TARGET,2.0
1776519420000,Long,75934.1,75817.7972,76166.70560000002,2.0,76148.5,75927.3,13,Down,2.657,2.731,-93.67,-12.36,LondonNY,,56994,56995,STOP,-1.0
1776523440000,Short,76152.8,76251.05208,75956.29584000002,2.0,76163.0,76035.6,8,Up,2.519,5.877,61.83,20.83,LondonNY,,57061,57077,STOP,-1.0
1776520140000,Long,76002.5,75751.15056,76505.19888000001,2.0,76033.2,75866.2,8,Down,2.954,2.455,-115.69,-17.28,LondonNY,,57006,57126,TIMEOUT,0.0
1776524520000,Short,76265.6,76403.77415999999,75989.25168000004,2.0,76268.2,76123.0,23,Up,5.73,1.803,149.66,17.86,LondonNY,,57079,57128,TARGET,2.0
1776529260000,Long,76024.8,75954.38784,76165.62432000002,2.0,76176.6,76019.0,10,Down,2.656,2.458,-88.9,-66.17,LondonNY,,57158,57169,STOP,-1.0
1776535740000,Long,75793.8,75684.60384,76012.19232000002,2.0,75843.3,75783.8,8,Down,1.608,1.834,-53.37,-16.31,NewYork,,57266,57273,STOP,-1.0
1776532320000,Short,75843.3,75991.2444,75547.41120000002,2.0,75893.0,75750.0,10,Up,1.518,2.326,165.79,0.03,NewYork,,57209,57288,TARGET,2.0
1776538440000,Short,75499.9,75702.21336,75095.27328,2.0,75577.2,75395.9,9,Up,1.571,1.714,118.79,-13.86,NewYork,,57311,57324,STOP,-1.0
1776542880000,Short,75638.3,75728.73456,75457.43088000001,2.0,75655.8,75532.3,36,Up,2.124,1.723,44.72,7.55,NewYork,,57385,57395,STOP,-1.0
1776543540000,Short,75636.3,75755.556,75397.78800000002,2.0,75684.1,75558.6,14,Up,2.109,4.67,53.17,10.28,NewYork,,57396,57421,STOP,-1.0
1776545580000,Short,75752.0,75856.73688,75542.52624,2.0,75754.7,75659.9,9,Up,1.702,1.552,33.75,8.07,NewYork,,57430,57550,TIMEOUT,0.0
1776557400000,Short,75769.2,75860.03951999999,75587.52096000001,2.0,75772.7,75651.4,8,Up,1.482,1.766,20.66,2.42,Asia,,57627,57637,TARGET,2.0
1776556860000,Long,75684.0,75579.488,75893.024,2.0,75732.8,75653.4,27,Down,1.492,1.687,-1.39,2.62,Asia,,57618,57637,STOP,-1.0
1776590820000,Long,75029.4,74841.27904,75405.64192,2.0,75150.0,74980.0,11,Down,7.627,1.905,-190.87,-5.83,London,,58184,58286,TARGET,2.0
1776599460000,Short,75511.3,75598.4304,75337.03920000001,2.0,75513.6,75295.0,37,Up,1.305,2.434,41.81,10.34,London,,58328,58338,STOP,-1.0
1776600600000,Short,75476.4,75660.48,75108.23999999999,2.0,75589.2,75450.0,17,Up,2.043,5.826,145.86,15.8,London,,58347,58352,STOP,-1.0
1776613800000,Short,75705.6,75855.93624,75404.92752000003,2.0,75749.5,75554.3,8,Up,1.441,1.503,70.4,-28.73,LondonNY,,58567,58629,TARGET,2.0
1776612120000,Short,75866.8,76131.8568,75336.68640000002,2.0,76047.9,75886.7,8,Up,1.678,2.372,15.94,3.8,LondonNY,,58539,58630,TARGET,2.0
1776627120000,Long,74968.4,74763.74112,75377.71775999997,2.0,74988.0,74863.2,10,Down,2.019,4.497,-84.37,2.87,NewYork,,58789,58818,STOP,-1.0
1776631860000,Long,74670.8,74353.4696,75305.46080000002,2.0,74831.8,74608.0,10,Down,15.081,4.367,-574.42,-30.05,NewYork,,58868,58928,STOP,-1.0
1776636960000,Long,73906.4,73790.92,74137.35999999999,2.0,74158.6,73881.4,9,Down,1.422,1.631,-155.2,-56.84,Asia,,58953,58957,STOP,-1.0
1776640620000,Long,73841.6,73728.9696,74066.86080000002,2.0,73997.8,73814.2,8,Down,1.695,1.725,-46.59,-8.83,Asia,,59014,59056,STOP,-1.0
1776655260000,Short,74453.0,74559.70008,74239.59984000001,2.0,74473.0,74326.6,12,Up,10.394,5.457,311.26,-1.06,Asia,,59258,59281,STOP,-1.0
1776656760000,Long,74555.3,74453.68936,74758.52128,2.0,74556.3,74353.1,30,Down,2.601,2.471,72.16,3.62,Asia,,59283,59312,STOP,-1.0
1776656940000,Short,74555.3,74629.75608,74406.38784,2.0,74566.7,74475.2,8,Up,2.027,1.943,83.36,11.65,Asia,,59286,59317,TARGET,2.0
1776659700000,Short,74443.8,74542.68648,74246.02704,2.0,74477.4,74397.9,15,Up,1.624,1.89,59.86,-10.11,Asia,,59332,59346,STOP,-1.0
1776659100000,Long,74459.5,74362.962,74652.576,2.0,74512.5,74440.3,9,Down,1.427,1.684,-33.4,-11.39,Asia,,59322,59362,STOP,-1.0
1776691500000,Long,75053.7,74891.63872,75377.82255999999,2.0,75271.7,75024.0,12,Down,2.516,5.501,-122.79,-10.62,LondonNY,,59862,59867,STOP,-1.0
1776691800000,Short,75079.7,75225.33215999999,74788.43568000001,2.0,75109.5,74951.6,10,Up,1.766,2.355,150.78,3.12,LondonNY,,59867,59870,STOP,-1.0
1776687960000,Short,75380.6,75693.5064,74754.78720000002,2.0,75416.7,75249.5,9,Up,12.753,1.981,464.53,43.02,London,,59803,59922,STOP,-1.0
1776704940000,Short,75517.9,75666.9852,75219.72959999999,2.0,75533.9,75242.5,33,Up,6.875,1.513,165.58,4.49,NewYork,,60086,60093,STOP,-1.0
1776707460000,Short,75835.4,75953.31408,75599.57183999999,2.0,75839.0,75551.2,33,Up,3.913,1.529,82.42,7.18,NewYork,,60128,60137,STOP,-1.0
1776703260000,Long,75497.2,75199.792,76092.01599999999,2.0,75483.3,75280.8,15,Down,1.456,1.754,-26.82,0.4,LondonNY,,60058,60139,TARGET,2.0
1776724680000,Short,75951.9,76060.79999999999,75734.1,2.0,75968.4,75853.5,8,Up,1.239,2.529,1.74,-6.49,Asia,,60415,60441,TARGET,2.0
1776727260000,Long,75703.2,75565.39928,75978.80144,2.0,75770.1,75670.5,13,Down,4.6,1.813,-115.07,-27.91,Asia,,60458,60464,STOP,-1.0
1776729780000,Short,75795.1,75946.80888,75491.68224000002,2.0,75843.1,75708.7,20,Up,2.645,2.031,33.2,6.73,Asia,,60500,60531,STOP,-1.0
1776731580000,Short,75863.6,75978.83448,75633.13104000001,2.0,75885.2,75744.8,19,Up,1.625,2.356,32.32,4.16,Asia,,60530,60543,STOP,-1.0
1776745200000,Long,75592.0,75498.35296,75779.29407999999,2.0,75630.0,75569.0,9,Down,2.303,2.734,-40.16,-0.43,Asia,,60757,60794,TARGET,2.0
1776744120000,Short,75665.2,75770.0676,75455.4648,2.0,75680.0,75559.9,11,Up,4.08,2.366,95.31,14.29,Asia,,60739,60794,STOP,-1.0
1776757860000,Short,76131.1,76333.41791999999,75726.46416000003,2.0,76199.2,75981.0,13,Up,2.962,1.55,120.55,11.29,Asia,,60968,60997,STOP,-1.0
1776756840000,Long,76063.6,75920.31512,76350.16976000002,2.0,76276.4,76054.7,9,Down,2.488,1.566,-87.49,30.09,Asia,,60951,61016,TARGET,2.0
1776779040000,Short,75961.7,76204.91519999999,75475.26960000001,2.0,75995.3,75688.0,8,Up,3.392,2.845,218.99,0.9,LondonNY,,61321,61353,STOP,-1.0
1776790860000,Long,75754.3,75624.75176,76013.39648000001,2.0,75948.6,75705.4,8,Down,1.845,2.929,-26.59,-12.4,NewYork,,61518,61521,STOP,-1.0
1776798840000,Short,75571.0,75820.608,75071.78400000001,2.0,75713.3,75425.8,10,Up,1.235,3.776,14.28,5.69,NewYork,,61651,61660,STOP,-1.0
1776797640000,Long,75470.1,75212.7816,75984.73680000001,2.0,75566.5,75330.6,28,Down,1.722,4.877,-25.68,-0.8,NewYork,,61631,61674,STOP,-1.0
1776818220000,Long,76257.8,76109.064,76555.27200000001,2.0,76400.0,76201.2,15,Down,1.978,1.844,-205.82,-15.34,Asia,,61974,62017,STOP,-1.0
1776844200000,Short,78004.6,78096.9276,77819.94480000003,2.0,78028.5,77837.1,8,Up,1.897,1.763,-70.28,2.87,Asia,,62407,62417,STOP,-1.0
1776842280000,Short,77935.6,78093.32471999999,77620.15056000004,2.0,77998.9,77890.0,25,Up,2.453,1.976,39.6,6.78,Asia,,62375,62417,STOP,-1.0
1776846180000,Short,78050.2,78246.14688,77658.30623999999,2.0,78140.5,78015.5,15,Up,2.553,1.718,80.35,8.7,London,,62440,62560,TIMEOUT,0.0
1776846360000,Long,78035.0,77893.93496,78317.13008,2.0,78186.0,77991.6,8,Down,1.607,6.021,-60.05,3.49,London,,62443,62563,TIMEOUT,0.0
1776856140000,Short,78085.6,78207.51599999999,77841.76800000004,2.0,78132.8,78040.0,11,Up,1.507,2.73,14.95,20.39,London,,62606,62614,STOP,-1.0
1776857700000,Short,78218.4,78339.1212,77976.9576,2.0,78254.4,78054.5,25,Up,2.217,4.883,72.67,10.44,London,,62632,62659,STOP,-1.0
1776860220000,Short,78343.4,78486.83928,78056.52143999998,2.0,78381.1,78122.9,44,Up,3.447,6.584,100.59,16.17,London,,62674,62747,STOP,-1.0
1776864720000,Short,78339.9,78716.92319999999,77585.8536,2.0,78462.2,78120.1,32,Up,13.564,4.885,924.55,20.68,LondonNY,,62749,62762,STOP,-1.0
1776866700000,Short,78686.6,78820.506,78418.78800000003,2.0,78738.0,78420.7,15,Up,1.494,2.204,134.75,44.76,LondonNY,,62782,62786,STOP,-1.0
1776877260000,Long,78859.5,78523.83064,79530.83872,2.0,78819.9,78670.0,8,Down,4.468,2.717,-2.62,8.89,NewYork,,62958,63078,TIMEOUT,0.0
1776898680000,Long,78540.0,78340.47744,78939.04512,2.0,78520.0,78420.0,9,Down,1.383,1.586,-42.37,1.99,Asia,,63315,63337,STOP,-1.0
1776902940000,Short,78101.5,78429.09311999999,77446.31376000002,2.0,78316.1,78111.6,37,Up,1.358,2.464,17.39,-0.49,Asia,,63386,63405,STOP,-1.0
1776903540000,Long,78361.0,77921.01328,79240.97344,2.0,78366.4,78016.4,8,Down,4.882,4.873,-155.48,-42.43,Asia,,63396,63516,TIMEOUT,0.0
1776923640000,Short,77931.9,78079.81391999999,77636.07216000001,2.0,77980.0,77807.4,8,Up,3.45,3.826,74.6,1.73,Asia,,63731,63740,STOP,-1.0
1776925200000,Long,78149.8,78065.9972,78317.40560000001,2.0,78227.5,78137.0,9,Down,1.601,1.962,-90.8,20.53,Asia,,63757,63785,STOP,-1.0
1776931140000,Long,78009.1,77863.55927999999,78300.18144000004,2.0,78135.9,77970.0,22,Down,3.135,1.95,-99.2,-17.66,Asia,,63856,63888,STOP,-1.0
1776936180000,Short,77524.9,77701.41144,77171.87711999999,2.0,77580.0,77400.2,9,Up,1.371,2.086,33.99,-26.13,London,,63940,63956,STOP,-1.0
1776944280000,Short,77448.7,77549.89031999999,77246.31936000001,2.0,77460.0,77321.6,38,Up,3.29,1.791,142.35,15.15,London,,64075,64080,STOP,-1.0
1776945780000,Short,77680.6,77789.58191999998,77462.63616000005,2.0,77709.1,77555.0,12,Up,1.605,1.519,26.75,18.0,London,,64100,64102,STOP,-1.0
1776952920000,Long,77485.8,77317.99608,77821.40784000001,2.0,77656.4,77423.4,30,Down,2.016,1.979,-68.39,-2.34,LondonNY,,64219,64243,TARGET,2.0
1776954540000,Short,77690.5,77862.23999999999,77347.02000000002,2.0,77724.2,77434.3,9,Up,2.453,2.482,166.23,22.44,LondonNY,,64246,64247,STOP,-1.0
1776981600000,Long,77955.9,77753.14768,78361.40464,2.0,77978.3,77890.1,9,Down,4.921,3.125,-91.75,2.82,Asia,,64697,64817,TIMEOUT,0.0
1776989280000,Long,78249.2,78063.79896,78620.00207999999,2.0,78266.0,78173.6,24,Down,1.355,2.227,-36.05,4.85,Asia,,64825,64885,STOP,-1.0
1776990240000,Short,78300.0,78467.72399999999,77964.55200000003,2.0,78328.9,78120.0,18,Up,6.196,2.669,145.77,10.96,Asia,,64841,64899,TARGET,2.0
1777010040000,Short,77745.2,77902.272,77431.056,2.0,77763.0,77664.8,8,Up,4.394,2.081,196.75,13.73,Asia,,65171,65172,STOP,-1.0
1777005900000,Long,77557.9,77351.0696,77971.56079999998,2.0,77814.7,77539.7,18,Down,5.259,2.667,-156.03,-6.87,Asia,,65102,65172,TARGET,2.0
1777012440000,Long,77803.1,77699.39072000001,78010.51856,2.0,77920.0,77784.4,8,Down,1.236,1.574,-48.37,-9.95,Asia,,65211,65253,STOP,-1.0
1777008420000,Long,77574.8,77339.5788,78045.2424,2.0,77570.4,77427.6,8,Down,2.677,2.734,-56.56,-8.43,Asia,,65144,65264,TIMEOUT,0.0
1777017600000,Long,77589.7,77490.9576,77787.1848,2.0,77736.7,77576.2,40,Down,3.378,2.305,-99.28,-25.57,London,,65297,65311,TARGET,2.0
1777021140000,Short,77744.6,77912.38008,77409.03984000001,2.0,77825.0,77688.4,9,Up,2.44,1.571,84.46,4.45,London,,65356,65364,TARGET,2.0
1777028220000,Short,77708.2,77812.2,77500.2,2.0,77718.0,77530.7,35,Up,3.517,1.802,59.34,9.39,London,,65474,65476,STOP,-1.0
1777037580000,Long,78114.2,77974.5704,78393.4592,2.0,78360.1,78100.0,11,Down,2.439,2.113,-25.77,-8.25,LondonNY,,65630,65650,STOP,-1.0
1777039020000,Long,78027.7,77920.6136,78241.8728,2.0,78255.2,78000.0,26,Down,1.249,1.827,14.33,-16.27,LondonNY,,65654,65656,STOP,-1.0
1777039860000,Long,77946.9,77723.2716,78394.1568,2.0,78073.2,77870.0,11,Down,2.476,2.228,-127.05,-22.02,LondonNY,,65668,65682,STOP,-1.0
1777041240000,Long,77798.4,77662.52024,78070.15951999999,2.0,78060.5,77750.0,20,Down,1.756,1.714,-0.77,11.72,LondonNY,,65691,65722,STOP,-1.0
1777051980000,Short,77487.1,77721.52751999999,77018.24496000004,2.0,77640.1,77550.0,9,Up,1.665,8.825,107.89,0.03,NewYork,,65870,65890,STOP,-1.0
1777053420000,Short,77668.8,77855.13431999998,77296.13136000004,2.0,77704.0,77414.4,27,Up,1.709,6.758,44.39,15.0,NewYork,,65894,66014,TIMEOUT,0.0
1777061820000,Short,77529.2,77657.47631999999,77272.64736000002,2.0,77563.9,77511.4,9,Up,1.294,2.617,39.14,-4.68,NewYork,,66034,66072,STOP,-1.0
1777062480000,Long,77521.6,77428.008,77708.78400000001,2.0,77619.8,77509.0,10,Down,1.797,1.705,-15.46,-9.91,NewYork,,66045,66073,TARGET,2.0
1777068000000,Long,77509.7,77428.008,77673.08399999999,2.0,77595.2,77506.3,19,Down,2.068,4.943,-43.53,0.19,Asia,,66137,66168,STOP,-1.0
1777064400000,Short,77669.6,77782.87655999999,77443.04688000004,2.0,77699.9,77600.0,8,Up,2.381,1.624,45.56,6.32,NewYork,,66077,66168,TARGET,2.0
1777075320000,Short,77436.7,77519.66616,77270.76768,2.0,77439.1,77367.4,28,Up,3.033,2.029,56.17,0.19,Asia,,66259,66285,TARGET,2.0
1777079040000,Short,77411.1,77481.93599999999,77269.42800000004,2.0,77412.5,77364.8,10,Up,1.325,3.067,27.27,5.85,Asia,,66321,66330,STOP,-1.0
1777073940000,Short,77384.0,77501.05128,77149.89744,2.0,77390.5,77299.8,12,Up,4.908,1.815,100.44,10.2,Asia,,66236,66334,STOP,-1.0
1777079880000,Short,77480.4,77562.0,77317.19999999998,2.0,77487.3,77392.7,10,Up,3.117,1.873,73.55,4.02,Asia,,66335,66361,STOP,-1.0
1777082940000,Long,77508.9,77391.0376,77744.62479999999,2.0,77579.3,77483.1,25,Down,2.423,2.156,-27.45,-4.34,Asia,,66386,66506,TIMEOUT,0.0
1777087380000,Long,77536.3,77442.996,77722.90800000001,2.0,77666.8,77531.1,10,Down,3.995,1.667,-74.51,-2.68,Asia,,66460,66561,STOP,-1.0
1777102200000,Short,77473.2,77562.90071999999,77293.79856000001,2.0,77495.3,77439.0,12,Up,9.483,3.078,150.81,5.57,Asia,,66707,66766,STOP,-1.0
1777099440000,Short,77482.6,77581.11528,77285.56944000002,2.0,77512.0,77464.0,8,Up,2.161,3.915,10.63,0.13,Asia,,66661,66767,STOP,-1.0
1777098600000,Long,77470.2,77397.0328,77616.53439999999,2.0,77510.7,77459.0,8,Down,2.415,1.658,21.0,-2.93,Asia,,66647,66767,TIMEOUT,0.0
1777104240000,Long,77470.3,77386.14152,77638.61696,2.0,77533.2,77461.1,32,Down,10.413,2.498,6.69,3.68,London,,66741,66835,TARGET,2.0
1777111140000,Short,77672.5,77798.98943999999,77419.52112000002,2.0,77726.6,77672.2,12,Up,1.921,2.154,29.76,13.89,London,,66856,66881,STOP,-1.0
1777111380000,Short,77704.3,77803.19279999999,77506.51440000003,2.0,77736.8,77668.5,9,Up,1.965,3.881,48.17,9.04,London,,66860,66887,STOP,-1.0
1777115940000,Long,77695.0,77627.74807999999,77829.50384000002,2.0,77753.3,77692.3,15,Down,1.284,3.289,-16.57,-6.51,London,,66936,66937,STOP,-1.0
1777120260000,Long,77558.8,77441.29736,77793.80528000002,2.0,77660.0,77555.9,8,Down,6.116,1.745,-108.62,-3.18,London,,67008,67128,TIMEOUT,0.0
1777132020000,Long,77588.9,77501.9488,77762.80239999999,2.0,77658.8,77586.2,8,Down,3.227,2.046,-46.89,0.6,LondonNY,,67204,67205,STOP,-1.0
1777126440000,Long,77655.5,77527.72816,77911.04368,2.0,77719.1,77600.0,8,Down,1.611,3.404,-24.51,-3.81,LondonNY,,67111,67205,STOP,-1.0
1777124940000,Short,77624.4,77720.32655999999,77432.54688000001,2.0,77638.5,77560.0,8,Up,2.489,9.216,20.46,3.99,LondonNY,,67086,67206,TIMEOUT,0.0
1777125780000,Short,77657.5,77781.27528,77409.94944,2.0,77676.5,77588.5,19,Up,7.126,1.91,60.91,1.73,LondonNY,,67100,67207,TARGET,2.0
1777134420000,Long,77348.9,77243.55567999999,77559.58864,2.0,77411.8,77322.9,18,Down,2.541,2.038,-162.92,7.05,LondonNY,,67244,67254,STOP,-1.0
1777140240000,Short,77258.2,77351.73191999999,77071.13616000001,2.0,77270.3,77162.0,13,Up,3.589,5.381,45.46,-4.27,NewYork,,67341,67367,STOP,-1.0
1777148880000,Short,77372.5,77463.92159999999,77189.65680000003,2.0,77375.0,77267.3,17,Up,3.395,4.095,80.68,10.01,NewYork,,67485,67518,STOP,-1.0
1777154400000,Short,77474.0,77554.9944,77312.01120000001,2.0,77492.1,77415.5,11,Up,1.575,2.336,11.07,-3.51,Asia,,67577,67606,STOP,-1.0
1777157640000,Long,77520.1,77426.30936,77707.68128000002,2.0,77555.6,77497.7,8,Down,1.53,5.071,-22.46,-1.98,Asia,,67631,67724,STOP,-1.0
1777160640000,Short,77559.9,77641.46351999999,77396.77296,2.0,77575.1,77480.9,32,Up,8.136,2.017,162.7,13.33,Asia,,67681,67801,TIMEOUT,0.0
1777166700000,Short,77498.0,77581.71575999999,77330.56848000002,2.0,77499.9,77449.8,11,Up,1.96,3.222,19.15,-1.95,Asia,,67782,67902,TIMEOUT,0.0
1777168800000,Long,77439.1,77333.28383999999,77650.73232000004,2.0,77508.4,77421.7,9,Down,2.01,1.734,-36.77,-3.49,Asia,,67817,67910,STOP,-1.0
1777203120000,Short,78042.1,78136.85951999998,77852.58096000005,2.0,78050.0,77985.8,18,Up,4.752,5.03,45.34,3.51,London,,68389,68462,TARGET,2.0
1777211100000,Short,77910.3,78015.56255999999,77699.77488000003,2.0,77945.4,77771.3,18,Up,1.219,1.741,19.38,7.6,LondonNY,,68522,68556,STOP,-1.0
1777212840000,Long,77917.1,77778.2276,78194.84480000002,2.0,77940.1,77871.0,14,Down,1.633,3.266,-48.22,-6.44,LondonNY,,68551,68671,TIMEOUT,0.0
1777215060000,Short,78073.5,78162.37991999999,77895.74016000002,2.0,78087.6,77950.0,11,Up,4.446,2.633,192.34,6.05,LondonNY,,68588,68708,TIMEOUT,0.0
1777224780000,Short,77925.6,78071.80751999999,77633.18496000004,2.0,77990.8,77815.0,30,Up,3.523,2.812,94.44,2.26,NewYork,,68750,68788,STOP,-1.0
1777223040000,Long,77932.0,77827.688,78140.62400000001,2.0,78000.0,77910.8,8,Down,3.579,4.652,-41.73,-5.25,NewYork,,68721,68793,TARGET,2.0
1777230600000,Long,78305.5,78067.59592,78781.30815999999,2.0,78270.0,78190.0,8,Down,2.309,2.729,-139.78,1.92,NewYork,,68847,68861,STOP,-1.0
1777231080000,Short,78359.9,78540.68231999999,77998.33536,2.0,78400.0,78130.1,11,Up,7.035,2.453,276.32,26.01,NewYork,,68855,68862,TARGET,2.0
1777235820000,Short,78249.0,78417.78408,77911.43184,2.0,78280.0,78145.8,10,Up,6.652,1.785,118.85,2.2,NewYork,,68934,69001,TARGET,2.0
1777246260000,Long,78209.5,78043.71504,78541.06992000001,2.0,78424.5,78160.0,46,Down,4.787,4.075,-88.79,-4.28,Asia,,69108,69117,TARGET,2.0
1777240440000,Long,78525.6,77830.88544,79915.02912000002,2.0,78029.7,77915.9,8,Down,1.755,19.977,-32.57,-9.12,NewYork,,69011,69131,TIMEOUT,0.0
1777260960000,Short,79189.0,79325.70984,78915.58032000001,2.0,79229.9,79096.2,24,Up,2.864,2.807,113.94,2.0,Asia,,69353,69427,TARGET,2.0
1777265640000,Long,78958.1,78836.97992,79200.34016000002,2.0,79048.2,78924.0,8,Down,2.685,4.278,-88.65,-8.46,Asia,,69431,69432,STOP,-1.0
1777267860000,Long,77799.9,77587.88,78223.93999999997,2.0,78037.7,77753.0,12,Down,3.934,1.534,-168.69,-136.99,Asia,,69468,69472,STOP,-1.0
1777293300000,Long,77727.2,77646.3332,77888.9336,2.0,77835.7,77715.9,20,Down,1.591,2.628,-32.88,-15.88,London,,69892,69893,STOP,-1.0
1777291560000,Long,77733.9,77648.03184,77905.63631999999,2.0,77854.2,77715.1,43,Down,3.314,2.145,-77.15,-9.67,London,,69863,69893,STOP,-1.0
1777291920000,Short,77800.0,77897.96856,77604.06288000001,2.0,77809.6,77700.0,11,Up,2.381,1.528,52.71,-12.06,London,,69869,69912,TARGET,2.0
1777293720000,Long,77702.1,77577.88799999999,77950.52400000003,2.0,77743.9,77683.4,8,Down,4.806,1.65,-180.11,-23.2,London,,69899,69915,STOP,-1.0
1777297380000,Short,77746.9,77842.22399999999,77556.25200000001,2.0,77750.0,77581.7,17,Up,3.789,1.648,96.32,14.57,LondonNY,,69960,69963,TARGET,2.0
1777301520000,Short,77949.9,78284.57759999999,77280.5448,2.0,78147.8,77987.4,9,Up,2.379,2.529,94.66,-0.46,LondonNY,,70029,70040,TARGET,2.0
1777309080000,Long,76561.3,76465.47864,76752.94272,2.0,76699.8,76560.0,19,Down,2.428,2.504,-150.49,-4.55,LondonNY,,70155,70160,TARGET,2.0
1777317540000,Short,76764.4,76919.78663999999,76453.62672,2.0,76835.5,76691.0,16,Up,1.532,1.593,-6.2,-6.46,NewYork,,70296,70306,TARGET,2.0
1777327560000,Long,76803.1,76680.90616,77047.48768000002,2.0,76917.9,76797.4,16,Down,2.219,1.583,-26.69,1.47,Asia,,70463,70517,TARGET,2.0
1777340760000,Long,77053.9,76971.37359999999,77218.9528,2.0,77170.5,77041.4,8,Down,1.506,3.876,-41.39,-13.39,Asia,,70683,70725,STOP,-1.0
1777349820000,Short,76850.5,76941.50399999999,76668.49200000003,2.0,76862.2,76754.4,8,Up,3.009,2.215,51.38,-0.34,Asia,,70834,70842,TARGET,2.0
1777359120000,Short,76668.1,76759.3584,76485.58320000002,2.0,76670.9,76525.6,8,Up,1.54,3.013,-41.91,-51.45,Asia,,70989,71011,TARGET,2.0
1777361220000,Long,76563.7,76429.60736,76831.88528,2.0,76580.0,76324.1,11,Down,1.85,1.635,129.65,-43.07,Asia,,71024,71036,TARGET,2.0
1777365300000,Short,76849.9,76982.53679999999,76584.62640000001,2.0,76908.0,76744.5,18,Up,3.784,2.13,221.69,18.99,London,,71092,71161,TARGET,2.0
1777370100000,Long,76592.6,76519.33552000001,76739.12896,2.0,76750.0,76592.3,16,Down,1.629,1.743,-35.74,-7.5,London,,71172,71184,STOP,-1.0
1777374180000,Short,76516.8,76673.58984,76203.22032000001,2.0,76592.7,76519.1,11,Up,2.033,1.549,15.08,-4.82,London,,71240,71273,TARGET,2.0
1777375920000,Long,76270.7,76166.0184,76480.06319999999,2.0,76449.4,76269.3,18,Down,5.497,2.087,-52.34,-15.51,London,,71269,71274,STOP,-1.0
1777380480000,Short,76321.5,76448.00951999999,76068.48096000002,2.0,76338.3,76129.0,41,Up,3.121,6.877,67.7,10.66,London,,71345,71365,TARGET,2.0
1777383000000,Short,76105.1,76294.08648,75727.12704000002,2.0,76127.0,75984.0,16,Up,3.232,2.915,141.44,-21.7,LondonNY,,71387,71393,STOP,-1.0
1777383600000,Short,76253.1,76392.66528,75973.96944000002,2.0,76260.6,76030.0,13,Up,2.375,1.539,187.29,19.19,LondonNY,,71397,71431,TARGET,2.0
1777385760000,Long,76011.5,75897.83312000001,76238.83375999998,2.0,76269.2,75974.5,24,Down,2.577,5.056,-192.02,-1.56,LondonNY,,71433,71438,STOP,-1.0
1777386240000,Long,75873.5,75770.03543999999,76080.42912000002,2.0,76100.0,75852.7,13,Down,3.128,2.365,-44.0,-15.51,LondonNY,,71441,71442,STOP,-1.0
1777386480000,Long,75839.0,75674.412,76168.176,2.0,76064.0,75813.0,8,Down,4.585,2.018,-304.18,-23.61,LondonNY,,71445,71451,STOP,-1.0
1777394520000,Long,75895.9,75779.62776,76128.44447999998,2.0,76068.3,75884.6,47,Down,1.549,1.97,-12.12,-3.62,LondonNY,,71579,71590,TARGET,2.0
1777406340000,Short,76293.6,76413.08159999999,76054.63680000004,2.0,76325.1,76234.0,9,Up,4.242,1.875,49.32,15.29,NewYork,,71776,71780,STOP,-1.0
1777406580000,Long,76379.1,76263.04072,76611.21856000001,2.0,76364.5,76253.4,9,Down,1.318,1.641,41.08,22.08,NewYork,,71780,71863,STOP,-1.0
1777410480000,Short,76379.5,76493.646,76151.20800000001,2.0,76427.1,76371.1,14,Up,1.234,2.676,-3.25,-2.61,NewYork,,71845,71958,TARGET,2.0
1777420500000,Short,76298.1,76401.87264,76090.55472000001,2.0,76311.7,76231.5,15,Up,4.112,2.444,78.01,3.94,Asia,,72012,72064,STOP,-1.0
1777421940000,Long,76309.7,76166.518,76596.064,2.0,76349.9,76257.4,29,Down,2.05,3.313,-39.33,11.71,Asia,,72036,72106,STOP,-1.0
1777431840000,Short,76480.6,76555.49544,76330.80912000002,2.0,76484.8,76387.2,16,Up,1.678,1.859,39.47,4.98,Asia,,72201,72206,STOP,-1.0
1777432320000,Short,76562.4,76642.56504,76402.06991999998,2.0,76566.0,76450.0,13,Up,1.938,1.712,29.45,2.85,Asia,,72209,72212,STOP,-1.0
1777428120000,Short,76481.6,76694.60664,76055.58672000002,2.0,76575.0,76497.9,8,Up,3.712,1.655,158.06,27.7,Asia,,72139,72213,STOP,-1.0
1777441980000,Short,77236.0,77346.72791999999,77014.54416000002,2.0,77270.0,77150.0,39,Up,1.781,1.633,32.18,-0.78,Asia,,72370,72409,TARGET,2.0
1777451460000,Long,77002.3,77026.52944,77050.75888,2.0,77094.7,76972.7,8,Down,1.314,2.002,23.36,2.86,London,,72528,72528,STOP,-1.0
1777470360000,Long,76589.6,76468.67607999999,76831.44784000004,2.0,76891.6,76550.0,13,Down,1.213,2.527,-29.68,-15.6,LondonNY,,72843,72852,TARGET,2.0
1777473900000,Short,76500.1,76877.75304,75744.79392000003,2.0,76744.4,76527.7,15,Up,2.339,1.729,187.08,18.84,LondonNY,,72902,72969,TARGET,2.0
1777483800000,Long,75865.9,75722.67336,76152.35327999998,2.0,76076.0,75855.3,14,Down,2.022,1.756,-100.69,-9.89,NewYork,,73067,73096,TARGET,2.0
1777485900000,Short,75834.4,76206.71664,75089.76671999999,2.0,76058.3,75752.5,35,Up,3.482,2.27,69.56,10.16,NewYork,,73102,73105,TARGET,2.0
1777503120000,Long,75899.6,75804.308,76090.18400000001,2.0,75937.3,75871.4,16,Down,2.078,1.818,-98.44,-3.89,Asia,,73389,73418,STOP,-1.0
1777500300000,Long,75933.0,75740.65896,76317.68208,2.0,76061.2,75862.0,22,Down,3.879,3.265,-27.0,-2.8,Asia,,73342,73418,STOP,-1.0
1777501200000,Short,75916.2,76015.56384,75717.47231999999,2.0,75933.0,75864.3,8,Up,2.327,3.307,110.1,-8.24,Asia,,73357,73420,TARGET,2.0
1777505100000,Long,75742.3,75631.24656,75964.40688000001,2.0,75948.5,75720.0,9,Down,1.647,2.616,-22.67,-9.18,Asia,,73422,73478,STOP,-1.0
1777512480000,Short,76300.1,76434.39864,76031.50272000002,2.0,76315.0,76130.1,28,Up,2.047,1.623,152.57,14.01,Asia,,73545,73570,STOP,-1.0
1777515840000,Long,76216.3,76060.50287999999,76527.89424000004,2.0,76311.8,76204.2,14,Down,2.068,6.097,-76.32,-7.35,Asia,,73601,73606,STOP,-1.0
1777527720000,Short,75665.1,75781.5768,75432.14640000003,2.0,75690.0,75381.4,12,Up,2.15,1.782,92.43,10.01,Asia,,73799,73850,STOP,-1.0
1777527300000,Long,75681.0,75319.696,76403.60800000001,2.0,75596.3,75479.4,20,Down,1.414,2.779,-63.47,-1.74,Asia,,73792,73912,TIMEOUT,0.0
1777535520000,Short,76039.6,76191.00408,75736.79184000002,2.0,76099.9,75868.1,17,Up,1.51,2.827,40.57,23.76,Asia,,73929,74025,STOP,-1.0
1777541160000,Long,76045.5,75912.52136,76311.45728,2.0,76112.7,75989.1,10,Down,1.973,2.104,-43.7,-2.39,London,,74023,74027,TARGET,2.0
1777537500000,Long,76118.2,75952.6892,76449.2216,2.0,76180.0,76021.0,36,Down,1.49,10.28,-56.09,-10.07,London,,73962,74082,TIMEOUT,0.0
1777541580000,Short,76180.7,76350.43151999998,75841.23696000002,2.0,76197.2,76015.8,8,Up,10.889,2.619,165.1,9.07,London,,74030,74150,TIMEOUT,0.0
1777545000000,Long,76009.0,75882.54536,76261.90927999999,2.0,76030.7,75953.8,10,Down,1.74,3.42,-39.1,-15.28,London,,74087,74158,STOP,-1.0
1777556220000,Short,76289.8,76364.74295999999,76139.91408000003,2.0,76292.0,76066.6,9,Up,2.066,2.035,53.69,-2.73,LondonNY,,74274,74276,STOP,-1.0
1777555980000,Long,76240.0,76125.35096,76469.29808000001,2.0,76314.1,76221.1,21,Down,1.43,3.075,-6.46,-5.4,LondonNY,,74270,74276,TARGET,2.0
1777566540000,Long,76322.7,76210.18303999999,76547.73392000001,2.0,76392.4,76307.8,10,Down,1.354,1.916,-60.77,-7.48,LondonNY,,74446,74473,STOP,-1.0
1777569180000,Long,76200.3,76108.46448,76383.97104000002,2.0,76340.0,76174.0,23,Down,1.316,1.889,-10.97,-4.45,NewYork,,74490,74493,STOP,-1.0
1777573800000,Long,76269.5,76179.008,76450.484,2.0,76386.7,76260.0,8,Down,1.529,2.839,-30.3,9.89,NewYork,,74567,74569,STOP,-1.0
1777576440000,Short,76413.1,76517.1648,76204.97040000002,2.0,76440.0,76264.2,19,Up,1.288,2.111,22.31,-8.65,NewYork,,74611,74677,STOP,-1.0
1777580400000,Long,76401.4,76228.968,76746.264,2.0,76433.5,76298.0,10,Down,2.113,1.814,-25.94,-6.59,NewYork,,74677,74764,STOP,-1.0
1777585500000,Short,76314.0,76470.72768,76000.54464000001,2.0,76400.0,76274.5,8,Up,1.424,1.525,-5.48,2.36,NewYork,,74762,74882,TIMEOUT,0.0
1777592040000,Short,76282.3,76360.93991999999,76125.02016000003,2.0,76295.2,76186.0,19,Up,4.364,6.191,86.27,2.26,Asia,,74871,74897,STOP,-1.0
1777590540000,Short,76194.6,76349.73095999999,75884.33808000005,2.0,76268.2,76155.1,8,Up,1.285,3.467,20.93,-6.45,Asia,,74846,74897,STOP,-1.0
1777588380000,Short,76295.1,76470.42744,75944.44512000002,2.0,76381.0,76299.9,17,Up,1.428,3.251,9.86,3.45,Asia,,74810,74905,STOP,-1.0
1777597140000,Long,76415.1,76299.71136,76645.87728000002,2.0,76455.7,76369.9,8,Down,1.459,3.971,-34.38,-0.75,Asia,,74956,75004,TARGET,2.0
1777617840000,Long,77027.2,76933.50392,77214.59215999999,2.0,77132.1,76999.0,8,Down,1.391,4.361,-20.7,-1.19,Asia,,75301,75304,STOP,-1.0
1777618740000,Short,76953.9,77136.65999999999,76588.38,2.0,77029.3,76833.7,10,Up,1.449,1.579,25.33,-6.64,Asia,,75316,75387,STOP,-1.0
1777618320000,Long,76919.9,76772.23303999999,77215.23392,2.0,77080.1,76913.9,12,Down,8.25,2.239,-129.08,-7.38,Asia,,75309,75390,TARGET,2.0
1777630620000,Long,77207.1,77114.45904,77392.38192000001,2.0,77239.3,77182.1,13,Down,1.585,10.221,-44.56,-5.44,London,,75514,75519,TARGET,2.0
1777642440000,Short,78394.5,78509.45735999999,78164.58528000003,2.0,78400.0,78140.8,24,Up,2.099,2.393,111.86,-30.28,LondonNY,,75711,75715,TARGET,2.0
1777644180000,Long,78660.7,78462.87943999999,79056.34112000001,2.0,78879.9,78622.0,8,Down,1.915,1.738,-393.32,51.82,LondonNY,,75740,75755,STOP,-1.0
1777644840000,Short,78623.8,78923.08799999999,78025.22400000003,2.0,78746.6,78525.7,16,Up,2.262,1.567,312.14,26.67,LondonNY,,75751,75773,TARGET,2.0
1777655100000,Long,78141.3,78052.70783999999,78318.48432000003,2.0,78439.3,78130.0,41,Down,1.288,1.672,-79.16,13.83,NewYork,,75922,75931,TARGET,2.0
1777658400000,Long,78508.5,78424.2104,78677.07920000001,2.0,78530.7,78376.8,14,Down,1.324,2.296,57.33,6.11,NewYork,,75977,76016,STOP,-1.0
1777686240000,Long,78329.3,78241.8564,78504.1872,2.0,78413.4,78304.9,9,Down,1.418,1.967,-30.4,4.92,Asia,,76441,76466,STOP,-1.0
1777685700000,Short,78318.0,78476.13071999999,78001.73856000003,2.0,78350.0,78246.5,30,Up,8.215,2.032,90.34,4.32,Asia,,76432,76508,STOP,-1.0
1777690380000,Short,78388.8,78542.784,78080.83200000001,2.0,78396.5,78314.0,9,Up,12.24,2.488,167.4,6.89,Asia,,76510,76623,TARGET,2.0
1777708440000,Long,78181.5,78093.57512000001,78357.34975999998,2.0,78224.4,78166.1,8,Down,1.42,2.043,-13.51,-0.1,Asia,,76811,76913,TARGET,2.0
1777714740000,Short,78281.5,78421.88736,78000.72528000001,2.0,78330.0,78168.4,8,Up,4.703,3.155,24.83,-4.91,London,,76916,77036,TIMEOUT,0.0
1777722720000,Long,78089.9,78006.5448,78256.61039999998,2.0,78135.0,78073.4,10,Down,1.652,2.571,-31.8,-10.6,London,,77049,77120,TARGET,2.0
1777723920000,Long,78100.1,77993.5552,78313.18960000001,2.0,78127.0,78069.9,9,Down,3.927,1.768,-90.7,6.0,London,,77069,77127,TARGET,2.0
1777722240000,Long,78134.9,78045.51359999999,78313.6728,2.0,78176.8,78119.7,8,Down,1.815,3.773,-5.24,-4.32,London,,77041,77127,TARGET,2.0
1777737600000,Short,78420.7,78512.76,78236.58,2.0,78445.6,78374.3,8,Up,2.83,4.273,36.5,3.23,LondonNY,,77297,77304,STOP,-1.0
1777747260000,Short,78382.4,78480.234,78186.73199999999,2.0,78388.8,78329.1,8,Up,1.814,1.746,20.2,3.8,NewYork,,77458,77518,STOP,-1.0
1777746060000,Long,78341.8,78221.07303999999,78583.25392000003,2.0,78362.2,78299.0,14,Down,1.744,1.724,-23.41,-8.45,NewYork,,77438,77558,TIMEOUT,0.0
1777748400000,Short,78422.5,78521.76719999999,78223.96560000003,2.0,78425.1,78370.1,10,Up,1.464,1.813,13.12,2.28,NewYork,,77477,77597,TIMEOUT,0.0
1777756380000,Short,78415.0,78545.98655999999,78153.02688000002,2.0,78464.5,78415.2,8,Up,9.368,4.44,-39.51,1.54,NewYork,,77610,77633,STOP,-1.0
1777755000000,Long,78400.0,78317.296,78565.408,2.0,78440.0,78388.6,11,Down,1.391,2.766,-9.9,-1.05,NewYork,,77587,77633,TARGET,2.0
1777766040000,Long,78651.6,78525.42936,78903.94128000003,2.0,78676.1,78622.0,10,Down,1.533,1.61,-33.31,-6.68,Asia,,77771,77786,STOP,-1.0
1777766880000,Short,78566.7,78736.33871999999,78227.42256000002,2.0,78662.1,78588.3,12,Up,3.051,2.836,13.57,4.06,Asia,,77785,77838,TARGET,2.0
1777780200000,Short,78152.1,78224.72975999999,78006.84048000004,2.0,78154.2,78090.0,11,Up,2.31,2.548,65.06,4.98,Asia,,78007,78083,STOP,-1.0
1777781520000,Long,78098.1,78013.33936,78267.62128000002,2.0,78185.0,78090.0,25,Down,1.32,1.581,-12.46,3.16,Asia,,78029,78149,TIMEOUT,0.0
1777791300000,Short,78235.3,78318.90504,78068.08992000001,2.0,78246.0,78103.8,8,Up,1.971,2.335,37.54,5.03,Asia,,78192,78198,STOP,-1.0
1777793520000,Short,78367.9,78476.03064,78151.63871999999,2.0,78386.6,78294.0,17,Up,2.382,1.755,71.59,5.06,Asia,,78229,78341,STOP,-1.0
1777798980000,Long,78338.0,78232.46392000001,78549.07215999998,2.0,78380.0,78324.7,8,Down,5.477,2.423,-57.69,-5.0,London,,78320,78355,TARGET,2.0
1777805640000,Long,78386.6,78299.61016,78560.57968000002,2.0,78499.9,78382.2,48,Down,2.543,3.458,-21.9,-3.25,London,,78431,78471,TARGET,2.0
1777812780000,Short,78736.0,78822.20735999999,78563.58528000003,2.0,78748.0,78641.5,18,Up,1.812,1.763,102.93,3.25,London,,78550,78583,TARGET,2.0
1777820700000,Short,78753.6,78830.91431999998,78598.97136000005,2.0,78758.2,78700.0,11,Up,3.842,3.954,68.74,7.49,LondonNY,,78682,78726,TARGET,2.0
1777819920000,Long,78716.0,78549.1104,79049.77919999999,2.0,78681.4,78625.7,19,Down,1.43,2.192,-32.68,-4.03,LondonNY,,78669,78789,TIMEOUT,0.0
1777820340000,Short,78700.6,78813.0,78475.80000000002,2.0,78738.5,78612.0,9,Up,2.611,2.161,70.25,-0.59,LondonNY,,78676,78796,TIMEOUT,0.0
1777824000000,Long,78630.4,78528.72672,78833.74655999997,2.0,78744.5,78618.0,19,Down,2.176,2.472,-49.72,-12.18,LondonNY,,78737,78798,STOP,-1.0
1777822620000,Short,78657.1,78826.61088,78318.07824000003,2.0,78739.1,78681.7,14,Up,1.312,3.546,15.28,-3.42,LondonNY,,78714,78834,TIMEOUT,0.0
1777834740000,Short,78706.7,78793.58448,78532.93103999998,2.0,78725.0,78646.1,30,Up,1.331,1.848,11.84,3.95,NewYork,,78916,78950,STOP,-1.0
1777840800000,Short,78969.0,79129.25279999999,78648.49440000003,2.0,79000.0,78708.5,18,Up,10.644,1.771,193.68,74.69,NewYork,,79017,79080,TARGET,2.0
1777846560000,Short,79111.0,79283.37599999999,78766.24800000002,2.0,79146.1,78888.0,8,Up,4.669,6.608,164.68,33.05,Asia,,79113,79138,STOP,-1.0
1777863660000,Short,80014.3,80464.31999999999,79114.26000000002,2.0,80285.4,79973.9,10,Up,2.613,1.73,528.67,102.98,Asia,,79398,79471,STOP,-1.0
1777868220000,Short,80420.0,80532.17424,80195.65152000001,2.0,80424.2,80332.3,9,Up,2.349,1.576,173.83,34.44,Asia,,79474,79475,STOP,-1.0
1777868400000,Short,80411.7,80654.67215999999,79925.75568000002,2.0,80467.8,80346.2,8,Up,8.358,2.291,543.4,37.91,Asia,,79477,79543,TARGET,2.0
1777872660000,Long,79995.7,79879.14552,80228.80895999998,2.0,80150.0,79975.1,13,Down,5.657,2.492,234.07,25.05,Asia,,79548,79582,STOP,-1.0
1777880640000,Long,79820.0,79636.24,80187.51999999999,2.0,79930.9,79731.9,42,Down,1.366,3.119,-14.11,-10.68,Asia,,79681,79695,STOP,-1.0
1777886820000,Short,79734.9,79858.63584,79487.42831999998,2.0,79752.9,79639.8,18,Up,3.375,2.123,90.12,7.28,London,,79784,79799,STOP,-1.0
1777888080000,Short,79789.2,79885.85759999999,79595.88480000001,2.0,79794.9,79649.7,18,Up,3.475,1.831,80.17,20.16,London,,79805,79810,STOP,-1.0
1777881300000,Short,79690.6,79935.8976,79200.00480000002,2.0,79840.8,79646.1,9,Up,1.257,2.119,29.77,2.52,Asia,,79692,79812,TIMEOUT,0.0
1777885080000,Long,79677.3,79520.13296,79991.63408,2.0,79741.4,79585.5,34,Down,1.688,2.463,-33.62,-4.64,London,,79755,79818,STOP,-1.0
1777888800000,Short,79779.2,79963.92,79409.76,2.0,79868.8,79755.1,10,Up,2.845,2.844,15.44,19.05,London,,79817,79819,TARGET,2.0
1777901400000,Short,78912.6,79120.84608,78496.10784000001,2.0,78939.6,78625.5,17,Up,7.877,3.811,443.89,5.28,LondonNY,,80027,80065,TARGET,2.0
1777900200000,Long,78837.8,78490.55728,79532.28544000002,2.0,78982.9,78803.6,32,Down,12.985,2.193,-174.33,-20.26,LondonNY,,80007,80065,STOP,-1.0
1777901820000,Short,78868.8,79162.97975999999,78280.44048000003,2.0,78999.7,78905.0,11,Up,2.353,2.075,163.02,-14.17,LondonNY,,80034,80078,STOP,-1.0
1777907100000,Long,80147.9,79996.25176,80451.19647999998,2.0,80405.0,80129.1,8,Down,1.284,1.673,-420.29,28.23,LondonNY,,80122,80125,STOP,-1.0
1777935480000,Long,80064.0,79961.9792,80268.0416,2.0,80163.2,80056.4,11,Down,1.791,3.214,-20.48,4.74,Asia,,80595,80597,STOP,-1.0
1777943640000,Short,80152.4,80238.53951999999,79980.12096,2.0,80165.6,80031.5,13,Up,1.553,1.993,20.97,6.43,Asia,,80731,80739,STOP,-1.0
1777945440000,Short,80199.9,80346.02544,79907.64911999999,2.0,80229.1,80127.2,8,Up,2.226,3.638,23.66,3.36,Asia,,80761,80779,STOP,-1.0
1777952340000,Short,80817.7,80934.19559999999,80584.70880000001,2.0,80820.3,80695.8,13,Up,1.879,9.542,128.29,28.94,Asia,,80876,80877,STOP,-1.0
1777956600000,Long,80892.0,80778.82519999999,81118.34960000002,2.0,80876.0,80671.4,26,Down,2.285,2.437,-70.59,-6.47,Asia,,80947,80980,TARGET,2.0
1777958640000,Long,81124.5,80818.39352,81736.71296,2.0,80905.8,80684.4,33,Down,1.375,16.473,90.17,40.93,Asia,,80981,81037,STOP,-1.0
1777966620000,Short,81048.9,81138.55896,80869.58208,2.0,81049.2,80930.0,17,Up,2.384,2.004,20.85,2.48,Asia,,81114,81123,TARGET,2.0
1777960020000,Short,80884.9,81343.22256,79968.25488,2.0,81168.0,80848.7,21,Up,8.315,2.282,941.54,135.66,Asia,,81004,81124,TIMEOUT,0.0
1777971780000,Long,80677.4,80592.57432,80847.05135999998,2.0,80800.0,80674.7,20,Down,1.692,2.01,-63.46,-8.53,London,,81200,81213,STOP,-1.0
1777974060000,Long,80553.8,80450.588,80760.224,2.0,80673.4,80521.3,12,Down,1.692,3.799,-95.73,2.03,London,,81238,81290,TARGET,2.0
1777979340000,Long,80789.0,80723.16976,80920.66047999999,2.0,80789.0,80683.0,35,Down,1.609,1.791,91.5,24.06,London,,81326,81330,TARGET,2.0
1777977420000,Short,80724.9,80853.63119999999,80467.4376,2.0,80735.8,80670.8,9,Up,4.891,2.018,98.65,6.63,London,,81294,81330,STOP,-1.0
1777996020000,Short,81593.8,81696.00455999999,81389.39088000004,2.0,81623.1,81466.6,30,Up,2.71,3.8,303.9,2.35,LondonNY,,81604,81626,TARGET,2.0
1777996980000,Long,81477.6,81376.94632,81678.90736000001,2.0,81640.7,81472.1,16,Down,1.587,3.018,-33.8,-1.55,LondonNY,,81620,81631,STOP,-1.0
1778009700000,Short,81532.3,81669.28319999999,81258.33360000003,2.0,81541.7,81467.3,11,Up,12.995,1.531,431.73,14.47,NewYork,,81832,81859,STOP,-1.0
1778008380000,Long,81400.6,81282.42199999999,81636.95600000003,2.0,81449.5,81399.0,8,Down,2.121,4.782,-32.76,1.14,NewYork,,81810,81859,TARGET,2.0
1778011560000,Short,81548.3,81766.96128,81110.97744,2.0,81635.1,81491.7,10,Up,10.715,1.779,511.08,20.03,NewYork,,81863,81983,TIMEOUT,0.0
1778043060000,Short,81300.1,81466.52111999999,80967.25776000004,2.0,81391.9,81306.7,12,Up,1.399,1.831,57.25,-0.23,Asia,,82388,82504,STOP,-1.0
1778051040000,Short,81412.7,81563.39855999999,81111.30288000002,2.0,81474.9,81341.6,21,Up,3.326,4.295,98.49,1.31,Asia,,82521,82527,STOP,-1.0
1778051640000,Short,81415.6,81592.22159999999,81062.35680000004,2.0,81500.0,81409.6,11,Up,2.109,4.406,52.65,-1.39,Asia,,82531,82584,STOP,-1.0
1778058060000,Short,81780.7,81918.9828,81504.1344,2.0,81808.5,81577.0,15,Up,5.307,4.113,381.6,41.72,London,,82638,82642,STOP,-1.0
1778060700000,Short,81871.5,82044.98351999998,81524.53296000004,2.0,81962.6,81618.7,23,Up,2.139,3.547,394.35,65.24,London,,82682,82709,STOP,-1.0
1778064960000,Short,82234.2,82426.78871999998,81849.02256000003,2.0,82268.0,82065.3,31,Up,4.378,1.686,560.9,13.17,London,,82753,82761,STOP,-1.0
1778083980000,Short,81727.6,81867.84191999999,81447.11616000003,2.0,81732.2,81430.1,36,Up,2.978,1.707,132.86,4.54,LondonNY,,83070,83087,TARGET,2.0
1778093100000,Long,81368.0,81217.27416,81669.45168,2.0,81479.8,81300.0,9,Down,1.258,1.649,-19.05,-8.4,NewYork,,83222,83244,STOP,-1.0
1778091180000,Long,81369.0,81148.22944,81810.54112000001,2.0,81455.8,81316.8,20,Down,7.093,2.647,-66.8,-6.89,NewYork,,83190,83251,STOP,-1.0
1778096700000,Short,81395.2,81470.82456,81243.95088,2.0,81396.9,81208.1,9,Up,1.328,2.232,35.84,-2.84,NewYork,,83282,83297,STOP,-1.0
1778097120000,Short,81417.3,81524.76768,81202.36464,2.0,81438.0,81341.4,12,Up,3.506,1.814,101.49,1.59,NewYork,,83289,83300,STOP,-1.0
1778100900000,Long,81342.7,81202.58592,81622.92816,2.0,81371.7,81292.0,10,Down,1.286,1.586,-10.82,2.91,NewYork,,83352,83445,STOP,-1.0
1778099400000,Short,81425.0,81700.30799999999,80874.38400000002,2.0,81633.0,81511.9,20,Up,1.221,4.506,31.43,-8.14,NewYork,,83327,83447,TIMEOUT,0.0
1778108040000,Long,81339.1,81146.43087999999,81724.43824000005,2.0,81318.7,81245.0,8,Down,1.547,1.506,-42.16,2.2,Asia,,83471,83479,STOP,-1.0
1778112060000,Short,81401.0,81472.42584,81258.14832000001,2.0,81404.0,81286.4,11,Up,1.709,2.244,12.16,3.57,Asia,,83538,83557,TARGET,2.0
1778112720000,Long,81429.7,81251.9464,81785.20719999999,2.0,81440.0,81359.2,12,Down,1.449,3.191,-18.61,6.17,Asia,,83549,83558,STOP,-1.0
1778116260000,Short,81024.6,81181.49328,80710.81344000003,2.0,81045.2,80767.1,9,Up,2.711,1.584,91.4,-25.11,Asia,,83608,83626,STOP,-1.0
1778121180000,Short,80942.7,81068.40288,80691.29424,2.0,80950.0,80836.0,16,Up,6.097,3.92,247.6,4.7,Asia,,83690,83712,STOP,-1.0
1778116020000,Long,80993.0,80756.8428,81465.3144,2.0,81096.3,80904.0,25,Down,6.516,4.762,-421.13,-14.06,Asia,,83604,83724,TIMEOUT,0.0
1778126400000,Long,80811.2,80715.376,81002.84799999998,2.0,80972.2,80800.2,9,Down,2.79,2.441,-52.01,-5.74,Asia,,83777,83785,STOP,-1.0
1778127120000,Long,80800.1,80703.08584,80994.12832000002,2.0,80917.6,80780.0,10,Down,2.007,1.83,-31.45,-13.84,Asia,,83789,83836,TARGET,2.0
1778126160000,Short,80831.3,81034.67592,80424.54816000002,2.0,80968.8,80858.0,16,Up,1.217,3.041,26.66,-8.57,Asia,,83773,83839,STOP,-1.0
1778137740000,Short,81389.3,81545.184,81077.53200000002,2.0,81414.9,81350.0,8,Up,2.342,3.647,124.45,35.95,Asia,,83966,83969,STOP,-1.0
1778154900000,Long,80872.0,80747.3504,81121.29920000001,2.0,80964.4,80829.1,31,Down,1.221,2.026,11.15,-1.22,London,,84252,84310,TARGET,2.0
1778159940000,Long,81008.2,80799.50864,81425.58271999999,2.0,81123.9,80959.1,13,Down,3.642,2.011,-99.69,-15.52,LondonNY,,84336,84348,STOP,-1.0
1778158800000,Short,81046.0,81191.9016,80754.1968,2.0,81099.8,80889.5,46,Up,1.672,1.575,32.75,6.13,LondonNY,,84317,84348,TARGET,2.0
1778174880000,Long,79704.4,79441.396,80230.408,2.0,79904.9,79675.8,15,Down,15.031,3.176,-603.95,-15.89,NewYork,,84585,84673,TARGET,2.0
1778180100000,Long,80181.8,79894.73303999999,80755.93392000002,2.0,80197.1,80010.1,8,Down,1.767,3.064,-75.37,-14.47,NewYork,,84672,84701,STOP,-1.0
1778183520000,Short,80044.9,80214.12,79706.45999999999,2.0,80138.8,79955.0,17,Up,1.212,4.114,12.72,1.94,NewYork,,84729,84738,STOP,-1.0
1778200320000,Long,79967.6,79856.064,80190.67200000002,2.0,80106.3,79950.5,8,Down,6.497,1.694,-212.7,-16.63,Asia,,85009,85014,STOP,-1.0
1778199900000,Short,80035.1,80140.5612,79824.17760000002,2.0,80053.4,79935.4,10,Up,1.43,8.897,20.29,1.53,Asia,,85002,85022,TARGET,2.0
1778202000000,Long,79844.8,79691.196,80152.00800000002,2.0,79895.7,79781.8,10,Down,1.253,1.693,-46.03,-14.3,Asia,,85037,85049,STOP,-1.0
1778199480000,Short,79950.5,80114.04,79623.42000000001,2.0,80026.4,79952.5,25,Up,2.198,1.902,47.83,3.12,Asia,,84995,85051,TARGET,2.0
1778203020000,Long,79718.5,79586.37992,79982.74015999999,2.0,79871.0,79671.0,20,Down,1.973,1.586,-42.32,-1.54,Asia,,85054,85097,STOP,-1.0
1778214600000,Long,79678.3,79580.2848,79874.33040000002,2.0,79723.3,79660.0,8,Down,2.18,1.649,-40.64,2.85,Asia,,85247,85255,STOP,-1.0
1778222220000,Long,79449.4,79361.85968,79624.48064,2.0,79616.0,79427.0,25,Down,1.216,1.73,12.17,-3.33,Asia,,85374,85401,STOP,-1.0
1778219220000,Short,79614.3,79807.59504,79227.70992000001,2.0,79711.6,79652.1,8,Up,2.056,5.03,15.03,7.68,Asia,,85324,85421,TARGET,2.0
1778225160000,Long,79242.1,79144.6336,79437.03280000002,2.0,79361.3,79240.0,8,Down,2.488,7.082,-31.86,-3.96,Asia,,85423,85428,TARGET,2.0
1778234940000,Short,79757.5,80061.79823999999,79148.90352000002,2.0,79967.2,79803.6,8,Up,2.75,2.324,107.37,8.79,London,,85586,85619,STOP,-1.0
1778243400000,Short,80157.1,80341.22159999999,79788.85680000004,2.0,80270.0,80206.3,14,Up,1.629,21.12,14.81,3.07,London,,85727,85768,TARGET,2.0
1778260860000,Short,79911.7,80061.79823999999,79611.50352000001,2.0,79914.3,79692.4,8,Up,1.812,1.878,65.16,13.14,NewYork,,86018,86026,STOP,-1.0
1778281440000,Long,80247.0,80162.61856,80415.76288,2.0,80309.9,80235.3,12,Down,4.093,2.051,-68.38,-4.93,Asia,,86361,86371,STOP,-1.0
1778278560000,Short,80340.0,80440.3008,80139.3984,2.0,80359.8,80250.7,8,Up,1.949,1.646,37.52,24.69,Asia,,86313,86371,TARGET,2.0
1778289660000,Short,80218.2,80305.09271999999,80044.41456000002,2.0,80232.2,80183.7,8,Up,1.751,2.144,5.54,7.32,Asia,,86498,86508,STOP,-1.0
1778283900000,Long,80135.9,80020.83208,80366.03584,2.0,80170.0,80104.0,11,Down,1.885,1.711,-23.01,-2.81,Asia,,86402,86522,TIMEOUT,0.0
1778293980000,Short,80384.1,80512.55855999999,80127.18288000004,2.0,80419.0,80340.4,18,Up,2.445,1.705,61.68,-4.22,Asia,,86570,86619,STOP,-1.0
1778290260000,Long,80294.9,80135.84,80613.01999999999,2.0,80315.9,80209.7,8,Down,1.277,1.792,-12.26,-1.97,Asia,,86508,86628,TIMEOUT,0.0
1778292120000,Long,80360.4,80215.776,80649.64799999999,2.0,80405.0,80325.7,15,Down,2.282,1.71,-50.68,-0.56,Asia,,86539,86659,TIMEOUT,0.0
1778297160000,Short,80365.6,80524.06775999999,80048.66448000004,2.0,80443.2,80375.9,9,Up,3.146,2.783,52.08,19.22,Asia,,86623,86662,STOP,-1.0
1778321040000,Long,80212.0,80077.58664,80480.82672000001,2.0,80217.3,80166.1,13,Down,3.048,1.609,-71.6,-9.77,London,,87021,87141,TIMEOUT,0.0
1778330220000,Long,80308.7,80225.66807999999,80474.76384000001,2.0,80379.2,80300.0,9,Down,1.765,2.04,-6.73,8.45,London,,87174,87284,STOP,-1.0
1778335200000,Short,80335.9,80419.68431999999,80168.33136000001,2.0,80346.3,80294.5,8,Up,1.704,2.469,4.07,0.32,LondonNY,,87257,87346,STOP,-1.0
1778336940000,Long,80279.9,80178.90552,80481.88895999998,2.0,80357.3,80250.1,9,Down,1.896,15.851,-18.89,3.48,LondonNY,,87286,87353,TARGET,2.0
1778339880000,Long,80320.5,80129.64496,80702.21007999999,2.0,80336.4,80200.2,48,Down,2.493,2.322,-98.01,-8.45,LondonNY,,87335,87396,TARGET,2.0
1778347020000,Short,80684.5,80852.12999999999,80349.24000000002,2.0,80739.7,80580.4,9,Up,2.451,1.701,88.87,14.51,NewYork,,87454,87471,STOP,-1.0
1778366040000,Long,80715.2,80585.57992,80974.44015999998,2.0,80756.7,80682.5,28,Down,4.965,1.878,-34.48,0.56,Asia,,87771,87828,STOP,-1.0
1778366880000,Short,80740.9,80832.81455999998,80557.07088000001,2.0,80760.9,80632.2,14,Up,1.839,1.886,24.79,-2.38,Asia,,87785,87905,TIMEOUT,0.0
1778373540000,Long,80700.2,80552.80616000001,80994.98767999998,2.0,80732.8,80652.7,8,Down,2.031,4.868,-44.68,-1.08,Asia,,87896,87918,STOP,-1.0
1778367840000,Short,80735.6,80838.21888,80530.36224000002,2.0,80758.4,80702.8,12,Up,2.279,2.431,-7.31,-7.37,Asia,,87801,87921,TIMEOUT,0.0
1778371440000,Short,80610.3,80748.84744,80333.20512000001,2.0,80663.6,80609.7,19,Up,1.438,1.577,4.28,-0.66,Asia,,87861,87981,TIMEOUT,0.0
1778380140000,Short,80700.0,80793.28296,80513.43408,2.0,80726.5,80604.8,8,Up,1.871,1.736,32.29,6.14,Asia,,88006,88040,STOP,-1.0
1778382720000,Short,80736.2,80833.41503999999,80541.76992,2.0,80760.8,80681.5,19,Up,1.256,1.606,17.94,2.47,Asia,,88049,88076,STOP,-1.0
1778389380000,Long,80695.2,80620.35208,80844.89584,2.0,80805.0,80688.5,23,Down,1.465,2.133,-9.91,-3.07,Asia,,88160,88245,STOP,-1.0
1778390940000,Short,80728.8,80828.6112,80529.17760000001,2.0,80754.0,80703.8,14,Up,1.61,3.329,17.47,-0.33,Asia,,88186,88306,TIMEOUT,0.0
1778391960000,Long,80704.9,80619.4528,80875.79439999998,2.0,80750.7,80700.0,8,Down,3.744,4.319,-29.55,-2.4,Asia,,88203,88323,TIMEOUT,0.0
1778400660000,Short,80736.1,80852.12999999999,80504.04000000004,2.0,80750.9,80671.0,8,Up,3.322,2.235,29.73,-7.1,London,,88348,88361,STOP,-1.0
1778407740000,Long,80786.5,80628.54552,81102.40896,2.0,80800.0,80730.0,10,Down,5.527,21.112,-74.61,-2.9,London,,88466,88586,TIMEOUT,0.0
1778422440000,Long,80892.4,80812.59816,81052.00368,2.0,80959.0,80884.6,30,Down,1.284,2.837,-24.02,0.27,LondonNY,,88711,88743,STOP,-1.0
1778424000000,Short,80915.2,81004.85208,80735.89584,2.0,80930.8,80839.1,19,Up,3.119,2.426,0.1,-0.81,LondonNY,,88737,88758,STOP,-1.0
1778419800000,Short,80902.0,81014.76,80676.48000000001,2.0,80910.7,80825.0,16,Up,2.915,2.018,53.36,6.96,LondonNY,,88667,88758,STOP,-1.0
1778424600000,Long,80865.8,80758.64136,81080.11728000002,2.0,80950.0,80861.7,8,Down,5.437,10.152,-80.37,-5.15,LondonNY,,88747,88760,TARGET,2.0
1778425680000,Short,80935.2,81088.01856,80629.56288,2.0,80980.0,80771.0,16,Up,13.017,2.097,64.47,15.18,LondonNY,,88765,88796,STOP,-1.0
1778427660000,Short,81051.4,81250.24824,80653.70351999998,2.0,81090.6,80893.0,38,Up,6.024,4.872,330.57,9.2,LondonNY,,88798,88802,STOP,-1.0
1778440200000,Long,81312.7,81123.0496,81692.0008,2.0,81262.0,81194.8,15,Down,1.262,2.423,-0.1,-5.94,NewYork,,89007,89070,STOP,-1.0
1778445360000,Long,81018.4,80872.05056,81311.09887999998,2.0,81175.6,81003.2,15,Down,4.203,1.603,-172.41,-5.76,NewYork,,89093,89100,STOP,-1.0
1778464140000,Long,81529.3,81284.92,82018.06000000001,2.0,81642.1,81411.1,14,Down,2.036,2.527,-106.11,3.56,Asia,,89406,89431,STOP,-1.0
1778466780000,Long,81124.0,81002.34624,81367.30752,2.0,81244.3,81093.8,12,Down,6.001,1.92,-152.67,-11.54,Asia,,89450,89483,STOP,-1.0
1778474160000,Short,80752.0,80830.91304,80594.17392,2.0,80755.6,80623.2,14,Up,1.565,1.892,8.32,8.79,Asia,,89573,89590,STOP,-1.0
1778479980000,Short,80900.1,80988.7392,80722.82160000002,2.0,80905.0,80765.0,8,Up,1.648,3.573,22.81,-1.13,Asia,,89670,89682,STOP,-1.0
1778493120000,Short,80900.0,81026.46935999999,80647.06128000002,2.0,80916.6,80811.8,12,Up,2.274,1.814,28.54,1.88,London,,89889,89905,STOP,-1.0
1778487300000,Long,80736.4,80552.60632,81103.98735999997,2.0,80747.9,80662.3,13,Down,1.829,1.944,-47.76,-0.72,London,,89792,89912,TIMEOUT,0.0
1778490420000,Long,80807.0,80643.63343999999,81133.73312000002,2.0,80829.9,80747.1,9,Down,1.449,1.505,-24.14,-2.77,London,,89844,89923,TARGET,2.0
1778492520000,Long,80902.3,80749.14896,81208.60208,2.0,80901.2,80839.6,14,Down,1.813,1.955,0.26,-2.78,London,,89879,89999,TIMEOUT,0.0
1778500380000,Long,81118.2,80989.35664,81375.88672,2.0,81137.4,81057.1,25,Down,1.599,1.867,13.71,6.79,London,,90010,90067,STOP,-1.0
1778507220000,Short,80999.9,81284.47559999999,80430.7488,2.0,81059.8,80716.0,10,Up,4.88,1.542,26.62,-31.61,LondonNY,,90124,90168,TARGET,2.0
1778510340000,Long,80834.8,80633.54152,81237.31696000001,2.0,80972.8,80764.4,8,Down,2.199,1.613,-104.26,-31.63,LondonNY,,90176,90223,TARGET,2.0
1778513640000,Short,81175.7,81460.01591999999,80607.06816000001,2.0,81214.9,80907.8,8,Up,6.113,1.782,148.19,8.47,LondonNY,,90231,90262,STOP,-1.0
1778527620000,Short,81847.2,82115.53991999998,81310.52016000003,2.0,81936.8,81729.3,19,Up,10.789,2.11,539.26,14.25,NewYork,,90464,90584,TIMEOUT,0.0
1778534640000,Long,81637.5,81564.696,81783.10800000001,2.0,81718.0,81634.2,9,Down,1.336,2.675,-10.2,-2.64,NewYork,,90581,90589,STOP,-1.0
1778540040000,Short,81820.1,81949.70735999999,81560.88528000005,2.0,81831.7,81716.1,11,Up,1.336,1.528,29.97,0.85,Asia,,90671,90705,TARGET,2.0
1778544120000,Long,81724.3,81566.39464,82040.11072000001,2.0,81754.8,81695.0,14,Down,4.348,2.954,22.69,0.75,Asia,,90739,90751,STOP,-1.0
1778544780000,Long,81609.2,81509.14047999999,81809.31904000002,2.0,81757.3,81605.0,16,Down,2.044,1.518,-41.64,4.84,Asia,,90750,90759,STOP,-1.0
1778545800000,Long,81559.3,81467.274,81743.352,2.0,81662.2,81543.8,14,Down,1.497,2.26,-59.22,-11.04,Asia,,90767,90780,STOP,-1.0
1778558640000,Long,80999.7,80910.31992000001,81178.46015999997,2.0,81068.2,80988.9,12,Down,3.545,2.289,-83.28,-5.13,Asia,,90981,91002,TARGET,2.0
1778568360000,Long,81083.4,80989.85624,81270.48752,2.0,81171.1,81061.8,9,Down,1.895,1.746,-43.08,-17.64,Asia,,91143,91152,STOP,-1.0
1778569560000,Long,80916.8,80807.3024,81135.79520000001,2.0,81010.0,80888.0,8,Down,2.167,3.636,-19.31,-8.45,Asia,,91163,91203,STOP,-1.0
1778576580000,Long,80819.8,80729.66456,81000.07088,2.0,80930.7,80802.3,26,Down,1.224,3.226,-18.9,7.95,London,,91280,91283,STOP,-1.0
1778570100000,Short,80957.2,81104.33159999999,80662.93680000001,2.0,80990.0,80836.0,11,Up,2.785,4.694,108.79,3.4,Asia,,91172,91292,TIMEOUT,0.0
1778581080000,Long,80779.0,80645.9316,81045.13680000001,2.0,80807.3,80733.0,20,Down,1.459,1.847,16.28,3.72,London,,91355,91361,STOP,-1.0
1778578200000,Long,80848.3,80615.45599999999,81313.98800000003,2.0,80853.0,80703.5,25,Down,3.861,5.773,-118.56,-7.68,London,,91307,91370,STOP,-1.0
1778584080000,Long,80575.4,80467.5744,80791.05119999999,2.0,80708.8,80560.0,35,Down,3.658,5.335,-142.61,-5.9,London,,91405,91414,STOP,-1.0
1778584740000,Long,80500.0,80407.92216,80684.15568,2.0,80662.0,80484.0,14,Down,1.739,2.069,-60.88,-10.71,London,,91416,91437,TARGET,2.0
1778589300000,Long,80821.1,80687.898,81087.50400000002,2.0,80823.8,80775.2,10,Down,1.431,1.796,-53.01,-6.0,London,,91492,91535,STOP,-1.0
1778589720000,Short,80870.0,81012.25799999999,80585.48400000003,2.0,80899.8,80577.8,9,Up,2.438,1.678,141.81,4.28,London,,91499,91546,TARGET,2.0
1778594700000,Long,80631.7,80447.5904,80999.91919999999,2.0,80849.4,80555.1,15,Down,2.789,1.63,-202.71,-34.57,LondonNY,,91582,91607,STOP,-1.0
1778593620000,Short,80660.0,80819.90423999999,80340.19152000002,2.0,80725.1,80545.0,20,Up,1.916,1.559,112.65,2.82,LondonNY,,91564,91618,STOP,-1.0
1778596740000,Long,80758.6,80363.75752,81548.28496000002,2.0,80810.0,80518.0,9,Down,1.549,2.159,-22.89,-5.56,LondonNY,,91616,91659,STOP,-1.0
1778600040000,Long,80408.3,80135.84,80953.22000000002,2.0,80559.9,80288.1,8,Down,6.451,1.601,-400.74,-27.74,LondonNY,,91671,91696,STOP,-1.0
1778608920000,Short,80446.9,80584.21583999999,80172.26832,2.0,80499.0,80400.0,14,Up,1.97,2.771,14.55,3.67,NewYork,,91819,91852,STOP,-1.0
1778615940000,Short,80799.5,80901.16919999999,80596.16160000002,2.0,80807.0,80708.5,8,Up,2.064,1.658,37.13,-0.76,NewYork,,91936,92023,TARGET,2.0
1778619660000,Short,80674.2,80753.75136,80515.09728,2.0,80677.8,80601.0,18,Up,1.907,2.434,47.99,-2.42,NewYork,,91998,92034,TARGET,2.0
1778622600000,Long,80511.9,80423.20992000001,80689.28015999997,2.0,80611.2,80501.0,13,Down,3.658,4.721,-53.87,-5.06,NewYork,,92047,92058,TARGET,2.0
1778627820000,Long,80575.0,80465.87576,80793.24848000001,2.0,80686.8,80574.4,45,Down,3.175,3.614,-11.39,0.26,Asia,,92134,92152,STOP,-1.0
1778631180000,Long,80411.2,80300.708,80632.184,2.0,80500.0,80393.9,20,Down,3.321,1.681,-0.32,-3.26,Asia,,92190,92199,TARGET,2.0
1778629740000,Long,80445.4,80336.37943999999,80663.44112,2.0,80527.8,80420.0,8,Down,3.917,1.802,-86.28,-2.52,Asia,,92166,92200,TARGET,2.0
1778634600000,Short,80799.9,80872.54632,80654.60736,2.0,80800.0,80635.1,11,Up,1.397,2.039,36.55,0.32,Asia,,92247,92247,STOP,-1.0
1778633940000,Long,80673.4,80508.64152,81002.91695999997,2.0,80735.1,80580.5,29,Down,1.302,2.021,-21.56,-3.7,Asia,,92236,92256,TARGET,2.0
1778643960000,Short,81141.0,81218.42279999999,80986.15440000003,2.0,81142.2,81055.2,8,Up,1.944,2.14,14.81,8.17,Asia,,92403,92405,STOP,-1.0
1778639520000,Short,81024.4,81214.81991999998,80643.56016000002,2.0,81110.5,80988.8,8,Up,1.849,1.526,90.22,13.78,Asia,,92329,92405,STOP,-1.0
1778653740000,Long,81070.1,80957.48216,81295.33568000002,2.0,81126.0,81036.2,9,Down,1.264,9.834,-27.29,8.9,Asia,,92566,92588,STOP,-1.0
1778657940000,Short,80873.2,80978.7312,80662.1376,2.0,80907.2,80847.0,11,Up,1.974,6.474,27.05,-8.39,Asia,,92636,92654,STOP,-1.0
1778662140000,Short,81099.7,81208.61495999999,80881.87008000001,2.0,81111.2,80903.8,18,Up,2.605,2.172,37.18,1.88,London,,92706,92718,STOP,-1.0
1778663100000,Short,81258.1,81335.21616,81103.86768000002,2.0,81267.0,81130.3,8,Up,11.622,4.853,630.94,29.35,London,,92722,92738,TARGET,2.0
1778676060000,Long,80018.8,79789.6172,80477.16560000002,2.0,80337.5,80009.2,11,Down,6.872,1.872,-291.02,-51.73,London,,92938,92996,STOP,-1.0
1778680860000,Long,79560.3,79436.49992,79807.90016,2.0,79841.8,79540.0,16,Down,4.15,4.393,-276.47,-11.31,LondonNY,,93018,93042,TARGET,2.0
1778686020000,Long,79288.0,79176.608,79510.78400000001,2.0,79497.0,79255.0,13,Down,1.482,2.319,-37.3,-40.27,LondonNY,,93104,93121,STOP,-1.0
1778688000000,Long,78991.5,78690.09752000001,79594.30495999998,2.0,79140.0,78860.0,8,Down,5.252,3.834,-496.23,-71.87,LondonNY,,93137,93257,TIMEOUT,0.0
1778705040000,Short,79688.3,79775.7696,79513.36080000001,2.0,79691.4,79575.9,17,Up,3.127,2.578,75.0,0.36,NewYork,,93421,93443,TARGET,2.0
1778710260000,Long,79374.9,79146.23232000001,79832.23535999996,2.0,79416.0,79314.6,8,Down,6.374,2.151,-86.94,-2.42,Asia,,93508,93628,TIMEOUT,0.0
1778716800000,Long,79397.1,79127.64719999999,79936.00560000003,2.0,79410.0,79212.8,29,Down,1.23,4.427,-16.5,-1.27,Asia,,93617,93737,TIMEOUT,0.0
1778718600000,Long,79490.1,79359.36167999999,79751.57664000004,2.0,79561.1,79431.1,8,Down,1.402,1.716,23.11,9.04,Asia,,93647,93767,TIMEOUT,0.0
1778725320000,Long,79603.9,79468.77407999999,79874.15184,2.0,79648.0,79544.4,20,Down,2.9,1.525,-128.03,-13.07,Asia,,93759,93783,STOP,-1.0
1778719740000,Short,79587.0,79708.51584,79343.96832000001,2.0,79610.0,79523.1,8,Up,2.198,1.92,21.13,9.78,Asia,,93666,93786,TARGET,2.0
1778729100000,Long,79136.5,78938.99824,79531.50352,2.0,79427.8,79097.7,19,Down,4.117,2.279,-197.57,-17.58,Asia,,93822,93851,STOP,-1.0
1778728020000,Short,79230.9,79410.07728,78872.54543999999,2.0,79341.9,79171.1,8,Up,1.615,1.604,3.17,-8.9,Asia,,93804,93853,TARGET,2.0
1778736060000,Long,79516.9,79332.68303999999,79885.33392,2.0,79440.0,79280.0,36,Down,1.343,3.151,19.79,0.88,Asia,,93938,93967,TARGET,2.0
1778742540000,Long,79733.0,79607.96264,79983.07472,2.0,79856.0,79723.5,30,Down,4.685,4.337,-70.69,-9.62,Asia,,94046,94101,STOP,-1.0
1778753220000,Short,79555.8,79743.64391999999,79180.11216000003,2.0,79624.7,79530.0,8,Up,3.145,1.935,85.85,-0.2,London,,94224,94344,TIMEOUT,0.0
1778759280000,Long,79276.1,79143.73432,79540.83136000001,2.0,79416.0,79219.0,22,Down,1.591,2.109,-26.55,13.29,London,,94325,94371,TARGET,2.0
1778758140000,Long,79319.5,79155.6248,79647.25039999999,2.0,79518.0,79314.5,10,Down,11.909,2.442,90.12,1.32,London,,94306,94380,TARGET,2.0
1778763600000,Short,79670.6,79792.98335999998,79425.83328000005,2.0,79717.7,79645.3,8,Up,1.779,1.786,97.11,1.96,LondonNY,,94397,94400,STOP,-1.0
1778766000000,Long,79763.9,79636.33992,80019.02015999999,2.0,80042.0,79720.0,15,Down,1.567,1.989,-126.06,18.38,LondonNY,,94437,94455,STOP,-1.0
1778767140000,Short,79660.9,80048.988,78884.72399999999,2.0,79942.0,79650.0,15,Up,1.42,1.695,127.17,-30.2,LondonNY,,94456,94474,STOP,-1.0
1778768100000,Long,80011.9,79493.85399999999,81047.992,2.0,79922.1,79580.0,9,Down,1.551,2.24,-83.72,3.36,LondonNY,,94472,94516,TARGET,2.0
1778771220000,Short,80813.2,81199.908,80039.784,2.0,81000.0,80700.4,9,Up,4.465,2.161,369.7,107.83,LondonNY,,94524,94568,STOP,-1.0
1778777520000,Short,81111.1,81652.46975999999,80028.36048000003,2.0,81563.6,81237.2,45,Up,1.264,2.039,66.63,-13.36,LondonNY,,94629,94635,STOP,-1.0
1778782200000,Long,81756.9,81445.89112,82378.91775999998,2.0,81747.0,81513.6,18,Down,1.273,1.655,-61.44,-17.3,NewYork,,94707,94737,STOP,-1.0
1778803260000,Long,81033.4,80983.96096,81132.27807999999,2.0,81060.0,81007.9,10,Down,3.916,2.289,136.02,-9.75,Asia,,95058,95061,TARGET,2.0
1778810040000,Long,81228.9,81053.90496,81578.89007999998,2.0,81442.7,81166.0,19,Down,1.604,1.964,-27.6,3.11,Asia,,95171,95176,STOP,-1.0
1778810520000,Long,81048.4,80953.1856,81238.82879999999,2.0,81273.6,81042.9,13,Down,2.487,10.465,-84.24,-3.51,Asia,,95179,95186,STOP,-1.0
1778805660000,Short,81294.1,81584.21519999999,80713.86960000003,2.0,81456.1,81286.5,20,Up,2.904,1.855,121.84,9.93,Asia,,95098,95210,TARGET,2.0
1778828760000,Long,80603.9,80520.53199999999,80770.636,2.0,80597.0,80511.0,13,Down,1.247,2.225,75.6,1.21,Asia,,95483,95484,STOP,-1.0
1778834100000,Long,80544.0,80304.60488,81022.79024,2.0,80694.3,80480.0,20,Down,4.072,1.67,-142.08,-13.08,London,,95572,95692,TIMEOUT,0.0
1778838720000,Long,80377.0,80272.7304,80585.5392,2.0,80475.0,80360.3,11,Down,2.366,2.845,-52.08,0.33,London,,95649,95702,TARGET,2.0
1778838300000,Long,80410.0,80310.60007999999,80608.79984000002,2.0,80600.0,80400.0,8,Down,1.591,3.036,7.79,0.85,London,,95642,95702,TARGET,2.0
1778842140000,Short,80572.8,80718.72335999999,80280.95328000003,2.0,80635.9,80400.0,8,Up,3.831,2.23,102.43,1.68,London,,95706,95707,STOP,-1.0
1778846940000,Long,80554.4,80470.572,80722.05599999998,2.0,80638.8,80546.2,8,Down,3.348,7.393,-68.77,-14.61,London,,95786,95788,STOP,-1.0
1778841900000,Long,80551.1,80335.68,80981.94000000003,2.0,80564.0,80426.1,35,Down,1.768,2.251,-32.94,-3.71,London,,95702,95791,STOP,-1.0
1778858520000,Short,79254.4,79398.86832,78965.46336,2.0,79298.4,78960.3,30,Up,1.94,1.622,165.06,13.61,LondonNY,,95979,96099,TIMEOUT,0.0
1778866140000,Short,79338.7,79478.73215999999,79058.63568000002,2.0,79373.9,79198.6,9,Up,5.186,3.012,193.54,3.53,NewYork,,96106,96136,STOP,-1.0
1778866440000,Short,79420.0,79497.84744,79264.30512,2.0,79421.3,79279.1,10,Up,1.582,1.668,15.11,9.99,NewYork,,96111,96137,STOP,-1.0
1778876940000,Long,79140.0,78972.17168,79475.65664,2.0,79140.4,79068.0,8,Down,1.612,1.515,-19.27,-0.35,NewYork,,96286,96304,STOP,-1.0
1778875260000,Short,79144.5,79232.93568,78967.62864000001,2.0,79159.6,79050.0,36,Up,2.886,1.655,36.58,-2.85,NewYork,,96258,96304,TARGET,2.0
1778881800000,Long,79043.0,78939.39792,79250.20416,2.0,79115.1,79010.6,10,Down,1.663,1.975,-21.94,-2.03,NewYork,,96367,96373,STOP,-1.0
1778878500000,Long,79065.9,78966.2764,79265.14719999998,2.0,79124.9,79037.0,8,Down,1.349,2.074,-29.44,-13.27,NewYork,,96312,96373,STOP,-1.0
1778887080000,Short,79083.3,79198.60824,78852.68352,2.0,79113.7,79055.0,20,Up,8.017,2.52,75.14,-0.75,Asia,,96455,96536,STOP,-1.0
1778892060000,Short,79166.4,79248.24792,79002.70416,2.0,79177.5,79118.6,20,Up,1.262,2.728,24.48,9.04,Asia,,96538,96584,TARGET,2.0
1778893440000,Long,79069.6,78968.47464,79271.85072000002,2.0,79141.7,79051.7,9,Down,1.865,3.243,-17.43,-9.16,Asia,,96561,96681,TIMEOUT,0.0
1778927700000,Long,77927.0,77539.71856,78701.56288000001,2.0,77946.1,77777.0,22,Down,7.78,1.929,-536.86,-16.19,London,,97132,97252,TIMEOUT,0.0
1778937540000,Long,77957.5,77837.68,78197.14000000001,2.0,78016.2,77914.3,17,Down,1.612,1.989,-56.16,-7.76,LondonNY,,97296,97312,STOP,-1.0
1778939040000,Long,77875.9,77766.7368,78094.22639999999,2.0,77957.5,77832.5,23,Down,1.245,1.586,-25.35,-2.39,LondonNY,,97321,97371,TARGET,2.0
1778947800000,Short,78165.3,78353.33256,77789.23488000002,2.0,78217.1,78145.2,9,Up,6.864,2.165,207.68,11.35,LondonNY,,97467,97587,TIMEOUT,0.0
1778950260000,Long,78166.0,78068.4952,78361.00959999999,2.0,78337.4,78144.8,37,Down,1.647,2.011,-55.35,-12.85,LondonNY,,97508,97628,TIMEOUT,0.0
1778957340000,Short,78202.9,78299.78975999999,78009.12048000001,2.0,78203.7,78149.0,13,Up,1.667,2.096,35.64,-2.21,NewYork,,97626,97629,STOP,-1.0
1778973240000,Short,78154.0,78228.53279999999,78004.93440000003,2.0,78159.3,78108.4,9,Up,1.256,4.357,8.71,-4.26,Asia,,97891,97894,STOP,-1.0
1778972700000,Long,78146.9,78045.91328,78348.87344,2.0,78192.0,78138.1,12,Down,4.864,1.804,-10.24,-4.96,Asia,,97882,97985,STOP,-1.0
1778977740000,Long,78164.7,78041.71664,78410.66672,2.0,78213.9,78104.2,31,Down,1.302,5.646,-30.07,-6.84,Asia,,97966,97992,STOP,-1.0
1778988000000,Short,77936.5,78031.3752,77746.74960000001,2.0,77958.0,77905.0,8,Up,1.53,1.762,53.48,12.22,Asia,,98137,98157,STOP,-1.0
1778994300000,Long,78183.0,78046.11312000001,78456.77375999998,2.0,78165.6,78113.5,13,Down,1.379,1.699,-16.59,1.28,Asia,,98242,98319,STOP,-1.0
1778994960000,Short,78175.9,78293.78495999999,77940.13008,2.0,78195.8,78108.6,8,Up,5.889,1.983,172.25,20.36,Asia,,98253,98373,TIMEOUT,0.0
1778998800000,Short,78070.9,78235.23816,77742.22368,2.0,78150.0,78098.8,8,Up,1.35,2.005,6.86,5.57,Asia,,98317,98437,TIMEOUT,0.0
1778999520000,Long,78050.0,77950.09,78249.82,2.0,78168.2,78043.4,8,Down,2.152,2.345,-32.73,-7.27,Asia,,98329,98449,TIMEOUT,0.0
1779003540000,Long,78100.0,78002.548,78294.90400000001,2.0,78175.3,78078.7,8,Down,1.289,2.608,-11.73,8.97,Asia,,98396,98457,STOP,-1.0
1779009840000,Short,78094.8,78182.496,77919.40800000001,2.0,78103.5,78055.2,8,Up,1.229,2.582,8.62,4.05,London,,98501,98530,STOP,-1.0
1779012300000,Short,78243.2,78376.45104,77976.69791999999,2.0,78266.6,78146.5,10,Up,7.864,2.218,165.37,18.53,London,,98542,98546,STOP,-1.0
1779032100000,Long,78000.8,77872.35224,78257.69552000002,2.0,78037.9,77972.8,9,Down,2.611,2.764,-72.52,-2.89,LondonNY,,98872,98968,STOP,-1.0
1779038340000,Long,77894.7,77798.81112,78086.47776,2.0,78087.5,77894.4,17,Down,3.893,1.606,-42.35,-3.7,NewYork,,98976,99018,TARGET,2.0
1779053820000,Short,78369.7,78515.76239999999,78077.5752,2.0,78400.0,78335.1,10,Up,10.253,2.071,224.75,13.49,NewYork,,99234,99258,TARGET,2.0
1779068100000,Long,76861.2,76658.1244,77267.35119999999,2.0,77020.8,76780.9,15,Down,2.689,3.466,-189.1,2.17,Asia,,99472,99592,TIMEOUT,0.0
1779073200000,Long,76914.1,76692.99647999999,77356.30704000004,2.0,76920.0,76800.1,10,Down,1.28,1.533,-34.1,7.47,Asia,,99557,99677,TIMEOUT,0.0
1779076320000,Short,76889.7,77060.79935999999,76547.50128000001,2.0,76968.5,76777.0,16,Up,1.463,1.938,22.85,5.16,Asia,,99609,99729,TIMEOUT,0.0
1779077760000,Short,76965.8,77090.92344,76715.55312000001,2.0,76984.9,76858.0,28,Up,2.788,2.923,52.76,2.87,Asia,,99633,99742,TARGET,2.0
1779084720000,Long,76783.6,76646.6336,77057.53280000002,2.0,76924.3,76780.0,8,Down,4.772,2.093,-56.72,-31.38,Asia,,99749,99767,STOP,-1.0
1779085200000,Short,76756.1,76915.28304,76437.73392000003,2.0,76830.0,76534.5,8,Up,2.413,2.231,25.83,-49.83,Asia,,99757,99784,STOP,-1.0
1779089100000,Long,76884.8,76683.1044,77288.19120000002,2.0,76932.9,76800.0,8,Down,1.355,1.742,-1.49,-3.33,Asia,,99822,99942,TIMEOUT,0.0
1779099600000,Long,76730.5,76633.04448,76925.41104,2.0,76824.2,76723.0,8,Down,6.054,1.925,-79.2,3.13,London,,99997,100046,STOP,-1.0
1779102600000,Long,76699.9,76604.6672,76890.36559999999,2.0,76807.6,76682.1,12,Down,1.412,2.913,-46.53,-4.41,London,,100047,100070,TARGET,2.0
1779107220000,Short,77295.3,77586.61968,76712.66064,2.0,77488.0,77334.5,8,Up,1.936,4.536,201.47,8.03,London,,100124,100135,STOP,-1.0
1779116760000,Long,76166.2,76007.1456,76484.30879999998,2.0,76434.3,76119.4,8,Down,2.09,2.05,-233.9,-24.75,LondonNY,,100283,100347,TARGET,2.0
1779133560000,Short,76865.7,76961.51999999999,76674.06000000001,2.0,76888.0,76684.7,8,Up,2.901,1.735,327.56,17.08,NewYork,,100563,100568,STOP,-1.0
1779134640000,Short,76925.1,77058.19728,76658.90544000003,2.0,76963.7,76797.5,14,Up,2.722,1.729,99.27,28.76,NewYork,,100581,100591,STOP,-1.0
1779148800000,Long,77000.1,76858.76376,77282.77248000001,2.0,77080.0,76948.5,12,Down,2.811,2.632,-73.09,-6.05,Asia,,100817,100837,TARGET,2.0
1779157980000,Short,76800.1,77035.27896,76329.74208000003,2.0,76804.8,76657.6,8,Up,4.033,2.148,189.38,20.12,Asia,,100970,101090,TIMEOUT,0.0
1779164280000,Short,76788.9,76925.09088,76516.51823999998,2.0,76830.3,76693.3,8,Up,1.409,2.098,33.48,11.02,Asia,,101075,101158,STOP,-1.0
1779172620000,Short,76924.4,77061.59999999999,76650.0,2.0,76982.1,76833.1,45,Up,1.921,2.667,86.34,5.02,Asia,,101214,101220,STOP,-1.0
1779174060000,Long,76976.3,76878.54792,77171.80416000001,2.0,77050.0,76971.4,8,Down,3.379,1.529,44.52,3.37,Asia,,101238,101255,TARGET,2.0
1779178620000,Long,77124.9,76974.8708,77424.95839999997,2.0,77173.4,77052.8,8,Down,1.488,1.771,-46.69,-13.88,London,,101314,101321,STOP,-1.0
1779179520000,Long,77011.1,76910.4224,77212.45520000003,2.0,77161.0,76992.9,14,Down,1.558,1.702,-1.58,-10.48,London,,101329,101338,TARGET,2.0
1779187080000,Short,76780.2,76877.85311999999,76584.89376000002,2.0,76794.5,76707.2,18,Up,2.886,5.944,94.8,8.66,London,,101455,101466,STOP,-1.0
1779183180000,Long,76749.9,76609.76312,77030.17375999998,2.0,76930.9,76702.9,12,Down,3.525,1.596,-94.63,-28.22,London,,101390,101473,TARGET,2.0
1779196860000,Long,76722.8,76608.26432,76951.87136,2.0,76850.0,76717.1,8,Down,2.154,3.665,-31.23,-8.8,LondonNY,,101618,101622,STOP,-1.0
1779195900000,Short,76784.9,77009.05799999999,76336.584,2.0,76930.0,76849.9,8,Up,1.502,4.232,-5.48,-1.53,LondonNY,,101602,101632,STOP,-1.0
1779198000000,Short,76811.7,76949.41031999998,76536.27936000003,2.0,76866.8,76556.0,8,Up,2.066,2.296,-10.45,10.44,LondonNY,,101637,101651,STOP,-1.0
1779199440000,Long,76967.0,76691.098,77518.804,2.0,76998.7,76782.4,12,Down,1.62,2.029,38.5,7.68,LondonNY,,101661,101663,STOP,-1.0
1779198480000,Long,76859.0,76611.96136,77353.07728,2.0,77033.9,76742.0,10,Down,2.272,1.996,-84.33,0.13,LondonNY,,101645,101670,STOP,-1.0
1779197580000,Long,76807.7,76513.44024,77396.21952,2.0,76814.0,76635.0,11,Down,4.444,4.35,-91.53,1.86,LondonNY,,101630,101672,STOP,-1.0
1779212280000,Long,76926.3,76744.75503999999,77289.38992000003,2.0,76979.9,76840.1,9,Down,1.703,2.862,-67.22,-29.58,NewYork,,101875,101882,STOP,-1.0
1779215880000,Long,76793.3,76648.83184,77082.23632000001,2.0,76911.9,76723.6,14,Down,1.799,1.613,-61.86,-8.95,NewYork,,101935,102055,TIMEOUT,0.0
1779218160000,Short,76959.6,77092.12439999999,76694.55120000005,2.0,76967.4,76819.3,10,Up,5.838,2.28,153.41,8.43,NewYork,,101973,102093,TIMEOUT,0.0
1779252840000,Short,76746.4,76849.13015999999,76540.93968000001,2.0,76757.8,76650.0,14,Up,2.328,2.172,45.34,3.38,Asia,,102551,102562,STOP,-1.0
1779251040000,Short,76764.4,76876.05168,76541.09663999997,2.0,76787.9,76735.0,9,Up,4.51,3.986,53.43,-4.65,Asia,,102521,102565,STOP,-1.0
1779255180000,Short,77216.9,77340.8232,76969.05359999998,2.0,77250.0,76980.0,22,Up,1.254,2.557,86.44,11.88,Asia,,102590,102665,STOP,-1.0
1779261240000,Short,77347.9,77457.61656,77128.46687999999,2.0,77391.8,77283.0,16,Up,4.015,2.496,213.58,5.12,Asia,,102691,102774,STOP,-1.0
1779265740000,Long,77245.0,77127.7484,77479.5032,2.0,77349.0,77208.3,38,Down,1.526,2.86,-47.02,-10.13,London,,102766,102775,TARGET,2.0
1779261960000,Short,77357.0,77495.74704,77079.50592,2.0,77395.7,77285.0,12,Up,5.574,1.966,275.32,11.58,Asia,,102703,102775,STOP,-1.0
1779272100000,Short,77538.6,77621.54759999999,77372.70480000004,2.0,77558.0,77411.4,17,Up,1.374,1.951,42.78,12.59,London,,102872,102879,STOP,-1.0
1779275700000,Long,77468.6,77364.15912000001,77677.48176,2.0,77530.0,77450.3,15,Down,1.978,2.173,-25.8,-12.19,London,,102932,102957,STOP,-1.0
1779279960000,Short,77447.8,77535.07848,77273.24304000002,2.0,77452.0,77330.0,9,Up,1.676,2.6,22.51,-0.76,London,,103003,103022,STOP,-1.0
1779278460000,Long,77392.1,77224.27112,77727.75776000001,2.0,77387.8,77311.8,8,Down,2.67,1.96,-18.8,-2.95,London,,102978,103033,TARGET,2.0
1779282060000,Short,77523.7,77762.05991999999,77046.98016000002,2.0,77581.6,77502.4,8,Up,14.628,3.118,447.28,30.27,LondonNY,,103038,103072,TARGET,2.0
1779286440000,Long,77081.6,76801.40968,77641.98064000002,2.0,77239.1,77013.9,18,Down,3.171,2.626,-331.74,-26.39,LondonNY,,103111,103171,TARGET,2.0
1779306600000,Short,77565.6,77692.6044,77311.59120000002,2.0,77610.0,77467.1,23,Up,4.187,3.842,156.85,25.67,NewYork,,103447,103469,STOP,-1.0
1779308820000,Long,77584.3,77409.52279999999,77933.85440000003,2.0,77721.1,77531.3,11,Down,3.569,1.75,-99.35,-10.27,NewYork,,103484,103576,STOP,-1.0
1779308160000,Short,77571.7,77783.27688,77148.54623999998,2.0,77677.2,77539.9,18,Up,2.558,3.57,86.63,-9.32,NewYork,,103473,103593,TIMEOUT,0.0
1779315660000,Long,77269.8,77168.31592000001,77472.76815999999,2.0,77425.8,77253.1,15,Down,2.109,2.694,4.33,-3.46,Asia,,103598,103682,TARGET,2.0
1779318840000,Long,77422.6,77335.88176,77596.03648000001,2.0,77468.2,77410.0,11,Down,1.243,4.029,-36.38,2.93,Asia,,103651,103700,TARGET,2.0
1779326340000,Short,77857.6,78173.38871999999,77226.02256000004,2.0,78051.0,77864.4,24,Up,3.907,1.727,250.78,25.33,Asia,,103776,103896,TIMEOUT,0.0
1779334080000,Short,77986.7,78074.80991999999,77810.48016000002,2.0,78000.0,77867.4,12,Up,1.635,2.926,56.01,-1.47,Asia,,103905,103937,STOP,-1.0
1779341460000,Long,77844.1,77748.55136,78035.19728000002,2.0,77915.4,77829.1,10,Down,1.694,1.845,-24.36,-8.55,Asia,,104028,104044,STOP,-1.0
1779340260000,Short,77952.9,78118.24463999999,77622.21072,2.0,78014.7,77923.1,50,Up,1.687,1.847,43.02,1.27,Asia,,104008,104099,TARGET,2.0
1779347460000,Short,77540.1,77728.13279999999,77164.03440000003,2.0,77632.2,77533.4,8,Up,1.407,2.338,20.28,-0.86,Asia,,104128,104164,STOP,-1.0
1779343680000,Short,77729.9,77895.36648,77398.96703999999,2.0,77795.3,77739.8,11,Up,1.274,4.596,36.82,-0.57,Asia,,104065,104178,STOP,-1.0
1779350460000,Short,77852.7,77941.10304,77675.89391999999,2.0,77870.0,77728.0,11,Up,1.846,1.522,46.24,15.14,London,,104178,104179,STOP,-1.0
1779357600000,Long,77623.6,77527.928,77814.94400000002,2.0,77679.1,77608.0,10,Down,5.108,3.451,-205.88,-5.22,London,,104297,104321,STOP,-1.0
1779357300000,Long,77639.0,77551.50912,77813.98176,2.0,77687.2,77625.2,8,Down,1.298,1.603,-11.47,-7.48,London,,104292,104321,STOP,-1.0
1779364800000,Long,77194.5,77087.38072,77408.73856,2.0,77342.8,77182.3,25,Down,2.148,2.095,-94.99,-10.69,London,,104417,104437,STOP,-1.0
1779366060000,Long,77130.1,77042.3168,77305.66640000002,2.0,77187.7,77125.3,12,Down,1.881,5.541,-85.16,-1.87,London,,104438,104446,STOP,-1.0
1779381420000,Long,77097.6,76962.3808,77368.03840000002,2.0,77318.3,77071.3,42,Down,8.23,1.527,-123.39,-13.39,LondonNY,,104694,104726,TARGET,2.0
1779384720000,Short,77949.5,78060.39839999999,77727.70320000002,2.0,77970.0,77637.1,15,Up,1.682,1.949,14.64,16.77,NewYork,,104749,104771,STOP,-1.0
1779397860000,Short,77740.7,77836.11911999999,77549.86176000001,2.0,77769.5,77613.9,23,Up,1.648,2.646,-19.44,1.36,NewYork,,104968,105054,TARGET,2.0
1779396480000,Long,77767.0,77540.61783999999,78219.76432000002,2.0,77772.2,77625.9,45,Down,1.256,1.936,-33.97,-0.55,NewYork,,104945,105054,STOP,-1.0
1779400920000,Long,77639.2,77513.33967999999,77890.92064000001,2.0,77684.3,77604.3,9,Down,2.492,10.921,-33.96,-5.18,Asia,,105019,105055,STOP,-1.0
1779399300000,Short,77735.6,77839.42176,77527.95648000002,2.0,77773.9,77711.0,23,Up,3.621,2.506,64.78,6.76,NewYork,,104992,105055,TARGET,2.0
1779402240000,Long,77623.2,77493.9552,77881.6896,2.0,77721.8,77575.4,20,Down,1.869,1.769,-26.64,2.87,Asia,,105041,105091,STOP,-1.0
1779405600000,Long,77586.6,77459.28296,77841.23408000002,2.0,77686.8,77577.2,11,Down,1.394,1.537,-12.84,-0.85,Asia,,105097,105146,STOP,-1.0
1779408960000,Long,77443.6,77312.50047999999,77705.79904000004,2.0,77533.9,77405.4,8,Down,2.643,2.422,-23.4,-8.16,Asia,,105153,105198,STOP,-1.0
1779410640000,Long,77435.8,77286.92096,77733.55808,2.0,77535.9,77420.0,8,Down,2.604,1.54,-33.41,1.69,Asia,,105181,105301,TIMEOUT,0.0
1779416640000,Short,77620.1,77742.04391999998,77376.21216000005,2.0,77668.0,77536.7,19,Up,1.247,1.667,16.79,2.64,Asia,,105281,105321,STOP,-1.0
1779420600000,Short,77720.3,77827.01183999999,77506.87632000002,2.0,77752.4,77599.9,32,Up,1.232,2.016,29.19,2.17,Asia,,105347,105384,STOP,-1.0
1779427800000,Long,77594.4,77493.05592,77797.08815999998,2.0,77691.8,77571.7,21,Down,2.15,1.544,-25.87,-2.9,Asia,,105467,105477,STOP,-1.0
1779428460000,Long,77548.8,77438.0,77770.40000000001,2.0,77603.7,77530.4,16,Down,7.203,1.731,-208.16,-12.7,Asia,,105478,105494,STOP,-1.0
1779432960000,Short,77349.8,77536.98,76975.44000000002,2.0,77454.0,77367.0,8,Up,1.226,3.504,39.55,13.97,Asia,,105553,105673,TIMEOUT,0.0
1779451680000,Short,77404.4,77480.43479999999,77252.3304,2.0,77407.9,77340.5,11,Up,2.293,1.589,14.13,5.42,London,,105865,105868,STOP,-1.0
1779461340000,Long,76767.2,76725.67032,76850.25935999998,2.0,76797.1,76742.1,12,Down,4.344,4.909,830.21,50.43,LondonNY,,106026,106028,STOP,-1.0
1779462300000,Long,76914.2,76569.39544,77603.80912,2.0,76797.1,76701.3,17,Down,4.477,4.51,-641.62,78.66,LondonNY,,106042,106061,STOP,-1.0
1779463500000,Long,76631.1,76519.33552000001,76854.62896,2.0,76922.0,76630.7,24,Down,3.55,3.51,-476.18,5.48,LondonNY,,106062,106065,TARGET,2.0
1779470880000,Long,76949.9,76739.25944,77371.18112,2.0,76980.0,76851.5,35,Down,4.299,8.21,-154.57,-12.6,NewYork,,106185,106214,STOP,-1.0
1779483420000,Short,75899.8,76087.72151999999,75523.95696000002,2.0,75975.8,75848.0,8,Up,3.197,3.906,141.86,6.68,NewYork,,106394,106500,TARGET,2.0
1779494760000,Short,75514.0,75676.19256,75189.61488000001,2.0,75565.0,75322.0,17,Up,1.362,1.712,66.79,-15.79,Asia,,106583,106617,TARGET,2.0
1779493500000,Short,75505.5,75837.92184,74840.65632000001,2.0,75747.0,75616.8,19,Up,1.527,19.976,42.41,-2.21,Asia,,106562,106682,TIMEOUT,0.0
1779502440000,Short,75442.4,75582.81791999999,75161.56416000001,2.0,75487.7,75340.0,25,Up,4.289,3.313,103.9,15.34,Asia,,106711,106775,STOP,-1.0
1779500580000,Long,75408.1,75311.7024,75600.89520000003,2.0,75478.9,75403.6,15,Down,1.888,1.629,-55.65,3.65,Asia,,106680,106788,TARGET,2.0
1779501240000,Long,75458.0,75295.01576,75783.96848000001,2.0,75478.9,75369.2,8,Down,2.593,1.909,16.07,-5.28,Asia,,106691,106811,TIMEOUT,0.0
1779510780000,Short,75606.6,75672.58968,75474.62064000001,2.0,75606.8,75520.0,20,Up,1.325,1.515,25.09,-13.63,Asia,,106850,106896,TARGET,2.0
1779515700000,Long,75448.2,75378.1492,75588.30159999999,2.0,75491.5,75442.3,22,Down,2.019,2.419,-48.97,-8.5,Asia,,106932,106982,STOP,-1.0
1779522120000,Short,75227.9,75369.64751999998,74944.40496000001,2.0,75250.0,75104.9,8,Up,3.896,1.69,294.99,-4.11,Asia,,107039,107042,TARGET,2.0
1779521640000,Long,75230.0,75044.81607999999,75600.36784000002,2.0,75331.1,75161.0,24,Down,6.374,2.038,-216.83,-24.61,Asia,,107031,107042,STOP,-1.0
1779532560000,Short,74726.8,74819.3076,74541.78480000001,2.0,74731.5,74669.1,26,Up,2.836,3.935,74.39,-1.08,London,,107213,107259,STOP,-1.0
1779539280000,Long,74709.7,74602.07056000001,74924.95887999998,2.0,74729.8,74666.2,12,Down,2.332,1.847,-37.32,-9.35,London,,107325,107360,TARGET,2.0
1779543060000,Short,74942.2,75092.72615999999,74641.14768000001,2.0,74994.7,74876.1,15,Up,6.368,5.49,163.21,12.19,LondonNY,,107388,107405,STOP,-1.0
1779558660000,Long,75433.0,75273.03336,75752.93328,2.0,75431.1,75379.8,8,Down,2.078,1.538,-49.78,-3.17,NewYork,,107648,107668,TARGET,2.0
1779555600000,Long,75453.9,75311.80232,75738.09535999998,2.0,75513.8,75408.9,11,Down,6.739,4.654,-165.73,0.94,NewYork,,107597,107668,TARGET,2.0
1779566880000,Short,75928.8,76031.37648,75723.64704,2.0,75948.6,75845.0,28,Up,4.077,1.501,211.01,24.96,NewYork,,107785,107786,STOP,-1.0
1779570180000,Short,76900.7,77174.69039999999,76352.7192,2.0,76918.7,76618.6,16,Up,4.715,1.745,501.12,15.21,NewYork,,107840,107960,TIMEOUT,0.0
1779577260000,Long,76543.2,76439.89912,76749.80175999999,2.0,76586.7,76522.6,11,Down,1.407,1.501,78.53,22.58,Asia,,107958,107963,TARGET,2.0
1779601500000,Long,76633.3,76549.7112,76800.4776,2.0,76689.5,76620.0,10,Down,1.621,2.12,-22.52,-3.42,Asia,,108362,108368,TARGET,2.0
1779595260000,Short,76773.7,76859.03808,76603.02384,2.0,76775.2,76672.3,17,Up,2.223,1.652,51.89,-14.95,Asia,,108258,108378,TIMEOUT,0.0
1779614700000,Short,76880.0,76993.94591999998,76652.10816000003,2.0,76915.0,76865.2,8,Up,2.305,2.723,8.34,6.46,London,,108582,108594,STOP,-1.0
1779615540000,Short,76944.6,77087.22048,76659.35904000001,2.0,76957.3,76854.3,19,Up,8.113,3.127,227.56,2.41,London,,108596,108643,STOP,-1.0
1779638760000,Short,76524.5,76724.8308,76123.83840000001,2.0,76589.1,76317.8,8,Up,8.844,5.013,154.43,6.98,LondonNY,,108983,109086,STOP,-1.0
1779639480000,Short,76610.6,76783.57775999999,76264.64448000005,2.0,76682.6,76343.7,17,Up,3.544,2.122,97.72,30.49,LondonNY,,108995,109115,TIMEOUT,0.0
1779646380000,Long,76737.0,76538.91984,77133.16032,2.0,76689.6,76636.1,8,Down,1.668,1.679,2.96,-0.49,NewYork,,109110,109230,TIMEOUT,0.0
1779653220000,Long,76699.9,76561.10208,76977.49583999999,2.0,76768.4,76646.3,11,Down,1.457,4.191,-14.25,2.4,NewYork,,109224,109304,STOP,-1.0
1779654720000,Short,76629.0,76735.93968,76415.12064000001,2.0,76673.8,76567.2,8,Up,1.493,7.128,-17.14,-3.72,NewYork,,109249,109310,TARGET,2.0
1779652800000,Short,76646.3,76814.70264,76309.49472,2.0,76738.2,76678.8,10,Up,1.778,4.146,9.47,2.71,NewYork,,109217,109311,TARGET,2.0
1779670920000,Long,77057.0,76910.52232,77349.95535999999,2.0,77253.9,77050.6,23,Down,9.014,1.948,-98.45,-4.31,Asia,,109519,109575,STOP,-1.0
1779674700000,Long,77125.0,76928.00832000001,77518.98335999998,2.0,77129.5,77014.0,10,Down,1.489,1.823,-54.89,-12.38,Asia,,109582,109702,TIMEOUT,0.0
1779683940000,Short,77115.2,77224.23,76897.14,2.0,77141.5,77060.8,8,Up,2.396,11.345,27.85,7.7,Asia,,109736,109741,STOP,-1.0
1779686880000,Short,77366.9,77516.56367999999,77067.57264,2.0,77418.1,77230.3,28,Up,4.128,1.608,206.59,13.22,Asia,,109785,109825,STOP,-1.0
1779689640000,Short,77293.6,77462.72064,76955.35872000002,2.0,77382.1,77312.9,11,Up,4.33,1.638,86.98,31.92,Asia,,109831,109863,STOP,-1.0
1779699660000,Short,77403.0,77516.96399999999,77175.07200000001,2.0,77433.0,77305.5,11,Up,2.148,1.698,50.93,20.59,London,,109998,110027,STOP,-1.0
1779700740000,Short,77414.2,77534.67816,77173.24368,2.0,77455.0,77391.1,12,Up,5.525,1.688,193.45,20.29,London,,110016,110028,STOP,-1.0
1779717960000,Short,77407.1,77526.17136,77168.95728000003,2.0,77407.9,77273.2,8,Up,3.652,4.633,62.72,3.62,LondonNY,,110303,110314,STOP,-1.0
1779722100000,Short,77633.3,77881.2552,77137.38960000001,2.0,77748.0,77624.5,19,Up,5.106,3.593,322.64,18.25,LondonNY,,110372,110492,TIMEOUT,0.0
1779734760000,Long,77577.6,77480.06632,77772.66736000002,2.0,77628.6,77560.7,25,Down,1.955,1.829,-12.98,1.54,NewYork,,110583,110597,STOP,-1.0
1779737580000,Short,77400.0,77553.39312,77093.21376000001,2.0,77470.1,77413.4,11,Up,1.382,1.556,26.72,-0.43,NewYork,,110630,110750,TIMEOUT,0.0
1779746400000,Short,77286.5,77428.59335999998,77002.31328000003,2.0,77330.0,77240.5,15,Up,4.404,3.46,49.2,6.17,Asia,,110777,110788,STOP,-1.0
1779746700000,Long,77359.8,77196.39344,77686.61312000001,2.0,77366.7,77273.3,8,Down,2.391,2.773,-5.92,7.44,Asia,,110782,110806,STOP,-1.0
1779740940000,Short,77399.6,77533.9776,77130.84480000002,2.0,77447.7,77361.6,35,Up,1.737,3.049,36.14,3.3,NewYork,,110686,110806,TARGET,2.0
1779752940000,Long,77290.0,77205.08648,77459.82704,2.0,77329.6,77278.9,13,Down,1.268,1.51,-21.13,1.7,Asia,,110886,110905,STOP,-1.0
1779753720000,Long,77250.9,77166.7172,77419.26559999998,2.0,77338.0,77249.6,18,Down,5.287,3.316,-23.84,2.99,Asia,,110899,110912,STOP,-1.0
1779747540000,Short,77316.9,77491.94399999999,76966.812,2.0,77375.5,77242.3,13,Up,3.783,2.438,71.98,10.41,Asia,,110796,110916,TIMEOUT,0.0
1779755520000,Short,77101.3,77211.11952,76881.66096000002,2.0,77142.8,77051.0,9,Up,1.363,1.624,32.49,-14.26,Asia,,110929,110937,TARGET,2.0
1779761280000,Long,76742.1,76567.6968,77090.9064,2.0,76767.1,76671.6,13,Down,4.469,2.611,-91.54,2.41,Asia,,111025,111058,STOP,-1.0
1779756840000,Long,76685.4,76504.7472,77046.70559999999,2.0,76900.0,76680.1,8,Down,5.905,2.313,-264.24,-56.53,Asia,,110951,111062,STOP,-1.0
1779763620000,Long,76597.0,76479.06776,76832.86447999999,2.0,76700.0,76557.1,10,Down,1.247,2.923,-27.2,-4.68,Asia,,111064,111103,STOP,-1.0
1779767160000,Short,76629.8,76715.12303999999,76459.15392000003,2.0,76639.9,76434.0,9,Up,2.235,2.032,98.75,2.25,Asia,,111123,111165,STOP,-1.0
1779766080000,Long,76500.0,76373.25248,76753.49504000001,2.0,76655.0,76472.6,43,Down,5.434,2.686,-256.51,0.26,Asia,,111105,111172,TARGET,2.0
1779775440000,Long,76835.0,76751.24983999999,77002.50032000002,2.0,76895.1,76815.0,8,Down,3.079,2.054,48.66,-3.29,Asia,,111261,111284,STOP,-1.0
1779769740000,Long,76700.0,76508.54416,77082.91167999999,2.0,76675.9,76588.0,26,Down,1.325,3.518,-47.05,3.1,Asia,,111166,111286,TIMEOUT,0.0
1779776940000,Long,76805.3,76673.81184,77068.27632000002,2.0,76895.1,76777.0,30,Down,3.061,1.971,-103.41,-9.64,Asia,,111286,111327,STOP,-1.0
1779785880000,Long,76714.8,76619.75512,76904.88976,2.0,76819.7,76713.0,18,Down,1.365,2.056,-26.17,-4.29,London,,111435,111460,STOP,-1.0
1779783360000,Short,76687.8,76831.416,76400.56800000001,2.0,76728.9,76612.7,24,Up,1.435,2.299,40.8,0.95,London,,111393,111513,TIMEOUT,0.0
1779787440000,Short,76630.0,76824.71063999999,76240.57872000002,2.0,76695.4,76621.0,11,Up,4.699,2.68,93.11,1.72,London,,111461,111515,STOP,-1.0
1779790380000,Long,76682.8,76519.7352,77008.92960000002,2.0,76647.0,76596.2,8,Down,1.587,1.744,-21.47,0.72,London,,111510,111522,TARGET,2.0
1779825540000,Short,76028.3,76114.44288,75856.01424,2.0,76035.1,75859.1,16,Up,1.869,2.155,48.95,6.18,NewYork,,112096,112113,STOP,-1.0
1779833160000,Long,75833.0,75741.3584,76016.2832,2.0,75975.6,75832.8,9,Down,3.68,3.476,-25.54,-8.96,Asia,,112223,112229,STOP,-1.0
1779840180000,Short,75935.3,76006.45655999999,75792.98688000003,2.0,75939.7,75868.6,19,Up,1.432,1.655,4.06,0.68,Asia,,112340,112369,STOP,-1.0
1779844500000,Long,76008.8,75923.61248,76179.17504000002,2.0,76083.9,75996.8,9,Down,1.732,2.089,-28.49,0.57,Asia,,112412,112414,STOP,-1.0
1779843720000,Short,76006.5,76093.62624,75832.24752,2.0,76009.9,75873.2,19,Up,1.855,3.207,30.34,13.33,Asia,,112399,112416,TARGET,2.0
1779848880000,Long,75747.2,75629.14824,75983.30352,2.0,75930.4,75743.9,22,Down,4.55,2.295,-84.07,-1.71,Asia,,112485,112564,STOP,-1.0
1779862260000,Short,75692.8,75810.59999999999,75457.20000000003,2.0,75723.8,75539.9,45,Up,2.094,2.431,58.04,8.66,Asia,,112708,112742,STOP,-1.0
1779869160000,Short,75916.3,76018.7664,75711.36720000002,2.0,75940.0,75875.7,9,Up,2.252,2.037,19.78,6.87,London,,112823,112842,STOP,-1.0
1779870120000,Long,75938.0,75804.70767999999,76204.58464000002,2.0,75977.9,75887.1,12,Down,1.676,1.528,-104.48,-6.67,London,,112839,112872,STOP,-1.0
1779874980000,Short,75892.5,76004.45495999999,75668.59008000002,2.0,75900.0,75768.5,9,Up,2.737,1.548,80.47,14.5,London,,112920,112962,STOP,-1.0
1779880920000,Short,75982.8,76052.99376,75842.41248000001,2.0,75988.0,75891.0,11,Up,2.773,1.997,19.23,-4.52,London,,113019,113026,TARGET,2.0
1779880560000,Short,75942.1,76048.7904,75728.71920000002,2.0,75965.5,75844.0,20,Up,1.663,2.721,6.37,-2.47,London,,113013,113051,TARGET,2.0
1779897000000,Long,75382.1,75069.69616,76006.90768,2.0,75485.9,75207.0,21,Down,2.662,3.134,-61.26,-16.35,LondonNY,,113287,113314,STOP,-1.0
1779892620000,Long,75029.5,74706.1872,75676.1256,2.0,75150.0,74851.3,9,Down,3.716,1.616,-341.51,-37.95,LondonNY,,113214,113334,TIMEOUT,0.0
1779901500000,Short,75295.5,75374.2512,75137.9976,2.0,75300.0,75140.3,10,Up,3.383,2.567,36.71,14.16,NewYork,,113362,113364,TARGET,2.0
1779900060000,Long,75089.7,74901.0312,75467.0376,2.0,75133.3,75023.2,12,Down,3.2,2.491,-199.12,-1.25,LondonNY,,113338,113371,STOP,-1.0
1779904680000,Long,74869.8,74585.284,75438.83200000001,2.0,75015.1,74826.8,21,Down,10.934,1.506,-510.2,-5.18,NewYork,,113415,113535,TIMEOUT,0.0
1779910380000,Short,75030.8,75119.54759999999,74853.30480000003,2.0,75042.1,74940.0,20,Up,2.611,1.832,35.64,-7.74,NewYork,,113510,113538,STOP,-1.0
1779911460000,Long,74986.2,74875.75144,75207.09712,2.0,75052.7,74942.5,13,Down,1.37,1.994,-42.54,-5.67,NewYork,,113528,113542,TARGET,2.0
1779925860000,Short,74357.6,74457.31824,74158.16352000003,2.0,74373.0,74210.0,21,Up,1.522,3.496,49.72,17.71,Asia,,113768,113773,STOP,-1.0
1779924600000,Long,74283.3,74158.126,74533.648,2.0,74545.8,74266.2,10,Down,7.706,1.905,-371.51,-20.92,Asia,,113747,113781,TARGET,2.0
1779919860000,Short,74345.1,74748.95135999999,73537.39728000003,2.0,74627.8,74300.1,18,Up,2.766,1.573,91.04,-27.62,Asia,,113668,113788,TIMEOUT,0.0
1779924060000,Short,74395.1,74605.43664,73974.42672000002,2.0,74519.3,74326.5,24,Up,2.667,1.74,118.1,13.35,Asia,,113738,113858,TIMEOUT,0.0
1779931380000,Long,74478.2,74357.76616,74719.06768,2.0,74563.2,74444.8,10,Down,1.24,3.831,-7.18,-39.42,Asia,,113860,113862,STOP,-1.0
1779936240000,Long,74231.7,74022.63448,74649.83104,2.0,74243.1,74131.2,10,Down,5.518,1.63,-64.58,0.4,Asia,,113941,113973,STOP,-1.0
1779950220000,Long,72788.5,72671.01664,73023.46672,2.0,72921.9,72781.0,8,Down,2.862,2.235,-106.92,-6.5,Asia,,114174,114181,TARGET,2.0
1779946380000,Short,72924.3,73109.04048,72554.81904000002,2.0,73008.3,72916.0,8,Up,2.349,3.53,83.09,-4.15,Asia,,114110,114181,STOP,-1.0
1779958140000,Short,73304.6,73391.66639999999,73130.46720000004,2.0,73312.7,73217.1,8,Up,1.664,5.005,82.08,-4.36,London,,114306,114351,STOP,-1.0
1779963000000,Long,73578.0,73409.2256,73915.54879999999,2.0,73535.7,73480.0,8,Down,1.211,3.057,-25.8,-1.18,London,,114387,114397,STOP,-1.0
1779971100000,Long,73266.1,73163.02272000001,73472.25456,2.0,73400.0,73257.0,10,Down,3.608,2.334,-55.31,-22.35,London,,114522,114526,TARGET,2.0
1779965400000,Short,73449.9,73591.72631999999,73166.24736000001,2.0,73489.2,73390.1,12,Up,1.323,2.528,35.55,-1.13,London,,114427,114547,TIMEOUT,0.0
1779976380000,Short,72874.3,73128.05568,72366.78864,2.0,72935.4,72739.2,13,Up,3.438,1.663,362.59,22.83,LondonNY,,114610,114630,STOP,-1.0
1779977520000,Long,72924.7,72701.792,73370.51599999999,2.0,73069.6,72804.3,15,Down,1.556,2.97,-53.93,-23.53,LondonNY,,114629,114632,TARGET,2.0
1779988080000,Long,73442.2,73245.65656,73835.28687999999,2.0,73441.3,73323.1,9,Down,1.226,2.197,-41.81,12.75,NewYork,,114805,114925,TIMEOUT,0.0
1779998040000,Long,73438.8,73277.3312,73761.73760000001,2.0,73574.4,73394.4,24,Down,9.97,4.4,-331.21,-10.89,NewYork,,114971,114983,STOP,-1.0
1779996900000,Short,73398.6,73588.824,73018.15200000003,2.0,73499.9,73453.1,8,Up,1.691,1.661,0.71,-1.1,NewYork,,114952,114997,STOP,-1.0
1779994860000,Short,73525.6,73768.968,73038.86400000003,2.0,73660.0,73545.0,27,Up,1.567,2.531,1.55,2.44,NewYork,,114918,115038,TIMEOUT,0.0
1779999060000,Long,73454.8,73252.75087999999,73858.89824000002,2.0,73499.7,73336.0,15,Down,2.125,6.201,-56.5,-25.01,NewYork,,114988,115078,TARGET,2.0
1780005660000,Short,73793.2,73925.19288,73529.21423999999,2.0,73860.2,73765.3,14,Up,2.328,6.316,60.91,19.83,Asia,,115098,115130,TARGET,2.0
1780013460000,Short,73711.9,73827.21456,73481.27088,2.0,73725.7,73500.4,36,Up,8.486,2.416,139.55,7.61,Asia,,115228,115238,STOP,-1.0
1780013940000,Short,73757.0,73865.84543999999,73539.30912000002,2.0,73768.2,73603.9,12,Up,3.677,1.769,-0.25,9.82,Asia,,115236,115304,TARGET,2.0
1780019880000,Short,73551.2,73644.56855999999,73364.46288000002,2.0,73569.1,73430.5,11,Up,2.812,1.756,118.31,-2.16,Asia,,115335,115365,TARGET,2.0
1780027200000,Long,73322.2,73172.31528,73621.96944,2.0,73418.0,73281.6,20,Down,1.931,2.453,-56.12,-6.85,Asia,,115457,115467,STOP,-1.0
1780029060000,Short,73323.8,73444.80888,73081.78224000002,2.0,73348.7,73226.8,8,Up,2.524,2.338,88.59,2.5,Asia,,115488,115512,STOP,-1.0
1780028100000,Long,73229.9,73133.04672,73423.60655999999,2.0,73343.7,73224.5,9,Down,2.817,2.088,-64.2,-7.17,Asia,,115472,115512,TARGET,2.0
1780034400000,Short,73655.7,73741.24584,73484.60831999998,2.0,73660.8,73616.2,8,Up,4.164,1.548,66.08,18.5,Asia,,115577,115595,STOP,-1.0
1780047000000,Short,73837.5,73925.89344,73660.71312,2.0,73846.1,73770.6,10,Up,3.514,1.799,-3.07,12.32,London,,115787,115820,TARGET,2.0
1780059600000,Short,73245.7,73396.97064,72943.15871999999,2.0,73306.4,73166.0,23,Up,2.644,1.645,113.08,-5.96,LondonNY,,115997,116021,TARGET,2.0
1780066260000,Long,73004.4,72496.956,74019.28799999997,2.0,72860.0,72620.0,13,Down,1.322,4.419,-113.74,13.5,LondonNY,,116108,116149,TARGET,2.0
1780078680000,Long,73896.2,73797.9144,74092.7712,2.0,74055.1,73876.1,27,Down,4.403,3.766,-172.59,1.22,NewYork,,116315,116318,STOP,-1.0
1780086540000,Short,73680.3,73785.9816,73468.93680000001,2.0,73720.0,73564.0,9,Up,1.492,4.781,67.5,8.11,NewYork,,116446,116489,STOP,-1.0
1780096500000,Long,73427.3,73288.3224,73705.2552,2.0,73478.3,73380.2,17,Down,2.698,7.127,-57.78,-2.87,Asia,,116612,116618,STOP,-1.0
1780097100000,Long,73348.7,73224.17376,73597.75247999998,2.0,73435.4,73347.0,13,Down,4.411,1.775,-91.69,-7.53,Asia,,116622,116740,TARGET,2.0
1780102980000,Long,73492.3,73404.52936,73667.84128000001,2.0,73545.3,73472.6,14,Down,2.38,2.934,-71.98,3.46,Asia,,116720,116778,TARGET,2.0
1780110120000,Short,73710.4,73778.67575999998,73573.84848000002,2.0,73719.1,73663.6,8,Up,1.388,1.819,32.54,6.92,Asia,,116839,116868,TARGET,2.0
1780110420000,Short,73729.2,73816.90632,73553.78736,2.0,73747.6,73691.2,8,Up,1.398,2.632,28.4,7.37,Asia,,116844,116876,TARGET,2.0
1780115880000,Long,73252.6,73071.59592,73614.60816,2.0,73400.0,73250.1,14,Down,7.963,1.726,-386.0,-9.4,Asia,,116935,116961,TARGET,2.0
1780136700000,Long,73616.1,73529.92896,73788.44208000001,2.0,73648.0,73594.8,10,Down,2.163,2.192,-24.82,0.33,London,,117282,117339,STOP,-1.0
1780136160000,Short,73610.9,73684.90079999999,73462.8984,2.0,73611.7,73558.0,9,Up,1.838,2.686,7.89,2.94,London,,117273,117393,TIMEOUT,0.0
1780150500000,Short,73851.6,73961.1216,73632.55680000002,2.0,73900.0,73783.5,9,Up,1.331,1.744,29.14,47.29,LondonNY,,117512,117515,STOP,-1.0
1780162080000,Short,73899.9,73996.04951999999,73707.60096000001,2.0,73910.0,73840.1,16,Up,3.773,2.773,93.79,11.2,NewYork,,117705,117739,STOP,-1.0
1780165920000,Long,74000.5,73901.03184,74199.43632000001,2.0,74077.0,73980.0,10,Down,1.729,3.046,-35.92,-9.7,NewYork,,117769,117860,STOP,-1.0
1780165260000,Short,74034.8,74136.2616,73831.87680000001,2.0,74035.1,73980.0,9,Up,2.265,3.822,51.38,-0.25,NewYork,,117758,117878,TIMEOUT,0.0
1780169880000,Long,73992.9,73896.33559999999,74186.0288,2.0,74108.8,73966.3,44,Down,2.504,2.019,-64.48,-3.89,NewYork,,117835,117887,STOP,-1.0
1780171920000,Long,73950.2,73874.15336,74102.29328,2.0,74006.8,73947.3,8,Down,1.84,2.852,-17.34,-2.39,NewYork,,117869,117978,STOP,-1.0
1780187280000,Short,73938.9,74070.00864,73676.68271999998,2.0,73956.5,73853.5,8,Up,7.224,3.458,70.83,5.92,Asia,,118125,118157,STOP,-1.0
1780196040000,Short,73959.2,74068.00704,73741.58592,2.0,73964.4,73839.0,19,Up,1.765,2.008,29.37,-11.45,Asia,,118271,118274,STOP,-1.0
1780201140000,Long,74109.3,74028.03016,74271.83968000002,2.0,74188.6,74098.2,37,Down,1.221,3.002,-7.75,-1.4,Asia,,118356,118449,STOP,-1.0
1780206540000,Long,74053.9,73985.2644,74191.17119999998,2.0,74150.8,74046.0,11,Down,1.287,2.135,-10.0,0.05,Asia,,118446,118458,STOP,-1.0
1780201800000,Short,74136.1,74252.85479999999,73902.59040000004,2.0,74150.0,74061.8,8,Up,4.618,8.699,33.05,-2.88,Asia,,118367,118487,TIMEOUT,0.0
1780220640000,Short,73945.6,74039.184,73758.43200000003,2.0,73953.0,73816.8,49,Up,2.287,3.471,34.27,1.67,London,,118681,118716,TARGET,2.0
1780223160000,Long,73788.2,73718.478,73927.64399999999,2.0,73838.8,73781.1,16,Down,2.358,1.744,-36.9,-10.68,London,,118723,118783,TARGET,2.0
1780225380000,Short,73890.9,73974.43224,73723.83552,2.0,73899.0,73826.7,8,Up,1.407,2.305,33.41,6.56,London,,118760,118835,STOP,-1.0
1780234500000,Long,73938.8,73859.3652,74097.66960000001,2.0,73979.1,73923.4,13,Down,1.392,1.675,-16.59,1.85,LondonNY,,118912,118914,STOP,-1.0
1780234980000,Long,73867.1,73790.92,74019.46000000002,2.0,73944.1,73856.5,11,Down,1.821,1.59,-20.55,-2.74,LondonNY,,118920,118928,STOP,-1.0
1780230900000,Long,73913.5,73813.00232,74114.49536,2.0,73975.1,73896.4,18,Down,2.211,1.756,-3.24,2.39,London,,118852,118928,STOP,-1.0
1780228740000,Short,73913.6,74008.1592,73724.48160000003,2.0,73944.1,73874.8,35,Up,1.731,2.255,4.67,-0.33,London,,118816,118936,TIMEOUT,0.0
1780230120000,Short,73919.4,74010.66119999999,73736.8776,2.0,73945.2,73863.0,9,Up,2.26,1.956,26.38,5.79,London,,118839,118938,TARGET,2.0
1780233900000,Short,73943.3,74056.99824,73715.90352,2.0,73955.9,73900.0,8,Up,4.915,1.784,38.13,1.77,LondonNY,,118902,118950,TARGET,2.0
1780244940000,Long,73573.9,73443.79792,73834.10415999999,2.0,73659.2,73566.5,10,Down,3.538,1.765,-38.49,-10.71,LondonNY,,119086,119089,STOP,-1.0
1780245480000,Long,73495.9,73297.71488,73892.27023999998,2.0,73584.7,73480.7,10,Down,12.919,1.994,-263.32,-26.41,LondonNY,,119095,119215,TIMEOUT,0.0
1780251060000,Long,73640.1,73541.21992,73837.86016000001,2.0,73681.3,73614.8,8,Down,1.733,1.67,-13.5,-5.13,NewYork,,119188,119227,STOP,-1.0
1780253940000,Short,73573.8,73666.386,73388.62800000001,2.0,73589.1,73540.2,8,Up,1.504,1.739,23.69,-1.73,NewYork,,119236,119302,STOP,-1.0
1780262220000,Long,73694.0,73595.47648,73891.04704,2.0,73732.7,73670.4,16,Down,4.067,1.644,-5.23,-1.39,NewYork,,119374,119382,STOP,-1.0
1780264860000,Short,73890.0,74004.15599999999,73661.68800000002,2.0,73897.6,73632.0,20,Up,6.486,1.941,64.22,21.7,Asia,,119418,119419,TARGET,2.0
1780270740000,Long,73536.9,73438.10247999999,73734.49504000001,2.0,73822.1,73535.0,11,Down,4.334,3.039,-119.01,-7.72,Asia,,119516,119538,TARGET,2.0
1780273860000,Short,73828.0,74003.35535999999,73477.28928000003,2.0,73907.2,73715.8,8,Up,1.947,2.479,21.63,0.2,Asia,,119568,119639,TARGET,2.0
1780279320000,Long,73290.1,73176.412,73517.47600000002,2.0,73496.9,73258.0,8,Down,1.771,2.33,-69.85,-35.09,Asia,,119659,119664,TARGET,2.0
1780278180000,Short,73469.4,73688.60375999998,73030.99248000002,2.0,73621.2,73529.6,32,Up,1.3,2.71,42.75,3.72,Asia,,119640,119698,STOP,-1.0
1780286400000,Long,73774.4,73651.13192,74020.93615999998,2.0,73940.0,73763.7,19,Down,1.594,1.997,-33.24,-2.78,Asia,,119777,119783,STOP,-1.0
1780294860000,Long,73205.9,73123.55432000001,73370.59135999996,2.0,73297.3,73200.3,12,Down,2.886,1.649,-82.79,-7.77,Asia,,119918,119920,STOP,-1.0
1780295040000,Long,73205.3,73072.59512,73470.70976000001,2.0,73297.3,73182.1,8,Down,6.275,3.952,-165.92,-10.48,Asia,,119921,119937,STOP,-1.0
1780296540000,Long,73153.1,72964.88136,73529.53728000002,2.0,73277.3,73052.2,25,Down,3.137,1.96,-13.31,-37.9,Asia,,119946,119973,STOP,-1.0
1780302780000,Long,72771.0,72515.4412,73282.1176,2.0,72839.9,72712.0,37,Down,7.758,1.626,-445.74,-24.78,London,,120050,120170,TIMEOUT,0.0
1780303560000,Long,72785.0,72570.09744,73214.80512,2.0,72836.7,72670.8,9,Down,5.556,1.799,-472.49,-46.0,London,,120063,120174,STOP,-1.0
1780314660000,Long,72674.7,72582.68736,72858.72528,2.0,72742.0,72651.7,9,Down,1.378,1.51,-23.57,1.75,London,,120248,120253,STOP,-1.0
1780322280000,Long,71620.6,71292.92,72275.96000000002,2.0,71736.5,71550.1,10,Down,5.177,9.817,-428.46,-29.47,LondonNY,,120375,120453,STOP,-1.0
1780327800000,Long,71238.2,70980.76992,71753.06015999998,2.0,71317.2,71110.9,8,Down,3.233,3.963,-255.24,-63.52,LondonNY,,120467,120503,STOP,-1.0
1780335120000,Short,71535.1,71777.8764,71049.54720000003,2.0,71631.3,71439.0,18,Up,2.711,1.693,364.16,0.05,NewYork,,120589,120607,STOP,-1.0
1780339620000,Long,71459.2,71342.78008,71692.03984,2.0,71657.1,71410.0,19,Down,3.505,2.086,-162.68,0.54,NewYork,,120664,120784,TIMEOUT,0.0
1780348740000,Long,71097.1,71014.24312,71262.81376000002,2.0,71197.4,71080.1,8,Down,1.662,1.557,-7.15,-28.04,NewYork,,120816,120839,STOP,-1.0
1780353180000,Short,71217.0,71393.0688,70864.86240000001,2.0,71311.5,71116.0,9,Up,1.262,1.749,113.92,3.33,Asia,,120890,120913,STOP,-1.0
1780360740000,Short,71157.4,71332.82063999999,70806.55872,2.0,71237.6,71124.7,13,Up,1.325,1.811,68.74,8.52,Asia,,121016,121039,STOP,-1.0
1780363380000,Short,71273.1,71414.28575999998,70990.72848000005,2.0,71335.5,71205.0,11,Up,1.261,1.567,38.08,5.61,Asia,,121060,121070,TARGET,2.0
1780378260000,Long,70608.0,70493.46007999999,70837.07984000002,2.0,70814.3,70574.0,21,Down,2.01,3.275,-28.74,-5.56,Asia,,121308,121316,STOP,-1.0
1780380300000,Long,70404.1,70207.2892,70797.72160000002,2.0,70507.5,70305.6,12,Down,1.816,3.095,-177.58,-27.38,Asia,,121342,121349,STOP,-1.0
1780383000000,Long,70252.6,70109.8672,70538.06560000003,2.0,70414.9,70188.8,47,Down,1.429,1.53,-107.01,-15.29,Asia,,121387,121390,STOP,-1.0
1780399980000,Long,69420.3,69336.68624,69587.52752000002,2.0,69513.3,69416.9,8,Down,1.253,2.758,-23.02,2.47,London,,121670,121701,STOP,-1.0
1780401960000,Long,69407.2,69254.552,69712.496,2.0,69566.2,69356.1,11,Down,3.18,8.156,-90.77,-0.47,London,,121703,121712,STOP,-1.0
1780402860000,Long,69309.1,69155.6312,69616.03760000001,2.0,69514.6,69224.6,18,Down,4.108,1.506,-138.72,-29.36,London,,121718,121729,STOP,-1.0
1780404060000,Long,69195.1,69076.39464,69432.51072000002,2.0,69409.2,69166.0,9,Down,1.938,2.109,-64.85,-28.34,London,,121738,121746,STOP,-1.0
1780405320000,Long,69147.8,68899.836,69643.72800000002,2.0,69127.4,69011.1,11,Down,3.218,7.871,-151.33,-10.51,LondonNY,,121759,121769,STOP,-1.0
1780401600000,Short,69356.1,69621.6528,68824.99440000003,2.0,69531.7,69425.2,10,Up,1.578,2.924,64.27,2.65,London,,121697,121792,TARGET,2.0
1780407660000,Long,68914.7,68708.28936,69327.52128,2.0,69090.0,68785.0,24,Down,1.845,1.623,-274.27,-12.36,LondonNY,,121798,121816,STOP,-1.0
1780403400000,Short,69203.9,69473.034,68665.63199999998,2.0,69349.9,69211.0,8,Up,2.421,3.996,176.18,-5.83,London,,121727,121817,TARGET,2.0
1780423200000,Long,67551.7,67303.41416,68048.27167999999,2.0,67536.0,67389.3,8,Down,1.328,1.793,-98.73,4.38,NewYork,,122057,122085,STOP,-1.0
1780426800000,Long,67378.8,67069.30159999999,67997.79680000003,2.0,67297.6,67175.7,10,Down,2.8,1.934,-141.57,2.1,NewYork,,122117,122140,STOP,-1.0
1780428300000,Long,67132.8,67012.94672,67372.50656,2.0,67357.2,67090.7,13,Down,1.329,3.016,-64.77,6.14,NewYork,,122142,122143,STOP,-1.0
1780434660000,Short,67473.6,67830.52103999999,66759.75792000003,2.0,67659.3,67516.3,9,Up,2.777,2.367,220.15,47.62,NewYork,,122248,122262,STOP,-1.0
1780438920000,Long,67279.3,67106.272,67625.35600000001,2.0,67419.0,67182.4,10,Down,1.857,2.933,25.01,-12.46,Asia,,122319,122326,STOP,-1.0
1780440540000,Long,66731.6,66524.13807999999,67146.52384000004,2.0,66959.9,66698.4,8,Down,6.605,1.524,-135.56,-57.43,Asia,,122346,122347,STOP,-1.0
1780455480000,Long,66587.4,66509.05016,66744.09967999998,2.0,66830.0,66572.8,26,Down,2.833,2.335,51.91,0.12,Asia,,122595,122604,STOP,-1.0
1780474680000,Long,67105.2,66976.376,67362.84799999998,2.0,67210.0,67066.7,10,Down,1.259,4.04,-61.95,9.97,London,,122915,122920,STOP,-1.0
1780475280000,Long,66999.7,66918.82208,67161.45584,2.0,67109.5,66990.0,12,Down,2.006,2.441,-33.72,15.74,London,,122925,122929,TARGET,2.0
1780477680000,Long,66980.0,66879.55352,67180.89296,2.0,67206.8,66933.6,31,Down,1.62,1.66,-164.62,-21.92,London,,122965,122971,STOP,-1.0
1780477860000,Long,66977.2,66866.36408,67198.87183999999,2.0,67060.0,66933.1,8,Down,1.963,2.534,-97.9,-17.08,London,,122968,122974,STOP,-1.0
1780475820000,Short,66997.4,67181.40216,66629.39567999999,2.0,67050.0,66972.4,10,Up,2.282,2.019,202.88,33.19,London,,122934,123004,TARGET,2.0
1780493520000,Long,67161.9,66838.4864,67808.7272,2.0,67220.2,67070.4,12,Down,2.557,3.045,-38.98,2.12,LondonNY,,123229,123234,STOP,-1.0
1780500420000,Long,66634.4,66312.30768,67278.58463999999,2.0,66652.2,66380.0,8,Down,3.482,1.912,-83.0,-98.55,LondonNY,,123344,123350,STOP,-1.0
1780509240000,Long,65868.9,65713.58704,66179.52591999999,2.0,66135.0,65845.9,10,Down,1.265,1.856,-53.4,1.58,NewYork,,123491,123516,STOP,-1.0
1780512540000,Short,66022.1,66146.97528,65772.34944000002,2.0,66074.9,65839.8,8,Up,2.592,1.554,190.15,17.01,NewYork,,123546,123577,TARGET,2.0
1780523280000,Long,65708.2,65309.91024,66504.77952,2.0,65688.0,65454.3,9,Down,1.493,1.991,-95.17,10.47,NewYork,,123725,123748,STOP,-1.0
1780527540000,Long,64882.1,64682.11288,65282.074239999994,2.0,65053.1,64777.0,9,Down,1.47,2.26,25.74,-13.55,Asia,,123796,123798,STOP,-1.0
1780531200000,Long,64336.2,63999.55936,65009.48127999999,2.0,64323.5,64125.0,9,Down,1.746,3.023,-162.69,-35.46,Asia,,123857,123880,STOP,-1.0
1780545900000,Long,64524.9,64172.1212,65230.4576,2.0,64450.0,64279.1,15,Down,1.821,2.275,-119.59,-17.05,Asia,,124102,124157,STOP,-1.0
1780547520000,Short,64330.3,64791.49175999999,63407.91648000003,2.0,64689.1,64428.9,11,Up,1.778,1.84,151.22,2.68,Asia,,124129,124249,TIMEOUT,0.0
1780565220000,Long,62986.2,62874.659999999996,63209.28,2.0,63225.7,62953.4,8,Down,2.534,2.724,-177.56,-58.63,London,,124424,124424,STOP,-1.0
1780571400000,Short,62199.1,62632.76615999999,61331.76768000001,2.0,62494.4,62272.3,8,Up,1.431,2.102,464.33,122.75,London,,124527,124546,STOP,-1.0
1780572840000,Short,62498.9,62774.17919999999,61948.34160000002,2.0,62622.1,62366.4,11,Up,2.373,1.566,948.79,88.93,London,,124551,124593,STOP,-1.0
1780591080000,Long,63736.1,63475.878639999995,64256.542720000005,2.0,63856.3,63603.7,9,Down,2.316,2.296,-95.1,-10.93,LondonNY,,124855,124871,STOP,-1.0
1780595100000,Long,62970.8,62889.648,63133.10400000001,2.0,63143.5,62970.5,8,Down,1.971,2.598,-250.45,-37.4,NewYork,,124922,124927,TARGET,2.0
1780593360000,Short,63321.0,63726.14015999999,62510.719680000024,2.0,63644.6,63400.0,16,Up,4.299,3.005,333.14,12.59,NewYork,,124893,124965,STOP,-1.0
1780603920000,Long,63468.4,63283.93232,63837.335360000005,2.0,63680.5,63438.7,8,Down,3.065,2.412,-202.84,-74.2,NewYork,,125069,125078,STOP,-1.0
1780604940000,Long,63308.8,63108.772560000005,63708.85488,2.0,63496.8,63250.0,10,Down,2.034,1.746,-190.43,-85.23,NewYork,,125086,125118,TARGET,2.0
1780614600000,Short,63643.1,63872.557199999996,63184.185600000004,2.0,63740.2,63500.1,14,Up,2.339,3.178,15.82,-2.19,Asia,,125247,125286,STOP,-1.0
1780617360000,Short,63767.0,63924.79895999999,63451.402080000014,2.0,63775.5,63666.0,10,Up,1.816,2.887,136.25,13.24,Asia,,125293,125327,STOP,-1.0
1780619520000,Short,63830.0,63975.439439999995,63539.12112000001,2.0,63888.0,63662.4,10,Up,2.926,1.707,200.6,2.03,Asia,,125329,125348,TARGET,2.0
1780618800000,Long,63840.7,63538.828239999995,64444.44352,2.0,63824.4,63614.4,10,Down,1.323,2.357,-46.86,1.49,Asia,,125317,125348,STOP,-1.0
1780625820000,Long,63225.4,63113.768560000004,63448.662879999996,2.0,63425.5,63211.0,12,Down,2.17,3.671,-114.33,-13.39,Asia,,125434,125434,STOP,-1.0
1780627380000,Short,62695.8,62927.30159999999,62232.796800000026,2.0,62839.7,62575.1,8,Up,1.218,2.541,121.96,15.74,Asia,,125460,125544,STOP,-1.0
1780650120000,Long,62588.2,62302.817839999996,63158.96432,2.0,62584.9,62400.5,8,Down,1.33,1.934,-65.93,-27.49,London,,125839,125851,TARGET,2.0
1780656240000,Long,62644.1,62355.076,63222.147999999994,2.0,62625.6,62465.3,19,Down,1.538,2.16,-34.82,-0.22,London,,125941,125959,STOP,-1.0
1780658640000,Short,62317.9,62505.86472,61941.97056000001,2.0,62418.3,62210.5,12,Up,1.237,3.605,26.06,-9.47,London,,125981,126015,TARGET,2.0
1780660500000,Long,62026.5,61917.4264,62244.64720000001,2.0,62236.1,62008.9,8,Down,2.027,1.724,-123.95,-12.83,London,,126012,126016,STOP,-1.0
1780661160000,Long,62110.7,61878.75736,62574.585279999985,2.0,62211.6,61967.0,10,Down,2.422,2.761,88.96,-7.06,London,,126023,126047,STOP,-1.0
1780675560000,Long,60414.1,60105.676960000004,61030.94607999999,2.0,60592.2,60370.4,10,Down,2.522,2.078,-790.25,23.36,LondonNY,,126263,126265,STOP,-1.0
1780708620000,Long,61143.7,61033.134399999995,61364.8312,2.0,61393.9,61120.1,47,Down,1.445,1.698,-35.29,-11.48,Asia,,126814,126816,STOP,-1.0
1780709280000,Long,61262.7,60951.2,61885.7,2.0,61280.6,61047.6,9,Down,5.493,1.725,-318.04,-33.42,Asia,,126825,126847,STOP,-1.0
1780711620000,Long,60941.1,60860.47263999999,61102.35472000001,2.0,61143.6,60912.3,17,Down,1.392,3.127,-31.18,1.49,Asia,,126864,126868,STOP,-1.0
1780705320000,Short,61187.8,61497.55871999999,60568.28256000002,2.0,61429.3,61206.5,11,Up,2.577,1.876,-379.9,-14.81,Asia,,126759,126879,TIMEOUT,0.0
1780718700000,Short,60507.8,60896.17799999999,59731.04400000002,2.0,60788.0,60588.0,17,Up,1.391,2.077,30.02,4.11,Asia,,126982,127007,TARGET,2.0
1780739040000,Long,61069.2,61001.159999999996,61205.28,2.0,61298.2,61068.8,20,Down,1.398,1.608,3.19,5.41,London,,127321,127323,STOP,-1.0
1780741260000,Long,60517.6,60395.6448,60761.51039999999,2.0,60747.2,60503.5,11,Down,5.269,1.613,-275.84,-17.45,London,,127358,127366,STOP,-1.0
1780747020000,Short,60760.6,60986.7504,60308.2992,2.0,60840.0,60731.2,10,Up,1.571,1.594,102.76,-0.57,London,,127454,127463,STOP,-1.0
1780756320000,Long,60942.0,60718.28648,61389.427039999995,2.0,60990.8,60839.1,23,Down,1.271,1.627,-51.25,-6.73,LondonNY,,127609,127638,STOP,-1.0
1780759260000,Long,60575.4,60344.08608,61038.02784,2.0,60706.7,60506.4,11,Down,8.077,2.036,-451.55,-5.88,LondonNY,,127658,127778,TIMEOUT,0.0
1780768680000,Long,60576.4,60447.80304,60833.59392000001,2.0,60624.7,60527.5,8,Down,1.962,2.106,-58.47,-1.01,NewYork,,127815,127824,STOP,-1.0
1780769880000,Long,60430.8,60337.09168,60618.21664000001,2.0,60587.0,60423.2,15,Down,1.649,2.079,-44.11,2.92,NewYork,,127835,127842,TARGET,2.0
1780781700000,Short,60900.1,61017.97535999999,60664.34928000002,2.0,60918.4,60797.1,19,Up,1.745,2.5,64.12,4.75,NewYork,,128032,128056,TARGET,2.0
1780784460000,Short,60603.8,60745.057199999996,60321.28560000002,2.0,60662.7,60555.5,11,Up,1.28,1.788,16.59,4.26,Asia,,128078,128154,STOP,-1.0
1780790700000,Short,60845.6,60959.7288,60617.3424,2.0,60864.5,60771.1,12,Up,2.684,1.788,24.56,2.02,Asia,,128182,128207,STOP,-1.0
1780802580000,Short,61577.9,61813.31112,61107.07776000001,2.0,61596.9,61417.1,8,Up,9.2,1.688,503.39,45.93,Asia,,128380,128466,STOP,-1.0
1780808460000,Short,61800.0,61909.488,61581.024000000005,2.0,61830.0,61661.0,12,Up,4.155,1.558,272.13,37.93,Asia,,128478,128489,STOP,-1.0
1780806840000,Long,61623.2,61410.832,62047.93599999999,2.0,61606.7,61493.7,10,Down,2.715,1.571,26.99,0.41,Asia,,128451,128494,TARGET,2.0
1780809600000,Short,61824.0,61999.35984,61473.280320000005,2.0,61866.0,61761.5,18,Up,5.08,3.052,317.33,38.93,Asia,,128497,128566,STOP,-1.0
1780821540000,Short,62532.7,62630.06399999999,62337.97200000001,2.0,62553.9,62427.6,8,Up,1.468,3.312,134.35,43.75,London,,128696,128702,STOP,-1.0
1780815780000,Long,62148.5,61901.4392,62642.6216,2.0,62254.9,61981.4,30,Down,1.952,2.303,-43.31,8.9,Asia,,128600,128702,TARGET,2.0
1780826040000,Long,62541.0,62311.6108,62999.778399999996,2.0,62670.5,62463.9,18,Down,4.794,1.698,-467.31,-38.52,London,,128771,128813,STOP,-1.0
1780830960000,Short,62439.5,62545.39631999999,62227.707360000015,2.0,62450.1,62322.6,15,Up,1.954,2.072,62.44,25.17,London,,128853,128872,STOP,-1.0
1780843200000,Short,62018.0,62262.16991999999,61529.660160000014,2.0,62130.0,61887.3,8,Up,4.35,3.192,248.39,64.59,LondonNY,,129057,129161,STOP,-1.0
1780847580000,Long,62136.0,61919.32488,62569.35024,2.0,62131.5,61975.8,10,Down,1.293,1.569,-86.8,5.29,LondonNY,,129130,129192,STOP,-1.0
1780849620000,Short,62133.4,62277.7824,61844.63520000001,2.0,62189.5,61935.0,12,Up,1.552,2.332,83.55,14.74,LondonNY,,129164,129204,STOP,-1.0
1780848840000,Long,62131.0,61881.65504,62629.689920000004,2.0,62196.0,61941.0,19,Down,1.791,1.88,-87.96,-11.61,LondonNY,,129151,129271,TIMEOUT,0.0
1780851840000,Long,62215.4,61985.371999999996,62675.45600000001,2.0,62327.0,62105.5,34,Down,2.165,4.255,-82.88,-18.08,NewYork,,129201,129316,STOP,-1.0
1780861740000,Long,61391.5,61151.04,61872.42,2.0,61489.2,61260.0,20,Down,2.181,1.911,-291.77,-27.37,NewYork,,129366,129398,TARGET,2.0
1780867260000,Short,61719.3,62025.580799999996,61106.73840000002,2.0,61898.8,61668.8,14,Up,1.282,1.527,39.92,0.1,NewYork,,129458,129508,STOP,-1.0
