market_slug,timestamp_ms,seconds_till_end,oracle_btc_price,binance_btc_price,lag,binance_ret1s_x100,binance_ret5s_x100,binance_volume_1s,binance_volume_5s,binance_atr_5s,binance_atr_30s,binance_rvol_30s,binance_volma_30s,binance_volume_spike,binance_vwap_30s,binance_p_vwap_5s,binance_p_vwap_30s,lat_dir_raw_x1000,lat_dir_norm_x1000,up_bid_1_price,up_bid_1_size,up_bid_2_price,up_bid_2_size,up_bid_3_price,up_bid_3_size,up_bid_4_price,up_bid_4_size,up_bid_5_price,up_bid_5_size,up_ask_1_price,up_ask_1_size,up_ask_2_price,up_ask_2_size,up_ask_3_price,up_ask_3_size,up_ask_4_price,up_ask_4_size,up_ask_5_price,up_ask_5_size,down_bid_1_price,down_bid_1_size,down_bid_2_price,down_bid_2_size,down_bid_3_price,down_bid_3_size,down_bid_4_price,down_bid_4_size,down_bid_5_price,down_bid_5_size,down_ask_1_price,down_ask_1_size,down_ask_2_price,down_ask_2_size,down_ask_3_price,down_ask_3_size,down_ask_4_price,down_ask_4_size,down_ask_5_price,down_ask_5_size,pm_up_bid_depth5,pm_up_ask_depth5,pm_up_total_depth5,pm_down_bid_depth5,pm_down_ask_depth5,pm_down_total_depth5,pm_up_spread,pm_down_spread,pm_up_imbalance,pm_down_imbalance,pm_up_microprice,pm_down_microprice,pm_up_bid_slope,pm_up_ask_slope,pm_down_bid_slope,pm_down_ask_slope,pm_up_bid_eatflow,pm_up_ask_eatflow,pm_down_bid_eatflow,pm_down_ask_eatflow
btc-updown-5m-1780094700,1780094701000,299,73369.78,73466.05,96.27,0.0000,-0.0100,0.0087,1.3493,1.4740,0.7240,0.003939,0.0646,0.1347,73468.41,-0.0006,-0.0032,0.0000,0.0000,,,,,,,,,,,,,,,,,,,,,,,,,,,,,,,,,,,,,,,,,-0.00,-0.00,-0.00,-0.00,-0.00,-0.00,,,,,,,,,,,,,,
btc-updown-5m-1780094700,1780094702000,298,73369.84,73466.06,96.22,0.0000,-0.0006,0.0003,0.0232,0.0880,0.7243,0.003939,0.0646,0.0040,73468.42,-0.0005,-0.0032,0.0131,0.0000,,,,,,,,,,,,,,,,,,,,,,,,,,,,,,,,,,,,,,,,,-0.00,-0.00,-0.00,-0.00,-0.00,-0.00,,,,,,,,,,,,,,
btc-updown-5m-1780094700,1780094703000,297,73369.83,73466.05,96.22,-0.0000,-0.0000,0.0054,0.0237,0.0080,0.7247,0.003939,0.0648,0.0832,73468.41,-0.0000,-0.0032,-0.0131,-0.0000,0.5100,145.49,0.5000,242.81,0.4900,116.00,0.4800,141.00,0.4700,137.00,0.5200,30.00,0.5300,80.00,0.5400,58.00,0.5500,130.83,0.5600,126.39,0.4800,30.00,0.4700,80.00,0.4600,58.00,0.4500,130.83,0.4400,126.39,0.4900,145.49,0.5000,242.81,0.5100,116.00,0.5200,141.00,0.5300,137.00,782.30,425.22,1207.52,425.22,782.30,1207.52,0.0100,0.0100,0.2957,-0.2957,0.5183,0.4817,0.4964,0.2587,0.2587,0.4964,-16.0798,-340.8568,-340.4572,-16.0610
btc-updown-5m-1780094700,1780094704000,296,73369.83,73466.05,96.22,0.0000,-0.0000,0.0435,0.0589,0.0100,0.7247,0.003939,0.0662,0.6582,73468.36,-0.0000,-0.0032,0.0000,0.0000,0.5100,109.54,0.5000,242.81,0.4900,121.00,0.4800,146.34,0.4700,131.00,0.5200,94.62,0.5300,99.19,0.5400,50.00,0.5500,140.95,0.5600,104.00,0.4800,94.62,0.4700,99.19,0.4600,50.00,0.4500,140.95,0.4400,104.00,0.4900,109.54,0.5000,242.81,0.5100,121.00,0.5200,146.34,0.5300,131.00,750.69,488.76,1239.45,488.76,750.69,1239.45,0.0100,0.0100,0.2113,-0.2113,0.5154,0.4846,0.4694,0.3965,0.3965,0.4694,-35.5094,-177.7978,-177.6586,-35.4816
btc-updown-5m-1780094700,1780094705000,295,73369.80,73466.05,96.25,0.0000,0.0000,0.0173,0.0752,0.0080,0.7247,0.003939,0.0654,0.2649,73468.53,-0.0000,-0.0034,0.0000,0.0000,0.5100,80.92,0.5000,242.81,0.4900,116.00,0.4800,121.00,0.4700,167.25,0.5200,211.41,0.5300,100.00,0.5400,76.00,0.5500,145.83,0.5600,134.00,0.4800,211.41,0.4700,100.00,0.4600,76.00,0.4500,145.83,0.4400,134.00,0.4900,80.92,0.5000,242.81,0.5100,116.00,0.5200,121.00,0.5300,167.25,727.98,667.24,1395.22,667.24,727.98,1395.22,0.0100,0.0100,0.0435,-0.0435,0.5128,0.4872,0.4447,0.4667,0.4667,0.4447,-24.6093,-17.5072,-17.5072,-24.6093
btc-updown-5m-1780094700,1780094706000,294,73369.80,73466.05,96.25,0.0000,0.0000,0.0022,0.0687,0.0080,0.7247,0.003939,0.0655,0.0336,73468.53,-0.0000,-0.0034,0.0000,0.0000,0.5100,72.56,0.5000,242.81,0.4900,116.00,0.4800,126.00,0.4700,162.25,0.5200,372.08,0.5300,108.00,0.5400,114.17,0.5500,160.83,0.5600,168.75,0.4800,372.08,0.4700,108.00,0.4600,114.17,0.4500,160.83,0.4400,168.75,0.4900,72.56,0.5000,242.81,0.5100,116.00,0.5200,126.00,0.5300,162.25,719.62,923.83,1643.45,923.83,719.62,1643.45,0.0100,0.0100,-0.1243,0.1243,0.5116,0.4884,0.4382,0.5197,0.5197,0.4382,-20.5433,55.9978,55.9828,-20.5378
btc-updown-5m-1780094700,1780094707000,293,73369.80,73466.06,96.26,0.0000,0.0000,0.0005,0.0690,0.0080,0.7250,0.003939,0.0654,0.0076,73468.54,0.0000,-0.0034,0.0131,0.0000,0.5000,191.83,0.4900,136.00,0.4800,151.00,0.4700,198.25,0.4600,272.00,0.5100,282.56,0.5200,132.12,0.5300,108.00,0.5400,169.17,0.5500,170.83,0.4900,282.56,0.4800,132.12,0.4700,108.00,0.4600,169.17,0.4500,170.83,0.5000,191.83,0.5100,136.00,0.5200,151.00,0.5300,198.25,0.5400,272.00,949.08,862.68,1811.76,862.68,949.08,1811.76,0.0100,0.0100,0.0477,-0.0477,0.5040,0.4960,0.3454,0.4807,0.4807,0.3454,31.1645,29.9369,29.9247,31.1518
btc-updown-5m-1780094700,1780094708000,292,73369.81,73466.06,96.25,0.0000,0.0000,0.0000,0.0636,0.0060,0.2483,0.001695,0.0654,0.0000,73468.54,0.0000,-0.0034,0.0000,0.0000,0.5000,123.67,0.4900,141.00,0.4800,151.00,0.4700,198.25,0.4600,272.00,0.5100,296.14,0.5200,165.12,0.5300,171.00,0.5400,139.17,0.5500,195.83,0.4900,296.14,0.4800,165.12,0.4700,171.00,0.4600,139.17,0.4500,195.83,0.5000,123.67,0.5100,141.00,0.5200,151.00,0.5300,198.25,0.5400,272.00,885.92,967.26,1853.18,967.26,885.92,1853.18,0.0100,0.0100,-0.0439,0.0439,0.5029,0.4971,0.2988,0.4769,0.4769,0.2988,15.5544,43.5271,43.5195,15.5517
btc-updown-5m-1780094700,1780094709000,291,73369.81,73466.06,96.25,0.0000,0.0000,0.0002,0.0203,0.0040,0.2480,0.001695,0.0524,0.0046,73467.32,0.0000,-0.0017,0.0000,0.0000,0.5000,130.67,0.4900,153.00,0.4800,151.00,0.4700,198.25,0.4600,272.00,0.5100,227.13,0.5200,113.12,0.5300,156.00,0.5400,139.17,0.5500,180.83,0.4900,227.13,0.4800,113.12,0.4700,156.00,0.4600,139.17,0.4500,180.83,0.5000,130.67,0.5100,153.00,0.5200,151.00,0.5300,198.25,0.5400,272.00,904.92,816.25,1721.17,816.25,904.92,1721.17,0.0100,0.0100,0.0515,-0.0515,0.5037,0.4963,0.3135,0.4168,0.4168,0.3135,21.1596,67.4771,67.4771,21.1596
btc-updown-5m-1780094700,1780094710000,290,73369.81,73466.06,96.25,0.0000,0.0000,0.0000,0.0029,0.0040,0.2480,0.001695,0.0514,0.0000,73467.21,0.0000,-0.0016,0.0000,0.0000,0.5000,130.67,0.4900,153.00,0.4800,151.00,0.4700,198.25,0.4600,272.00,0.5100,227.13,0.5200,113.12,0.5300,156.00,0.5400,139.17,0.5500,180.83,0.4900,227.13,0.4800,113.12,0.4700,156.00,0.4600,139.17,0.4500,180.83,0.5000,130.67,0.5100,153.00,0.5200,151.00,0.5300,198.25,0.5400,272.00,904.92,816.25,1721.17,816.25,904.92,1721.17,0.0100,0.0100,0.0515,-0.0515,0.5037,0.4963,0.3135,0.4168,0.4168,0.3135,55.2488,27.4193,27.4126,55.2354
btc-updown-5m-1780094700,1780094711000,289,73369.81,73466.06,96.25,0.0000,0.0000,0.0000,0.0007,0.0020,0.2477,0.001695,0.0514,0.0000,73467.21,0.0000,-0.0016,0.0000,0.0000,0.5000,133.33,0.4900,143.00,0.4800,176.75,0.4700,187.00,0.4600,373.25,0.5100,372.13,0.5200,77.22,0.5300,106.00,0.5400,73.00,0.5500,162.83,0.4900,372.13,0.4800,77.22,0.4700,106.00,0.4600,73.00,0.4500,162.83,0.5000,133.33,0.5100,143.00,0.5200,176.75,0.5300,187.00,0.5400,373.25,1013.33,791.18,1804.51,791.18,1013.33,1804.51,0.0100,0.0100,0.1231,-0.1231,0.5026,0.4974,0.2727,0.5679,0.5679,0.2727,47.6536,14.1967,14.1920,47.6377
btc-updown-5m-1780094700,1780094712000,288,73369.77,73466.06,96.29,0.0000,0.0000,0.0009,0.0011,0.0000,0.2477,0.001695,0.0471,0.0189,73466.63,0.0000,-0.0008,0.0000,0.0000,0.5000,105.91,0.4900,148.00,0.4800,215.91,0.4700,187.00,0.4600,327.00,0.5100,462.13,0.5200,139.22,0.5300,111.50,0.5400,79.00,0.5500,176.07,0.4900,462.13,0.4800,139.22,0.4700,111.50,0.4600,79.00,0.4500,176.07,0.5000,105.91,0.5100,148.00,0.5200,215.91,0.5300,187.00,0.5400,327.00,983.82,967.92,1951.74,967.92,983.82,1951.74,0.0100,0.0100,0.0081,-0.0081,0.5019,0.4981,0.2581,0.6213,0.6213,0.2581,53.8097,18.7641,18.7641,53.8097
btc-updown-5m-1780094700,1780094713000,287,73369.58,73466.06,96.48,0.0000,0.0000,0.0001,0.0012,0.0000,0.2477,0.001695,0.0471,0.0013,73466.63,0.0000,-0.0008,0.0000,0.0000,0.4900,189.21,0.4800,237.19,0.4700,226.00,0.4600,308.00,0.4500,271.00,0.5000,192.13,0.5100,227.00,0.5200,153.22,0.5300,133.64,0.5400,109.00,0.5000,192.13,0.4900,227.00,0.4800,153.22,0.4700,133.64,0.4600,109.00,0.5100,189.21,0.5200,237.19,0.5300,226.00,0.5400,308.00,0.5500,271.00,1231.40,814.99,2046.39,814.99,1231.40,2046.39,0.0100,0.0100,0.2035,-0.2035,0.4950,0.5050,0.3463,0.5143,0.5143,0.3463,47.5687,-8.0354,-8.0367,47.5767
btc-updown-5m-1780094700,1780094714000,286,73369.63,73466.06,96.43,0.0000,0.0000,0.0450,0.0460,0.0000,0.2473,0.001695,0.0485,0.9280,73466.61,0.0000,-0.0008,0.0000,0.0000,0.4900,189.21,0.4800,237.19,0.4700,226.00,0.4600,308.00,0.4500,271.00,0.5000,192.13,0.5100,227.00,0.5200,153.22,0.5300,133.64,0.5400,109.00,0.5000,192.13,0.4900,227.00,0.4800,153.22,0.4700,133.64,0.4600,109.00,0.5100,189.21,0.5200,237.19,0.5300,226.00,0.5400,308.00,0.5500,271.00,1231.40,814.99,2046.39,814.99,1231.40,2046.39,0.0100,0.0100,0.2035,-0.2035,0.4950,0.5050,0.3463,0.5143,0.5143,0.3463,68.1958,-30.0572,-30.0572,68.1958
btc-updown-5m-1780094700,1780094715000,285,73369.67,73466.06,96.39,0.0000,0.0000,0.1008,0.1468,0.0020,0.2477,0.001695,0.0506,1.9929,73466.42,0.0000,-0.0005,0.0000,0.0000,0.5800,305.30,0.5700,304.00,0.5600,363.00,0.5500,222.07,0.5400,201.00,0.5900,44.89,0.6000,65.00,0.6100,50.00,0.6200,50.00,0.6300,97.17,0.4100,44.89,0.4000,65.00,0.3900,50.00,0.3800,50.00,0.3700,97.17,0.4200,305.30,0.4300,304.00,0.4400,363.00,0.4500,222.07,0.4600,201.00,1395.37,307.06,1702.43,307.06,1395.37,1702.43,0.0100,0.0100,0.6393,-0.6393,0.5887,0.4113,0.4367,0.3579,0.3579,0.4367,54.8529,-89.1008,-89.1008,54.8529
btc-updown-5m-1780094700,1780094716000,284,73370.55,73466.06,95.51,0.0000,0.0000,0.0043,0.1511,0.0020,0.2477,0.001695,0.0507,0.0846,73466.42,0.0000,-0.0005,0.0000,0.0000,0.5800,540.26,0.5700,226.00,0.5600,247.00,0.5500,218.99,0.5400,202.00,0.6000,13.33,0.6100,15.00,0.6200,51.01,0.6300,75.00,0.6400,60.00,0.4000,13.33,0.3900,15.00,0.3800,51.01,0.3700,75.00,0.3600,60.00,0.4200,540.26,0.4300,226.00,0.4400,247.00,0.4500,218.99,0.4600,202.00,1434.25,214.34,1648.59,214.34,1434.25,1648.59,0.0200,0.0200,0.7400,-0.7400,0.5995,0.4005,0.5343,0.1322,0.1322,0.5343,52.0076,-89.6047,-89.6047,52.0076
btc-updown-5m-1780094700,1780094717000,283,73371.51,73466.05,94.54,-0.0000,-0.0000,0.1021,0.2522,0.0040,0.2480,0.001695,0.0540,1.8900,73466.39,-0.0000,-0.0005,-0.0129,-0.0000,0.6000,57.52,0.5900,10.00,0.5800,96.00,0.5700,213.99,0.5600,217.00,0.6100,459.84,0.6200,127.01,0.6300,126.00,0.6400,173.00,0.6500,178.00,0.3900,459.84,0.3800,127.01,0.3700,126.00,0.3600,173.00,0.3500,178.00,0.4000,57.52,0.4100,10.00,0.4200,96.00,0.4300,213.99,0.4400,217.00,594.51,1063.85,1658.36,1063.85,594.51,1658.36,0.0100,0.0100,-0.2830,0.2830,0.6011,0.3989,0.1136,0.5516,0.5516,0.1136,-67.8801,44.1929,44.1929,-67.8801
btc-updown-5m-1780094700,1780094718000,282,73372.10,73466.05,93.95,0.0000,-0.0000,0.0019,0.2541,0.0040,0.2480,0.001695,0.0541,0.0359,73466.39,-0.0000,-0.0005,0.0000,0.0000,0.6000,231.07,0.5900,101.00,0.5800,106.00,0.5700,236.00,0.5600,202.00,0.6100,261.59,0.6200,246.75,0.6300,143.38,0.6400,158.00,0.6500,190.67,0.3900,261.59,0.3800,246.75,0.3700,143.38,0.3600,158.00,0.3500,190.67,0.4000,231.07,0.4100,101.00,0.4200,106.00,0.4300,236.00,0.4400,202.00,876.07,1000.39,1876.46,1000.39,876.07,1876.46,0.0100,0.0100,-0.0663,0.0663,0.6047,0.3953,0.3790,0.5081,0.5081,0.3790,-17.6206,5.3099,5.3099,-17.6206
btc-updown-5m-1780094700,1780094719000,281,73372.10,73466.05,93.95,0.0000,-0.0000,0.0000,0.2091,0.0040,0.2480,0.001695,0.0541,0.0000,73466.39,-0.0000,-0.0005,0.0000,0.0000,0.6000,247.07,0.5900,101.00,0.5800,76.00,0.5700,241.00,0.5600,182.00,0.6100,235.92,0.6200,253.75,0.6300,148.38,0.6400,178.00,0.6500,164.67,0.3900,235.92,0.3800,253.75,0.3700,148.38,0.3600,178.00,0.3500,164.67,0.4000,247.07,0.4100,101.00,0.4200,76.00,0.4300,241.00,0.4400,182.00,847.07,980.72,1827.79,980.72,847.07,1827.79,0.0100,0.0100,-0.0731,0.0731,0.6051,0.3949,0.4109,0.4993,0.4993,0.4109,-66.8633,28.8326,28.8326,-66.8633
btc-updown-5m-1780094700,1780094720000,280,73372.41,73466.05,93.64,0.0000,-0.0000,0.0000,0.1083,0.0020,0.2480,0.001695,0.0541,0.0000,73466.39,-0.0000,-0.0005,0.0000,0.0000,0.6000,537.54,0.5900,196.00,0.5800,151.00,0.5700,331.00,0.5600,247.00,0.6100,55.02,0.6200,146.75,0.6300,58.39,0.6400,59.00,0.6500,131.79,0.3900,55.02,0.3800,146.75,0.3700,58.39,0.3600,59.00,0.3500,131.79,0.4000,537.54,0.4100,196.00,0.4200,151.00,0.4300,331.00,0.4400,247.00,1462.54,450.95,1913.49,450.95,1462.54,1913.49,0.0100,0.0100,0.5287,-0.5287,0.6091,0.3909,0.5016,0.4474,0.4474,0.5016,38.3094,17.9897,17.9897,38.3094
btc-updown-5m-1780094700,1780094721000,279,73372.90,73466.05,93.15,0.0000,-0.0000,0.0000,0.1040,0.0020,0.2480,0.001695,0.0540,0.0000,73466.39,-0.0000,-0.0005,0.0000,0.0000,0.6200,51.95,0.6100,151.92,0.6000,151.00,0.5900,181.00,0.5800,141.00,0.6300,67.52,0.6400,71.06,0.6500,97.67,0.6600,131.00,0.6700,175.86,0.3700,67.52,0.3600,71.06,0.3500,97.67,0.3400,131.00,0.3300,175.86,0.3800,51.95,0.3900,151.92,0.4000,151.00,0.4100,181.00,0.4200,141.00,676.87,543.11,1219.98,543.11,676.87,1219.98,0.0100,0.0100,0.1096,-0.1096,0.6243,0.3757,0.3012,0.2552,0.2552,0.3012,-56.0753,52.2719,52.2719,-56.0753
btc-updown-5m-1780094700,1780094722000,278,73372.92,73466.06,93.14,0.0000,0.0000,0.0003,0.0022,0.0020,0.2483,0.001695,0.0540,0.0054,73466.39,0.0000,-0.0004,0.0127,0.0000,0.6200,52.82,0.6100,127.14,0.6000,136.00,0.5900,86.00,0.5800,121.00,0.6300,140.39,0.6400,106.00,0.6500,197.73,0.6600,134.00,0.6700,236.86,0.3700,140.39,0.3600,106.00,0.3500,197.73,0.3400,134.00,0.3300,236.86,0.3800,52.82,0.3900,127.14,0.4000,136.00,0.4100,86.00,0.4200,121.00,522.96,814.98,1337.94,814.98,522.96,1337.94,0.0100,0.0100,-0.2183,0.2183,0.6227,0.3773,0.3441,0.3023,0.3023,0.3441,-185.9674,115.7164,115.6952,-185.9333
btc-updown-5m-1780094700,1780094723000,277,73372.29,73466.05,93.76,-0.0000,0.0000,0.0073,0.0076,0.0040,0.2487,0.001695,0.0543,0.1346,73466.38,-0.0000,-0.0005,-0.0128,-0.0000,0.6200,5.00,0.6100,114.14,0.6000,106.00,0.5900,146.00,0.5800,101.00,0.6300,297.95,0.6400,130.72,0.6500,191.06,0.6600,185.98,0.6700,344.57,0.3700,297.95,0.3600,130.72,0.3500,191.06,0.3400,185.98,0.3300,344.57,0.3800,5.00,0.3900,114.14,0.4000,106.00,0.4100,146.00,0.4200,101.00,472.14,1150.28,1622.42,1150.28,472.14,1622.42,0.0100,0.0100,-0.4180,0.4180,0.6202,0.3798,0.2523,0.3727,0.3727,0.2523,-27.9885,17.0981,17.0981,-27.9885
btc-updown-5m-1780094700,1780094724000,276,73373.07,73466.06,92.99,0.0000,0.0000,0.0002,0.0078,0.0060,0.2490,0.001695,0.0543,0.0029,73466.38,0.0000,-0.0004,0.0127,0.0000,0.6200,17.78,0.6100,66.14,0.6000,103.00,0.5900,131.00,0.5800,116.00,0.6300,292.45,0.6400,111.00,0.6500,160.00,0.6600,144.00,0.6700,348.57,0.3700,292.45,0.3600,111.00,0.3500,160.00,0.3400,144.00,0.3300,348.57,0.3800,17.78,0.3900,66.14,0.4000,103.00,0.4100,131.00,0.4200,116.00,433.92,1056.02,1489.94,1056.02,433.92,1489.94,0.0100,0.0100,-0.4175,0.4175,0.6206,0.3794,0.1934,0.3820,0.3820,0.1934,-74.2735,9.3449,9.3449,-74.2735
btc-updown-5m-1780094700,1780094725000,275,73373.14,73466.06,92.92,0.0000,0.0000,0.0021,0.0098,0.0080,0.2493,0.001695,0.0543,0.0383,73466.38,0.0000,-0.0004,0.0000,0.0000,0.6100,28.33,0.6000,105.00,0.5900,86.00,0.5800,131.00,0.5700,191.00,0.6200,200.83,0.6300,252.74,0.6400,128.16,0.6500,166.06,0.6600,192.98,0.3800,200.83,0.3700,252.74,0.3600,128.16,0.3500,166.06,0.3400,192.98,0.3900,28.33,0.4000,105.00,0.4100,86.00,0.4200,131.00,0.4300,191.00,541.33,940.77,1482.10,940.77,541.33,1482.10,0.0100,0.0100,-0.2695,0.2695,0.6112,0.3888,0.2463,0.4821,0.4821,0.2463,-36.7886,1.6823,1.6823,-36.7886
btc-updown-5m-1780094700,1780094726000,274,73373.74,73466.06,92.32,0.0000,0.0000,0.0001,0.0100,0.0080,0.2493,0.001695,0.0543,0.0024,73466.38,0.0000,-0.0004,0.0000,0.0000,0.6000,262.48,0.5900,56.00,0.5800,101.00,0.5700,191.00,0.5600,231.00,0.6100,124.95,0.6200,109.02,0.6300,206.22,0.6400,123.00,0.6500,176.00,0.3900,124.95,0.3800,109.02,0.3700,206.22,0.3600,123.00,0.3500,176.00,0.4000,262.48,0.4100,56.00,0.4200,101.00,0.4300,191.00,0.4400,231.00,841.48,739.19,1580.67,739.19,841.48,1580.67,0.0100,0.0100,0.0647,-0.0647,0.6068,0.3932,0.3785,0.3165,0.3165,0.3785,-75.1851,59.4932,59.4932,-75.1851
btc-updown-5m-1780094700,1780094727000,273,73373.74,73466.05,92.31,-0.0000,-0.0000,0.0138,0.0234,0.0080,0.0183,0.000100,0.0548,0.2511,73466.38,-0.0000,-0.0004,-0.0126,-0.0000,0.6000,350.60,0.5900,140.59,0.5800,221.00,0.5700,246.00,0.5600,286.00,0.6100,76.61,0.6200,45.71,0.6300,165.80,0.6400,188.18,0.6500,134.00,0.3900,76.61,0.3800,45.71,0.3700,165.80,0.3600,188.18,0.3500,134.00,0.4000,350.60,0.4100,140.59,0.4200,221.00,0.4300,246.00,0.4400,286.00,1244.19,610.30,1854.49,610.30,1244.19,1854.49,0.0100,0.0100,0.3418,-0.3418,0.6082,0.3918,0.3948,0.2004,0.2004,0.3948,135.1010,-34.1239,-34.1239,135.1010
btc-updown-5m-1780094700,1780094728000,272,73374.20,73466.05,91.85,0.0000,0.0000,0.0000,0.0161,0.0060,0.0047,0.000007,0.0120,0.0000,73466.05,-0.0000,-0.0000,0.0000,0.0000,0.6000,250.73,0.5900,168.00,0.5800,161.00,0.5700,291.00,0.5600,291.00,0.6100,53.90,0.6200,50.71,0.6300,155.80,0.6400,163.00,0.6500,131.00,0.3900,53.90,0.3800,50.71,0.3700,155.80,0.3600,163.00,0.3500,131.00,0.4000,250.73,0.4100,168.00,0.4200,161.00,0.4300,291.00,0.4400,291.00,1161.73,554.41,1716.14,554.41,1161.73,1716.14,0.0100,0.0100,0.3539,-0.3539,0.6082,0.3918,0.3604,0.1887,0.1887,0.3604,126.5478,-48.3081,-48.3081,126.5478
btc-updown-5m-1780094700,1780094729000,271,73374.73,73466.06,91.33,0.0000,0.0000,0.0442,0.0602,0.0060,0.0050,0.000008,0.0132,3.3404,73466.06,0.0000,0.0000,0.0124,0.0000,0.6000,207.04,0.5900,183.00,0.5800,161.00,0.5700,306.00,0.5600,291.00,0.6100,102.90,0.6200,50.71,0.6300,67.59,0.6400,171.00,0.6500,126.74,0.3900,102.90,0.3800,50.71,0.3700,67.59,0.3600,171.00,0.3500,126.74,0.4000,207.04,0.4100,183.00,0.4200,161.00,0.4300,306.00,0.4400,291.00,1148.04,518.94,1666.98,518.94,1148.04,1666.98,0.0100,0.0100,0.3774,-0.3774,0.6067,0.3933,0.3397,0.2960,0.2960,0.3397,112.4251,-105.0133,-105.0133,112.4252
btc-updown-5m-1780094700,1780094730000,270,73374.75,73466.06,91.31,0.0000,0.0000,0.0000,0.0581,0.0040,0.0047,0.000007,0.0130,0.0000,73466.05,0.0000,0.0000,0.0000,0.0000,0.5800,22.38,0.5700,277.00,0.5600,236.00,0.5500,146.00,0.5400,136.00,0.6100,387.25,0.6200,134.96,0.6300,121.59,0.6400,225.00,0.6500,201.80,0.3900,387.25,0.3800,134.96,0.3700,121.59,0.3600,225.00,0.3500,201.80,0.4200,22.38,0.4300,277.00,0.4400,236.00,0.4500,146.00,0.4600,136.00,817.38,1070.60,1887.98,1070.60,817.38,1887.98,0.0300,0.0300,-0.1341,0.1341,0.5816,0.4184,0.3663,0.4878,0.4878,0.3663,62.4426,4.0694,4.0700,62.4528
btc-updown-5m-1780094700,1780094731000,269,73374.83,73466.05,91.22,-0.0000,-0.0000,0.0018,0.0597,0.0060,0.0047,0.000008,0.0130,0.1362,73466.05,-0.0000,-0.0000,-0.0124,-0.0000,0.5200,111.30,0.5100,106.00,0.5000,206.00,0.4900,122.88,0.4800,96.75,0.5300,60.00,0.5400,162.11,0.5500,123.07,0.5600,162.89,0.5700,96.00,0.4700,60.00,0.4600,162.11,0.4500,123.07,0.4400,162.89,0.4300,96.00,0.4800,111.30,0.4900,106.00,0.5000,206.00,0.5100,122.88,0.5200,96.75,642.93,604.07,1247.00,604.07,642.93,1247.00,0.0100,0.0100,0.0312,-0.0312,0.5265,0.4735,0.3380,0.3677,0.3677,0.3380,16.3739,-54.2627,-54.2627,16.3739
btc-updown-5m-1780094700,1780094732000,268,73374.83,73466.06,91.23,0.0000,0.0000,0.0041,0.0501,0.0060,0.0047,0.000008,0.0129,0.3214,73466.06,0.0000,0.0000,0.0124,0.0000,0.4900,251.48,0.4800,161.75,0.4700,151.44,0.4600,147.00,0.4500,126.00,0.5100,152.50,0.5200,17.59,0.5300,79.71,0.5400,62.11,0.5500,44.56,0.4900,152.50,0.4800,17.59,0.4700,79.71,0.4600,62.11,0.4500,44.56,0.5100,251.48,0.5200,161.75,0.5300,151.44,0.5400,147.00,0.5500,126.00,837.67,356.47,1194.14,356.47,837.67,1194.14,0.0200,0.0200,0.4030,-0.4030,0.5025,0.4975,0.4933,0.4772,0.4772,0.4933,-0.6207,-62.3526,-62.3526,-0.6207
btc-updown-5m-1780094700,1780094733000,267,73374.86,73466.06,91.20,0.0000,0.0000,0.0000,0.0501,0.0060,0.0043,0.000007,0.0128,0.0000,73466.06,0.0000,0.0000,0.0000,0.0000,0.5000,105.95,0.4900,170.67,0.4800,101.75,0.4700,96.44,0.4600,97.00,0.5100,180.20,0.5200,33.59,0.5300,74.71,0.5400,62.11,0.5500,44.56,0.4900,180.20,0.4800,33.59,0.4700,74.71,0.4600,62.11,0.4500,44.56,0.5000,105.95,0.5100,170.67,0.5200,101.75,0.5300,96.44,0.5400,97.00,571.81,395.17,966.98,395.17,571.81,966.98,0.0100,0.0100,0.1827,-0.1827,0.5037,0.4963,0.4838,0.5410,0.5410,0.4838,-111.2843,-35.6058,-35.6058,-111.2843
btc-updown-5m-1780094700,1780094734000,266,73374.68,73466.06,91.38,0.0000,0.0000,0.0003,0.0062,0.0040,0.0040,0.000007,0.0127,0.0252,73466.06,0.0000,0.0000,0.0000,0.0000,0.5000,75.83,0.4900,163.08,0.4800,120.75,0.4700,96.44,0.4600,89.00,0.5100,249.82,0.5200,115.59,0.5300,101.00,0.5400,92.00,0.5500,99.56,0.4900,249.82,0.4800,115.59,0.4700,101.00,0.4600,92.00,0.4500,99.56,0.5000,75.83,0.5100,163.08,0.5200,120.75,0.5300,96.44,0.5400,89.00,545.10,657.97,1203.07,657.97,545.10,1203.07,0.0100,0.0100,-0.0938,0.0938,0.5023,0.4977,0.4383,0.5554,0.5554,0.4383,-119.1874,15.7145,15.7145,-119.1874
btc-updown-5m-1780094700,1780094735000,265,73374.68,73476.96,102.28,0.0148,0.0148,0.4500,0.4562,2.1840,0.3673,0.002663,0.0258,17.4482,73472.19,0.0002,0.0065,15.1756,0.0002,0.5700,46.00,0.5600,328.78,0.5500,77.05,0.5400,40.00,0.5300,93.79,0.6000,83.65,0.6100,84.71,0.6200,32.00,0.6300,26.00,0.6400,126.00,0.4000,88.65,0.3900,84.71,0.3800,32.00,0.3700,26.00,0.3600,131.00,0.4400,87.78,0.4500,47.05,0.4600,67.41,0.4700,93.79,0.4800,167.19,585.62,352.36,937.98,362.36,463.22,825.58,0.0300,0.0400,0.2487,-0.1222,0.5806,0.4201,0.6400,0.4778,0.4784,0.2911,-26.3856,-38.6804,-40.5493,-57.7170
btc-updown-5m-1780094700,1780094736000,264,73375.14,73476.96,101.82,0.0000,0.0149,0.0268,0.4812,2.1820,0.3670,0.002663,0.0261,1.0267,73472.48,0.0002,0.0061,0.0000,0.0000,0.6100,328.88,0.6000,130.11,0.5900,202.00,0.5800,127.00,0.5700,102.00,0.6200,41.91,0.6300,10.00,0.6400,196.13,0.6500,31.00,0.6600,31.00,0.3800,41.91,0.3700,10.00,0.3600,196.13,0.3500,31.00,0.3400,31.00,0.3900,328.88,0.4000,130.11,0.4100,202.00,0.4200,127.00,0.4300,102.00,889.99,310.04,1200.03,310.04,889.99,1200.03,0.0100,0.0100,0.4833,-0.4833,0.6189,0.3811,0.5157,0.1674,0.1674,0.5157,84.1915,16.3144,16.3144,84.1915
btc-updown-5m-1780094700,1780094737000,263,73375.14,73476.96,101.82,0.0000,0.0148,0.0009,0.4780,2.1800,0.3667,0.002663,0.0261,0.0357,73472.51,0.0001,0.0061,0.0000,0.0000,0.6100,348.65,0.6000,161.11,0.5900,212.00,0.5800,127.00,0.5700,97.00,0.6200,38.07,0.6300,50.00,0.6400,161.32,0.6500,61.00,0.6600,61.00,0.3800,38.07,0.3700,50.00,0.3600,161.32,0.3500,61.00,0.3400,61.00,0.3900,348.65,0.4000,161.11,0.4100,212.00,0.4200,127.00,0.4300,97.00,945.76,371.39,1317.15,371.39,945.76,1317.15,0.0100,0.0100,0.4361,-0.4361,0.6190,0.3810,0.5390,0.2371,0.2371,0.5390,90.1304,6.2103,6.2103,90.1304
btc-updown-5m-1780094700,1780094738000,262,73381.77,73476.96,95.19,0.0000,0.0148,0.1279,0.6059,2.1820,0.3670,0.002663,0.0302,4.2401,73473.12,0.0000,0.0052,0.0000,0.0000,0.6100,309.54,0.6000,138.11,0.5900,202.00,0.5800,127.00,0.5700,97.00,0.6200,130.66,0.6300,15.00,0.6400,120.00,0.6500,29.50,0.6600,31.00,0.3800,130.66,0.3700,15.00,0.3600,120.00,0.3500,29.50,0.3400,31.00,0.3900,309.54,0.4000,138.11,0.4100,202.00,0.4200,127.00,0.4300,97.00,873.65,326.16,1199.81,326.16,873.65,1199.81,0.0100,0.0100,0.4563,-0.4563,0.6170,0.3830,0.5124,0.4466,0.4466,0.5124,9.9552,1.3031,1.3018,3.0225
btc-updown-5m-1780094700,1780094739000,261,73382.56,73476.96,94.40,0.0000,0.0148,0.0007,0.6063,2.1820,0.3670,0.002663,0.0302,0.0239,73473.12,0.0000,0.0052,0.0000,0.0000,0.6300,102.03,0.6200,118.35,0.6100,148.00,0.6000,127.89,0.5900,190.00,0.6400,285.30,0.6500,44.00,0.6600,37.68,0.6700,180.46,0.6800,31.00,0.3600,285.30,0.3500,44.00,0.3400,37.68,0.3300,180.46,0.3200,31.00,0.3700,102.03,0.3800,118.35,0.3900,148.00,0.4000,127.89,0.4100,190.00,686.27,578.44,1264.71,578.44,686.27,1264.71,0.0100,0.0100,0.0853,-0.0853,0.6326,0.3674,0.3211,0.5693,0.5693,0.3211,33.2965,48.5090,48.5090,33.2965
btc-updown-5m-1780094700,1780094740000,260,73382.74,73476.96,94.22,0.0000,0.0000,0.0000,0.1563,0.0020,0.3670,0.002663,0.0302,0.0000,73473.12,0.0000,0.0052,0.0000,0.0000,0.6300,106.89,0.6200,138.75,0.6100,138.00,0.6000,99.42,0.5900,200.00,0.6400,635.15,0.6500,86.00,0.6600,121.00,0.6700,235.46,0.6800,121.00,0.3600,635.15,0.3500,86.00,0.3400,121.00,0.3300,235.46,0.3200,121.00,0.3700,106.89,0.3800,138.75,0.3900,138.00,0.4000,99.42,0.4100,200.00,683.06,1198.61,1881.67,1198.61,683.06,1881.67,0.0100,0.0100,-0.2740,0.2740,0.6314,0.3686,0.3596,0.6017,0.6017,0.3596,22.9513,89.9418,89.9418,22.9513
btc-updown-5m-1780094700,1780094741000,259,73385.39,73476.95,91.56,-0.0000,-0.0000,0.0026,0.1321,0.0040,0.3673,0.002663,0.0303,0.0859,73473.13,-0.0000,0.0052,-0.0125,-0.0000,0.5900,200.40,0.5800,133.30,0.5700,148.21,0.5600,36.86,0.5500,348.33,0.6000,124.00,0.6200,35.00,0.6300,246.35,0.6400,321.63,0.6500,98.44,0.4000,124.00,0.3800,35.00,0.3700,246.35,0.3600,321.63,0.3500,98.44,0.4100,200.40,0.4200,133.30,0.4300,148.21,0.4400,36.86,0.4500,348.33,867.10,825.42,1692.52,825.42,867.10,1692.52,0.0100,0.0100,0.0246,-0.0246,0.5962,0.4038,0.3848,0.1926,0.1926,0.3848,-1.1629,86.9497,86.9216,-1.1625
btc-updown-5m-1780094700,1780094742000,258,73385.86,73482.00,96.14,0.0069,0.0069,1.1140,1.2452,1.0140,0.5357,0.002896,0.0662,16.8285,73477.95,0.0007,0.0055,6.6079,0.0001,0.5900,388.62,0.5800,155.36,0.5700,132.30,0.5600,86.30,0.5500,108.30,0.6000,125.65,0.6300,16.12,0.6400,44.61,0.6600,15.00,0.6700,146.57,0.4000,125.65,0.3700,16.12,0.3600,44.61,0.3400,15.00,0.3300,146.57,0.4100,388.62,0.4200,155.36,0.4300,132.30,0.4400,86.30,0.4500,108.30,870.88,347.95,1218.83,347.95,870.88,1218.83,0.0100,0.0100,0.4290,-0.4290,0.5976,0.4024,0.6246,0.4074,0.4074,0.6246,-29.1115,16.6079,16.6079,-29.1115
btc-updown-5m-1780094700,1780094743000,257,73387.33,73481.99,94.66,-0.0000,0.0068,0.0003,1.1176,1.0140,0.5360,0.002896,0.0662,0.0038,73477.95,0.0007,0.0055,-0.0129,-0.0000,0.6500,68.98,0.6400,70.68,0.6300,83.60,0.6200,96.23,0.6100,36.50,0.6600,240.98,0.6700,228.57,0.6800,101.00,0.6900,91.00,0.7000,171.00,0.3400,240.98,0.3300,228.57,0.3200,101.00,0.3100,91.00,0.3000,171.00,0.3500,68.98,0.3600,70.68,0.3700,83.60,0.3800,96.23,0.3900,36.50,355.99,832.55,1188.54,832.55,355.99,1188.54,0.0100,0.0100,-0.4010,0.4010,0.6522,0.3478,0.3923,0.5640,0.5640,0.3923,-121.1811,99.3506,99.2922,-121.1098
btc-updown-5m-1780094700,1780094744000,256,73387.92,73489.29,101.37,0.0099,0.0168,0.2416,1.3584,2.4740,0.7793,0.003330,0.0740,3.2658,73479.15,0.0082,0.0138,10.0709,0.0001,0.6500,41.81,0.6400,87.28,0.6300,58.60,0.6200,95.23,0.6100,36.50,0.6600,298.39,0.6700,198.57,0.6800,143.09,0.6900,109.00,0.7000,166.00,0.3400,298.39,0.3300,198.57,0.3200,143.09,0.3100,109.00,0.3000,166.00,0.3500,41.81,0.3600,87.28,0.3700,58.60,0.3800,95.23,0.3900,36.50,319.42,915.05,1234.47,915.05,319.42,1234.47,0.0100,0.0100,-0.4825,0.4825,0.6512,0.3488,0.4041,0.5431,0.5431,0.4041,-116.4732,104.8407,104.7102,-116.3282
btc-updown-5m-1780094700,1780094745000,255,73387.92,73489.29,101.37,0.0000,0.0168,0.0000,1.3584,2.4740,0.7790,0.003330,0.0725,0.0000,73479.41,0.0082,0.0134,0.0000,0.0000,0.6900,61.61,0.6800,133.68,0.6700,291.65,0.6600,70.49,0.6500,160.74,0.7000,78.74,0.7100,56.00,0.7200,61.00,0.7300,39.19,0.7400,101.59,0.3000,78.74,0.2900,56.00,0.2800,61.00,0.2700,39.19,0.2600,101.59,0.3100,61.61,0.3200,133.68,0.3300,291.65,0.3400,70.49,0.3500,160.74,718.17,336.52,1054.69,336.52,718.17,1054.69,0.0100,0.0100,0.3619,-0.3619,0.6944,0.3056,0.2719,0.4004,0.4004,0.2719,1.1254,-13.9423,-13.9423,1.1254
btc-updown-5m-1780094700,1780094746000,254,73392.96,73498.00,105.04,0.0119,0.0286,0.5387,1.8946,4.2140,1.0693,0.003845,0.0866,6.2180,73483.64,0.0143,0.0195,12.4490,0.0002,0.6900,210.95,0.6800,64.00,0.6700,84.90,0.6600,60.49,0.6500,150.70,0.7000,47.33,0.7300,8.19,0.7400,5.59,0.7500,15.20,0.7600,18.00,0.3000,47.33,0.2700,8.19,0.2600,5.59,0.2500,15.20,0.2400,18.00,0.3100,210.95,0.3200,64.00,0.3300,84.90,0.3400,60.49,0.3500,150.70,571.04,94.31,665.35,94.31,571.04,665.35,0.0100,0.0100,0.7165,-0.7165,0.6982,0.3018,0.4815,0.5887,0.5887,0.4815,-18.6142,-183.4995,-183.4995,-18.6142
btc-updown-5m-1780094700,1780094747000,253,73395.66,73498.00,102.34,0.0000,0.0218,0.0000,0.7805,3.2040,1.0690,0.003845,0.0865,0.0000,73483.67,0.0143,0.0195,0.0000,0.0000,0.7000,25.00,0.6900,615.79,0.6800,59.00,0.6700,79.90,0.6600,60.49,0.7900,43.16,0.8000,96.00,0.8100,37.00,0.8200,696.00,0.8300,88.00,0.2100,43.16,0.2000,96.00,0.1900,37.00,0.1800,696.00,0.1700,88.00,0.3000,25.00,0.3100,615.79,0.3200,59.00,0.3300,79.90,0.3400,60.49,840.18,960.16,1800.34,960.16,840.18,1800.34,0.0900,0.0900,-0.0666,0.0666,0.7330,0.2670,0.7627,0.1449,0.1449,0.7627,32.1904,-13.9534,-13.9534,32.1904
btc-updown-5m-1780094700,1780094748000,252,73404.54,73498.00,93.46,0.0000,0.0218,0.0000,0.7803,3.2020,1.0690,0.003845,0.0832,0.0000,73484.36,0.0037,0.0186,0.0000,0.0000,0.7300,34.28,0.7100,24.25,0.7000,33.00,0.6900,270.26,0.6800,67.00,0.7400,34.72,0.7600,9.43,0.7700,8.00,0.7800,8.00,0.7900,6.27,0.2600,34.72,0.2400,9.43,0.2300,8.00,0.2200,8.00,0.2100,6.27,0.2700,34.28,0.2900,24.25,0.3000,33.00,0.3100,270.26,0.3200,67.00,428.79,66.42,495.21,66.42,428.79,495.21,0.0100,0.0100,0.7318,-0.7318,0.7350,0.2650,0.1365,0.6647,0.6647,0.1365,-99.4250,-32.3380,-32.3380,-99.4250
btc-updown-5m-1780094700,1780094749000,251,73404.28,73498.00,93.72,0.0000,0.0119,0.0026,0.5414,1.7440,1.0693,0.003845,0.0832,0.0315,73484.39,0.0037,0.0185,0.0000,0.0000,0.7400,101.67,0.7300,87.13,0.7200,207.40,0.7100,209.18,0.7000,60.01,0.7500,737.67,0.7600,121.00,0.7700,128.00,0.7800,116.00,0.7900,148.07,0.2500,737.67,0.2400,121.00,0.2300,128.00,0.2200,116.00,0.2100,148.07,0.2600,101.67,0.2700,87.13,0.2800,207.40,0.2900,209.18,0.3000,60.01,665.39,1250.74,1916.13,1250.74,665.39,1916.13,0.0100,0.0100,-0.3055,0.3055,0.7412,0.2588,0.2837,0.6865,0.6865,0.2837,60.4634,128.9404,128.9404,60.4634
btc-updown-5m-1780094700,1780094750000,250,73404.28,73498.00,93.72,0.0000,0.0119,0.0000,0.5414,1.7440,1.0693,0.003845,0.0832,0.0000,73484.39,-0.0000,0.0185,0.0000,0.0000,0.7400,119.03,0.7300,176.13,0.7200,168.14,0.7100,145.65,0.7000,50.30,0.7500,671.35,0.7600,133.00,0.7700,128.00,0.7800,116.00,0.7900,137.27,0.2500,671.35,0.2400,133.00,0.2300,128.00,0.2200,116.00,0.2100,137.27,0.2600,119.03,0.2700,176.13,0.2800,168.14,0.2900,145.65,0.3000,50.30,659.25,1185.62,1844.87,1185.62,659.25,1844.87,0.0100,0.0100,-0.2853,0.2853,0.7415,0.2585,0.4477,0.6784,0.6784,0.4477,26.0647,163.6748,163.6748,26.0647
btc-updown-5m-1780094700,1780094751000,249,73405.43,73498.00,92.57,0.0000,0.0000,0.0000,0.0026,0.0020,1.0693,0.003845,0.0832,0.0000,73484.39,-0.0000,0.0185,0.0000,0.0000,0.7400,105.18,0.7300,114.13,0.7200,68.14,0.7100,137.21,0.7000,55.30,0.7500,576.32,0.7600,133.00,0.7700,142.81,0.7800,116.00,0.7900,137.27,0.2500,576.32,0.2400,133.00,0.2300,142.81,0.2200,116.00,0.2100,137.27,0.2600,105.18,0.2700,114.13,0.2800,68.14,0.2900,137.21,0.3000,55.30,479.96,1105.40,1585.36,1105.40,479.96,1585.36,0.0100,0.0100,-0.3945,0.3945,0.7415,0.2585,0.4569,0.6417,0.6417,0.4569,-9.3313,156.5323,156.5063,-9.3298
btc-updown-5m-1780094700,1780094752000,248,73404.91,73497.99,93.08,-0.0000,-0.0000,0.0017,0.0043,0.0040,1.0693,0.003845,0.0833,0.0203,73484.40,-0.0000,0.0185,-0.0127,-0.0000,0.7400,50.57,0.7300,214.13,0.7200,62.40,0.7100,132.21,0.7000,50.01,0.7500,462.45,0.7600,133.00,0.7700,138.00,0.7800,116.00,0.7900,137.27,0.2500,462.45,0.2400,133.00,0.2300,138.00,0.2200,116.00,0.2100,137.27,0.2600,50.57,0.2700,214.13,0.2800,62.40,0.2900,132.21,0.3000,50.01,509.32,986.72,1496.04,986.72,509.32,1496.04,0.0100,0.0100,-0.3191,0.3191,0.7410,0.2590,0.5197,0.6035,0.6035,0.5197,-9.8784,142.8313,142.8313,-9.8784
btc-updown-5m-1780094700,1780094753000,247,73405.01,73497.99,92.98,0.0000,-0.0000,0.0000,0.0043,0.0040,1.0690,0.003845,0.0833,0.0000,73484.40,-0.0000,0.0185,0.0000,0.0000,0.7200,1.94,0.7100,137.21,0.7000,81.01,0.6900,52.28,0.6800,62.00,0.7500,622.93,0.7600,141.89,0.7700,147.80,0.7800,116.00,0.7900,137.27,0.2500,622.93,0.2400,141.89,0.2300,147.80,0.2200,116.00,0.2100,137.27,0.2800,1.94,0.2900,137.21,0.3000,81.01,0.3100,52.28,0.3200,62.00,334.44,1165.89,1500.33,1165.89,334.44,1500.33,0.0300,0.0300,-0.5542,0.5542,0.7201,0.2799,0.4161,0.6560,0.6560,0.4161,-80.1909,43.1931,41.9769,-59.9872
btc-updown-5m-1780094700,1780094754000,246,73405.31,73497.99,92.68,0.0000,-0.0000,0.0000,0.0017,0.0020,1.0687,0.003845,0.0830,0.0000,73484.45,-0.0000,0.0184,0.0000,0.0000,0.7000,20.33,0.6900,52.10,0.6800,42.00,0.6700,61.90,0.6600,86.00,0.7200,9.94,0.7300,765.57,0.7400,126.74,0.7500,122.02,0.7600,121.00,0.2800,9.94,0.2700,765.57,0.2600,126.74,0.2500,122.02,0.2400,121.00,0.3000,20.33,0.3100,52.10,0.3200,42.00,0.3300,61.90,0.3400,86.00,262.33,1145.27,1407.60,1145.27,262.33,1407.60,0.0200,0.0200,-0.6273,0.6273,0.7134,0.2866,0.2761,0.6771,0.6771,0.2761,-28.1754,182.6083,182.6083,-28.1754
btc-updown-5m-1780094700,1780094755000,245,73406.18,73498.00,91.82,0.0000,0.0000,0.0001,0.0018,0.0040,1.0687,0.003845,0.0830,0.0011,73484.46,0.0000,0.0184,0.0125,0.0000,0.7000,88.33,0.6900,152.35,0.6800,37.00,0.6700,57.29,0.6600,91.00,0.7100,418.88,0.7200,175.93,0.7300,151.00,0.7400,111.00,0.7500,108.00,0.2900,418.88,0.2800,175.93,0.2700,151.00,0.2600,111.00,0.2500,108.00,0.3000,88.33,0.3100,152.35,0.3200,37.00,0.3300,57.29,0.3400,91.00,425.97,964.81,1390.78,964.81,425.97,1390.78,0.0100,0.0100,-0.3874,0.3874,0.7017,0.2983,0.5650,0.6165,0.6165,0.5650,-29.2127,-14.9608,-14.9633,-29.2176
btc-updown-5m-1780094700,1780094756000,244,73406.26,73498.00,91.74,0.0000,0.0000,0.0000,0.0018,0.0040,1.0687,0.003845,0.0830,0.0000,73484.47,0.0000,0.0184,0.0000,0.0000,0.6900,35.05,0.6800,62.00,0.6700,57.29,0.6600,91.00,0.6500,486.70,0.7200,173.91,0.7300,73.00,0.7400,56.00,0.7500,53.00,0.7600,75.67,0.2800,173.91,0.2700,73.00,0.2600,56.00,0.2500,53.00,0.2400,75.67,0.3100,35.05,0.3200,62.00,0.3300,57.29,0.3400,91.00,0.3500,486.70,732.04,431.58,1163.62,431.58,732.04,1163.62,0.0300,0.0300,0.2582,-0.2582,0.6950,0.3050,0.1326,0.5721,0.5721,0.1326,12.3845,-140.1382,-140.1382,12.3845
btc-updown-5m-1780094700,1780094757000,243,73406.20,73498.00,91.80,0.0000,0.0000,0.0002,0.0003,0.0020,1.0683,0.003845,0.0830,0.0027,73484.47,0.0000,0.0184,0.0000,0.0000,0.6800,52.13,0.6700,56.39,0.6600,41.00,0.6500,510.00,0.6400,37.96,0.6900,146.18,0.7000,93.47,0.7100,133.00,0.7200,162.87,0.7300,116.00,0.3100,146.18,0.3000,93.47,0.2900,133.00,0.2800,162.87,0.2700,116.00,0.3200,52.13,0.3300,56.39,0.3400,41.00,0.3500,510.00,0.3600,37.96,697.48,651.52,1349.00,651.52,697.48,1349.00,0.0100,0.0100,0.0341,-0.0341,0.6826,0.3174,0.1556,0.3678,0.3678,0.1556,35.3461,-73.9714,-73.9954,35.3576
btc-updown-5m-1780094700,1780094758000,242,73406.19,73498.00,91.81,0.0000,0.0000,0.0160,0.0163,0.0040,1.0687,0.003845,0.0830,0.1923,73484.66,0.0000,0.0182,0.0000,0.0000,0.6700,127.00,0.6600,128.66,0.6500,530.62,0.6400,36.00,0.6300,638.94,0.6800,39.45,0.6900,63.23,0.7000,36.00,0.7100,61.00,0.7200,87.87,0.3200,39.45,0.3100,63.23,0.3000,36.00,0.2900,61.00,0.2800,87.87,0.3300,127.00,0.3400,128.66,0.3500,530.62,0.3600,36.00,0.3700,638.94,1461.22,287.55,1748.77,287.55,1461.22,1748.77,0.0100,0.0100,0.6711,-0.6711,0.6776,0.3224,0.1750,0.3571,0.3571,0.1750,164.7642,-166.2137,-166.2137,164.7642
btc-updown-5m-1780094700,1780094759000,241,73406.19,73498.00,91.81,0.0000,0.0000,0.0000,0.0163,0.0040,1.0683,0.003845,0.0830,0.0000,73484.66,0.0000,0.0182,0.0000,0.0000,0.6800,15.00,0.6700,36.00,0.6600,45.68,0.6500,515.62,0.6400,36.00,0.6900,23.75,0.7000,78.47,0.7100,56.00,0.7200,74.00,0.7300,61.00,0.3100,23.75,0.3000,78.47,0.2900,56.00,0.2800,74.00,0.2700,61.00,0.3200,15.00,0.3300,36.00,0.3400,45.68,0.3500,515.62,0.3600,36.00,648.30,293.22,941.52,293.22,648.30,941.52,0.0100,0.0100,0.3771,-0.3771,0.6839,0.3161,0.0787,0.3486,0.3486,0.0787,10.4174,-143.5398,-143.5398,10.4174
btc-updown-5m-1780094700,1780094760000,240,73406.28,73498.00,91.72,0.0000,0.0000,0.0001,0.0163,0.0020,1.0683,0.003845,0.0816,0.0007,73484.98,0.0000,0.0177,0.0000,0.0000,0.6900,65.81,0.6800,98.55,0.6700,48.00,0.6600,50.68,0.6500,515.62,0.7000,72.58,0.7100,75.72,0.7200,66.00,0.7300,61.00,0.7400,61.00,0.3000,72.58,0.2900,75.72,0.2800,66.00,0.2700,61.00,0.2600,61.00,0.3100,65.81,0.3200,98.55,0.3300,48.00,0.3400,50.68,0.3500,515.62,778.66,336.30,1114.96,336.30,778.66,1114.96,0.0100,0.0100,0.3967,-0.3967,0.6948,0.3052,0.2111,0.4410,0.4410,0.2111,85.7950,-153.4656,-153.4656,85.7950
btc-updown-5m-1780094700,1780094761000,239,73406.22,73498.00,91.78,0.0000,0.0000,0.1204,0.1367,0.0020,1.0680,0.003845,0.0855,1.4082,73485.57,0.0000,0.0169,0.0000,0.0000,0.6600,141.65,0.6500,468.04,0.6400,31.00,0.6300,638.94,0.6200,72.68,0.6800,35.07,0.6900,73.23,0.7000,99.82,0.7100,61.00,0.7200,66.00,0.3200,35.07,0.3100,73.23,0.3000,99.82,0.2900,61.00,0.2800,66.00,0.3400,141.65,0.3500,468.04,0.3600,31.00,0.3700,638.94,0.3800,72.68,1352.31,335.12,1687.43,335.12,1352.31,1687.43,0.0200,0.0200,0.6028,-0.6028,0.6760,0.3240,0.4509,0.3232,0.3232,0.4509,155.6612,-105.8125,-105.8125,155.6612
btc-updown-5m-1780094700,1780094762000,238,73405.89,73498.00,92.11,0.0000,0.0000,0.0000,0.1364,0.0020,1.0677,0.003845,0.0855,0.0000,73485.59,0.0000,0.0169,0.0000,0.0000,0.6800,77.46,0.6700,31.69,0.6600,26.00,0.6500,440.28,0.6400,36.23,0.6900,65.14,0.7000,104.82,0.7100,68.72,0.7200,66.00,0.7300,56.00,0.3100,65.14,0.3000,104.82,0.2900,68.72,0.2800,66.00,0.2700,56.00,0.3200,77.46,0.3300,31.69,0.3400,26.00,0.3500,440.28,0.3600,36.23,611.66,360.68,972.34,360.68,611.66,972.34,0.0100,0.0100,0.2581,-0.2581,0.6854,0.3146,0.1784,0.4712,0.4712,0.1784,-36.6982,6.3343,6.3343,-36.6982
btc-updown-5m-1780094700,1780094763000,237,73405.76,73498.00,92.24,0.0000,0.0000,0.0000,0.1205,0.0000,1.0677,0.003845,0.0853,0.0000,73485.62,0.0000,0.0169,0.0000,0.0000,0.6500,576.67,0.6400,47.78,0.6300,638.94,0.6200,42.68,0.6100,26.00,0.6600,38.96,0.6700,108.00,0.6800,88.01,0.6900,82.60,0.7000,112.29,0.3400,38.96,0.3300,108.00,0.3200,88.01,0.3100,82.60,0.3000,112.29,0.3500,576.67,0.3600,47.78,0.3700,638.94,0.3800,42.68,0.3900,26.00,1332.07,429.86,1761.93,429.86,1332.07,1761.93,0.0100,0.0100,0.5121,-0.5121,0.6594,0.3406,0.4688,0.3419,0.3419,0.4688,105.4136,-36.8206,-36.8267,105.4311
btc-updown-5m-1780094700,1780094764000,236,73404.64,73498.00,93.36,0.0000,0.0000,0.0523,0.1728,0.0020,1.0680,0.003845,0.0870,0.6016,73485.86,0.0000,0.0165,0.0000,0.0000,0.6700,114.96,0.6600,90.00,0.6500,458.69,0.6400,57.99,0.6300,638.94,0.6800,55.55,0.6900,87.60,0.7000,99.82,0.7100,61.00,0.7200,66.00,0.3200,55.55,0.3100,87.60,0.3000,99.82,0.2900,61.00,0.2800,66.00,0.3300,114.96,0.3400,90.00,0.3500,458.69,0.3600,57.99,0.3700,638.94,1360.58,369.97,1730.55,369.97,1360.58,1730.55,0.0100,0.0100,0.5724,-0.5724,0.6767,0.3233,0.1506,0.3869,0.3869,0.1506,10.0393,13.4005,13.4005,10.0393
btc-updown-5m-1780094700,1780094765000,235,73404.64,73498.00,93.36,0.0000,0.0000,0.0000,0.1728,0.0020,0.7047,0.002939,0.0870,0.0000,73485.86,0.0000,0.0165,0.0000,0.0000,0.6700,99.17,0.6600,41.00,0.6500,450.69,0.6400,42.37,0.6300,655.72,0.6800,31.71,0.6900,60.60,0.7000,117.30,0.7100,61.00,0.7200,66.00,0.3200,31.71,0.3100,60.60,0.3000,117.30,0.2900,61.00,0.2800,66.00,0.3300,99.17,0.3400,41.00,0.3500,450.69,0.3600,42.37,0.3700,655.72,1288.95,336.61,1625.56,336.61,1288.95,1625.56,0.0100,0.0100,0.5859,-0.5859,0.6776,0.3224,0.1087,0.2742,0.2742,0.1087,106.3319,7.2017,7.2017,106.3320
btc-updown-5m-1780094700,1780094766000,234,73405.75,73500.61,94.86,0.0036,0.0036,0.0586,0.1110,0.5240,0.7917,0.002969,0.0744,0.7882,73487.97,0.0027,0.0172,3.3687,0.0000,0.6800,50.00,0.6700,114.63,0.6600,36.00,0.6500,46.00,0.6400,37.16,0.6900,23.71,0.7000,55.30,0.7100,46.00,0.7200,76.00,0.7300,61.00,0.3100,23.71,0.3000,55.30,0.2900,46.00,0.2800,76.00,0.2700,61.00,0.3200,50.00,0.3300,114.63,0.3400,36.00,0.3500,46.00,0.3600,37.16,283.79,262.01,545.80,262.01,283.79,545.80,0.0100,0.0100,0.0399,-0.0399,0.6868,0.3132,0.5801,0.3016,0.3016,0.5801,-82.2784,-3.8920,-3.8920,-82.2784
btc-updown-5m-1780094700,1780094767000,233,73405.63,73500.61,94.98,0.0000,0.0036,0.0000,0.1110,0.5240,0.7917,0.002969,0.0735,0.0000,73488.10,0.0017,0.0170,0.0000,0.0000,0.6800,119.97,0.6700,56.00,0.6600,31.00,0.6500,46.00,0.6400,42.12,0.6900,17.28,0.7000,47.82,0.7100,38.74,0.7200,81.00,0.7300,61.00,0.3100,17.28,0.3000,47.82,0.2900,38.74,0.2800,81.00,0.2700,61.00,0.3200,119.97,0.3300,56.00,0.3400,31.00,0.3500,46.00,0.3600,42.12,295.09,245.84,540.93,245.84,295.09,540.93,0.0100,0.0100,0.0910,-0.0910,0.6887,0.3113,0.5963,0.2648,0.2648,0.5963,-177.9376,-14.0409,-14.0409,-177.9376
btc-updown-5m-1780094700,1780094768000,232,73406.53,73500.61,94.08,0.0000,0.0036,0.0006,0.1115,0.5240,0.7913,0.002969,0.0735,0.0078,73488.11,0.0017,0.0170,0.0000,0.0000,0.6800,591.79,0.6700,84.67,0.6600,36.80,0.6500,51.70,0.6400,336.60,0.6900,5.00,0.7000,82.82,0.7100,78.74,0.7200,81.00,0.7300,61.00,0.3100,5.00,0.3000,82.82,0.2900,78.74,0.2800,81.00,0.2700,61.00,0.3200,591.79,0.3300,84.67,0.3400,36.80,0.3500,51.70,0.3600,336.60,1101.56,308.56,1410.12,308.56,1101.56,1410.12,0.0100,0.0100,0.5624,-0.5624,0.6899,0.3101,0.6141,0.2846,0.2846,0.6141,-21.3118,-3.2690,-3.2690,-21.3118
btc-updown-5m-1780094700,1780094769000,231,73406.77,73500.61,93.84,0.0000,0.0036,0.0558,0.1150,0.5240,0.7917,0.002969,0.0712,0.7842,73489.07,0.0011,0.0157,0.0000,0.0000,0.6800,555.20,0.6700,79.38,0.6600,36.80,0.6500,68.48,0.6400,331.60,0.6900,35.00,0.7000,77.82,0.7100,78.74,0.7200,81.00,0.7300,61.00,0.3100,35.00,0.3000,77.82,0.2900,78.74,0.2800,81.00,0.2700,61.00,0.3200,555.20,0.3300,79.38,0.3400,36.80,0.3500,68.48,0.3600,331.60,1071.46,333.56,1405.02,333.56,1071.46,1405.02,0.0100,0.0100,0.5252,-0.5252,0.6894,0.3106,0.5923,0.3382,0.3382,0.5923,-20.9203,-47.3359,-47.3359,-20.9203
btc-updown-5m-1780094700,1780094770000,230,73406.12,73500.61,94.49,0.0000,0.0036,0.0854,0.2004,0.5240,0.7917,0.002969,0.0739,1.1560,73489.50,0.0000,0.0151,0.0000,0.0000,0.6900,78.61,0.6800,478.24,0.6700,74.36,0.6600,643.25,0.6500,68.48,0.7000,47.76,0.7100,61.00,0.7200,89.02,0.7300,61.00,0.7400,61.00,0.3000,47.76,0.2900,61.00,0.2800,89.02,0.2700,61.00,0.2600,61.00,0.3100,78.61,0.3200,478.24,0.3300,74.36,0.3400,643.25,0.3500,68.48,1342.94,319.78,1662.72,319.78,1342.94,1662.72,0.0100,0.0100,0.6154,-0.6154,0.6962,0.3038,0.4146,0.3401,0.3401,0.4146,-10.8669,-1.8052,-1.8049,-10.8651
btc-updown-5m-1780094700,1780094771000,229,73406.61,73500.61,94.00,0.0000,0.0000,0.0000,0.1418,0.0020,0.7913,0.002969,0.0739,0.0000,73489.50,0.0000,0.0151,0.0000,0.0000,0.6900,78.61,0.6800,478.24,0.6700,74.36,0.6600,643.25,0.6500,68.48,0.7000,47.76,0.7100,61.00,0.7200,89.02,0.7300,61.00,0.7400,61.00,0.3000,47.76,0.2900,61.00,0.2800,89.02,0.2700,61.00,0.2600,61.00,0.3100,78.61,0.3200,478.24,0.3300,74.36,0.3400,643.25,0.3500,68.48,1342.94,319.78,1662.72,319.78,1342.94,1662.72,0.0100,0.0100,0.6154,-0.6154,0.6962,0.3038,0.4146,0.3401,0.3401,0.4146,9.5777,-0.2229,-0.2229,9.5777
btc-updown-5m-1780094700,1780094772000,228,73406.17,73500.62,94.45,0.0000,0.0000,0.0002,0.1420,0.0040,0.6233,0.002771,0.0738,0.0033,73489.52,0.0000,0.0151,0.0128,0.0000,0.7000,75.00,0.6900,37.03,0.6800,63.00,0.6700,74.36,0.6600,653.58,0.7100,223.53,0.7200,158.00,0.7300,124.32,0.7400,121.00,0.7500,121.00,0.2900,223.53,0.2800,158.00,0.2700,124.32,0.2600,121.00,0.2500,121.00,0.3000,75.00,0.3100,37.03,0.3200,63.00,0.3300,74.36,0.3400,653.58,902.97,747.85,1650.82,747.85,902.97,1650.82,0.0100,0.0100,0.0940,-0.0940,0.7025,0.2975,0.1241,0.5102,0.5102,0.1241,84.7564,71.2612,71.2612,84.7564
btc-updown-5m-1780094700,1780094773000,227,73406.09,73500.62,94.53,0.0000,0.0000,0.0000,0.1415,0.0040,0.6230,0.002771,0.0379,0.0000,73496.65,0.0000,0.0054,0.0000,0.0000,0.7000,68.33,0.6900,24.03,0.6800,63.00,0.6700,74.36,0.6600,660.43,0.7100,194.41,0.7200,148.00,0.7300,129.32,0.7400,116.00,0.7500,121.00,0.2900,194.41,0.2800,148.00,0.2700,129.32,0.2600,116.00,0.2500,121.00,0.3000,68.33,0.3100,24.03,0.3200,63.00,0.3300,74.36,0.3400,660.43,890.15,708.73,1598.88,708.73,890.15,1598.88,0.0100,0.0100,0.1135,-0.1135,0.7026,0.2974,0.1038,0.4831,0.4831,0.1038,106.8634,5.9490,5.9479,106.8434
btc-updown-5m-1780094700,1780094774000,226,73406.07,73500.62,94.55,0.0000,0.0000,0.0918,0.1774,0.0020,0.3797,0.002200,0.0408,2.2469,73496.94,0.0000,0.0050,0.0000,0.0000,0.7000,462.60,0.6900,58.04,0.6800,415.69,0.6700,67.13,0.6600,648.58,0.7100,20.78,0.7200,69.02,0.7300,76.00,0.7400,61.00,0.7500,66.00,0.2900,20.78,0.2800,69.02,0.2700,76.00,0.2600,61.00,0.2500,66.00,0.3000,462.60,0.3100,58.04,0.3200,415.69,0.3300,67.13,0.3400,648.58,1652.04,292.80,1944.84,292.80,1652.04,1944.84,0.0100,0.0100,0.6989,-0.6989,0.7096,0.2904,0.3151,0.3067,0.3067,0.3151,91.3139,-7.5614,-7.5727,91.4504
btc-updown-5m-1780094700,1780094775000,225,73406.12,73500.62,94.50,0.0000,0.0000,0.0000,0.0920,0.0020,0.3797,0.002200,0.0331,0.0000,73498.75,0.0000,0.0025,0.0000,0.0000,0.7000,514.38,0.6900,68.85,0.6800,415.69,0.6700,67.97,0.6600,648.58,0.7200,44.61,0.7300,71.00,0.7400,61.00,0.7500,66.00,0.7600,61.00,0.2800,44.61,0.2700,71.00,0.2600,61.00,0.2500,66.00,0.2400,61.00,0.3000,514.38,0.3100,68.85,0.3200,415.69,0.3300,67.97,0.3400,648.58,1715.47,303.61,2019.08,303.61,1715.47,2019.08,0.0200,0.0200,0.6993,-0.6993,0.7184,0.2816,0.3400,0.3808,0.3808,0.3400,107.5860,-5.0033,-5.0033,107.5860
btc-updown-5m-1780094700,1780094776000,224,73406.30,73500.62,94.32,0.0000,0.0000,0.0009,0.0929,0.0020,0.0893,0.000637,0.0331,0.0275,73498.75,0.0000,0.0025,0.0000,0.0000,0.7100,153.72,0.7000,386.46,0.6900,29.03,0.6800,410.69,0.6700,67.97,0.7200,45.15,0.7300,70.35,0.7400,71.00,0.7500,66.00,0.7600,61.00,0.2800,45.15,0.2700,70.35,0.2600,71.00,0.2500,66.00,0.2400,61.00,0.2900,153.72,0.3000,386.46,0.3100,29.03,0.3200,410.69,0.3300,67.97,1047.87,313.50,1361.37,313.50,1047.87,1361.37,0.0100,0.0100,0.5394,-0.5394,0.7177,0.2823,0.5155,0.3684,0.3684,0.5155,41.5787,-9.4025,-9.4010,41.5720
btc-updown-5m-1780094700,1780094777000,223,73406.29,73500.62,94.33,0.0000,0.0000,0.0954,0.1881,0.0020,0.0897,0.000637,0.0188,5.0810,73499.75,0.0000,0.0012,0.0000,0.0000,0.7100,196.88,0.7000,376.46,0.6900,29.03,0.6800,405.69,0.6700,73.47,0.7200,35.15,0.7300,56.00,0.7400,85.71,0.7500,66.00,0.7600,61.00,0.2800,35.15,0.2700,56.00,0.2600,85.71,0.2500,66.00,0.2400,61.00,0.2900,196.88,0.3000,376.46,0.3100,29.03,0.3200,405.69,0.3300,73.47,1081.53,303.86,1385.39,303.86,1081.53,1385.39,0.0100,0.0100,0.5613,-0.5613,0.7185,0.2815,0.5301,0.3000,0.3000,0.5301,-37.6864,-2.6293,-2.6293,-37.6864
btc-updown-5m-1780094700,1780094778000,222,73406.21,73500.62,94.41,0.0000,0.0000,0.0045,0.1926,0.0020,0.0897,0.000637,0.0189,0.2378,73499.75,-0.0000,0.0012,0.0000,0.0000,0.7100,202.27,0.7000,367.18,0.6900,29.03,0.6800,405.69,0.6700,53.61,0.7200,23.33,0.7300,56.00,0.7400,85.71,0.7500,66.00,0.7600,61.00,0.2800,23.33,0.2700,56.00,0.2600,85.71,0.2500,66.00,0.2400,61.00,0.2900,202.27,0.3000,367.18,0.3100,29.03,0.3200,405.69,0.3300,53.61,1057.78,292.04,1349.82,292.04,1057.78,1349.82,0.0100,0.0100,0.5673,-0.5673,0.7190,0.2810,0.5383,0.2716,0.2716,0.5383,25.7159,-75.7159,-75.7159,25.7159
btc-updown-5m-1780094700,1780094779000,221,73406.21,73500.62,94.41,0.0000,0.0000,0.0083,0.1092,0.0020,0.0893,0.000637,0.0192,0.4340,73499.76,-0.0000,0.0012,0.0000,0.0000,0.7200,159.49,0.7100,121.42,0.7000,347.18,0.6900,24.03,0.6800,410.92,0.7300,43.15,0.7400,65.71,0.7500,81.00,0.7600,61.00,0.7700,61.00,0.2700,43.15,0.2600,65.71,0.2500,81.00,0.2400,61.00,0.2300,61.00,0.2800,159.49,0.2900,121.42,0.3000,347.18,0.3100,24.03,0.3200,410.92,1063.04,311.86,1374.90,311.86,1063.04,1374.90,0.0100,0.0100,0.5464,-0.5464,0.7279,0.2721,0.2643,0.3491,0.3491,0.2643,-118.8698,3.8466,3.8466,-118.8698
btc-updown-5m-1780094700,1780094780000,220,73406.10,73500.61,94.51,-0.0000,-0.0000,0.0062,0.1154,0.0040,0.0897,0.000637,0.0193,0.3231,73499.78,-0.0000,0.0011,-0.0129,-0.0000,0.7200,211.27,0.7100,123.99,0.7000,42.20,0.6900,24.03,0.6800,405.69,0.7300,38.63,0.7400,56.00,0.7500,78.10,0.7600,61.00,0.7700,61.00,0.2700,38.63,0.2600,56.00,0.2500,78.10,0.2400,61.00,0.2300,61.00,0.2800,211.27,0.2900,123.99,0.3000,42.20,0.3100,24.03,0.3200,405.69,807.18,294.73,1101.91,294.73,807.18,1101.91,0.0100,0.0100,0.4651,-0.4651,0.7285,0.2715,0.4153,0.3211,0.3211,0.4153,-147.7028,0.3374,0.3375,-147.7286
btc-updown-5m-1780094700,1780094781000,219,73406.01,73500.62,94.61,0.0000,0.0000,0.0857,0.2002,0.0060,0.0900,0.000637,0.0221,3.8815,73499.89,0.0000,0.0010,0.0129,0.0000,0.7200,192.15,0.7100,111.42,0.7000,42.20,0.6900,24.03,0.6800,410.89,0.7300,10.00,0.7400,65.71,0.7500,68.00,0.7600,74.00,0.7700,61.00,0.2700,10.00,0.2600,65.71,0.2500,68.00,0.2400,74.00,0.2300,61.00,0.2800,192.15,0.2900,111.42,0.3000,42.20,0.3100,24.03,0.3200,410.89,780.69,278.71,1059.40,278.71,780.69,1059.40,0.0100,0.0100,0.4738,-0.4738,0.7295,0.2705,0.3888,0.2716,0.2716,0.3888,-156.3439,-4.1646,-4.1660,-156.3962
btc-updown-5m-1780094700,1780094782000,218,73406.66,73500.62,93.96,0.0000,0.0000,0.0001,0.1049,0.0040,0.0897,0.000637,0.0221,0.0063,73499.89,0.0000,0.0010,0.0000,0.0000,0.7200,150.95,0.7100,111.42,0.7000,42.20,0.6900,24.03,0.6800,405.69,0.7300,33.15,0.7400,65.71,0.7500,68.00,0.7600,74.00,0.7700,61.00,0.2700,33.15,0.2600,65.71,0.2500,68.00,0.2400,74.00,0.2300,61.00,0.2800,150.95,0.2900,111.42,0.3000,42.20,0.3100,24.03,0.3200,405.69,734.29,301.86,1036.15,301.86,734.29,1036.15,0.0100,0.0100,0.4173,-0.4173,0.7282,0.2718,0.3573,0.3275,0.3275,0.3573,-61.2102,-2.5434,-2.5434,-61.2102
btc-updown-5m-1780094700,1780094783000,217,73406.65,73500.61,93.96,-0.0000,-0.0000,0.0124,0.1128,0.0060,0.0900,0.000637,0.0224,0.5552,73499.90,-0.0000,0.0010,-0.0128,-0.0000,0.7300,156.42,0.7200,77.40,0.7100,85.50,0.7000,37.20,0.6900,24.03,0.7400,67.71,0.7500,453.00,0.7600,74.00,0.7700,61.00,0.7800,61.00,0.2600,67.71,0.2500,453.00,0.2400,74.00,0.2300,61.00,0.2200,61.00,0.2700,156.42,0.2800,77.40,0.2900,85.50,0.3000,37.20,0.3100,24.03,380.55,716.71,1097.26,716.71,380.55,1097.26,0.0100,0.0100,-0.3064,0.3064,0.7370,0.2630,0.6144,0.7265,0.7265,0.6144,-134.6382,81.3897,81.4058,-134.6649
btc-updown-5m-1780094700,1780094784000,216,73406.31,73500.62,94.31,0.0000,0.0000,0.0014,0.1059,0.0080,0.0903,0.000637,0.0225,0.0605,73499.91,0.0000,0.0010,0.0128,0.0000,0.7300,170.02,0.7200,57.40,0.7100,90.50,0.7000,37.20,0.6900,24.03,0.7400,84.64,0.7500,473.10,0.7600,79.00,0.7700,61.00,0.7800,61.00,0.2600,84.64,0.2500,473.10,0.2400,79.00,0.2300,61.00,0.2200,61.00,0.2700,170.02,0.2800,57.40,0.2900,90.50,0.3000,37.20,0.3100,24.03,379.15,758.74,1137.89,758.74,379.15,1137.89,0.0100,0.0100,-0.3336,0.3336,0.7367,0.2633,0.5998,0.7351,0.7351,0.5998,-121.8148,81.0303,81.0303,-121.8148
btc-updown-5m-1780094700,1780094785000,215,73406.31,73500.62,94.31,0.0000,0.0000,0.0000,0.0996,0.0060,0.0900,0.000637,0.0225,0.0000,73499.91,0.0000,0.0010,0.0000,0.0000,0.7300,146.64,0.7200,52.40,0.7100,90.50,0.7000,43.20,0.6900,24.03,0.7400,65.91,0.7500,485.10,0.7600,79.00,0.7700,61.00,0.7800,61.00,0.2600,65.91,0.2500,485.10,0.2400,79.00,0.2300,61.00,0.2200,61.00,0.2700,146.64,0.2800,52.40,0.2900,90.50,0.3000,43.20,0.3100,24.03,356.77,752.01,1108.78,752.01,356.77,1108.78,0.0100,0.0100,-0.3565,0.3565,0.7369,0.2631,0.5579,0.7327,0.7327,0.5579,-117.8885,73.4685,73.4563,-117.8688
btc-updown-5m-1780094700,1780094786000,214,73406.31,73500.62,94.31,0.0000,0.0000,0.0402,0.0541,0.0040,0.0900,0.000637,0.0238,1.6901,73499.94,0.0000,0.0009,0.0000,0.0000,0.7300,39.22,0.7200,52.40,0.7100,90.50,0.7000,43.20,0.6900,24.03,0.7400,289.68,0.7500,547.57,0.7600,134.00,0.7700,116.00,0.7800,121.00,0.2600,289.68,0.2500,547.57,0.2400,134.00,0.2300,116.00,0.2200,121.00,0.2700,39.22,0.2800,52.40,0.2900,90.50,0.3000,43.20,0.3100,24.03,249.35,1208.25,1457.60,1208.25,249.35,1457.60,0.0100,0.0100,-0.6579,0.6579,0.7312,0.2688,0.3674,0.6929,0.6929,0.3674,-91.6772,168.9066,168.8760,-91.6606
btc-updown-5m-1780094700,1780094787000,213,73406.30,73500.62,94.32,0.0000,0.0000,0.0001,0.0540,0.0040,0.0900,0.000637,0.0238,0.0029,73499.94,0.0000,0.0009,0.0000,0.0000,0.7200,69.40,0.7100,80.50,0.7000,43.20,0.6900,24.03,0.6800,59.19,0.7300,278.41,0.7400,95.00,0.7500,547.46,0.7600,129.00,0.7700,116.00,0.2700,278.41,0.2600,95.00,0.2500,547.46,0.2400,129.00,0.2300,116.00,0.2800,69.40,0.2900,80.50,0.3000,43.20,0.3100,24.03,0.3200,59.19,276.32,1165.87,1442.19,1165.87,276.32,1442.19,0.0100,0.0100,-0.6168,0.6168,0.7220,0.2780,0.5425,0.3203,0.3203,0.5425,-80.8062,144.6120,144.5635,-80.7790
btc-updown-5m-1780094700,1780094788000,212,73406.45,73500.62,94.17,0.0000,0.0000,0.0000,0.0416,0.0020,0.0897,0.000637,0.0238,0.0000,73499.95,0.0000,0.0009,0.0000,0.0000,0.7100,123.80,0.7000,53.20,0.6900,29.12,0.6800,53.85,0.6700,958.68,0.7200,158.00,0.7300,85.00,0.7400,59.71,0.7500,460.36,0.7600,74.00,0.2800,158.00,0.2700,85.00,0.2600,59.71,0.2500,460.36,0.2400,74.00,0.2900,123.80,0.3000,53.20,0.3100,29.12,0.3200,53.85,0.3300,958.68,1218.65,837.07,2055.72,837.07,1218.65,2055.72,0.0100,0.0100,0.1856,-0.1856,0.7144,0.2856,0.1452,0.2903,0.2903,0.1452,76.7685,95.7658,95.8008,76.7966
btc-updown-5m-1780094700,1780094789000,211,73406.45,73500.62,94.17,0.0000,0.0000,0.0002,0.0404,0.0000,0.0897,0.000637,0.0232,0.0090,73499.99,0.0000,0.0009,0.0000,0.0000,0.7100,94.02,0.7000,43.20,0.6900,29.03,0.6800,70.63,0.6700,951.90,0.7200,139.66,0.7300,95.00,0.7400,59.71,0.7500,460.36,0.7600,74.00,0.2800,139.66,0.2700,95.00,0.2600,59.71,0.2500,460.36,0.2400,74.00,0.2900,94.02,0.3000,43.20,0.3100,29.03,0.3200,70.63,0.3300,951.90,1188.78,828.73,2017.51,828.73,1188.78,2017.51,0.0100,0.0100,0.1785,-0.1785,0.7140,0.2860,0.1154,0.2832,0.2832,0.1154,137.2906,19.0284,19.0251,137.2673
btc-updown-5m-1780094700,1780094790000,210,73406.45,73500.62,94.17,0.0000,0.0000,0.0134,0.0539,0.0020,0.0900,0.000637,0.0237,0.5667,73500.00,0.0000,0.0008,0.0000,0.0000,0.7100,94.02,0.7000,43.20,0.6900,29.03,0.6800,70.63,0.6700,951.90,0.7200,139.66,0.7300,95.00,0.7400,59.71,0.7500,460.36,0.7600,74.00,0.2800,139.66,0.2700,95.00,0.2600,59.71,0.2500,460.36,0.2400,74.00,0.2900,94.02,0.3000,43.20,0.3100,29.03,0.3200,70.63,0.3300,951.90,1188.78,828.73,2017.51,828.73,1188.78,2017.51,0.0100,0.0100,0.1785,-0.1785,0.7140,0.2860,0.1154,0.2832,0.2832,0.1154,182.3447,11.9898,11.9845,182.2639
btc-updown-5m-1780094700,1780094791000,209,73406.48,73500.62,94.14,0.0000,0.0000,0.0006,0.0143,0.0040,0.0903,0.000637,0.0237,0.0236,73500.00,0.0000,0.0008,0.0000,0.0000,0.7100,313.80,0.7000,73.20,0.6900,404.73,0.6800,83.51,0.6700,976.90,0.7300,35.96,0.7400,25.00,0.7500,470.46,0.7600,74.00,0.7700,61.00,0.2700,35.96,0.2600,25.00,0.2500,470.46,0.2400,74.00,0.2300,61.00,0.2900,313.80,0.3000,73.20,0.3100,404.73,0.3200,83.51,0.3300,976.90,1852.14,666.42,2518.56,666.42,1852.14,2518.56,0.0200,0.0200,0.4708,-0.4708,0.7279,0.2721,0.2089,0.0915,0.0915,0.2089,250.7671,-20.3520,-20.3452,250.6838
btc-updown-5m-1780094700,1780094792000,208,73406.48,73500.62,94.14,0.0000,0.0000,0.1201,0.1343,0.0040,0.0903,0.000637,0.0237,5.0697,73500.43,0.0000,0.0003,0.0000,0.0000,0.7200,109.44,0.7100,112.76,0.7000,48.20,0.6900,403.94,0.6800,72.00,0.7400,22.71,0.7500,460.36,0.7600,74.00,0.7700,61.00,0.7800,61.00,0.2600,22.71,0.2500,460.36,0.2400,74.00,0.2300,61.00,0.2200,61.00,0.2800,109.44,0.2900,112.76,0.3000,48.20,0.3100,403.94,0.3200,72.00,746.34,679.07,1425.41,679.07,746.34,1425.41,0.0200,0.0200,0.0472,-0.0472,0.7366,0.2634,0.2977,0.7114,0.7114,0.2977,84.8540,-90.3500,-90.3500,84.8540
btc-updown-5m-1780094700,1780094793000,207,73406.84,73521.23,114.39,0.0280,0.0280,1.3912,1.5255,4.1740,0.7853,0.005051,0.0686,20.2904,73514.04,0.0025,0.0098,32.0744,0.0004,0.8000,58.71,0.7900,60.00,0.7600,582.14,0.7500,130.96,0.7400,696.41,0.8500,42.99,0.8600,52.28,0.8700,23.00,0.8800,219.01,0.8900,375.49,0.1500,42.99,0.1400,52.28,0.1300,23.00,0.1200,219.01,0.1100,375.49,0.2000,58.71,0.2100,60.00,0.2400,582.14,0.2500,130.96,0.2600,696.41,1528.22,712.77,2240.99,712.77,1528.22,2240.99,0.0500,0.0500,0.3639,-0.3639,0.8289,0.1711,0.0777,0.1337,0.1337,0.0777,226.8309,-69.5409,-69.5409,226.8309
btc-updown-5m-1780094700,1780094794000,206,73414.78,73521.22,106.44,-0.0000,0.0280,0.0006,1.5259,4.1760,0.7853,0.005051,0.0686,0.0083,73514.05,0.0025,0.0098,-0.0145,-0.0000,0.8700,213.39,0.8600,29.82,0.8500,82.00,0.8400,77.01,0.8300,106.72,0.8800,80.00,0.9000,5.00,0.9100,124.65,0.9200,314.64,0.9300,526.57,0.1200,80.00,0.1000,5.00,0.0900,124.65,0.0800,314.64,0.0700,526.57,0.1300,213.39,0.1400,29.82,0.1500,82.00,0.1600,77.01,0.1700,106.72,508.94,1050.86,1559.80,1050.86,508.94,1559.80,0.0100,0.0100,-0.3474,0.3474,0.8773,0.1227,0.4779,0.0809,0.0809,0.4779,-139.1271,39.3569,39.3645,-139.1539
btc-updown-5m-1780094700,1780094795000,205,73414.78,73521.23,106.45,0.0000,0.0280,0.0002,1.5127,4.1760,0.7857,0.005051,0.0669,0.0034,73514.45,0.0025,0.0092,0.0145,0.0000,0.8600,46.32,0.8500,665.95,0.8400,15.00,0.8300,348.72,0.8200,40.94,0.8700,277.63,0.8800,334.21,0.8900,176.19,0.9000,235.02,0.9100,161.55,0.1300,277.63,0.1200,334.21,0.1100,176.19,0.1000,235.02,0.0900,161.55,0.1400,46.32,0.1500,665.95,0.1600,15.00,0.1700,348.72,0.1800,40.94,1116.93,1184.60,2301.53,1184.60,1116.93,2301.53,0.0100,0.0100,-0.0294,0.0294,0.8614,0.1386,0.6377,0.5165,0.5165,0.6377,-108.0499,95.9053,95.8851,-108.0270
btc-updown-5m-1780094700,1780094796000,204,73424.84,73521.23,96.39,0.0000,0.0280,0.0524,1.5645,4.1760,0.6990,0.005033,0.0686,0.7636,73514.62,0.0022,0.0090,0.0000,0.0000,0.8600,11.47,0.8500,1030.20,0.8400,31.98,0.8300,93.66,0.8200,31.00,0.8700,366.40,0.8800,223.47,0.8900,167.30,0.9000,245.02,0.9100,188.16,0.1300,366.40,0.1200,223.47,0.1100,167.30,0.1000,245.02,0.0900,188.16,0.1400,11.47,0.1500,1030.20,0.1600,31.98,0.1700,93.66,0.1800,31.00,1198.31,1190.35,2388.66,1190.35,1198.31,2388.66,0.0100,0.0100,0.0033,-0.0033,0.8603,0.1397,0.8693,0.4955,0.4955,0.8693,9.5573,253.2894,253.3636,9.5601
btc-updown-5m-1780094700,1780094797000,203,73424.16,73521.23,97.07,0.0000,0.0280,0.0001,1.4445,4.1760,0.6990,0.005033,0.0667,0.0012,73515.02,0.0022,0.0085,0.0000,0.0000,0.8500,1041.65,0.8400,96.00,0.8300,614.64,0.8200,109.74,0.8100,124.40,0.8600,12.23,0.8700,83.04,0.8800,160.15,0.8900,117.30,0.9000,195.02,0.1400,12.23,0.1300,83.04,0.1200,160.15,0.1100,117.30,0.1000,195.02,0.1500,1041.65,0.1600,96.00,0.1700,614.64,0.1800,109.74,0.1900,124.40,1986.43,567.74,2554.17,567.74,1986.43,2554.17,0.0100,0.0100,0.5554,-0.5554,0.8599,0.1401,0.5727,0.1678,0.1678,0.5727,186.7055,96.4415,96.3956,186.6167
btc-updown-5m-1780094700,1780094798000,202,73424.16,73521.23,97.07,0.0000,0.0000,0.0000,0.0533,0.0060,0.6990,0.005033,0.0667,0.0000,73515.02,0.0000,0.0085,0.0000,0.0000,0.8600,92.79,0.8500,739.03,0.8400,111.67,0.8300,623.83,0.8200,109.74,0.8700,59.34,0.8800,88.38,0.8900,112.30,0.9000,190.02,0.9100,121.55,0.1300,59.34,0.1200,88.38,0.1100,112.30,0.1000,190.02,0.0900,121.55,0.1400,92.79,0.1500,739.03,0.1600,111.67,0.1700,623.83,0.1800,109.74,1677.06,571.59,2248.65,571.59,1677.06,2248.65,0.0100,0.0100,0.4916,-0.4916,0.8661,0.1339,0.4960,0.2584,0.2584,0.4960,37.7275,82.7805,83.0176,37.8355
btc-updown-5m-1780094700,1780094799000,201,73424.29,73521.23,96.94,0.0000,0.0000,0.0001,0.0528,0.0040,0.6987,0.005033,0.0667,0.0013,73515.02,0.0000,0.0084,0.0000,0.0000,0.8600,259.37,0.8500,460.37,0.8400,130.69,0.8300,638.89,0.8200,124.80,0.8700,25.87,0.8800,43.16,0.8900,145.15,0.9000,190.02,0.9100,132.67,0.1300,25.87,0.1200,43.16,0.1100,145.15,0.1000,190.02,0.0900,132.67,0.1400,259.37,0.1500,460.37,0.1600,130.69,0.1700,638.89,0.1800,124.80,1614.12,536.87,2150.99,536.87,1614.12,2150.99,0.0100,0.0100,0.5008,-0.5008,0.8691,0.1309,0.4459,0.1286,0.1286,0.4459,-5.4028,-23.8122,-23.8122,-5.4028
btc-updown-5m-1780094700,1780094800000,200,73424.29,73521.23,96.94,0.0000,0.0000,0.0031,0.0556,0.0020,0.6987,0.005033,0.0650,0.0469,73515.43,0.0000,0.0079,0.0000,0.0000,0.8600,176.35,0.8500,370.37,0.8400,76.67,0.8300,603.89,0.8200,82.80,0.8700,67.78,0.8800,88.16,0.8900,182.30,0.9000,245.02,0.9100,132.67,0.1300,67.78,0.1200,88.16,0.1100,182.30,0.1000,245.02,0.0900,132.67,0.1400,176.35,0.1500,370.37,0.1600,76.67,0.1700,603.89,0.1800,82.80,1310.08,715.93,2026.01,715.93,1310.08,2026.01,0.0100,0.0100,0.2933,-0.2933,0.8672,0.1328,0.4173,0.2178,0.2178,0.4173,131.3559,-17.6178,-17.6178,131.3559
btc-updown-5m-1780094700,1780094801000,199,73424.29,73521.23,96.94,0.0000,0.0000,0.0000,0.0032,0.0000,0.6987,0.005033,0.0622,0.0000,73516.09,-0.0000,0.0070,0.0000,0.0000,0.8500,158.19,0.8400,409.39,0.8300,256.17,0.8200,82.80,0.8100,79.40,0.8600,148.41,0.8700,116.99,0.8800,133.38,0.8900,177.30,0.9000,235.02,0.1400,148.41,0.1300,116.99,0.1200,133.38,0.1100,177.30,0.1000,235.02,0.1500,158.19,0.1600,409.39,0.1700,256.17,0.1800,82.80,0.1900,79.40,985.95,811.10,1797.05,811.10,985.95,1797.05,0.0100,0.0100,0.0973,-0.0973,0.8552,0.1448,0.5757,0.3272,0.3272,0.5757,-23.0453,-59.9904,-59.9711,-23.0379
btc-updown-5m-1780094700,1780094802000,198,73424.29,73521.23,96.94,0.0000,0.0000,0.0020,0.0051,0.0020,0.6987,0.005033,0.0623,0.0315,73516.09,0.0000,0.0070,0.0000,0.0000,0.8500,128.90,0.8400,384.39,0.8300,256.17,0.8200,82.80,0.8100,74.40,0.8600,131.07,0.8700,123.49,0.8800,128.38,0.8900,172.30,0.9000,245.02,0.1400,131.07,0.1300,123.49,0.1200,128.38,0.1100,172.30,0.1000,245.02,0.1500,128.90,0.1600,384.39,0.1700,256.17,0.1800,82.80,0.1900,74.40,926.66,800.26,1726.92,800.26,926.66,1726.92,0.0100,0.0100,0.0732,-0.0732,0.8550,0.1450,0.5539,0.3181,0.3181,0.5539,-48.4442,-58.4240,-58.4437,-48.4605
btc-updown-5m-1780094700,1780094803000,197,73424.27,73521.23,96.96,0.0000,0.0000,0.0000,0.0051,0.0020,0.6987,0.005033,0.0623,0.0000,73516.09,0.0000,0.0070,0.0000,0.0000,0.8500,607.95,0.8400,451.75,0.8300,311.17,0.8200,147.80,0.8100,119.40,0.8600,9.75,0.8700,51.49,0.8800,65.04,0.8900,112.30,0.9000,200.02,0.1400,9.75,0.1300,51.49,0.1200,65.04,0.1100,112.30,0.1000,200.02,0.1500,607.95,0.1600,451.75,0.1700,311.17,0.1800,147.80,0.1900,119.40,1638.07,438.60,2076.67,438.60,1638.07,2076.67,0.0100,0.0100,0.5776,-0.5776,0.8598,0.1402,0.6469,0.1396,0.1396,0.6469,-65.7481,-29.0031,-29.0084,-65.7601
btc-updown-5m-1780094700,1780094804000,196,73424.28,73521.22,96.94,-0.0000,-0.0000,0.0784,0.0834,0.0040,0.6990,0.005033,0.0648,1.2091,73516.29,-0.0000,0.0067,-0.0132,-0.0000,0.8500,533.13,0.8400,449.33,0.8300,317.23,0.8200,160.80,0.8100,119.40,0.8600,81.25,0.8700,66.49,0.8800,65.04,0.8900,117.30,0.9000,200.02,0.1400,81.25,0.1300,66.49,0.1200,65.04,0.1100,117.30,0.1000,200.02,0.1500,533.13,0.1600,449.33,0.1700,317.23,0.1800,160.80,0.1900,119.40,1579.89,530.10,2109.99,530.10,1579.89,2109.99,0.0100,0.0100,0.4975,-0.4975,0.8587,0.1413,0.6219,0.2787,0.2787,0.6219,-17.1709,-7.3317,-7.3343,-17.1769
btc-updown-5m-1780094700,1780094805000,195,73424.28,73521.22,96.94,0.0000,-0.0000,0.0000,0.0803,0.0040,0.6990,0.005033,0.0619,0.0000,73517.04,-0.0000,0.0057,0.0000,0.0000,0.8500,572.49,0.8400,463.66,0.8300,311.17,0.8200,160.80,0.8100,119.40,0.8600,91.00,0.8700,76.49,0.8800,73.38,0.8900,117.30,0.9000,200.02,0.1400,91.00,0.1300,76.49,0.1200,73.38,0.1100,117.30,0.1000,200.02,0.1500,572.49,0.1600,463.66,0.1700,311.17,0.1800,160.80,0.1900,119.40,1627.52,558.19,2185.71,558.19,1627.52,2185.71,0.0100,0.0100,0.4892,-0.4892,0.8586,0.1414,0.6366,0.3001,0.3001,0.6366,28.7812,-3.5376,-3.5382,28.7860
btc-updown-5m-1780094700,1780094806000,194,73424.28,73521.23,96.95,0.0000,0.0000,0.0005,0.0808,0.0060,0.6993,0.005033,0.0619,0.0078,73517.04,0.0000,0.0057,0.0132,0.0000,0.8500,529.04,0.8400,455.50,0.8300,287.23,0.8200,160.80,0.8100,119.40,0.8600,83.00,0.8700,76.49,0.8800,70.04,0.8900,113.20,0.9000,195.02,0.1400,83.00,0.1300,76.49,0.1200,70.04,0.1100,113.20,0.1000,195.02,0.1500,529.04,0.1600,455.50,0.1700,287.23,0.1800,160.80,0.1900,119.40,1551.97,537.75,2089.72,537.75,1551.97,2089.72,0.0100,0.0100,0.4853,-0.4853,0.8586,0.1414,0.6344,0.2966,0.2966,0.6344,40.5652,-29.8809,-29.8809,40.5652
btc-updown-5m-1780094700,1780094807000,193,73424.28,73521.23,96.95,0.0000,0.0000,0.0000,0.0788,0.0040,0.6990,0.005033,0.0618,0.0000,73517.05,0.0000,0.0057,0.0000,0.0000,0.8500,461.71,0.8400,466.25,0.8300,297.23,0.8200,94.80,0.8100,119.40,0.8600,71.00,0.8700,88.49,0.8800,70.04,0.8900,113.20,0.9000,195.02,0.1400,71.00,0.1300,88.49,0.1200,70.04,0.1100,113.20,0.1000,195.02,0.1500,461.71,0.1600,466.25,0.1700,297.23,0.1800,94.80,0.1900,119.40,1439.39,537.75,1977.14,537.75,1439.39,1977.14,0.0100,0.0100,0.4560,-0.4560,0.8587,0.1413,0.6447,0.2966,0.2966,0.6447,83.0327,-65.0965,-65.0724,83.0019
btc-updown-5m-1780094700,1780094808000,192,73424.28,73521.23,96.95,0.0000,0.0000,0.0109,0.0898,0.0040,0.6990,0.005033,0.0591,0.1852,73517.93,0.0000,0.0045,0.0000,0.0000,0.8500,461.71,0.8400,466.25,0.8300,297.23,0.8200,94.80,0.8100,119.40,0.8600,71.00,0.8700,88.49,0.8800,70.04,0.8900,113.20,0.9000,195.02,0.1400,71.00,0.1300,88.49,0.1200,70.04,0.1100,113.20,0.1000,195.02,0.1500,461.71,0.1600,466.25,0.1700,297.23,0.1800,94.80,0.1900,119.40,1439.39,537.75,1977.14,537.75,1439.39,1977.14,0.0100,0.0100,0.4560,-0.4560,0.8587,0.1413,0.6447,0.2966,0.2966,0.6447,-47.8197,11.8773,11.8714,-47.7960
btc-updown-5m-1780094700,1780094809000,191,73424.35,73521.23,96.88,0.0000,0.0000,0.0061,0.0175,0.0020,0.6990,0.005033,0.0592,0.1031,73517.99,0.0000,0.0044,0.0000,0.0000,0.8500,448.36,0.8400,465.96,0.8300,353.23,0.8200,124.80,0.8100,124.43,0.8600,58.77,0.8700,41.15,0.8800,73.16,0.8900,113.20,0.9000,185.02,0.1400,58.77,0.1300,41.15,0.1200,73.16,0.1100,113.20,0.1000,185.02,0.1500,448.36,0.1600,465.96,0.1700,353.23,0.1800,124.80,0.1900,124.43,1516.78,471.30,1988.08,471.30,1516.78,1988.08,0.0100,0.0100,0.5259,-0.5259,0.8588,0.1412,0.6028,0.2120,0.2120,0.6028,-15.1607,-1.3114,-1.3117,-15.1633
btc-updown-5m-1780094700,1780094810000,190,73424.35,73521.23,96.88,0.0000,0.0000,0.0000,0.0175,0.0020,0.6987,0.005033,0.0589,0.0000,73518.06,0.0000,0.0043,0.0000,0.0000,0.8500,361.59,0.8400,465.80,0.8300,353.23,0.8200,124.80,0.8100,124.98,0.8600,45.42,0.8700,41.15,0.8800,73.16,0.8900,113.20,0.9000,185.02,0.1400,45.42,0.1300,41.15,0.1200,73.16,0.1100,113.20,0.1000,185.02,0.1500,361.59,0.1600,465.80,0.1700,353.23,0.1800,124.80,0.1900,124.98,1430.40,457.95,1888.35,457.95,1430.40,1888.35,0.0100,0.0100,0.5150,-0.5150,0.8589,0.1411,0.5784,0.1890,0.1890,0.5784,-38.2757,-19.4641,-19.4603,-38.2683
btc-updown-5m-1780094700,1780094811000,189,73424.35,73521.23,96.88,0.0000,0.0000,0.0000,0.0170,0.0000,0.6983,0.005033,0.0587,0.0000,73518.12,0.0000,0.0042,0.0000,0.0000,0.8500,371.78,0.8400,460.45,0.8300,321.17,0.8200,124.80,0.8100,124.98,0.8600,41.94,0.8700,41.15,0.8800,73.16,0.8900,113.20,0.9000,185.02,0.1400,41.94,0.1300,41.15,0.1200,73.16,0.1100,113.20,0.1000,185.02,0.1500,371.78,0.1600,460.45,0.1700,321.17,0.1800,124.80,0.1900,124.98,1403.18,454.47,1857.65,454.47,1403.18,1857.65,0.0100,0.0100,0.5107,-0.5107,0.8590,0.1410,0.5931,0.1828,0.1828,0.5931,-37.4461,-15.3402,-15.3402,-37.4461
btc-updown-5m-1780094700,1780094812000,188,73424.35,73521.22,96.87,-0.0000,-0.0000,0.0691,0.0862,0.0020,0.6987,0.005033,0.0582,1.1885,73519.07,-0.0000,0.0029,-0.0132,-0.0000,0.8500,385.53,0.8400,488.66,0.8300,337.23,0.8200,124.80,0.8100,124.98,0.8600,51.10,0.8700,53.15,0.8800,73.16,0.8900,113.20,0.9000,185.02,0.1400,51.10,0.1300,53.15,0.1200,73.16,0.1100,113.20,0.1000,185.02,0.1500,385.53,0.1600,488.66,0.1700,337.23,0.1800,124.80,0.1900,124.98,1461.20,475.63,1936.83,475.63,1461.20,1936.83,0.0100,0.0100,0.5089,-0.5089,0.8588,0.1412,0.5983,0.2192,0.2192,0.5983,-12.8158,-12.7241,-10.3413,-15.1107
btc-updown-5m-1780094700,1780094813000,187,73424.33,73521.23,96.90,0.0000,0.0000,0.0004,0.0757,0.0040,0.6987,0.005033,0.0582,0.0074,73519.08,0.0000,0.0029,0.0132,0.0000,0.8600,33.85,0.8500,202.10,0.8400,415.33,0.8300,276.17,0.8200,64.80,0.8700,289.95,0.8800,138.16,0.8900,186.05,0.9000,240.02,0.9100,166.55,0.1300,289.95,0.1200,138.16,0.1100,186.05,0.1000,240.02,0.0900,166.55,0.1400,33.85,0.1500,202.10,0.1600,415.33,0.1700,276.17,0.1800,64.80,992.25,1020.73,2012.98,1020.73,992.25,2012.98,0.0100,0.0100,-0.0141,0.0141,0.8610,0.1390,0.2378,0.4194,0.4194,0.2378,-116.2963,125.2243,125.1955,-116.2695
btc-updown-5m-1780094700,1780094814000,186,73423.91,73521.23,97.32,0.0000,0.0000,0.0103,0.0799,0.0060,0.6987,0.005033,0.0581,0.1771,73519.22,0.0000,0.0027,0.0000,0.0000,0.8500,92.72,0.8400,429.35,0.8300,236.17,0.8200,94.80,0.8100,74.82,0.8600,246.00,0.8700,134.95,0.8800,148.16,0.8900,158.20,0.9000,235.02,0.1400,246.00,0.1300,134.95,0.1200,148.16,0.1100,158.20,0.1000,235.02,0.1500,92.72,0.1600,429.35,0.1700,236.17,0.1800,94.80,0.1900,74.82,927.86,922.33,1850.19,922.33,927.86,1850.19,0.0100,0.0100,0.0030,-0.0030,0.8527,0.1473,0.5627,0.4130,0.4130,0.5627,-106.8686,83.6209,83.5895,-106.8285
btc-updown-5m-1780094700,1780094815000,185,73423.92,73521.22,97.30,-0.0000,-0.0000,0.0029,0.0827,0.0080,0.6990,0.005033,0.0582,0.0495,73519.23,-0.0000,0.0027,-0.0132,-0.0000,0.8500,102.72,0.8400,429.35,0.8300,236.17,0.8200,64.80,0.8100,69.40,0.8600,144.83,0.8700,149.65,0.8800,151.50,0.8900,185.15,0.9000,245.02,0.1400,144.83,0.1300,149.65,0.1200,151.50,0.1100,185.15,0.1000,245.02,0.1500,102.72,0.1600,429.35,0.1700,236.17,0.1800,64.80,0.1900,69.40,902.44,876.15,1778.59,876.15,902.44,1778.59,0.0100,0.0100,0.0148,-0.0148,0.8541,0.1459,0.5896,0.3361,0.3361,0.5896,-99.9091,64.4394,64.5481,-100.0776
btc-updown-5m-1780094700,1780094816000,184,73423.93,73521.23,97.30,0.0000,0.0000,0.0025,0.0852,0.0100,0.6993,0.005033,0.0582,0.0428,73519.24,0.0000,0.0027,0.0132,0.0000,0.8500,761.89,0.8400,120.63,0.8300,105.19,0.8200,149.80,0.8100,124.86,0.8600,35.49,0.8700,64.00,0.8800,83.16,0.8900,140.15,0.9000,190.02,0.1400,35.49,0.1300,64.00,0.1200,83.16,0.1100,140.15,0.1000,190.02,0.1500,761.89,0.1600,120.63,0.1700,105.19,0.1800,149.80,0.1900,124.86,1262.37,512.82,1775.19,512.82,1262.37,1775.19,0.0100,0.0100,0.4222,-0.4222,0.8596,0.1404,0.6991,0.1940,0.1940,0.6991,-27.8749,9.1025,9.1025,-27.8749
btc-updown-5m-1780094700,1780094817000,183,73423.98,73521.23,97.25,0.0000,0.0000,0.0000,0.0161,0.0080,0.6993,0.005033,0.0569,0.0000,73519.66,0.0000,0.0021,0.0000,0.0000,0.8700,173.33,0.8600,75.30,0.8500,515.87,0.8400,80.69,0.8300,75.19,0.8800,121.68,0.8900,168.20,0.9000,270.24,0.9100,162.67,0.9200,402.14,0.1200,121.68,0.1100,168.20,0.1000,270.24,0.0900,162.67,0.0800,402.14,0.1300,173.33,0.1400,75.30,0.1500,515.87,0.1600,80.69,0.1700,75.19,920.38,1124.93,2045.31,1124.93,920.38,2045.31,0.0100,0.0100,-0.1000,0.1000,0.8759,0.1241,0.2701,0.2577,0.2577,0.2701,-91.9941,117.9193,117.9193,-91.9941
btc-updown-5m-1780094700,1780094818000,182,73423.98,73521.23,97.25,0.0000,0.0000,0.0000,0.0157,0.0060,0.6993,0.005033,0.0569,0.0000,73519.66,0.0000,0.0021,0.0000,0.0000,0.8700,71.57,0.8600,85.30,0.8500,815.87,0.8400,110.69,0.8300,80.19,0.8800,88.71,0.8900,185.20,0.9000,260.24,0.9100,162.67,0.9200,402.14,0.1200,88.71,0.1100,185.20,0.1000,260.24,0.0900,162.67,0.0800,402.14,0.1300,71.57,0.1400,85.30,0.1500,815.87,0.1600,110.69,0.1700,80.19,1163.62,1098.96,2262.58,1098.96,1163.62,2262.58,0.0100,0.0100,0.0286,-0.0286,0.8745,0.1255,0.1348,0.2492,0.2492,0.1348,-48.6480,101.9013,101.9346,-48.6639
btc-updown-5m-1780094700,1780094819000,181,73423.98,73521.23,97.25,0.0000,0.0000,0.0001,0.0055,0.0040,0.6993,0.005033,0.0569,0.0016,73519.66,0.0000,0.0021,0.0000,0.0000,0.8700,67.15,0.8600,69.24,0.8500,821.79,0.8400,80.69,0.8300,103.26,0.8800,172.92,0.8900,189.30,0.9000,310.18,0.9100,162.67,0.9200,382.14,0.1200,172.92,0.1100,189.30,0.1000,310.18,0.0900,162.67,0.0800,382.14,0.1300,67.15,0.1400,69.24,0.1500,821.79,0.1600,80.69,0.1700,103.26,1142.13,1217.21,2359.34,1217.21,1142.13,2359.34,0.0100,0.0100,-0.0318,0.0318,0.8728,0.1272,0.1194,0.2976,0.2976,0.1194,25.6030,33.5634,33.5576,25.5986
btc-updown-5m-1780094700,1780094820000,180,73424.45,73521.22,96.77,-0.0000,0.0000,0.0022,0.0047,0.0040,0.6993,0.005033,0.0570,0.0381,73519.67,-0.0000,0.0021,-0.0132,-0.0000,0.8700,62.51,0.8600,69.24,0.8500,846.79,0.8400,50.69,0.8300,148.26,0.8800,302.15,0.8900,189.30,0.9000,250.18,0.9100,162.67,0.9200,382.14,0.1200,302.15,0.1100,189.30,0.1000,250.18,0.0900,162.67,0.0800,382.14,0.1300,62.51,0.1400,69.24,0.1500,846.79,0.1600,50.69,0.1700,148.26,1177.49,1286.44,2463.93,1286.44,1177.49,2463.93,0.0100,0.0100,-0.0442,0.0442,0.8717,0.1283,0.1119,0.3820,0.3820,0.1119,51.9393,55.2171,55.2171,51.9393
btc-updown-5m-1780094700,1780094821000,179,73424.45,73521.22,96.77,0.0000,-0.0000,0.0000,0.0023,0.0020,0.6990,0.005033,0.0566,0.0000,73519.81,-0.0000,0.0019,0.0000,0.0000,0.8700,105.51,0.8600,74.24,0.8500,846.79,0.8400,45.69,0.8300,148.26,0.8800,216.51,0.8900,232.18,0.9000,215.02,0.9100,156.93,0.9200,331.14,0.1200,219.75,0.1100,212.18,0.1000,225.02,0.0900,156.93,0.0800,331.14,0.1300,90.51,0.1400,74.24,0.1500,846.79,0.1600,50.69,0.1700,148.26,1220.49,1151.78,2372.27,1145.02,1210.49,2355.51,0.0100,0.0100,0.0290,-0.0278,0.8733,0.1271,0.1473,0.3896,0.3772,0.1361,12.4788,114.0718,117.4820,11.1815
btc-updown-5m-1780094700,1780094822000,178,73424.45,73521.22,96.77,0.0000,-0.0000,0.0416,0.0439,0.0040,0.6993,0.005033,0.0579,0.7187,73519.85,-0.0000,0.0019,0.0000,0.0000,0.8500,918.74,0.8400,40.69,0.8300,118.26,0.8200,39.80,0.8100,79.40,0.8600,494.74,0.8700,186.36,0.8800,159.26,0.8900,167.30,0.9000,715.02,0.1400,494.74,0.1300,186.36,0.1200,159.26,0.1100,167.30,0.1000,715.02,0.1500,918.74,0.1600,40.69,0.1700,118.26,0.1800,39.80,0.1900,79.40,1196.89,1722.68,2919.57,1722.68,1196.89,2919.57,0.0100,0.0100,-0.1801,0.1801,0.8565,0.1435,0.8016,0.3954,0.3954,0.8016,-13.8876,203.1509,203.2173,-13.8922
btc-updown-5m-1780094700,1780094823000,177,73424.45,73521.22,96.77,0.0000,-0.0000,0.0016,0.0455,0.0060,0.0047,0.000007,0.0541,0.0303,73521.23,-0.0000,-0.0000,0.0000,0.0000,0.8500,1247.92,0.8400,174.07,0.8300,228.26,0.8200,124.80,0.8100,129.40,0.8600,54.65,0.8700,50.00,0.8800,82.65,0.8900,112.30,0.9000,660.02,0.1400,54.65,0.1300,50.00,0.1200,82.65,0.1100,112.30,0.1000,660.02,0.1500,1247.92,0.1600,174.07,0.1700,228.26,0.1800,124.80,0.1900,129.40,1904.45,959.62,2864.07,959.62,1904.45,2864.07,0.0100,0.0100,0.3299,-0.3299,0.8596,0.1404,0.7467,0.1091,0.1091,0.7467,150.2229,18.2421,18.2452,150.2478
btc-updown-5m-1780094700,1780094824000,176,73424.02,73521.23,97.21,0.0000,0.0000,1.0213,1.0668,0.0080,0.0047,0.000007,0.0421,24.2370,73521.23,0.0000,0.0000,0.0132,0.0000,0.8500,1073.24,0.8400,136.00,0.8300,228.26,0.8200,124.80,0.8100,129.40,0.8600,34.88,0.8700,10.00,0.8800,35.97,0.8900,82.30,0.9000,660.02,0.1400,34.88,0.1300,10.00,0.1200,35.97,0.1100,82.30,0.1000,660.02,0.1500,1073.24,0.1600,136.00,0.1700,228.26,0.1800,124.80,0.1900,129.40,1691.70,823.17,2514.87,823.17,1691.70,2514.87,0.0100,0.0100,0.3454,-0.3454,0.8597,0.1403,0.7148,0.0545,0.0545,0.7148,86.4571,-50.1768,-50.1933,86.4854
btc-updown-5m-1780094700,1780094825000,175,73421.95,73521.23,99.28,0.0000,0.0000,0.0000,1.0646,0.0060,0.0043,0.000007,0.0421,0.0000,73521.23,0.0000,0.0000,0.0000,0.0000,0.8500,1222.73,0.8400,171.62,0.8300,228.26,0.8200,124.80,0.8100,134.81,0.8600,43.24,0.8700,15.00,0.8800,44.31,0.8900,112.30,0.9000,660.02,0.1400,43.24,0.1300,15.00,0.1200,44.31,0.1100,112.30,0.1000,660.02,0.1500,1222.73,0.1600,171.62,0.1700,228.26,0.1800,124.80,0.1900,134.81,1882.22,874.87,2757.09,874.87,1882.22,2757.09,0.0100,0.0100,0.3654,-0.3654,0.8597,0.1403,0.7408,0.0666,0.0666,0.7408,129.6357,-59.9650,-59.9965,129.7038
btc-updown-5m-1780094700,1780094826000,174,73421.95,73521.22,99.27,-0.0000,0.0000,0.0452,1.1098,0.0080,0.0043,0.000007,0.0436,1.0385,73521.23,-0.0000,-0.0000,-0.0135,-0.0000,0.8500,814.37,0.8400,41.00,0.8300,106.07,0.8200,56.00,0.8100,76.00,0.8600,490.90,0.8700,149.73,0.8800,130.02,0.8900,172.30,0.9000,705.02,0.1400,490.90,0.1300,149.73,0.1200,130.02,0.1100,172.30,0.1000,705.02,0.1500,814.37,0.1600,41.00,0.1700,106.07,0.1800,56.00,0.1900,76.00,1093.44,1647.97,2741.41,1647.97,1093.44,2741.41,0.0100,0.0100,-0.2023,0.2023,0.8562,0.1438,0.7823,0.3887,0.3887,0.7823,-14.4465,64.1647,64.1757,-14.4490
btc-updown-5m-1780094700,1780094827000,173,73421.95,73521.22,99.27,0.0000,0.0000,0.0000,1.0682,0.0060,0.0043,0.000007,0.0419,0.0000,73521.23,-0.0000,-0.0000,0.0000,0.0000,0.8500,821.00,0.8400,27.40,0.8300,106.07,0.8200,66.00,0.8100,74.40,0.8600,324.15,0.8700,129.73,0.8800,125.02,0.8900,130.18,0.9000,715.02,0.1400,324.15,0.1300,129.73,0.1200,125.02,0.1100,130.18,0.1000,715.02,0.1500,821.00,0.1600,27.40,0.1700,106.07,0.1800,66.00,0.1900,74.40,1094.87,1424.10,2518.97,1424.10,1094.87,2518.97,0.0100,0.0100,-0.1307,0.1307,0.8572,0.1428,0.7749,0.3187,0.3187,0.7749,-18.9665,45.7808,45.7658,-18.9603
btc-updown-5m-1780094700,1780094828000,172,73421.77,73521.22,99.45,0.0000,0.0000,0.0000,1.0666,0.0040,0.0043,0.000007,0.0419,0.0000,73521.23,-0.0000,-0.0000,0.0000,0.0000,0.8500,1137.36,0.8400,131.00,0.8300,184.07,0.8200,156.00,0.8100,124.40,0.8600,10.00,0.8700,31.00,0.8800,31.68,0.8900,131.08,0.9000,665.02,0.1400,10.00,0.1300,31.00,0.1200,31.68,0.1100,131.08,0.1000,665.02,0.1500,1137.36,0.1600,131.00,0.1700,184.07,0.1800,156.00,0.1900,124.40,1732.83,868.78,2601.61,868.78,1732.83,2601.61,0.0100,0.0100,0.3321,-0.3321,0.8599,0.1401,0.7320,0.0472,0.0472,0.7320,113.8122,-155.6630,-155.5619,113.7382
btc-updown-5m-1780094700,1780094829000,171,73421.64,73521.23,99.59,0.0000,0.0000,0.0013,0.0466,0.0040,0.0047,0.000008,0.0419,0.0315,73521.23,0.0000,0.0000,0.0135,0.0000,0.8500,1061.79,0.8400,107.71,0.8300,190.00,0.8200,154.80,0.8100,124.40,0.8600,3.83,0.8700,23.00,0.8800,66.68,0.8900,136.08,0.9000,655.02,0.1400,3.83,0.1300,23.00,0.1200,66.68,0.1100,136.08,0.1000,655.02,0.1500,1061.79,0.1600,107.71,0.1700,190.00,0.1800,154.80,0.1900,124.40,1638.70,884.61,2523.31,884.61,1638.70,2523.31,0.0100,0.0100,0.2988,-0.2988,0.8600,0.1400,0.7137,0.0303,0.0303,0.7137,-42.3371,-11.9500,-11.9519,-42.3439
btc-updown-5m-1780094700,1780094830000,170,73421.53,73521.23,99.70,0.0000,0.0000,0.0014,0.0479,0.0040,0.0047,0.000008,0.0420,0.0324,73521.23,0.0000,0.0000,0.0000,0.0000,0.8600,514.66,0.8500,763.45,0.8400,126.00,0.8300,210.00,0.8200,129.80,0.8700,16.13,0.8800,26.68,0.8900,131.08,0.9000,655.02,0.9100,115.81,0.1300,16.13,0.1200,26.68,0.1100,131.08,0.1000,655.02,0.0900,115.81,0.1400,514.66,0.1500,763.45,0.1600,126.00,0.1700,210.00,0.1800,129.80,1743.91,944.72,2688.63,944.72,1743.91,2688.63,0.0100,0.0100,0.2972,-0.2972,0.8697,0.1303,0.7329,0.0453,0.0453,0.7329,-1.0003,20.4450,20.3896,-0.9976
btc-updown-5m-1780094700,1780094831000,169,73421.53,73521.22,99.69,-0.0000,0.0000,0.0020,0.0047,0.0040,0.0050,0.000008,0.0419,0.0477,73521.23,-0.0000,-0.0000,-0.0136,-0.0000,0.8600,431.71,0.8500,454.89,0.8400,150.00,0.8300,220.19,0.8200,129.80,0.8700,4.98,0.8800,36.68,0.8900,146.08,0.9000,655.02,0.9100,115.81,0.1300,4.98,0.1200,36.68,0.1100,146.08,0.1000,655.02,0.0900,115.81,0.1400,431.71,0.1500,454.89,0.1600,150.00,0.1700,220.19,0.1800,129.80,1386.59,958.57,2345.16,958.57,1386.59,2345.16,0.0100,0.0100,0.1825,-0.1825,0.8699,0.1301,0.6394,0.0435,0.0435,0.6394,79.3430,-138.7157,-138.7157,79.3430
btc-updown-5m-1780094700,1780094832000,168,73421.53,73521.23,99.70,0.0000,0.0000,0.0138,0.0185,0.0060,0.0050,0.000009,0.0424,0.3259,73521.23,0.0000,0.0000,0.0136,0.0000,0.8600,53.00,0.8500,357.64,0.8400,70.00,0.8300,165.19,0.8200,79.80,0.8700,382.71,0.8800,161.68,0.8900,186.08,0.9000,710.02,0.9100,165.81,0.1300,382.71,0.1200,161.68,0.1100,186.08,0.1000,710.02,0.0900,165.81,0.1400,53.00,0.1500,357.64,0.1600,70.00,0.1700,165.19,0.1800,79.80,725.63,1606.30,2331.93,1606.30,725.63,2331.93,0.0100,0.0100,-0.3777,0.3777,0.8612,0.1388,0.5659,0.3389,0.3389,0.5659,-63.3738,15.2007,15.2034,-63.3851
btc-updown-5m-1780094700,1780094833000,167,73421.53,73521.22,99.69,-0.0000,0.0000,0.0018,0.0203,0.0080,0.0053,0.000009,0.0424,0.0430,73521.23,-0.0000,-0.0000,-0.0136,-0.0000,0.8600,460.39,0.8500,460.05,0.8400,79.69,0.8300,165.19,0.8200,79.80,0.8700,340.37,0.8800,148.68,0.8900,191.08,0.9000,710.02,0.9100,160.81,0.1300,340.37,0.1200,148.68,0.1100,191.08,0.1000,710.02,0.0900,160.81,0.1400,460.39,0.1500,460.05,0.1600,79.69,0.1700,165.19,0.1800,79.80,1245.12,1550.96,2796.08,1550.96,1245.12,2796.08,0.0100,0.0100,-0.1094,0.1094,0.8657,0.1343,0.7392,0.3153,0.3153,0.7392,20.1486,20.9545,20.9582,20.1521
btc-updown-5m-1780094700,1780094834000,166,73421.52,73521.23,99.71,0.0000,0.0000,0.0350,0.0540,0.0080,0.0053,0.000009,0.0435,0.8053,73521.23,0.0000,0.0000,0.0136,0.0000,0.8600,564.64,0.8500,507.64,0.8400,145.66,0.8300,215.19,0.8200,129.80,0.8700,160.37,0.8800,87.71,0.8900,113.20,0.9000,655.02,0.9100,105.81,0.1300,160.37,0.1200,87.71,0.1100,113.20,0.1000,655.02,0.0900,105.81,0.1400,564.64,0.1500,507.64,0.1600,145.66,0.1700,215.19,0.1800,129.80,1562.93,1122.11,2685.04,1122.11,1562.93,2685.04,0.0100,0.0100,0.1642,-0.1642,0.8678,0.1322,0.6861,0.2211,0.2211,0.6861,-2.2098,37.6966,37.6966,-2.2098
btc-updown-5m-1780094700,1780094835000,165,73421.54,73521.22,99.68,-0.0000,-0.0000,0.0013,0.0539,0.0100,0.0057,0.000009,0.0410,0.0312,73521.23,-0.0000,-0.0000,-0.0136,-0.0000,0.8600,577.28,0.8500,526.12,0.8400,155.66,0.8300,180.19,0.8200,129.80,0.8700,67.21,0.8800,77.71,0.8900,113.20,0.9000,655.02,0.9100,95.81,0.1300,67.21,0.1200,77.71,0.1100,113.20,0.1000,655.02,0.0900,95.81,0.1400,577.28,0.1500,526.12,0.1600,155.66,0.1700,180.19,0.1800,129.80,1569.05,1008.95,2578.00,1008.95,1569.05,2578.00,0.0100,0.0100,0.2173,-0.2173,0.8690,0.1310,0.7032,0.1436,0.1436,0.7032,-19.8028,16.4591,16.4645,-19.8093
btc-updown-5m-1780094700,1780094836000,164,73421.76,73521.23,99.47,0.0000,0.0000,0.0002,0.0522,0.0100,0.0057,0.000009,0.0410,0.0051,73521.23,0.0000,0.0000,0.0135,0.0000,0.8600,403.05,0.8500,526.12,0.8400,155.66,0.8300,180.19,0.8200,129.80,0.8700,62.21,0.8800,72.71,0.8900,141.00,0.9000,660.02,0.9100,95.81,0.1300,62.21,0.1200,72.71,0.1100,141.00,0.1000,660.02,0.0900,95.81,0.1400,403.05,0.1500,526.12,0.1600,155.66,0.1700,180.19,0.1800,129.80,1394.82,1031.75,2426.57,1031.75,1394.82,2426.57,0.0100,0.0100,0.1496,-0.1496,0.8687,0.1313,0.6662,0.1308,0.1308,0.6662,-53.7006,15.0170,15.0094,-53.6732
btc-updown-5m-1780094700,1780094837000,163,73421.76,73521.23,99.47,0.0000,0.0000,0.0001,0.0384,0.0080,0.0057,0.000009,0.0410,0.0017,73521.23,0.0000,0.0000,0.0000,0.0000,0.8600,385.99,0.8500,486.37,0.8400,155.66,0.8300,180.19,0.8200,129.80,0.8700,68.71,0.8800,77.71,0.8900,118.20,0.9000,660.02,0.9100,95.81,0.1300,68.71,0.1200,77.71,0.1100,118.20,0.1000,660.02,0.0900,95.81,0.1400,385.99,0.1500,486.37,0.1600,155.66,0.1700,180.19,0.1800,129.80,1338.01,1020.45,2358.46,1020.45,1338.01,2358.46,0.0100,0.0100,0.1346,-0.1346,0.8685,0.1315,0.6520,0.1435,0.1435,0.6520,104.4655,-98.7413,-98.6578,104.3771
btc-updown-5m-1780094700,1780094838000,162,73421.63,73521.22,99.59,-0.0000,0.0000,0.0074,0.0440,0.0080,0.0060,0.000010,0.0412,0.1801,73521.23,-0.0000,-0.0000,-0.0135,-0.0000,0.8600,385.99,0.8500,486.37,0.8400,155.66,0.8300,180.19,0.8200,129.80,0.8700,68.71,0.8800,77.71,0.8900,118.20,0.9000,660.02,0.9100,95.81,0.1300,68.71,0.1200,77.71,0.1100,118.20,0.1000,660.02,0.0900,95.81,0.1400,385.99,0.1500,486.37,0.1600,155.66,0.1700,180.19,0.1800,129.80,1338.01,1020.45,2358.46,1020.45,1338.01,2358.46,0.0100,0.0100,0.1346,-0.1346,0.8685,0.1315,0.6520,0.1435,0.1435,0.6520,123.4388,-118.0911,-117.9485,123.2897
btc-updown-5m-1780094700,1780094839000,161,73421.63,73521.22,99.59,0.0000,-0.0000,0.0000,0.0090,0.0060,0.0060,0.000010,0.0409,0.0000,73521.23,-0.0000,-0.0000,0.0000,0.0000,0.8600,564.03,0.8500,486.89,0.8400,144.69,0.8300,175.19,0.8200,135.45,0.8700,21.39,0.8800,88.68,0.8900,129.11,0.9000,660.02,0.9100,95.81,0.1300,21.39,0.1200,88.68,0.1100,129.11,0.1000,660.02,0.0900,95.81,0.1400,564.03,0.1500,486.89,0.1600,144.69,0.1700,175.19,0.1800,135.45,1506.25,995.01,2501.26,995.01,1506.25,2501.26,0.0100,0.0100,0.2044,-0.2044,0.8696,0.1304,0.6977,0.1106,0.1106,0.6977,37.8989,-85.8072,-85.8231,37.9060
btc-updown-5m-1780094700,1780094840000,160,73421.60,73521.22,99.62,0.0000,0.0000,0.0000,0.0077,0.0040,0.0060,0.000010,0.0407,0.0000,73521.23,-0.0000,-0.0000,0.0000,0.0000,0.8600,502.86,0.8500,485.09,0.8400,174.69,0.8300,175.19,0.8200,135.45,0.8800,106.62,0.8900,118.20,0.9000,660.02,0.9100,95.81,0.9200,258.64,0.1200,106.62,0.1100,118.20,0.1000,660.02,0.0900,95.81,0.0800,258.64,0.1400,502.86,0.1500,485.09,0.1600,174.69,0.1700,175.19,0.1800,135.45,1473.28,1239.29,2712.57,1239.29,1473.28,2712.57,0.0200,0.0200,0.0863,-0.0863,0.8765,0.1235,0.6706,0.1814,0.1814,0.6706,-14.4201,18.8483,18.8453,-14.4178
btc-updown-5m-1780094700,1780094841000,159,73421.60,73521.23,99.63,0.0000,0.0000,0.0007,0.0082,0.0040,0.0063,0.000010,0.0407,0.0167,73521.23,0.0000,0.0000,0.0136,0.0000,0.8700,323.77,0.8600,394.57,0.8500,496.89,0.8400,150.66,0.8300,175.19,0.8800,53.49,0.8900,136.11,0.9000,660.02,0.9100,90.81,0.9200,253.64,0.1200,53.49,0.1100,136.11,0.1000,660.02,0.0900,90.81,0.0800,253.64,0.1300,323.77,0.1400,394.57,0.1500,496.89,0.1600,150.66,0.1700,175.19,1541.08,1194.07,2735.15,1194.07,1541.08,2735.15,0.0100,0.0100,0.1269,-0.1269,0.8786,0.1214,0.4661,0.1588,0.1588,0.4661,-8.2232,25.8983,25.8726,-8.2151
btc-updown-5m-1780094700,1780094842000,158,73421.60,73521.22,99.62,-0.0000,-0.0000,0.0010,0.0091,0.0060,0.0063,0.000010,0.0408,0.0248,73521.23,-0.0000,-0.0000,-0.0135,-0.0000,0.8700,323.77,0.8600,394.57,0.8500,496.89,0.8400,150.66,0.8300,175.19,0.8800,53.49,0.8900,136.11,0.9000,660.02,0.9100,90.81,0.9200,253.64,0.1200,53.49,0.1100,136.11,0.1000,660.02,0.0900,90.81,0.0800,253.64,0.1300,323.77,0.1400,394.57,0.1500,496.89,0.1600,150.66,0.1700,175.19,1541.08,1194.07,2735.15,1194.07,1541.08,2735.15,0.0100,0.0100,0.1269,-0.1269,0.8786,0.1214,0.4661,0.1588,0.1588,0.4661,-9.8904,32.9383,32.9450,-9.8924
btc-updown-5m-1780094700,1780094843000,157,73421.60,73521.23,99.63,0.0000,0.0000,0.0010,0.0027,0.0060,0.0063,0.000010,0.0386,0.0249,73521.23,0.0000,0.0000,0.0136,0.0000,0.8700,274.77,0.8600,394.68,0.8500,496.89,0.8400,174.69,0.8300,175.19,0.8800,45.00,0.8900,131.11,0.9000,660.02,0.9100,90.81,0.9200,253.64,0.1200,45.00,0.1100,131.11,0.1000,660.02,0.0900,90.81,0.0800,253.64,0.1300,274.77,0.1400,394.68,0.1500,496.89,0.1600,174.69,0.1700,175.19,1516.22,1180.58,2696.80,1180.58,1516.22,2696.80,0.0100,0.0100,0.1245,-0.1245,0.8786,0.1214,0.4415,0.1492,0.1492,0.4415,32.2086,28.9409,28.9566,32.2260
btc-updown-5m-1780094700,1780094844000,156,73421.60,73521.23,99.63,0.0000,0.0000,0.0000,0.0027,0.0060,0.0060,0.000010,0.0385,0.0000,73521.23,0.0000,0.0000,0.0000,0.0000,0.8700,340.94,0.8600,387.52,0.8500,477.79,0.8400,169.69,0.8300,175.19,0.8800,35.00,0.8900,131.11,0.9000,685.10,0.9100,190.81,0.9200,253.64,0.1200,35.00,0.1100,131.11,0.1000,685.10,0.0900,190.81,0.0800,253.64,0.1300,340.94,0.1400,387.52,0.1500,477.79,0.1600,169.69,0.1700,175.19,1551.13,1295.66,2846.79,1295.66,1551.13,2846.79,0.0100,0.0100,0.0897,-0.0897,0.8791,0.1209,0.4696,0.1282,0.1282,0.4696,53.5229,53.6856,53.7048,53.5420
btc-updown-5m-1780094700,1780094845000,155,73421.58,73521.22,99.64,-0.0000,0.0000,0.0016,0.0042,0.0080,0.0060,0.000010,0.0383,0.0408,73521.23,-0.0000,-0.0000,-0.0136,-0.0000,0.8700,320.38,0.8600,403.32,0.8500,487.79,0.8400,159.69,0.8300,180.19,0.8800,35.00,0.8900,129.11,0.9000,660.02,0.9100,190.81,0.9200,253.64,0.1200,35.00,0.1100,129.11,0.1000,660.02,0.0900,190.81,0.0800,253.64,0.1300,320.38,0.1400,403.32,0.1500,487.79,0.1600,159.69,0.1700,180.19,1551.37,1268.58,2819.95,1268.58,1551.37,2819.95,0.0100,0.0100,0.1003,-0.1003,0.8790,0.1210,0.4665,0.1294,0.1294,0.4665,5.1355,45.5703,45.6014,5.1391
btc-updown-5m-1780094700,1780094846000,154,73421.61,73521.23,99.62,0.0000,0.0000,0.0001,0.0037,0.0080,0.0060,0.000010,0.0382,0.0037,73521.23,0.0000,0.0000,0.0135,0.0000,0.8700,178.19,0.8600,137.80,0.8500,501.79,0.8400,135.69,0.8300,180.19,0.8900,83.18,0.9000,660.02,0.9100,195.81,0.9200,248.64,0.9300,384.57,0.1100,83.18,0.1000,660.02,0.0900,195.81,0.0800,248.64,0.0700,384.57,0.1300,178.19,0.1400,137.80,0.1500,501.79,0.1600,135.69,0.1700,180.19,1133.66,1572.22,2705.88,1572.22,1133.66,2705.88,0.0200,0.0200,-0.1621,0.1621,0.8836,0.1164,0.2787,0.4727,0.4727,0.2787,-56.7550,96.8445,96.8609,-56.7646
btc-updown-5m-1780094700,1780094847000,153,73421.61,73521.22,99.61,-0.0000,0.0000,0.0273,0.0300,0.0080,0.0063,0.000010,0.0390,0.7018,73521.23,-0.0000,-0.0000,-0.0135,-0.0000,0.8700,30.00,0.8600,112.80,0.8500,451.79,0.8400,80.69,0.8300,125.19,0.8800,191.54,0.8900,155.28,0.9000,747.10,0.9100,245.81,0.9200,298.64,0.1200,191.54,0.1100,155.28,0.1000,747.10,0.0900,245.81,0.0800,298.64,0.1300,30.00,0.1400,112.80,0.1500,451.79,0.1600,80.69,0.1700,125.19,800.47,1638.37,2438.84,1638.37,800.47,2438.84,0.0100,0.0100,-0.3436,0.3436,0.8714,0.1286,0.1784,0.2117,0.2117,0.1784,-132.5439,75.5590,75.5850,-132.5895
btc-updown-5m-1780094700,1780094848000,152,73421.61,73521.22,99.61,0.0000,-0.0000,0.0000,0.0290,0.0060,0.0063,0.000010,0.0390,0.0000,73521.23,-0.0000,-0.0000,0.0000,0.0000,0.8700,302.46,0.8600,91.80,0.8500,451.79,0.8400,80.69,0.8300,125.19,0.8800,238.26,0.8900,150.28,0.9000,727.02,0.9100,250.81,0.9200,303.64,0.1200,238.26,0.1100,150.28,0.1000,727.02,0.0900,250.81,0.0800,303.64,0.1300,302.46,0.1400,91.80,0.1500,451.79,0.1600,80.69,0.1700,125.19,1051.93,1670.01,2721.94,1670.01,1051.93,2721.94,0.0100,0.0100,-0.2271,0.2271,0.8756,0.1244,0.3748,0.2327,0.2327,0.3748,-73.0838,80.8163,80.8019,-73.0708
btc-updown-5m-1780094700,1780094849000,151,73421.61,73521.22,99.61,0.0000,-0.0000,0.0114,0.0405,0.0060,0.0063,0.000010,0.0393,0.2900,73521.23,-0.0000,-0.0000,0.0000,0.0000,0.8900,528.11,0.8800,160.55,0.8700,388.99,0.8600,191.80,0.8500,512.83,0.9000,546.50,0.9100,176.72,0.9200,249.98,0.9300,379.57,0.9400,444.17,0.1000,546.50,0.0900,176.72,0.0800,249.98,0.0700,379.57,0.0600,444.17,0.1100,528.11,0.1200,160.55,0.1300,388.99,0.1400,191.80,0.1500,512.83,1782.28,1796.94,3579.22,1796.94,1782.28,3579.22,0.0100,0.0100,-0.0041,0.0041,0.8949,0.1051,0.3864,0.4025,0.4025,0.3864,41.5212,93.1866,93.2043,41.5291
btc-updown-5m-1780094700,1780094850000,150,73422.50,73521.23,98.73,0.0000,0.0000,0.0002,0.0391,0.0060,0.0063,0.000010,0.0393,0.0051,73521.23,0.0000,0.0000,0.0134,0.0000,0.8900,460.14,0.8800,169.45,0.8700,406.25,0.8600,181.80,0.8500,510.89,0.9000,521.56,0.9100,176.72,0.9200,218.64,0.9300,299.57,0.9400,444.17,0.1000,521.56,0.0900,176.72,0.0800,218.64,0.0700,299.57,0.0600,444.17,0.1100,460.14,0.1200,169.45,0.1300,406.25,0.1400,181.80,0.1500,510.89,1728.53,1660.66,3389.19,1660.66,1728.53,3389.19,0.0100,0.0100,0.0200,-0.0200,0.8947,0.1053,0.3642,0.4205,0.4205,0.3642,29.0296,59.7284,59.7088,29.0201
btc-updown-5m-1780094700,1780094851000,149,73422.50,73521.23,98.73,0.0000,0.0000,0.0000,0.0390,0.0040,0.0063,0.000010,0.0393,0.0000,73521.23,0.0000,0.0000,0.0000,0.0000,0.8900,401.69,0.8800,107.00,0.8700,339.75,0.8600,121.80,0.8500,461.39,0.9000,551.97,0.9100,231.71,0.9200,260.64,0.9300,204.57,0.9400,432.17,0.1000,551.97,0.0900,231.71,0.0800,260.64,0.0700,204.57,0.0600,432.17,0.1100,401.69,0.1200,107.00,0.1300,339.75,0.1400,121.80,0.1500,461.39,1431.63,1681.06,3112.69,1681.06,1431.63,3112.69,0.0100,0.0100,-0.0801,0.0801,0.8942,0.1058,0.3553,0.4662,0.4662,0.3553,-25.2894,73.7865,73.8136,-25.2987
btc-updown-5m-1780094700,1780094852000,148,73423.09,73521.23,98.14,0.0000,0.0000,0.0000,0.0116,0.0020,0.0060,0.000010,0.0393,0.0000,73521.23,0.0000,0.0000,0.0000,0.0000,0.8900,418.68,0.8800,149.38,0.8700,394.75,0.8600,181.80,0.8500,510.89,0.9000,478.62,0.9100,176.71,0.9200,205.64,0.9300,149.57,0.9400,382.17,0.1000,478.62,0.0900,176.71,0.0800,205.64,0.0700,149.57,0.0600,382.17,0.1100,418.68,0.1200,149.38,0.1300,394.75,0.1400,181.80,0.1500,510.89,1655.50,1392.71,3048.21,1392.71,1655.50,3048.21,0.0100,0.0100,0.0862,-0.0862,0.8947,0.1053,0.3431,0.4705,0.4705,0.3431,86.8431,-29.8735,-29.8686,86.8286
btc-updown-5m-1780094700,1780094853000,147,73423.54,73521.23,97.69,0.0000,0.0000,0.0000,0.0116,0.0020,0.0057,0.000010,0.0379,0.0000,73521.23,0.0000,0.0000,0.0000,0.0000,0.8900,476.12,0.8800,141.70,0.8700,400.49,0.8600,171.80,0.8500,510.89,0.9000,400.55,0.9100,81.71,0.9200,215.64,0.9300,149.57,0.9400,377.17,0.1000,400.55,0.0900,81.71,0.0800,215.64,0.0700,149.57,0.0600,377.17,0.1100,476.12,0.1200,141.70,0.1300,400.49,0.1400,171.80,0.1500,510.89,1701.00,1224.64,2925.64,1224.64,1701.00,2925.64,0.0100,0.0100,0.1628,-0.1628,0.8954,0.1046,0.3632,0.3938,0.3938,0.3632,123.8534,-88.1216,-88.1216,123.8534
btc-updown-5m-1780094700,1780094854000,146,73423.15,73521.23,98.08,0.0000,0.0000,0.0557,0.0559,0.0020,0.0053,0.000010,0.0397,1.4039,73521.23,0.0000,0.0000,0.0000,0.0000,0.8900,436.31,0.8800,150.36,0.8700,400.49,0.8600,166.80,0.8500,255.19,0.9000,438.47,0.9100,81.71,0.9200,215.64,0.9300,149.57,0.9400,377.17,0.1000,438.47,0.0900,81.71,0.0800,215.64,0.0700,149.57,0.0600,377.17,0.1100,436.31,0.1200,150.36,0.1300,400.49,0.1400,166.80,0.1500,255.19,1409.15,1262.56,2671.71,1262.56,1409.15,2671.71,0.0100,0.0100,0.0549,-0.0549,0.8950,0.1050,0.4163,0.4120,0.4120,0.4163,61.9743,-70.6888,-70.7010,61.9851
btc-updown-5m-1780094700,1780094855000,145,73423.15,73521.22,98.07,-0.0000,-0.0000,0.0074,0.0631,0.0020,0.0057,0.000010,0.0070,1.0593,73521.23,-0.0000,-0.0000,-0.0133,-0.0000,0.8900,440.05,0.8800,150.32,0.8700,400.49,0.8600,166.80,0.8500,269.86,0.9000,297.89,0.9100,81.71,0.9200,215.64,0.9300,185.39,0.9400,367.17,0.1000,297.89,0.0900,81.71,0.0800,215.64,0.0700,185.39,0.0600,367.17,0.1100,440.05,0.1200,150.32,0.1300,400.49,0.1400,166.80,0.1500,269.86,1427.52,1147.80,2575.32,1147.80,1427.52,2575.32,0.0100,0.0100,0.1086,-0.1086,0.8960,0.1040,0.4136,0.3307,0.3307,0.4136,-64.2082,-88.4261,-88.4262,-64.2082
btc-updown-5m-1780094700,1780094856000,144,73423.15,73521.22,98.07,0.0000,-0.0000,0.0000,0.0631,0.0020,0.0053,0.000010,0.0070,0.0000,73521.23,-0.0000,-0.0000,0.0000,0.0000,0.9100,353.51,0.9000,295.66,0.8900,193.95,0.8800,183.30,0.8700,360.49,0.9200,167.44,0.9300,139.57,0.9400,405.83,0.9500,1017.54,0.9600,690.11,0.0800,167.44,0.0700,139.57,0.0600,405.83,0.0500,1017.54,0.0400,690.11,0.0900,353.51,0.1000,295.66,0.1100,193.95,0.1200,183.30,0.1300,360.49,1386.91,2420.49,3807.40,2420.49,1386.91,3807.40,0.0100,0.0100,-0.2715,0.2715,0.9168,0.0832,0.4681,0.1268,0.1268,0.4681,-55.6495,128.8351,128.8132,-55.6401
btc-updown-5m-1780094700,1780094857000,143,73423.15,73521.23,98.08,0.0000,0.0000,0.0003,0.0634,0.0040,0.0057,0.000010,0.0055,0.0562,73521.23,0.0000,0.0000,0.0133,0.0000,0.9100,275.95,0.9000,293.72,0.8900,201.09,0.8800,238.30,0.8700,360.49,0.9200,142.20,0.9300,154.57,0.9400,395.83,0.9500,1032.54,0.9600,690.06,0.0800,142.20,0.0700,154.57,0.0600,395.83,0.0500,1032.54,0.0400,690.06,0.0900,275.95,0.1000,293.72,0.1100,201.09,0.1200,238.30,0.1300,360.49,1369.55,2415.20,3784.75,2415.20,1369.55,3784.75,0.0100,0.0100,-0.2763,0.2763,0.9166,0.0834,0.4160,0.1229,0.1229,0.4160,-65.4055,175.9472,175.9472,-65.4055
btc-updown-5m-1780094700,1780094858000,142,73423.13,73521.23,98.10,0.0000,0.0000,0.0014,0.0647,0.0040,0.0057,0.000010,0.0056,0.2428,73521.23,0.0000,0.0000,0.0000,0.0000,0.9100,268.00,0.9000,301.99,0.8900,206.09,0.8800,253.98,0.8700,355.49,0.9200,42.80,0.9300,204.56,0.9400,353.84,0.9500,1032.54,0.9600,678.32,0.0800,42.80,0.0700,204.56,0.0600,353.84,0.0500,1032.54,0.0400,678.32,0.0900,268.00,0.1000,301.99,0.1100,206.09,0.1200,253.98,0.1300,355.49,1385.55,2312.06,3697.61,2312.06,1385.55,3697.61,0.0100,0.0100,-0.2506,0.2506,0.9186,0.0814,0.4114,0.1070,0.1070,0.4114,-45.9568,156.5117,156.5117,-45.9568
btc-updown-5m-1780094700,1780094859000,141,73423.23,73521.23,98.00,0.0000,0.0000,0.0000,0.0090,0.0040,0.0053,0.000010,0.0056,0.0000,73521.23,0.0000,0.0000,0.0000,0.0000,0.9100,343.99,0.9000,141.78,0.8900,214.51,0.8800,248.30,0.8700,355.49,0.9200,42.80,0.9300,219.56,0.9400,363.84,0.9500,1026.54,0.9600,667.32,0.0800,42.80,0.0700,219.56,0.0600,363.84,0.0500,1026.54,0.0400,667.32,0.0900,343.99,0.1000,141.78,0.1100,214.51,0.1200,248.30,0.1300,355.49,1304.07,2320.06,3624.13,2320.06,1304.07,3624.13,0.0100,0.0100,-0.2803,0.2803,0.9189,0.0811,0.3725,0.1131,0.1131,0.3725,-69.5758,192.0105,192.0105,-69.5758
btc-updown-5m-1780094700,1780094860000,140,73423.23,73521.23,98.00,0.0000,0.0000,0.0680,0.0697,0.0020,0.0053,0.000010,0.0077,8.8179,73521.23,0.0000,0.0000,0.0000,0.0000,0.9200,460.55,0.9100,157.49,0.9000,156.00,0.8900,180.09,0.8800,228.30,0.9300,183.86,0.9400,473.84,0.9500,1097.53,0.9600,676.57,0.9700,1641.93,0.0700,183.86,0.0600,473.84,0.0500,1097.53,0.0400,676.57,0.0300,1641.93,0.0800,460.55,0.0900,157.49,0.1000,156.00,0.1100,180.09,0.1200,228.30,1182.43,4073.73,5256.16,4073.73,1182.43,5256.16,0.0100,0.0100,-0.5501,0.5501,0.9271,0.0729,0.5227,0.1614,0.1614,0.5227,-43.6715,517.9450,519.1024,-43.7691
btc-updown-5m-1780094700,1780094861000,139,73423.06,73521.23,98.17,0.0000,0.0000,0.0036,0.0733,0.0020,0.0050,0.000010,0.0078,0.4625,73521.23,0.0000,0.0000,0.0000,0.0000,0.9200,476.67,0.9100,164.41,0.9000,156.00,0.8900,180.09,0.8800,456.29,0.9300,87.38,0.9400,453.42,0.9500,1006.54,0.9600,640.32,0.9700,1620.26,0.0700,87.38,0.0600,453.42,0.0500,1006.54,0.0400,640.32,0.0300,1620.26,0.0800,476.67,0.0900,164.41,0.1000,156.00,0.1100,180.09,0.1200,456.29,1433.46,3807.92,5241.38,3807.92,1433.46,5241.38,0.0100,0.0100,-0.4530,0.4530,0.9285,0.0715,0.4472,0.1420,0.1420,0.4472,1.0135,453.8680,453.9454,1.0137
btc-updown-5m-1780094700,1780094862000,138,73423.05,73521.23,98.18,0.0000,0.0000,0.0000,0.0730,0.0000,0.0047,0.000009,0.0077,0.0000,73521.23,0.0000,0.0000,0.0000,0.0000,0.9200,504.05,0.9100,189.02,0.9000,156.00,0.8900,180.09,0.8800,456.29,0.9300,39.99,0.9400,463.42,0.9500,1056.53,0.9600,670.32,0.9700,1620.26,0.0700,39.99,0.0600,463.42,0.0500,1056.53,0.0400,670.32,0.0300,1620.26,0.0800,504.05,0.0900,189.02,0.1000,156.00,0.1100,180.09,0.1200,456.29,1485.45,3850.52,5335.97,3850.52,1485.45,5335.97,0.0100,0.0100,-0.4432,0.4432,0.9293,0.0707,0.4666,0.1307,0.1307,0.4666,16.5781,240.5838,240.7053,16.5864
btc-updown-5m-1780094700,1780094863000,137,73423.08,73521.23,98.15,0.0000,0.0000,0.0005,0.0721,0.0000,0.0043,0.000009,0.0073,0.0645,73521.23,0.0000,0.0000,0.0000,0.0000,0.9200,361.50,0.9100,175.33,0.9000,171.00,0.8900,175.71,0.8800,456.29,0.9300,68.03,0.9400,473.42,0.9500,1086.53,0.9600,670.32,0.9700,1620.26,0.0700,68.03,0.0600,473.42,0.0500,1086.53,0.0400,670.32,0.0300,1620.26,0.0800,361.50,0.0900,175.33,0.1000,171.00,0.1100,175.71,0.1200,456.29,1339.83,3918.56,5258.39,3918.56,1339.83,5258.39,0.0100,0.0100,-0.4904,0.4904,0.9284,0.0716,0.4007,0.1382,0.1382,0.4007,-4.8349,244.5681,244.6477,-4.8365
btc-updown-5m-1780094700,1780094864000,136,73423.04,73521.23,98.19,0.0000,0.0000,0.0000,0.0721,0.0000,0.0040,0.000009,0.0072,0.0000,73521.23,0.0000,0.0000,0.0000,0.0000,0.9200,465.45,0.9100,193.95,0.9000,161.00,0.8900,170.09,0.8800,456.29,0.9300,34.12,0.9400,468.42,0.9500,1086.53,0.9600,670.32,0.9700,1632.26,0.0700,34.12,0.0600,468.42,0.0500,1086.53,0.0400,670.32,0.0300,1632.26,0.0800,465.45,0.0900,193.95,0.1000,161.00,0.1100,170.09,0.1200,456.29,1446.78,3891.65,5338.43,3891.65,1446.78,5338.43,0.0100,0.0100,-0.4580,0.4580,0.9293,0.0707,0.4558,0.1291,0.1291,0.4558,11.6428,268.5421,268.4957,11.6408
btc-updown-5m-1780094700,1780094865000,135,73423.04,73521.22,98.18,-0.0000,-0.0000,0.0225,0.0266,0.0020,0.0040,0.000009,0.0068,3.2975,73521.23,-0.0000,-0.0000,-0.0134,-0.0000,0.9200,376.60,0.9100,187.18,0.9000,174.33,0.8900,170.09,0.8800,456.29,0.9300,24.12,0.9400,468.42,0.9500,1036.54,0.9600,653.32,0.9700,1649.26,0.0700,24.12,0.0600,468.42,0.0500,1036.54,0.0400,653.32,0.0300,1649.26,0.0800,376.60,0.0900,187.18,0.1000,174.33,0.1100,170.09,0.1200,456.29,1364.49,3831.66,5196.15,3831.66,1364.49,5196.15,0.0100,0.0100,-0.4748,0.4748,0.9294,0.0706,0.4132,0.1285,0.1285,0.4132,9.4369,261.0859,261.0382,9.4352
btc-updown-5m-1780094700,1780094866000,134,73423.01,73521.23,98.22,0.0000,0.0000,0.0011,0.0241,0.0040,0.0040,0.000009,0.0068,0.1584,73521.23,0.0000,0.0000,0.0134,0.0000,0.9200,415.17,0.9100,193.83,0.9000,196.57,0.8900,170.09,0.8800,456.29,0.9300,14.12,0.9400,468.42,0.9500,1006.54,0.9600,653.32,0.9700,1564.26,0.0700,14.12,0.0600,468.42,0.0500,1006.54,0.0400,653.32,0.0300,1564.26,0.0800,415.17,0.0900,193.83,0.1000,196.57,0.1100,170.09,0.1200,456.29,1431.95,3706.66,5138.61,3706.66,1431.95,5138.61,0.0100,0.0100,-0.4427,0.4427,0.9297,0.0703,0.4253,0.1302,0.1302,0.4253,48.5285,-62.0936,-62.1286,48.5558
btc-updown-5m-1780094700,1780094867000,133,73423.01,73521.23,98.22,0.0000,0.0000,0.0008,0.0249,0.0040,0.0040,0.000009,0.0068,0.1228,73521.23,0.0000,0.0000,0.0000,0.0000,0.9200,415.17,0.9100,193.83,0.9000,196.57,0.8900,170.09,0.8800,456.29,0.9300,14.12,0.9400,468.42,0.9500,1006.54,0.9600,653.32,0.9700,1564.26,0.0700,14.12,0.0600,468.42,0.0500,1006.54,0.0400,653.32,0.0300,1564.26,0.0800,415.17,0.0900,193.83,0.1000,196.57,0.1100,170.09,0.1200,456.29,1431.95,3706.66,5138.61,3706.66,1431.95,5138.61,0.0100,0.0100,-0.4427,0.4427,0.9297,0.0703,0.4253,0.1302,0.1302,0.4253,0.2169,-26.0854,-26.0740,0.2168
btc-updown-5m-1780094700,1780094868000,132,73423.01,73521.23,98.22,0.0000,0.0000,0.0000,0.0244,0.0040,0.0037,0.000008,0.0068,0.0000,73521.23,0.0000,0.0000,0.0000,0.0000,0.9200,419.12,0.9100,198.00,0.9000,170.57,0.8900,170.09,0.8800,456.29,0.9300,4.12,0.9400,451.75,0.9500,1061.53,0.9600,623.32,0.9700,1514.26,0.0700,4.12,0.0600,451.75,0.0500,1061.53,0.0400,623.32,0.0300,1514.26,0.0800,419.12,0.0900,198.00,0.1000,170.57,0.1100,170.09,0.1200,456.29,1414.07,3654.98,5069.05,3654.98,1414.07,5069.05,0.0100,0.0100,-0.4421,0.4421,0.9299,0.0701,0.4364,0.1247,0.1247,0.4364,-7.3125,-35.5075,-35.5075,-7.3125
btc-updown-5m-1780094700,1780094869000,131,73423.01,73521.23,98.22,0.0000,0.0000,0.0474,0.0718,0.0040,0.0037,0.000008,0.0081,5.8281,73521.23,0.0000,0.0000,0.0000,0.0000,0.9200,407.60,0.9100,217.91,0.9000,170.57,0.8900,170.09,0.8800,456.29,0.9400,450.50,0.9500,1011.54,0.9600,623.32,0.9700,1514.26,0.9800,2751.10,0.0600,450.50,0.0500,1011.54,0.0400,623.32,0.0300,1514.26,0.0200,2751.10,0.0800,407.60,0.0900,217.91,0.1000,170.57,0.1100,170.09,0.1200,456.29,1422.46,6350.72,7773.18,6350.72,1422.46,7773.18,0.0200,0.0200,-0.6340,0.6340,0.9295,0.0705,0.4397,0.2302,0.2302,0.4397,14.4281,424.6831,424.4607,14.4206
btc-updown-5m-1780094700,1780094870000,130,73423.43,73521.23,97.80,0.0000,0.0000,0.0001,0.0494,0.0020,0.0037,0.000008,0.0081,0.0172,73521.23,0.0000,0.0000,0.0000,0.0000,0.9300,311.52,0.9200,167.61,0.9100,186.25,0.9000,152.24,0.8900,183.39,0.9400,750.34,0.9500,1021.54,0.9600,735.80,0.9700,1188.48,0.9800,2745.61,0.0600,750.34,0.0500,1021.54,0.0400,735.80,0.0300,1188.48,0.0200,2745.61,0.0700,311.52,0.0800,167.61,0.0900,186.25,0.1000,152.24,0.1100,183.39,1001.01,6441.77,7442.78,6441.77,1001.01,7442.78,0.0100,0.0100,-0.7310,0.7310,0.9329,0.0671,0.4786,0.2751,0.2751,0.4786,-75.6568,432.8106,432.8841,-75.6697
btc-updown-5m-1780094700,1780094871000,129,73423.70,73521.22,97.52,-0.0000,-0.0000,0.0001,0.0485,0.0020,0.0037,0.000008,0.0081,0.0172,73521.23,-0.0000,-0.0000,-0.0133,-0.0000,0.9300,355.52,0.9200,167.61,0.9100,186.25,0.9000,152.24,0.8900,183.39,0.9400,725.30,0.9500,1041.54,0.9600,745.80,0.9700,1188.48,0.9800,2824.94,0.0600,725.30,0.0500,1041.54,0.0400,745.80,0.0300,1188.48,0.0200,2824.94,0.0700,355.52,0.0800,167.61,0.0900,186.25,0.1000,152.24,0.1100,183.39,1045.01,6526.06,7571.07,6526.06,1045.01,7571.07,0.0100,0.0100,-0.7239,0.7239,0.9333,0.0667,0.5006,0.2707,0.2707,0.5006,-68.9733,502.5669,502.6564,-68.9856
btc-updown-5m-1780094700,1780094872000,128,73423.69,73521.22,97.53,0.0000,-0.0000,0.0000,0.0476,0.0020,0.0033,0.000008,0.0081,0.0000,73521.23,-0.0000,-0.0000,0.0000,0.0000,0.9300,355.52,0.9200,167.61,0.9100,186.25,0.9000,152.24,0.8900,183.39,0.9400,725.30,0.9500,1041.54,0.9600,745.80,0.9700,1188.48,0.9800,2824.94,0.0600,725.30,0.0500,1041.54,0.0400,745.80,0.0300,1188.48,0.0200,2824.94,0.0700,355.52,0.0800,167.61,0.0900,186.25,0.1000,152.24,0.1100,183.39,1045.01,6526.06,7571.07,6526.06,1045.01,7571.07,0.0100,0.0100,-0.7239,0.7239,0.9333,0.0667,0.5006,0.2707,0.2707,0.5006,-117.0230,894.6616,894.9357,-117.0588
btc-updown-5m-1780094700,1780094873000,127,73423.66,73521.22,97.56,0.0000,-0.0000,0.0000,0.0476,0.0020,0.0030,0.000007,0.0081,0.0000,73521.23,-0.0000,-0.0000,0.0000,0.0000,0.9300,363.52,0.9200,172.61,0.9100,186.25,0.9000,152.24,0.8900,183.39,0.9400,695.30,0.9500,991.54,0.9600,653.32,0.9700,1188.48,0.9800,2824.94,0.0600,695.30,0.0500,991.54,0.0400,653.32,0.0300,1188.48,0.0200,2824.94,0.0700,363.52,0.0800,172.61,0.0900,186.25,0.1000,152.24,0.1100,183.39,1058.01,6353.58,7411.59,6353.58,1058.01,7411.59,0.0100,0.0100,-0.7145,0.7145,0.9334,0.0666,0.5067,0.2655,0.2655,0.5067,-85.4154,636.1005,636.1004,-85.4154
btc-updown-5m-1780094700,1780094874000,126,73423.69,73521.22,97.53,0.0000,-0.0000,0.0175,0.0178,0.0020,0.0030,0.000007,0.0086,2.0326,73521.23,-0.0000,-0.0000,0.0000,0.0000,0.9300,214.46,0.9200,133.18,0.9100,186.25,0.9000,152.24,0.8900,193.39,0.9400,764.09,0.9500,1041.54,0.9600,683.32,0.9700,1188.48,0.9800,2824.94,0.0600,764.28,0.0500,1021.54,0.0400,683.32,0.0300,1188.48,0.0200,2824.94,0.0700,219.45,0.0800,137.18,0.0900,186.25,0.1000,152.24,0.1100,193.39,879.52,6502.37,7381.89,6482.56,888.51,7371.07,0.0100,0.0100,-0.7617,0.7589,0.9322,0.0678,0.3953,0.2777,0.2755,0.4014,-93.2929,486.0686,504.8349,-95.9686
btc-updown-5m-1780094700,1780094875000,125,73423.18,73521.22,98.04,0.0000,-0.0000,0.0000,0.0177,0.0020,0.0027,0.000007,0.0086,0.0000,73521.23,-0.0000,-0.0000,0.0000,0.0000,0.9300,205.45,0.9200,143.18,0.9100,184.49,0.9000,152.24,0.8900,193.39,0.9400,754.28,0.9500,1041.54,0.9600,745.80,0.9700,1188.48,0.9800,2830.43,0.0600,754.28,0.0500,1041.54,0.0400,745.80,0.0300,1188.48,0.0200,2830.43,0.0700,205.45,0.0800,143.18,0.0900,184.49,0.1000,152.24,0.1100,193.39,878.75,6560.53,7439.28,6560.53,878.75,7439.28,0.0100,0.0100,-0.7638,0.7638,0.9321,0.0679,0.3967,0.2737,0.2737,0.3967,-19.9791,32.1179,32.1179,-19.9791
btc-updown-5m-1780094700,1780094876000,124,73423.18,73521.23,98.05,0.0000,0.0000,0.0010,0.0185,0.0020,0.0027,0.000007,0.0086,0.1198,73521.23,0.0000,0.0000,0.0133,0.0000,0.9300,166.40,0.9200,104.03,0.9100,174.49,0.9000,140.57,0.8900,154.30,0.9400,638.78,0.9500,1046.54,0.9600,639.42,0.9700,1199.37,0.9800,1738.65,0.0600,638.78,0.0500,1046.54,0.0400,639.42,0.0300,1199.37,0.0200,1738.65,0.0700,166.40,0.0800,104.03,0.0900,174.49,0.1000,140.57,0.1100,154.30,739.79,5262.76,6002.55,5262.76,739.79,6002.55,0.0100,0.0100,-0.7535,0.7535,0.9321,0.0679,0.3655,0.3202,0.3202,0.3655,-43.7374,-186.6407,-186.6407,-43.7374
btc-updown-5m-1780094700,1780094877000,123,73423.26,73519.16,95.90,-0.0028,-0.0028,0.8558,0.8743,0.4160,0.0713,0.000506,0.0362,23.6410,73519.65,-0.0001,-0.0007,-2.7002,-0.0000,0.9300,166.40,0.9200,104.03,0.9100,174.49,0.9000,140.57,0.8900,154.30,0.9400,638.78,0.9500,1046.54,0.9600,639.42,0.9700,1199.37,0.9800,1738.65,0.0600,638.78,0.0500,1046.54,0.0400,639.42,0.0300,1199.37,0.0200,1738.65,0.0700,166.40,0.0800,104.03,0.0900,174.49,0.1000,140.57,0.1100,154.30,739.79,5262.76,6002.55,5262.76,739.79,6002.55,0.0100,0.0100,-0.7535,0.7535,0.9321,0.0679,0.3655,0.3202,0.3202,0.3655,-60.9222,-255.7485,-255.8506,-60.9465
btc-updown-5m-1780094700,1780094878000,122,73422.15,73518.52,96.37,-0.0009,-0.0037,0.0097,0.8840,0.5440,0.0927,0.000524,0.0356,0.2717,73519.60,-0.0009,-0.0015,-0.8390,-0.0000,0.9200,30.00,0.9100,230.24,0.9000,137.40,0.8900,111.00,0.8800,388.99,0.9300,27.15,0.9400,373.33,0.9500,1038.94,0.9600,613.32,0.9700,1286.50,0.0700,27.15,0.0600,373.33,0.0500,1038.94,0.0400,613.32,0.0300,1286.50,0.0800,30.00,0.0900,230.24,0.1000,137.40,0.1100,111.00,0.1200,388.99,897.63,3339.24,4236.87,3339.24,897.63,4236.87,0.0100,0.0100,-0.5763,0.5763,0.9252,0.0748,0.2899,0.1199,0.1199,0.2899,-26.7122,-502.0553,-501.6375,-26.6900
btc-updown-5m-1780094700,1780094879000,121,73420.02,73518.52,98.50,0.0000,-0.0037,0.0905,0.9570,0.5440,0.0927,0.000524,0.0385,2.3483,73519.52,-0.0008,-0.0014,0.0000,0.0000,0.9300,265.94,0.9200,124.90,0.9100,140.24,0.9000,86.00,0.8900,101.00,0.9400,322.66,0.9500,1098.90,0.9600,623.32,0.9700,1315.85,0.9800,1632.58,0.0600,322.66,0.0500,1098.90,0.0400,623.32,0.0300,1315.85,0.0200,1632.58,0.0700,265.94,0.0800,124.90,0.0900,140.24,0.1000,86.00,0.1100,101.00,718.08,4993.31,5711.39,4993.31,718.08,5711.39,0.0100,0.0100,-0.7485,0.7485,0.9345,0.0655,0.5443,0.2847,0.2847,0.5443,-33.4899,-292.6410,-292.6410,-33.4899
btc-updown-5m-1780094700,1780094880000,120,73420.02,73518.51,98.49,-0.0000,-0.0037,0.0047,0.9616,0.5460,0.0927,0.000524,0.0383,0.1216,73519.50,-0.0008,-0.0013,-0.0134,-0.0000,0.9300,177.11,0.9200,143.05,0.9100,139.24,0.9000,71.00,0.8900,101.00,0.9400,157.66,0.9500,1026.50,0.9600,533.32,0.9700,1253.48,0.9800,2715.15,0.0600,157.66,0.0500,1026.50,0.0400,533.32,0.0300,1253.48,0.0200,2715.15,0.0700,177.11,0.0800,143.05,0.0900,139.24,0.1000,71.00,0.1100,101.00,631.40,5686.11,6317.51,5686.11,631.40,6317.51,0.0100,0.0100,-0.8001,0.8001,0.9353,0.0647,0.5071,0.2083,0.2083,0.5071,-41.3947,-136.1795,-136.5212,-41.4986
btc-updown-5m-1780094700,1780094881000,119,73420.02,73518.52,98.50,0.0000,-0.0037,0.0110,0.9716,0.5460,0.0930,0.000524,0.0387,0.2839,73519.49,-0.0008,-0.0013,0.0134,0.0000,0.9300,210.88,0.9200,169.05,0.9100,139.24,0.9000,71.00,0.8900,101.00,0.9400,163.15,0.9500,771.40,0.9600,488.32,0.9700,969.48,0.9800,2665.15,0.0600,163.15,0.0500,771.40,0.0400,488.32,0.0300,969.48,0.0200,2665.15,0.0700,210.88,0.0800,169.05,0.0900,139.24,0.1000,71.00,0.1100,101.00,691.17,5057.50,5748.67,5057.50,691.17,5748.67,0.0100,0.0100,-0.7595,0.7595,0.9356,0.0644,0.5497,0.1848,0.1848,0.5497,-43.3242,-144.3516,-144.3764,-43.3316
btc-updown-5m-1780094700,1780094882000,118,73420.91,73518.52,97.61,0.0000,-0.0009,0.0181,0.1339,0.1320,0.0930,0.000524,0.0393,0.4610,73519.48,-0.0008,-0.0013,0.0000,0.0000,0.9300,210.88,0.9200,169.05,0.9100,139.24,0.9000,71.00,0.8900,101.00,0.9400,163.15,0.9500,771.40,0.9600,488.32,0.9700,969.48,0.9800,2665.15,0.0600,163.15,0.0500,771.40,0.0400,488.32,0.0300,969.48,0.0200,2665.15,0.0700,210.88,0.0800,169.05,0.0900,139.24,0.1000,71.00,0.1100,101.00,691.17,5057.50,5748.67,5057.50,691.17,5748.67,0.0100,0.0100,-0.7595,0.7595,0.9356,0.0644,0.5497,0.1848,0.1848,0.5497,-18.7465,-57.9215,-57.9215,-18.7465
btc-updown-5m-1780094700,1780094883000,117,73421.05,73518.52,97.47,0.0000,0.0000,0.0176,0.1419,0.0040,0.0930,0.000524,0.0398,0.4424,73519.46,0.0000,-0.0013,0.0000,0.0000,0.9300,214.99,0.9200,170.90,0.9100,129.22,0.9000,76.00,0.8900,101.00,0.9400,230.85,0.9500,761.40,0.9600,498.32,0.9700,861.94,0.9800,2762.56,0.0600,230.85,0.0500,761.40,0.0400,498.32,0.0300,861.94,0.0200,2762.56,0.0700,214.99,0.0800,170.90,0.0900,129.22,0.1000,76.00,0.1100,101.00,692.11,5115.07,5807.18,5115.07,692.11,5807.18,0.0100,0.0100,-0.7616,0.7616,0.9348,0.0652,0.5576,0.1940,0.1940,0.5576,10.3064,-16.9550,-16.9580,10.3082
btc-updown-5m-1780094700,1780094884000,116,73420.88,73518.51,97.63,-0.0000,-0.0000,0.0940,0.1453,0.0060,0.0933,0.000524,0.0429,2.1929,73519.39,-0.0000,-0.0012,-0.0133,-0.0000,0.9300,151.19,0.9200,119.50,0.9100,129.22,0.9000,82.22,0.8900,101.00,0.9400,250.85,0.9500,751.40,0.9600,508.32,0.9700,861.94,0.9800,2699.59,0.0600,250.85,0.0500,751.40,0.0400,508.32,0.0300,861.94,0.0200,2699.59,0.0700,151.19,0.0800,119.50,0.0900,129.22,0.1000,82.22,0.1100,101.00,583.13,5072.10,5655.23,5072.10,583.13,5655.23,0.0100,0.0100,-0.7938,0.7938,0.9338,0.0662,0.4642,0.1976,0.1976,0.4642,-88.5242,603.4436,603.4436,-88.5242
btc-updown-5m-1780094700,1780094885000,115,73420.80,73518.52,97.72,0.0000,0.0000,0.0001,0.1408,0.0060,0.0933,0.000524,0.0411,0.0024,73519.31,0.0000,-0.0011,0.0133,0.0000,0.9400,267.40,0.9300,106.77,0.9200,137.63,0.9100,116.00,0.9000,68.16,0.9500,665.95,0.9600,600.64,0.9700,864.94,0.9800,2767.15,0.9900,6990.90,0.0500,665.95,0.0400,600.64,0.0300,864.94,0.0200,2767.15,0.0100,6990.90,0.0600,267.40,0.0700,106.77,0.0800,137.63,0.0900,116.00,0.1000,68.16,695.96,11889.58,12585.54,11889.58,695.96,12585.54,0.0100,0.0100,-0.8894,0.8894,0.9429,0.0571,0.5376,0.1065,0.1065,0.5376,-1.9656,1116.4807,1116.4807,-1.9656
btc-updown-5m-1780094700,1780094886000,114,73420.80,73518.52,97.72,0.0000,0.0000,0.0000,0.1298,0.0040,0.0933,0.000524,0.0408,0.0000,73519.30,0.0000,-0.0011,0.0000,0.0000,0.9400,286.06,0.9300,111.77,0.9200,137.63,0.9100,116.00,0.9000,68.16,0.9500,644.95,0.9600,590.64,0.9700,853.94,0.9800,2778.15,0.9900,6990.90,0.0500,644.95,0.0400,590.64,0.0300,853.94,0.0200,2778.15,0.0100,6990.90,0.0600,286.06,0.0700,111.77,0.0800,137.63,0.0900,116.00,0.1000,68.16,719.62,11858.58,12578.20,11858.58,719.62,12578.20,0.0100,0.0100,-0.8856,0.8856,0.9431,0.0569,0.5528,0.1042,0.1042,0.5528,13.1369,1118.9357,1118.9356,13.1369
btc-updown-5m-1780094700,1780094887000,113,73421.00,73518.51,97.51,-0.0000,-0.0000,0.0334,0.1451,0.0060,0.0933,0.000524,0.0419,0.7972,73519.28,-0.0000,-0.0011,-0.0133,-0.0000,0.9400,202.03,0.9300,124.77,0.9200,127.63,0.9100,116.00,0.9000,68.16,0.9500,648.41,0.9600,620.64,0.9700,853.94,0.9800,2762.59,0.9900,6985.90,0.0500,648.41,0.0400,620.64,0.0300,853.94,0.0200,2762.59,0.0100,6985.90,0.0600,202.03,0.0700,124.77,0.0800,127.63,0.0900,116.00,0.1000,68.16,638.59,11871.48,12510.07,11871.48,638.59,12510.07,0.0100,0.0100,-0.8979,0.8979,0.9424,0.0576,0.5118,0.1069,0.1069,0.5118,-9.0096,1167.5771,1167.9774,-9.0127
btc-updown-5m-1780094700,1780094888000,112,73420.99,73518.52,97.53,0.0000,0.0000,0.0075,0.1350,0.0080,0.0937,0.000524,0.0421,0.1768,73519.28,0.0000,-0.0010,0.0133,0.0000,0.9400,165.56,0.9300,71.77,0.9200,94.92,0.9100,91.00,0.9000,61.00,0.9500,723.82,0.9600,650.64,0.9700,884.94,0.9800,2667.59,0.9900,7157.90,0.0500,723.82,0.0400,650.64,0.0300,884.94,0.0200,2667.59,0.0100,7157.90,0.0600,165.56,0.0700,71.77,0.0800,94.92,0.0900,91.00,0.1000,61.00,484.25,12084.89,12569.14,12084.89,484.25,12569.14,0.0100,0.0100,-0.9229,0.9229,0.9419,0.0581,0.4901,0.1137,0.1137,0.4901,-35.6876,1212.1251,1212.1250,-35.6876
btc-updown-5m-1780094700,1780094889000,111,73421.00,73518.52,97.52,0.0000,0.0000,0.0001,0.0411,0.0060,0.0937,0.000524,0.0421,0.0026,73519.28,0.0000,-0.0010,0.0000,0.0000,0.9400,165.56,0.9300,71.77,0.9200,102.63,0.9100,91.00,0.9000,67.07,0.9500,835.78,0.9600,596.74,0.9700,884.94,0.9800,2622.59,0.9900,7152.90,0.0500,835.78,0.0400,596.74,0.0300,884.94,0.0200,2622.59,0.0100,7152.90,0.0600,165.56,0.0700,71.77,0.0800,102.63,0.0900,91.00,0.1000,67.07,498.03,12092.95,12590.98,12092.95,498.03,12590.98,0.0100,0.0100,-0.9209,0.9209,0.9417,0.0583,0.4765,0.1185,0.1185,0.4765,-34.5400,1241.8366,1241.8366,-34.5400
btc-updown-5m-1780094700,1780094890000,110,73421.01,73518.52,97.51,0.0000,0.0000,0.0003,0.0413,0.0040,0.0937,0.000524,0.0421,0.0071,73519.28,0.0000,-0.0010,0.0000,0.0000,0.9400,255.18,0.9300,76.77,0.9200,97.63,0.9100,116.00,0.9000,67.07,0.9500,415.92,0.9600,586.74,0.9700,894.94,0.9800,2611.59,0.9900,7157.90,0.0500,415.92,0.0400,586.74,0.0300,894.94,0.0200,2611.59,0.0100,7157.90,0.0600,255.18,0.0700,76.77,0.0800,97.63,0.0900,116.00,0.1000,67.07,612.65,11667.09,12279.74,11667.09,612.65,12279.74,0.0100,0.0100,-0.9002,0.9002,0.9438,0.0562,0.5418,0.0859,0.0859,0.5418,6.3085,-15.9960,-15.9960,6.3085
btc-updown-5m-1780094700,1780094891000,109,73423.03,73518.52,95.49,0.0000,0.0000,0.0000,0.0413,0.0040,0.0937,0.000524,0.0399,0.0000,73519.17,0.0000,-0.0009,0.0000,0.0000,0.9400,224.57,0.9300,81.77,0.9200,102.63,0.9100,111.00,0.9000,61.00,0.9500,383.40,0.9600,586.74,0.9700,873.94,0.9800,1559.63,0.9900,7162.90,0.0500,383.40,0.0400,586.74,0.0300,873.94,0.0200,1559.63,0.0100,7162.90,0.0600,224.57,0.0700,81.77,0.0800,102.63,0.0900,111.00,0.1000,61.00,580.97,10566.61,11147.58,10566.61,580.97,11147.58,0.0100,0.0100,-0.8958,0.8958,0.9437,0.0563,0.5273,0.0918,0.0918,0.5273,-21.1772,-232.6580,-232.6580,-21.1772
btc-updown-5m-1780094700,1780094892000,108,73423.04,73518.51,95.47,-0.0000,0.0000,0.0003,0.0081,0.0040,0.0940,0.000524,0.0398,0.0070,73519.16,-0.0000,-0.0009,-0.0130,-0.0000,0.9400,224.57,0.9300,81.77,0.9200,102.63,0.9100,111.00,0.9000,61.00,0.9500,383.40,0.9600,586.74,0.9700,873.94,0.9800,1559.63,0.9900,7162.90,0.0500,383.40,0.0400,586.74,0.0300,873.94,0.0200,1559.63,0.0100,7162.90,0.0600,224.57,0.0700,81.77,0.0800,102.63,0.0900,111.00,0.1000,61.00,580.97,10566.61,11147.58,10566.61,580.97,11147.58,0.0100,0.0100,-0.8958,0.8958,0.9437,0.0563,0.5273,0.0918,0.0918,0.5273,-29.9844,-285.3788,-285.3788,-29.9844
btc-updown-5m-1780094700,1780094893000,107,73421.25,73518.51,97.26,0.0000,-0.0000,0.0000,0.0007,0.0020,0.0940,0.000524,0.0398,0.0000,73519.16,-0.0000,-0.0009,0.0000,0.0000,0.9400,241.79,0.9300,147.77,0.9200,106.63,0.9100,111.00,0.9000,100.40,0.9500,338.14,0.9600,551.74,0.9700,848.94,0.9800,1499.63,0.9900,7616.89,0.0500,338.14,0.0400,551.74,0.0300,848.94,0.0200,1499.63,0.0100,7616.89,0.0600,241.79,0.0700,147.77,0.0800,106.63,0.0900,111.00,0.1000,100.40,707.59,10855.34,11562.93,10855.34,707.59,11562.93,0.0100,0.0100,-0.8776,0.8776,0.9442,0.0558,0.5505,0.0820,0.0820,0.5505,9.8717,-181.4423,-181.4751,9.8735
btc-updown-5m-1780094700,1780094894000,106,73421.09,73518.51,97.42,0.0000,-0.0000,0.0000,0.0006,0.0020,0.0940,0.000524,0.0398,0.0000,73519.16,-0.0000,-0.0009,0.0000,0.0000,0.9400,226.41,0.9300,147.77,0.9200,106.63,0.9100,111.00,0.9000,100.40,0.9500,326.31,0.9600,551.74,0.9700,848.94,0.9800,1499.63,0.9900,7616.89,0.0500,326.31,0.0400,551.74,0.0300,848.94,0.0200,1499.63,0.0100,7616.89,0.0600,226.41,0.0700,147.77,0.0800,106.63,0.0900,111.00,0.1000,100.40,692.21,10843.51,11535.72,10843.51,692.21,11535.72,0.0100,0.0100,-0.8800,0.8800,0.9441,0.0559,0.5406,0.0810,0.0810,0.5406,43.9885,-237.3531,-237.3531,43.9885
btc-updown-5m-1780094700,1780094895000,105,73421.09,73518.52,97.43,0.0000,0.0000,0.0002,0.0005,0.0040,0.0940,0.000524,0.0398,0.0050,73519.16,0.0000,-0.0009,0.0133,0.0000,0.9400,176.40,0.9300,147.77,0.9200,112.53,0.9100,111.00,0.9000,100.40,0.9500,304.61,0.9600,489.42,0.9700,962.04,0.9800,1519.63,0.9900,8228.40,0.0500,304.61,0.0400,489.42,0.0300,962.04,0.0200,1519.63,0.0100,8228.40,0.0600,176.40,0.0700,147.77,0.0800,112.53,0.0900,111.00,0.1000,100.40,648.10,11504.10,12152.20,11504.10,648.10,12152.20,0.0100,0.0100,-0.8933,0.8933,0.9437,0.0563,0.5002,0.0690,0.0690,0.5002,20.4824,-51.5700,-51.5700,20.4824
btc-updown-5m-1780094700,1780094896000,104,73421.09,73513.06,91.97,-0.0074,-0.0074,1.1981,1.1986,1.0960,0.2757,0.001411,0.0777,15.4157,73516.11,-0.0000,-0.0041,-6.8302,-0.0001,0.9400,171.40,0.9300,147.77,0.9200,112.53,0.9100,111.00,0.9000,100.40,0.9500,222.15,0.9600,489.42,0.9700,962.04,0.9800,1519.63,0.9900,8228.40,0.0500,222.15,0.0400,489.42,0.0300,962.04,0.0200,1519.63,0.0100,8228.40,0.0600,171.40,0.0700,147.77,0.0800,112.53,0.0900,111.00,0.1000,100.40,643.10,11421.64,12064.74,11421.64,643.10,12064.74,0.0100,0.0100,-0.8934,0.8934,0.9444,0.0556,0.4963,0.0623,0.0623,0.4963,3.5852,154.8120,154.8120,3.5852
btc-updown-5m-1780094700,1780094897000,103,73421.11,73513.06,91.95,0.0000,-0.0074,0.0205,1.2189,1.0960,0.2760,0.001411,0.0784,0.2623,73516.08,-0.0000,-0.0041,0.0000,0.0000,0.9100,62.00,0.9000,41.00,0.8900,85.58,0.8800,116.78,0.8700,20.00,0.9200,447.57,0.9300,303.30,0.9400,143.34,0.9500,410.17,0.9600,583.32,0.0800,447.57,0.0700,303.30,0.0600,143.34,0.0500,410.17,0.0400,583.32,0.0900,62.00,0.1000,41.00,0.1100,85.58,0.1200,116.78,0.1300,20.00,325.36,1887.70,2213.06,1887.70,325.36,2213.06,0.0100,0.0100,-0.7060,0.7060,0.9112,0.0888,0.3166,0.3978,0.3978,0.3166,-90.8242,-2036.0041,-2036.0041,-90.8242
btc-updown-5m-1780094700,1780094898000,102,73420.44,73513.07,92.63,0.0000,-0.0074,0.0003,1.2191,1.0980,0.2763,0.001411,0.0783,0.0032,73516.08,0.0000,-0.0041,0.0126,0.0000,0.8900,12.45,0.8800,120.00,0.8700,30.71,0.8600,70.80,0.8500,755.62,0.9000,5.01,0.9100,65.02,0.9200,493.80,0.9300,285.19,0.9400,184.76,0.1000,5.01,0.0900,65.02,0.0800,493.80,0.0700,285.19,0.0600,184.76,0.1100,12.45,0.1200,120.00,0.1300,30.71,0.1400,70.80,0.1500,755.62,989.58,1033.78,2023.36,1033.78,989.58,2023.36,0.0100,0.0100,-0.0218,0.0218,0.8971,0.1029,0.1338,0.0677,0.0677,0.1338,47.1261,-1739.9734,-1739.9733,47.1261
btc-updown-5m-1780094700,1780094899000,101,73418.96,73513.07,94.11,0.0000,-0.0074,0.0001,1.2193,1.0980,0.2763,0.001411,0.0783,0.0018,73516.08,0.0000,-0.0041,0.0000,0.0000,0.8900,34.71,0.8800,123.47,0.8700,30.15,0.8600,75.80,0.8500,760.62,0.9000,510.48,0.9100,292.84,0.9200,135.02,0.9300,317.80,0.9400,158.34,0.1000,510.48,0.0900,292.84,0.0800,135.02,0.0700,317.80,0.0600,158.34,0.1100,34.71,0.1200,123.47,0.1300,30.15,0.1400,75.80,0.1500,760.62,1024.75,1414.48,2439.23,1414.48,1024.75,2439.23,0.0100,0.0100,-0.1598,0.1598,0.8906,0.1094,0.1544,0.5679,0.5679,0.1544,53.3042,-1586.6992,-1586.9658,53.3132
btc-updown-5m-1780094700,1780094900000,100,73414.48,73513.07,98.59,0.0000,-0.0074,0.0010,1.2201,1.0960,0.2763,0.001411,0.0768,0.0134,73515.97,0.0000,-0.0040,0.0000,0.0000,0.8900,29.55,0.8800,120.00,0.8700,30.71,0.8600,82.03,0.8500,765.62,0.9000,456.92,0.9100,545.84,0.9200,140.02,0.9300,332.80,0.9400,158.34,0.1000,456.92,0.0900,545.84,0.0800,140.02,0.0700,332.80,0.0600,158.34,0.1100,29.55,0.1200,120.00,0.1300,30.71,0.1400,82.03,0.1500,765.62,1027.91,1633.92,2661.83,1633.92,1027.91,2661.83,0.0100,0.0100,-0.2277,0.2277,0.8906,0.1094,0.1455,0.6137,0.6137,0.1455,56.0603,-1575.2416,-1575.2416,56.0603
btc-updown-5m-1780094700,1780094901000,99,73414.21,73513.07,98.86,0.0000,0.0000,0.0020,0.0240,0.0060,0.2763,0.001411,0.0769,0.0263,73515.97,0.0000,-0.0039,0.0000,0.0000,0.8900,26.74,0.8800,132.30,0.8700,52.97,0.8600,75.80,0.8500,998.61,0.9000,443.77,0.9100,569.84,0.9200,140.02,0.9300,272.80,0.9400,158.34,0.1000,443.77,0.0900,569.84,0.0800,140.02,0.0700,272.80,0.0600,158.34,0.1100,26.74,0.1200,132.30,0.1300,52.97,0.1400,75.80,0.1500,998.61,1286.42,1584.77,2871.19,1584.77,1286.42,2871.19,0.0100,0.0100,-0.1039,0.1039,0.8906,0.1094,0.1236,0.6396,0.6396,0.1236,103.7278,-1600.3886,-1600.3885,103.7278
btc-updown-5m-1780094700,1780094902000,98,73413.38,73513.06,99.68,-0.0000,0.0000,0.0226,0.0261,0.0060,0.2767,0.001411,0.0776,0.2915,73515.94,-0.0000,-0.0039,-0.0136,-0.0000,0.8900,59.74,0.8800,132.30,0.8700,52.97,0.8600,75.80,0.8500,998.61,0.9000,340.53,0.9100,574.84,0.9200,130.02,0.9300,267.80,0.9400,158.34,0.1000,340.53,0.0900,574.84,0.0800,130.02,0.0700,267.80,0.0600,158.34,0.1100,59.74,0.1200,132.30,0.1300,52.97,0.1400,75.80,0.1500,998.61,1319.42,1471.53,2790.95,1471.53,1319.42,2790.95,0.0100,0.0100,-0.0545,0.0545,0.8915,0.1085,0.1455,0.6221,0.6221,0.1455,199.8355,-1760.8206,-1760.8207,199.8355
btc-updown-5m-1780094700,1780094903000,97,73413.35,73513.06,99.71,0.0000,-0.0000,0.0000,0.0258,0.0040,0.2767,0.001411,0.0776,0.0000,73515.94,-0.0000,-0.0039,0.0000,0.0000,0.8900,52.24,0.8800,132.30,0.8700,52.97,0.8600,75.80,0.8500,998.61,0.9000,365.86,0.9100,499.83,0.9200,143.02,0.9300,267.80,0.9400,158.34,0.1000,365.86,0.0900,499.83,0.0800,143.02,0.0700,267.80,0.0600,158.34,0.1100,52.24,0.1200,132.30,0.1300,52.97,0.1400,75.80,0.1500,998.61,1311.92,1434.85,2746.77,1434.85,1311.92,2746.77,0.0100,0.0100,-0.0448,0.0448,0.8912,0.1088,0.1407,0.6033,0.6033,0.1407,181.0407,-99.8028,-99.8028,181.0407
btc-updown-5m-1780094700,1780094904000,96,73413.35,73513.06,99.71,0.0000,-0.0000,0.1039,0.1296,0.0060,0.2770,0.001411,0.0810,1.2830,73515.82,-0.0000,-0.0038,0.0000,0.0000,0.8900,15.10,0.8800,132.30,0.8700,52.97,0.8600,80.80,0.8500,998.61,0.9000,327.14,0.9100,444.83,0.9200,70.02,0.9300,212.80,0.9400,103.83,0.1000,327.14,0.0900,444.83,0.0800,70.02,0.0700,212.80,0.0600,103.83,0.1100,15.10,0.1200,132.30,0.1300,52.97,0.1400,80.80,0.1500,998.61,1279.78,1158.62,2438.40,1158.62,1279.78,2438.40,0.0100,0.0100,0.0497,-0.0497,0.8904,0.1096,0.1152,0.6663,0.6663,0.1152,168.4376,-142.7582,-106.8559,170.0101
btc-updown-5m-1780094700,1780094905000,95,73412.92,73447.92,35.00,-0.0886,-0.0886,19.9311,20.0596,13.0340,2.4483,0.015907,0.7234,27.5538,73455.46,-0.0006,-0.0103,-31.0111,-0.0004,0.8500,269.84,0.8300,55.00,0.8200,43.08,0.8000,305.00,0.7900,50.00,0.8600,5.00,0.8700,549.27,0.8800,60.00,0.9000,1325.13,0.9100,242.23,0.1400,5.00,0.1300,549.27,0.1200,60.00,0.1000,1325.13,0.0900,242.23,0.1500,269.84,0.1700,55.00,0.1800,43.08,0.2000,305.00,0.2100,50.00,722.92,2181.63,2904.55,2181.63,722.92,2904.55,0.0100,0.0100,-0.5022,0.5022,0.8598,0.1402,0.4493,0.2541,0.2541,0.4493,-48.4383,124.8499,124.8702,-48.4462
btc-updown-5m-1780094700,1780094906000,94,73413.01,73447.92,34.91,0.0000,-0.0886,0.0000,20.0576,13.0320,2.4480,0.015907,0.7234,0.0000,73455.46,-0.0006,-0.0103,0.0000,0.0000,0.3700,45.00,0.3600,20.00,0.3500,18.41,0.3200,5.00,0.3100,14.27,0.3800,49.74,0.4900,21.95,0.5000,34.13,0.5200,49.00,0.5300,7.50,0.6200,49.74,0.5100,21.95,0.5000,34.13,0.4800,49.00,0.4700,7.50,0.6300,45.00,0.6400,20.00,0.6500,18.41,0.6800,5.00,0.6900,14.27,102.68,162.32,265.00,162.32,102.68,265.00,0.0100,0.0100,-0.2251,0.2251,0.3747,0.6253,0.6330,0.4417,0.4417,0.6330,-154.9280,-246.4166,-246.4579,-154.9539
btc-updown-5m-1780094700,1780094907000,93,73392.12,73449.84,57.72,0.0026,-0.0860,1.9432,21.9782,13.4140,2.4430,0.015942,0.7860,2.4723,73455.01,0.0019,-0.0070,1.5087,0.0000,0.2200,5.00,0.2100,10.00,0.2000,5.00,0.1800,8.09,0.1700,39.41,0.2500,51.61,0.2600,5.00,0.2700,15.00,0.3000,105.00,0.3500,60.00,0.7500,51.61,0.7400,5.00,0.7300,15.00,0.7000,105.00,0.6500,60.00,0.7800,5.00,0.7900,10.00,0.8000,5.00,0.8200,8.09,0.8300,39.41,67.50,236.61,304.11,236.61,67.50,304.11,0.0300,0.0300,-0.5561,0.5561,0.2226,0.7774,0.2222,0.2393,0.2393,0.2222,-23.5465,-1072.7379,-1072.7377,-23.5465
btc-updown-5m-1780094700,1780094908000,92,73363.34,73451.45,88.11,0.0022,-0.0838,0.5682,22.5464,13.7380,2.4757,0.015966,0.7767,0.7315,73452.65,0.0041,-0.0016,1.9314,0.0000,0.2400,40.61,0.2300,25.00,0.2200,604.54,0.2100,244.74,0.1900,105.33,0.2500,10.06,0.2600,18.00,0.2800,5.00,0.3400,10.00,0.3500,5.00,0.7500,10.06,0.7400,18.00,0.7200,5.00,0.6600,10.00,0.6500,5.00,0.7600,40.61,0.7700,25.00,0.7800,604.54,0.7900,244.74,0.8100,105.33,1020.22,48.06,1068.28,48.06,1020.22,1068.28,0.0100,0.0100,0.9100,-0.9100,0.2480,0.7520,0.0643,0.5839,0.5839,0.0643,392.5811,-52.7783,-52.1837,388.1586
btc-updown-5m-1780094700,1780094909000,91,73355.85,73456.92,101.07,0.0074,-0.0764,0.4114,22.8539,14.8300,2.6580,0.016069,0.7897,0.5209,73452.70,0.0113,0.0058,7.5266,0.0001,0.3500,27.73,0.3400,66.00,0.3300,115.00,0.3200,65.00,0.3100,49.88,0.3600,56.24,0.3900,89.48,0.4000,120.00,0.4100,46.80,0.4800,50.33,0.6400,56.24,0.6100,89.48,0.6000,120.00,0.5900,46.80,0.5200,50.33,0.6500,27.73,0.6600,66.00,0.6700,115.00,0.6800,65.00,0.6900,49.88,323.61,362.85,686.46,362.85,323.61,686.46,0.0100,0.0100,-0.0572,0.0572,0.3533,0.6467,0.2896,0.4016,0.4016,0.2896,100.6690,-89.5294,-89.5642,100.7082
btc-updown-5m-1780094700,1780094910000,90,73356.26,73456.92,100.66,0.0000,0.0123,0.0201,2.9429,1.8020,2.6577,0.016069,0.7874,0.0255,73452.45,0.0117,0.0061,0.0000,0.0000,0.3900,373.75,0.3800,101.71,0.3500,38.83,0.3400,21.00,0.3300,45.00,0.4000,65.81,0.4100,30.00,0.4200,40.00,0.4300,68.00,0.4400,49.68,0.6000,65.81,0.5900,30.00,0.5800,40.00,0.5700,68.00,0.5600,49.68,0.6100,373.75,0.6200,101.71,0.6500,38.83,0.6600,21.00,0.6700,45.00,580.29,253.49,833.78,253.49,580.29,833.78,0.0100,0.0100,0.3919,-0.3919,0.3985,0.6015,0.8193,0.3780,0.3780,0.8193,144.9620,8.2869,8.2921,145.0539
btc-updown-5m-1780094700,1780094911000,89,73363.04,73456.92,93.88,0.0000,0.0123,0.0004,2.9433,1.8040,2.6577,0.016069,0.7873,0.0006,73452.44,0.0078,0.0061,0.0000,0.0000,0.4500,118.00,0.4400,103.65,0.4300,41.00,0.4200,247.51,0.4100,133.46,0.4900,76.75,0.5000,125.00,0.5100,10.00,0.5200,56.00,0.5300,81.00,0.5100,76.75,0.5000,125.00,0.4900,10.00,0.4800,56.00,0.4700,81.00,0.5500,118.00,0.5600,103.65,0.5700,41.00,0.5800,247.51,0.5900,133.46,643.62,348.75,992.37,348.75,643.62,992.37,0.0400,0.0400,0.2971,-0.2971,0.4742,0.5258,0.3444,0.5785,0.5785,0.3444,125.8614,49.7750,49.8007,125.9265
btc-updown-5m-1780094700,1780094912000,88,73363.36,73456.92,93.56,0.0000,0.0096,0.0000,1.0001,1.4200,2.6577,0.016069,0.7869,0.0000,73452.41,0.0078,0.0061,0.0000,0.0000,0.4800,169.12,0.4700,15.00,0.4600,122.32,0.4500,94.65,0.4400,56.00,0.4900,143.51,0.5000,180.00,0.5100,65.00,0.5200,60.00,0.5300,53.00,0.5100,143.51,0.5000,180.00,0.4900,65.00,0.4800,60.00,0.4700,53.00,0.5200,169.12,0.5300,15.00,0.5400,122.32,0.5500,94.65,0.5600,56.00,457.09,501.51,958.60,501.51,457.09,958.60,0.0100,0.0100,-0.0463,0.0463,0.4854,0.5146,0.4028,0.6451,0.6451,0.4028,-116.7814,109.4918,109.4339,-116.7196
btc-updown-5m-1780094700,1780094913000,87,73363.46,73456.92,93.46,0.0000,0.0074,0.1200,0.5519,1.0960,2.6577,0.016069,0.7902,0.1519,73452.39,0.0038,0.0062,0.0000,0.0000,0.4900,345.23,0.4800,21.10,0.4700,36.00,0.4600,144.12,0.4500,71.00,0.5000,133.73,0.5100,92.00,0.5200,95.10,0.5300,70.00,0.5400,110.00,0.5000,133.73,0.4900,92.00,0.4800,95.10,0.4700,70.00,0.4600,110.00,0.5100,345.23,0.5200,21.10,0.5300,36.00,0.5400,144.12,0.5500,71.00,617.45,500.83,1118.28,500.83,617.45,1118.28,0.0100,0.0100,0.1043,-0.1043,0.4972,0.5028,0.5933,0.4507,0.4507,0.5933,-75.5601,74.0433,79.3359,-80.9611
btc-updown-5m-1780094700,1780094914000,86,73362.64,73462.18,99.54,0.0072,0.0072,0.2643,0.4048,1.0540,2.8327,0.016162,0.7982,0.3311,73452.44,0.0048,0.0133,7.1277,0.0001,0.5400,30.00,0.5300,50.00,0.5200,50.00,0.5100,280.26,0.5000,368.71,0.5800,36.55,0.5900,10.00,0.6000,29.00,0.6100,26.00,0.6200,81.00,0.4200,36.55,0.4100,10.00,0.4000,29.00,0.3900,26.00,0.3800,81.00,0.4600,30.00,0.4700,50.00,0.4800,50.00,0.4900,280.26,0.5000,368.71,778.97,182.55,961.52,182.55,778.97,961.52,0.0400,0.0400,0.6203,-0.6203,0.5580,0.4420,0.1027,0.2550,0.2550,0.1027,64.8876,-61.9835,-61.9954,64.9000
btc-updown-5m-1780094700,1780094915000,85,73363.07,73462.18,99.11,0.0000,0.0072,0.0198,0.4045,1.0540,2.8323,0.016162,0.7958,0.0249,73452.20,0.0024,0.0136,0.0000,0.0000,0.5500,301.92,0.5400,61.00,0.5300,113.07,0.5200,82.00,0.5100,56.00,0.5600,37.48,0.5700,50.67,0.5800,42.39,0.5900,87.34,0.6000,46.00,0.4400,37.48,0.4300,50.67,0.4200,42.39,0.4100,87.34,0.4000,46.00,0.4500,301.92,0.4600,61.00,0.4700,113.07,0.4800,82.00,0.4900,56.00,613.99,263.88,877.87,263.88,613.99,877.87,0.0100,0.0100,0.3988,-0.3988,0.5589,0.4411,0.5911,0.3341,0.3341,0.5911,-3.7399,-23.4679,-23.4559,-3.7380
btc-updown-5m-1780094700,1780094916000,84,73366.95,73462.18,95.23,0.0000,0.0072,0.0023,0.4063,1.0520,2.8323,0.016162,0.7958,0.0029,73452.20,0.0021,0.0136,0.0000,0.0000,0.5400,287.37,0.5300,68.00,0.5200,61.00,0.5100,72.00,0.5000,66.00,0.5500,46.67,0.5600,35.46,0.5700,15.70,0.5800,88.89,0.5900,43.00,0.4500,46.67,0.4400,35.46,0.4300,15.70,0.4200,88.89,0.4100,43.00,0.4600,287.37,0.4700,68.00,0.4800,61.00,0.4900,72.00,0.5000,66.00,554.37,229.72,784.09,229.72,554.37,784.09,0.0100,0.0100,0.4140,-0.4140,0.5486,0.4514,0.6410,0.3575,0.3575,0.6410,-9.8694,-5.2541,-5.2551,-9.8711
btc-updown-5m-1780094700,1780094917000,83,73367.95,73462.18,94.23,0.0000,0.0072,0.0115,0.4178,1.0540,2.8323,0.016162,0.7962,0.0145,73452.20,0.0021,0.0136,0.0000,0.0000,0.5600,123.66,0.5500,105.07,0.5400,49.68,0.5300,82.00,0.5200,76.00,0.5700,70.00,0.5800,30.00,0.5900,54.18,0.6000,51.92,0.6100,74.29,0.4300,70.00,0.4200,30.00,0.4100,54.18,0.4000,51.92,0.3900,74.29,0.4400,123.66,0.4500,105.07,0.4600,49.68,0.4700,82.00,0.4800,76.00,436.41,280.39,716.80,280.39,436.41,716.80,0.0100,0.0100,0.2177,-0.2177,0.5664,0.4336,0.5241,0.3566,0.3566,0.5241,-47.2341,27.0719,27.0586,-47.2109
btc-updown-5m-1780094700,1780094918000,82,73369.51,73465.02,95.51,0.0039,0.0110,0.5875,0.8853,1.6240,2.9270,0.016197,0.8141,0.7216,73452.41,0.0025,0.0172,3.6924,0.0001,0.6100,45.25,0.6000,5.00,0.5900,44.00,0.5800,128.68,0.5700,158.07,0.6200,90.55,0.6300,138.13,0.6400,71.00,0.6500,86.00,0.6600,66.00,0.3800,90.55,0.3700,138.13,0.3600,71.00,0.3500,86.00,0.3400,66.00,0.3900,45.25,0.4000,5.00,0.4100,44.00,0.4200,128.68,0.4300,158.07,381.00,451.68,832.68,451.68,381.00,832.68,0.0100,0.0100,-0.0849,0.0849,0.6133,0.3867,0.1319,0.5063,0.5063,0.1319,-20.9194,17.5385,17.6357,-21.0354
btc-updown-5m-1780094700,1780094919000,81,73369.54,73465.01,95.47,-0.0000,0.0039,0.0012,0.6222,0.5740,2.9273,0.016197,0.8139,0.0014,73452.40,0.0013,0.0172,-0.0130,-0.0000,0.6000,33.17,0.5900,79.50,0.5800,66.00,0.5700,58.00,0.5600,106.00,0.6100,362.26,0.6200,106.32,0.6300,198.52,0.6400,166.00,0.6500,141.00,0.3900,362.26,0.3800,106.32,0.3700,198.52,0.3600,166.00,0.3500,141.00,0.4000,33.17,0.4100,79.50,0.4200,66.00,0.4300,58.00,0.4400,106.00,342.67,974.10,1316.77,974.10,342.67,1316.77,0.0100,0.0100,-0.4795,0.4795,0.6008,0.3992,0.3288,0.4810,0.4810,0.3288,-45.7129,78.7340,78.7209,-45.7053
btc-updown-5m-1780094700,1780094920000,80,73372.36,73475.07,102.71,0.0137,0.0175,0.8916,1.4940,2.5860,3.2627,0.016450,0.8426,1.0581,73453.17,0.0057,0.0298,14.0647,0.0002,0.6000,232.84,0.5900,32.00,0.5800,96.00,0.5700,51.00,0.5600,106.00,0.6100,190.99,0.6200,36.32,0.6300,53.51,0.6400,119.15,0.6500,40.00,0.3900,190.99,0.3800,36.32,0.3700,53.51,0.3600,119.15,0.3500,40.00,0.4000,232.84,0.4100,32.00,0.4200,96.00,0.4300,51.00,0.4400,106.00,517.84,439.97,957.81,439.97,517.84,957.81,0.0100,0.0100,0.0813,-0.0813,0.6055,0.3945,0.5114,0.5166,0.5166,0.5114,-76.6970,50.1635,50.1551,-76.6841
btc-updown-5m-1780094700,1780094921000,79,73372.36,73475.71,103.35,0.0009,0.0184,0.0043,1.4961,2.7140,3.2840,0.016454,0.8428,0.0051,73453.17,0.0064,0.0307,0.9002,0.0000,0.7000,339.31,0.6900,26.00,0.6800,127.65,0.6700,26.00,0.6600,26.00,0.7100,71.27,0.7200,90.00,0.7300,20.00,0.7400,107.21,0.7500,62.41,0.2900,74.09,0.2800,80.00,0.2700,20.00,0.2600,100.00,0.2500,62.41,0.3000,343.15,0.3100,26.00,0.3200,127.65,0.3300,26.00,0.3400,26.00,544.96,350.89,895.85,336.50,548.80,885.30,0.0100,0.0100,0.2166,-0.2398,0.7083,0.2918,0.6703,0.4596,0.4579,0.6726,-30.7541,14.2045,11.9473,-30.3371
btc-updown-5m-1780094700,1780094922000,78,73374.60,73478.00,103.40,0.0031,0.0215,0.5192,2.0038,3.1700,3.3600,0.016476,0.8595,0.6041,73453.66,0.0071,0.0331,3.2226,0.0000,0.7300,30.00,0.7200,30.00,0.7100,30.00,0.7000,621.52,0.6900,86.00,0.7400,7.96,0.7500,82.41,0.7600,87.10,0.7700,97.30,0.7800,108.75,0.2600,7.96,0.2500,82.41,0.2400,87.10,0.2300,97.30,0.2200,108.75,0.2700,30.00,0.2800,30.00,0.2900,30.00,0.3000,621.52,0.3100,86.00,797.52,383.52,1181.04,383.52,797.52,1181.04,0.0100,0.0100,0.3505,-0.3505,0.7379,0.2621,0.0752,0.2356,0.2356,0.0752,40.0073,36.0350,36.0350,40.0073
btc-updown-5m-1780094700,1780094923000,77,73379.13,73478.00,98.87,0.0000,0.0177,0.0000,1.4163,2.6000,3.3600,0.016476,0.8595,0.0000,73453.66,0.0070,0.0331,0.0000,0.0000,0.7300,285.06,0.7200,106.60,0.7100,86.00,0.7000,144.38,0.6900,91.00,0.7500,97.74,0.7600,97.10,0.7700,77.30,0.7800,87.60,0.7900,104.48,0.2500,97.74,0.2400,97.10,0.2300,77.30,0.2200,87.60,0.2100,104.48,0.2700,285.06,0.2800,106.60,0.2900,86.00,0.3000,144.38,0.3100,91.00,713.04,464.22,1177.26,464.22,713.04,1177.26,0.0200,0.0200,0.2114,-0.2114,0.7449,0.2551,0.5493,0.4197,0.4197,0.5493,45.7954,31.3366,31.3470,45.8105
btc-updown-5m-1780094700,1780094924000,76,73379.13,73483.28,104.15,0.0072,0.0249,0.5188,1.9340,3.6540,3.5360,0.016553,0.8763,0.5921,73454.22,0.0071,0.0396,7.4839,0.0001,0.7400,432.33,0.7300,156.66,0.7200,81.00,0.7100,81.00,0.7000,110.81,0.7500,14.24,0.7600,100.00,0.7700,70.00,0.7800,50.00,0.7900,57.80,0.2500,14.24,0.2400,100.00,0.2300,70.00,0.2200,50.00,0.2100,57.80,0.2600,432.33,0.2700,156.66,0.2800,81.00,0.2900,81.00,0.3000,110.81,861.80,292.04,1153.84,292.04,861.80,1153.84,0.0100,0.0100,0.4938,-0.4938,0.7497,0.2503,0.6834,0.3912,0.3912,0.6834,30.1270,7.1857,7.1868,30.1319
btc-updown-5m-1780094700,1780094925000,75,73383.80,73483.28,99.48,0.0000,0.0112,0.0000,1.0424,1.6420,3.5357,0.016553,0.8763,0.0000,73454.22,0.0071,0.0396,0.0000,0.0000,0.7400,412.43,0.7300,137.61,0.7200,81.00,0.7100,91.00,0.7000,135.81,0.7500,7.49,0.7600,140.00,0.7700,70.00,0.7800,50.00,0.7900,69.50,0.2500,7.49,0.2400,140.00,0.2300,70.00,0.2200,50.00,0.2100,69.50,0.2600,412.43,0.2700,137.61,0.2800,81.00,0.2900,91.00,0.3000,135.81,857.85,336.99,1194.84,336.99,857.85,1194.84,0.0100,0.0100,0.4359,-0.4359,0.7498,0.2502,0.6412,0.4377,0.4377,0.6412,85.1221,-119.9269,-119.9668,85.1504
btc-updown-5m-1780094700,1780094926000,74,73386.59,73483.28,96.69,0.0000,0.0103,0.0000,1.0381,1.5140,3.3537,0.016520,0.8762,0.0000,73454.22,0.0036,0.0396,0.0000,0.0000,0.7400,601.29,0.7300,192.13,0.7200,56.00,0.7100,96.00,0.7000,155.81,0.7600,133.78,0.7700,70.00,0.7800,50.00,0.7900,57.80,0.8000,58.10,0.2400,133.78,0.2300,70.00,0.2200,50.00,0.2100,57.80,0.2000,58.10,0.2600,601.29,0.2700,192.13,0.2800,56.00,0.2900,96.00,0.3000,155.81,1101.23,369.68,1470.91,369.68,1101.23,1470.91,0.0200,0.0200,0.4973,-0.4973,0.7564,0.2436,0.7205,0.5512,0.5512,0.7205,97.9543,-19.2095,-19.2249,98.0326
btc-updown-5m-1780094700,1780094927000,73,73387.28,73483.29,96.01,0.0000,0.0072,0.0291,0.5480,1.0580,3.3537,0.016520,0.8385,0.0347,73451.54,0.0035,0.0432,0.0131,0.0000,0.7500,276.59,0.7400,162.62,0.7300,170.00,0.7200,101.00,0.7100,136.00,0.7600,76.15,0.7700,80.00,0.7800,50.00,0.7900,57.80,0.8000,58.10,0.2400,76.15,0.2300,80.00,0.2200,50.00,0.2100,57.80,0.2000,58.10,0.2500,276.59,0.2600,162.62,0.2700,170.00,0.2800,101.00,0.2900,136.00,846.21,322.05,1168.26,322.05,846.21,1168.26,0.0100,0.0100,0.4487,-0.4487,0.7578,0.2422,0.5190,0.4849,0.4849,0.5190,57.7904,-4.2825,-4.2832,57.7998
btc-updown-5m-1780094700,1780094928000,72,73387.28,73483.29,96.01,0.0000,0.0072,0.0004,0.5484,1.0580,3.3533,0.016520,0.8379,0.0005,73451.49,0.0000,0.0433,0.0000,0.0000,0.7600,261.17,0.7500,138.72,0.7400,120.00,0.7300,165.60,0.7200,86.00,0.7700,74.28,0.7800,60.00,0.7900,77.80,0.8000,58.10,0.8100,73.64,0.2300,74.28,0.2200,60.00,0.2100,77.80,0.2000,58.10,0.1900,73.64,0.2400,261.17,0.2500,138.72,0.2600,120.00,0.2700,165.60,0.2800,86.00,771.49,343.82,1115.31,343.82,771.49,1115.31,0.0100,0.0100,0.3835,-0.3835,0.7678,0.2322,0.5183,0.3906,0.3906,0.5183,-33.2401,6.2070,6.1881,-35.8100
btc-updown-5m-1780094700,1780094929000,71,73386.43,73483.29,96.86,0.0000,0.0000,0.0000,0.0295,0.0020,3.3533,0.016520,0.8379,0.0000,73451.49,0.0000,0.0433,0.0000,0.0000,0.7600,306.73,0.7500,113.34,0.7400,95.00,0.7300,155.00,0.7200,86.00,0.7700,28.68,0.7800,60.00,0.7900,77.80,0.8000,63.10,0.8100,73.64,0.2300,28.68,0.2200,60.00,0.2100,77.80,0.2000,63.10,0.1900,73.64,0.2400,306.73,0.2500,113.34,0.2600,95.00,0.2700,155.00,0.2800,86.00,756.07,303.22,1059.29,303.22,756.07,1059.29,0.0100,0.0100,0.4275,-0.4275,0.7691,0.2309,0.5556,0.2925,0.2925,0.5556,-1.8295,-20.2697,-20.2762,-1.8301
btc-updown-5m-1780094700,1780094930000,70,73386.44,73483.29,96.85,0.0000,0.0000,0.0000,0.0295,0.0020,3.3533,0.016520,0.8379,0.0000,73451.49,0.0000,0.0433,0.0000,0.0000,0.7600,141.91,0.7500,86.15,0.7400,70.00,0.7300,90.82,0.7200,61.00,0.7700,42.71,0.7800,111.12,0.7900,57.80,0.8000,113.10,0.8100,83.40,0.2300,42.71,0.2200,111.12,0.2100,57.80,0.2000,113.10,0.1900,83.40,0.2400,141.91,0.2500,86.15,0.2600,70.00,0.2700,90.82,0.2800,61.00,449.88,408.13,858.01,408.13,449.88,858.01,0.0100,0.0100,0.0487,-0.0487,0.7677,0.2323,0.5069,0.3769,0.3769,0.5069,-61.7807,10.3081,10.3115,-61.8012
btc-updown-5m-1780094700,1780094931000,69,73386.44,73483.29,96.85,0.0000,0.0000,0.0000,0.0295,0.0020,3.3530,0.016520,0.8378,0.0000,73451.49,0.0000,0.0433,0.0000,0.0000,0.7600,192.29,0.7500,151.15,0.7400,123.87,0.7300,71.00,0.7200,91.48,0.7700,24.81,0.7800,111.12,0.7900,57.80,0.8000,113.10,0.8100,63.82,0.2300,24.81,0.2200,111.12,0.2100,57.80,0.2000,113.10,0.1900,63.82,0.2400,192.29,0.2500,151.15,0.2600,123.87,0.2700,71.00,0.2800,91.48,629.79,370.65,1000.44,370.65,629.79,1000.44,0.0100,0.0100,0.2590,-0.2590,0.7689,0.2311,0.5453,0.3667,0.3667,0.5453,-36.8373,5.4369,5.4360,-36.8314
btc-updown-5m-1780094700,1780094932000,68,73386.20,73483.29,97.09,0.0000,0.0000,0.0000,0.0004,0.0000,3.3527,0.016520,0.8378,0.0000,73451.49,0.0000,0.0433,0.0000,0.0000,0.7700,104.51,0.7600,78.80,0.7500,135.68,0.7400,86.00,0.7300,97.43,0.7800,83.07,0.7900,134.47,0.8000,178.10,0.8100,119.40,0.8200,229.80,0.2200,83.07,0.2100,134.47,0.2000,178.10,0.1900,119.40,0.1800,229.80,0.2300,104.51,0.2400,78.80,0.2500,135.68,0.2600,86.00,0.2700,97.43,502.42,744.84,1247.26,744.84,502.42,1247.26,0.0100,0.0100,-0.1944,0.1944,0.7756,0.2244,0.3649,0.2921,0.2921,0.3649,-53.6785,66.3100,66.2992,-53.6698
btc-updown-5m-1780094700,1780094933000,67,73386.73,73483.29,96.56,0.0000,0.0000,0.0000,,0.0000,3.3527,0.016520,0.8370,0.0000,73451.43,0.0000,0.0434,0.0000,0.0000,0.7700,25.66,0.7600,52.15,0.7500,229.40,0.7400,36.00,0.7300,76.62,0.7800,159.72,0.7900,167.47,0.8000,209.10,0.8100,154.40,0.8200,245.51,0.2200,159.72,0.2100,167.47,0.2000,209.10,0.1900,154.40,0.1800,245.51,0.2300,25.66,0.2400,52.15,0.2500,229.40,0.2600,36.00,0.2700,76.62,419.83,936.20,1356.03,936.20,419.83,1356.03,0.0100,0.0100,-0.3808,0.3808,0.7714,0.2286,0.1853,0.3495,0.3495,0.1853,-69.4445,99.5527,99.5527,-69.4445
btc-updown-5m-1780094700,1780094934000,66,73386.74,73483.29,96.55,0.0000,0.0000,0.0000,,0.0000,3.3523,0.016520,0.8370,0.0000,73451.43,,0.0434,0.0000,0.0000,0.7600,23.31,0.7500,231.40,0.7400,46.00,0.7300,91.62,0.7200,86.00,0.7700,226.00,0.7800,140.72,0.7900,181.14,0.8000,229.10,0.8100,164.40,0.2300,226.00,0.2200,140.72,0.2100,181.14,0.2000,229.10,0.1900,164.40,0.2400,23.31,0.2500,231.40,0.2600,46.00,0.2700,91.62,0.2800,86.00,478.33,941.36,1419.69,941.36,478.33,1419.69,0.0100,0.0100,-0.3261,0.3261,0.7609,0.2391,0.5325,0.3896,0.3896,0.5325,-55.2819,112.6796,112.6796,-55.2819
btc-updown-5m-1780094700,1780094935000,65,73387.93,73483.29,95.36,0.0000,0.0000,0.0191,0.0191,0.0000,1.1810,0.003192,0.8343,0.0228,73451.21,0.0000,0.0437,0.0000,0.0000,0.7600,144.34,0.7500,179.68,0.7400,80.60,0.7300,70.00,0.7200,75.11,0.7700,40.15,0.7800,78.45,0.7900,225.14,0.8000,158.10,0.8100,99.40,0.2300,40.15,0.2200,78.45,0.2100,225.14,0.2000,158.10,0.1900,99.40,0.2400,144.34,0.2500,179.68,0.2600,80.60,0.2700,70.00,0.2800,75.11,549.73,601.24,1150.97,601.24,549.73,1150.97,0.0100,0.0100,-0.0448,0.0448,0.7678,0.2322,0.5894,0.1973,0.1973,0.5894,-35.6454,42.4722,42.4722,-35.6454
btc-updown-5m-1780094700,1780094936000,64,73388.29,73483.29,95.00,0.0000,0.0000,0.0005,0.0196,0.0000,1.1810,0.003192,0.1914,0.0026,73462.25,0.0000,0.0286,0.0000,0.0000,0.7600,80.24,0.7500,200.00,0.7400,50.60,0.7300,45.00,0.7200,40.11,0.7700,66.63,0.7800,67.34,0.7900,241.14,0.8000,184.10,0.8100,119.99,0.2300,66.63,0.2200,67.34,0.2100,241.14,0.2000,184.10,0.1900,119.99,0.2400,80.24,0.2500,200.00,0.2600,50.60,0.2700,45.00,0.2800,40.11,415.95,679.20,1095.15,679.20,415.95,1095.15,0.0100,0.0100,-0.2404,0.2404,0.7655,0.2345,0.6737,0.1972,0.1972,0.6737,-22.8774,52.0166,52.0070,-22.8732
btc-updown-5m-1780094700,1780094937000,63,73388.29,73483.28,94.99,-0.0000,-0.0000,0.0009,0.0205,0.0020,1.1173,0.003199,0.1914,0.0050,73462.26,-0.0000,0.0286,-0.0129,-0.0000,0.7800,103.94,0.7700,56.00,0.7600,113.94,0.7500,235.00,0.7400,70.34,0.7900,87.39,0.8000,223.00,0.8100,159.40,0.8200,94.80,0.8300,167.55,0.2100,87.39,0.2000,223.00,0.1900,159.40,0.1800,94.80,0.1700,167.55,0.2200,103.94,0.2300,56.00,0.2400,113.94,0.2500,235.00,0.2600,70.34,579.22,732.14,1311.36,732.14,579.22,1311.36,0.0100,0.0100,-0.1166,0.1166,0.7854,0.2146,0.2761,0.4239,0.4239,0.2761,-8.4171,60.1681,60.1781,-8.4185
btc-updown-5m-1780094700,1780094938000,62,73386.28,73483.29,97.01,0.0000,0.0000,0.0505,0.0710,0.0040,1.0637,0.003208,0.1304,0.3873,73468.49,0.0000,0.0201,0.0132,0.0000,0.7900,104.00,0.7800,30.00,0.7700,45.00,0.7600,51.05,0.7500,220.00,0.8000,40.73,0.8100,179.21,0.8200,39.80,0.8300,98.19,0.8400,80.77,0.2000,40.73,0.1900,179.21,0.1800,39.80,0.1700,98.19,0.1600,80.77,0.2100,104.00,0.2200,30.00,0.2300,45.00,0.2400,51.05,0.2500,220.00,450.05,438.70,888.75,438.70,450.05,888.75,0.0100,0.0100,0.0128,-0.0128,0.7972,0.2028,0.2977,0.5013,0.5013,0.2977,-9.8469,-23.0966,-23.0966,-9.8469
btc-updown-5m-1780094700,1780094939000,61,73386.28,73483.29,97.01,0.0000,0.0000,0.0002,0.0712,0.0040,0.8813,0.003016,0.1120,0.0019,73471.28,0.0000,0.0163,0.0000,0.0000,0.8000,118.51,0.7900,57.00,0.7800,38.00,0.7700,23.00,0.7600,40.00,0.8100,150.96,0.8200,145.01,0.8300,153.19,0.8400,171.09,0.8500,203.19,0.1900,150.96,0.1800,145.01,0.1700,153.19,0.1600,171.09,0.1500,203.19,0.2000,118.51,0.2100,57.00,0.2200,38.00,0.2300,23.00,0.2400,40.00,276.51,823.44,1099.95,823.44,276.51,1099.95,0.0100,0.0100,-0.4972,0.4972,0.8044,0.1956,0.6347,0.3594,0.3594,0.6347,-34.0891,-5.4584,-5.4584,-34.0891
btc-updown-5m-1780094700,1780094940000,60,73387.30,73483.29,95.99,0.0000,0.0000,0.0038,0.0559,0.0040,0.8813,0.003016,0.0989,0.0383,73473.22,0.0000,0.0137,0.0000,0.0000,0.8000,187.13,0.7900,83.42,0.7800,35.00,0.7700,45.00,0.7600,65.00,0.8200,63.68,0.8300,79.00,0.8400,81.34,0.8500,136.39,0.8600,96.80,0.1800,63.68,0.1700,79.00,0.1600,81.34,0.1500,136.39,0.1400,96.80,0.2000,187.13,0.2100,83.42,0.2200,35.00,0.2300,45.00,0.2400,65.00,415.55,457.21,872.76,457.21,415.55,872.76,0.0200,0.0200,-0.0477,0.0477,0.8149,0.1851,0.6511,0.3121,0.3121,0.6511,-29.4573,-3.3963,-3.3969,-29.4626
btc-updown-5m-1780094700,1780094941000,59,73386.51,73483.29,96.78,0.0000,0.0000,0.0062,0.0616,0.0040,0.8810,0.003016,0.0984,0.0626,73473.35,0.0000,0.0135,0.0000,0.0000,0.8000,187.03,0.7900,79.00,0.7800,61.00,0.7700,40.00,0.7600,65.00,0.8100,7.22,0.8200,67.89,0.8300,138.59,0.8400,56.50,0.8500,118.26,0.1900,7.22,0.1800,67.89,0.1700,138.59,0.1600,56.50,0.1500,118.26,0.2000,187.03,0.2100,79.00,0.2200,61.00,0.2300,40.00,0.2400,65.00,432.03,388.46,820.49,388.46,432.03,820.49,0.0100,0.0100,0.0531,-0.0531,0.8096,0.1904,0.6158,0.1934,0.1934,0.6158,-19.7020,-35.6177,-35.6236,-19.7053
btc-updown-5m-1780094700,1780094942000,58,73386.52,73483.29,96.77,0.0000,0.0000,0.0108,0.0715,0.0040,0.8813,0.003016,0.0988,0.1097,73473.39,0.0000,0.0135,0.0000,0.0000,0.8200,353.91,0.8100,107.55,0.8000,63.82,0.7900,61.00,0.7800,76.27,0.8400,78.64,0.8500,93.74,0.8600,48.09,0.8700,31.88,0.8800,50.64,0.1600,78.64,0.1500,93.74,0.1400,48.09,0.1300,31.88,0.1200,50.64,0.1800,353.91,0.1900,107.55,0.2000,63.82,0.2100,61.00,0.2200,76.27,662.55,302.99,965.54,302.99,662.55,965.54,0.0200,0.0200,0.3724,-0.3724,0.8364,0.1636,0.6965,0.5689,0.5689,0.6965,48.4729,-49.9029,-49.8695,48.4404
btc-updown-5m-1780094700,1780094943000,57,73386.39,73483.29,96.90,0.0000,0.0000,0.0100,0.0310,0.0020,0.8813,0.003016,0.0991,0.1009,73473.42,-0.0000,0.0134,0.0000,0.0000,0.8400,6.25,0.8300,65.16,0.8200,118.00,0.8100,48.69,0.8000,55.00,0.8500,146.80,0.8600,169.10,0.8700,143.94,0.8800,135.64,0.8900,139.83,0.1500,146.80,0.1400,169.10,0.1300,143.94,0.1200,135.64,0.1100,139.83,0.1600,6.25,0.1700,65.16,0.1800,118.00,0.1900,48.69,0.2000,55.00,293.10,735.31,1028.41,735.31,293.10,1028.41,0.0100,0.0100,-0.4300,0.4300,0.8404,0.1596,0.2436,0.4296,0.4296,0.2436,-48.0735,-0.9248,-0.9247,-48.0657
btc-updown-5m-1780094700,1780094944000,56,73386.30,73483.28,96.98,-0.0000,-0.0000,0.0635,0.0942,0.0040,0.7063,0.002811,0.0973,0.6523,73474.28,-0.0000,0.0122,-0.0132,-0.0000,0.8300,113.23,0.8200,137.00,0.8100,63.69,0.8000,50.00,0.7900,81.01,0.8400,80.84,0.8500,89.20,0.8600,88.12,0.8700,79.07,0.8800,65.64,0.1600,80.84,0.1500,89.20,0.1400,88.12,0.1300,79.07,0.1200,65.64,0.1700,113.23,0.1800,137.00,0.1900,63.69,0.2000,50.00,0.2100,81.01,444.93,402.87,847.80,402.87,444.93,847.80,0.0100,0.0100,0.0496,-0.0496,0.8358,0.1642,0.5624,0.4221,0.4221,0.5624,-10.4196,3.7965,3.7958,-10.4179
btc-updown-5m-1780094700,1780094945000,55,73387.14,73490.00,102.86,0.0091,0.0091,0.6843,0.7747,1.3480,0.9303,0.003164,0.1108,6.1745,73478.35,0.0011,0.0159,9.4060,0.0001,0.8300,111.23,0.8200,137.00,0.8100,63.69,0.8000,50.00,0.7900,81.01,0.8400,61.13,0.8500,101.20,0.8600,77.32,0.8700,79.07,0.8800,65.64,0.1600,61.13,0.1500,101.20,0.1400,77.32,0.1300,79.07,0.1200,65.64,0.1700,111.23,0.1800,137.00,0.1900,63.69,0.2000,50.00,0.2100,81.01,442.93,384.36,827.29,384.36,442.93,827.29,0.0100,0.0100,0.0708,-0.0708,0.8365,0.1635,0.5604,0.4223,0.4223,0.5604,22.6416,-74.2497,-74.2190,22.6322
btc-updown-5m-1780094700,1780094946000,54,73387.14,73490.00,102.86,0.0000,0.0091,0.0020,0.7705,1.3480,0.9303,0.003164,0.1102,0.0181,73478.45,0.0011,0.0157,0.0000,0.0000,0.8300,317.85,0.8200,95.91,0.8100,42.71,0.8000,40.00,0.7900,65.01,0.8400,43.75,0.8500,53.33,0.8600,48.30,0.8700,20.38,0.8800,18.34,0.1600,43.75,0.1500,53.33,0.1400,48.30,0.1300,20.38,0.1200,18.34,0.1700,317.85,0.1800,95.91,0.1900,42.71,0.2000,40.00,0.2100,65.01,561.48,184.10,745.58,184.10,561.48,745.58,0.0100,0.0100,0.5062,-0.5062,0.8388,0.1612,0.7369,0.5273,0.5273,0.7369,24.2409,-45.3671,-45.3520,24.2328
btc-updown-5m-1780094700,1780094947000,53,73387.10,73492.50,105.40,0.0034,0.0125,0.0847,0.8444,1.8460,1.0133,0.003178,0.1129,0.7504,73478.80,0.0040,0.0186,3.5854,0.0000,0.9200,351.32,0.9100,229.17,0.9000,50.00,0.8900,202.00,0.8800,145.01,0.9400,20.24,0.9500,35.50,0.9600,317.43,0.9700,583.18,0.9800,931.10,0.0600,20.24,0.0500,35.50,0.0400,317.43,0.0300,583.18,0.0200,931.10,0.0800,351.32,0.0900,229.17,0.1000,50.00,0.1100,202.00,0.1200,145.01,977.50,1887.45,2864.95,1887.45,977.50,2864.95,0.0200,0.0200,-0.3176,0.3176,0.9389,0.0611,0.5939,0.0295,0.0295,0.5939,92.9567,255.4516,255.4081,92.9409
btc-updown-5m-1780094700,1780094948000,52,73391.61,73492.50,100.89,0.0000,0.0125,0.0000,0.8344,1.8460,0.9183,0.003153,0.1125,0.0000,73478.85,0.0039,0.0186,0.0000,0.0000,0.9200,209.29,0.9100,214.25,0.9000,40.00,0.8900,147.01,0.8800,135.00,0.9300,153.56,0.9400,401.41,0.9500,581.06,0.9600,1007.28,0.9700,1334.96,0.0700,153.56,0.0600,401.41,0.0500,581.06,0.0400,1007.28,0.0300,1334.96,0.0800,209.29,0.0900,214.25,0.1000,40.00,0.1100,147.01,0.1200,135.00,745.55,3478.27,4223.82,3478.27,745.55,4223.82,0.0100,0.0100,-0.6470,0.6470,0.9258,0.0742,0.5681,0.1596,0.1596,0.5681,-15.7687,539.5737,539.3926,-15.7634
btc-updown-5m-1780094700,1780094949000,51,73397.02,73492.50,95.48,0.0000,0.0125,0.0044,0.7754,1.8440,0.9180,0.003152,0.0937,0.0473,73481.67,0.0037,0.0147,0.0000,0.0000,0.9200,216.50,0.9100,220.89,0.9000,50.00,0.8900,190.73,0.8800,145.00,0.9300,128.94,0.9400,406.41,0.9500,586.06,0.9600,1012.81,0.9700,1933.93,0.0700,128.94,0.0600,406.41,0.0500,586.06,0.0400,1012.81,0.0300,1933.93,0.0800,216.50,0.0900,220.89,0.1000,50.00,0.1100,190.73,0.1200,145.00,823.12,4068.15,4891.27,4068.15,823.12,4891.27,0.0100,0.0100,-0.6634,0.6634,0.9263,0.0737,0.5314,0.1316,0.1316,0.5314,91.8579,577.6153,577.6153,91.8579
btc-updown-5m-1780094700,1780094950000,50,73400.64,73492.52,91.88,0.0000,0.0034,0.0080,0.0992,0.5040,0.5833,0.002149,0.0939,0.0856,73481.71,0.0030,0.0147,0.0250,0.0000,0.9200,256.57,0.9100,203.16,0.9000,50.00,0.8900,157.64,0.8800,135.00,0.9300,78.98,0.9400,391.41,0.9500,601.06,0.9600,1002.28,0.9700,1334.96,0.0700,78.98,0.0600,391.41,0.0500,601.06,0.0400,1002.28,0.0300,1334.96,0.0800,256.57,0.0900,203.16,0.1000,50.00,0.1100,157.64,0.1200,135.00,802.37,3408.69,4211.06,3408.69,802.37,4211.06,0.0100,0.0100,-0.6189,0.6189,0.9276,0.0724,0.5730,0.1380,0.1380,0.5730,68.0806,465.6983,465.7737,68.0916
btc-updown-5m-1780094700,1780094951000,49,73402.51,73494.00,91.49,0.0020,0.0054,0.0100,0.1072,0.8000,0.6113,0.002160,0.0655,0.1534,73484.68,0.0019,0.0127,1.8424,0.0000,0.9300,57.00,0.9200,67.81,0.9100,191.06,0.9000,35.64,0.8900,112.00,0.9400,485.75,0.9500,666.92,0.9600,1036.43,0.9700,1412.46,0.9800,1601.10,0.0600,485.75,0.0500,666.92,0.0400,1036.43,0.0300,1412.46,0.0200,1601.10,0.0700,57.00,0.0800,67.81,0.0900,191.06,0.1000,35.64,0.1100,112.00,463.51,5202.66,5666.17,5202.66,463.51,5666.17,0.0100,0.0100,-0.8364,0.8364,0.9311,0.0689,0.2693,0.2216,0.2216,0.2693,5.5000,907.7806,907.7807,5.5000
btc-updown-5m-1780094700,1780094952000,48,73403.40,73494.00,90.60,0.0000,0.0020,0.0333,0.0558,0.3000,0.5350,0.002122,0.0664,0.5006,73484.85,0.0014,0.0125,0.0000,0.0000,0.9300,55.00,0.9200,33.82,0.9100,12.90,0.9000,15.00,0.8900,112.00,0.9400,416.88,0.9500,627.77,0.9600,1050.49,0.9700,1409.82,0.9800,1588.47,0.0600,416.88,0.0500,627.77,0.0400,1050.49,0.0300,1409.82,0.0200,1588.47,0.0700,55.00,0.0800,33.82,0.0900,12.90,0.1000,15.00,0.1100,112.00,228.72,5093.43,5322.15,5093.43,228.72,5322.15,0.0100,0.0100,-0.9140,0.9140,0.9312,0.0688,0.3883,0.2051,0.2051,0.3883,-53.3782,787.5088,787.3825,-53.3697
btc-updown-5m-1780094700,1780094953000,47,73402.68,73494.00,91.32,0.0000,0.0020,0.0106,0.0664,0.3000,0.5350,0.002122,0.0500,0.2114,73487.20,0.0004,0.0092,0.0000,0.0000,0.9300,18.57,0.9200,38.56,0.9100,27.90,0.9000,27.80,0.8900,112.00,0.9400,404.97,0.9500,642.77,0.9600,1037.20,0.9700,1409.82,0.9800,1609.72,0.0600,404.97,0.0500,642.77,0.0400,1037.20,0.0300,1409.82,0.0200,1609.72,0.0700,18.57,0.0800,38.56,0.0900,27.90,0.1000,27.80,0.1100,112.00,224.83,5104.48,5329.31,5104.48,224.83,5329.31,0.0100,0.0100,-0.9156,0.9156,0.9304,0.0696,0.2541,0.2053,0.2053,0.2541,-122.4650,523.4347,523.3496,-122.4451
btc-updown-5m-1780094700,1780094954000,46,73404.26,73494.00,89.74,0.0000,0.0020,0.1000,0.1619,0.3000,0.3590,0.001753,0.0533,1.8778,73487.62,0.0002,0.0087,0.0000,0.0000,0.9400,37.90,0.9300,14.28,0.9200,14.00,0.9100,10.00,0.8900,112.00,0.9500,632.52,0.9600,1025.55,0.9700,1429.32,0.9800,1708.68,0.9900,6852.46,0.0500,632.52,0.0400,1025.55,0.0300,1429.32,0.0200,1708.68,0.0100,6852.46,0.0600,37.90,0.0700,14.28,0.0800,14.00,0.0900,10.00,0.1100,112.00,188.18,11648.53,11836.71,11648.53,188.18,11836.71,0.0100,0.0100,-0.9682,0.9682,0.9406,0.0594,0.2773,0.1423,0.1423,0.2773,-88.9829,1306.8678,1306.6426,-88.9676
btc-updown-5m-1780094700,1780094955000,45,73404.26,73494.00,89.74,0.0000,0.0020,0.0300,0.1839,0.2960,0.3590,0.001753,0.0375,0.8004,73489.72,0.0001,0.0058,0.0000,0.0000,0.9300,60.71,0.9000,10.00,0.8900,30.00,0.8800,144.91,0.8700,35.00,0.9400,50.00,0.9500,567.52,0.9600,1021.53,0.9700,1407.94,0.9800,1605.48,0.0600,50.00,0.0500,567.52,0.0400,1021.53,0.0300,1407.94,0.0200,1605.48,0.0700,60.71,0.1000,10.00,0.1100,30.00,0.1200,144.91,0.1300,35.00,280.62,4652.47,4933.09,4652.47,280.62,4933.09,0.0100,0.0100,-0.8862,0.8862,0.9355,0.0645,0.2520,0.1327,0.1327,0.2520,-76.9373,101.3667,101.3329,-76.9116
btc-updown-5m-1780094700,1780094956000,44,73404.53,73494.00,89.47,0.0000,0.0000,0.0000,0.1739,0.0000,0.3590,0.001753,0.0375,0.0000,73489.72,0.0000,0.0058,0.0000,0.0000,0.9300,10.00,0.9000,15.00,0.8900,30.00,0.8800,117.19,0.8700,35.00,0.9400,110.83,0.9500,557.52,0.9600,992.70,0.9700,1428.60,0.9800,1605.48,0.0600,110.83,0.0500,557.52,0.0400,992.70,0.0300,1428.60,0.0200,1605.48,0.0700,10.00,0.1000,15.00,0.1100,30.00,0.1200,117.19,0.1300,35.00,207.19,4695.13,4902.32,4695.13,207.19,4902.32,0.0100,0.0100,-0.9155,0.9155,0.9308,0.0692,0.1207,0.1423,0.1423,0.1207,-112.0575,226.5578,226.5578,-112.0575
btc-updown-5m-1780094700,1780094957000,43,73405.06,73496.00,90.94,0.0027,0.0027,0.0378,0.1784,0.4020,0.4257,0.001795,0.0387,0.9774,73489.91,0.0022,0.0083,2.4749,0.0000,0.9400,209.84,0.9300,49.17,0.9200,14.00,0.9000,20.00,0.8900,25.00,0.9500,455.07,0.9600,1002.70,0.9700,1434.05,0.9800,1602.85,0.9900,6972.50,0.0500,455.07,0.0400,1002.70,0.0300,1434.05,0.0200,1602.85,0.0100,6972.50,0.0600,209.84,0.0700,49.17,0.0800,14.00,0.1000,20.00,0.1100,25.00,318.01,11467.17,11785.18,11467.17,318.01,11785.18,0.0100,0.0100,-0.9460,0.9460,0.9432,0.0568,0.8145,0.1271,0.1271,0.8145,-26.7646,1064.9240,1064.9240,-26.7646
btc-updown-5m-1780094700,1780094958000,42,73404.40,73496.00,91.60,0.0000,0.0027,0.0197,0.1876,0.4020,0.4257,0.001795,0.0384,0.5126,73490.18,0.0019,0.0079,0.0000,0.0000,0.9500,202.06,0.9400,364.96,0.9300,49.02,0.9200,14.00,0.9100,10.00,0.9600,683.75,0.9700,1415.55,0.9800,1617.88,0.9900,6870.46,,,0.0400,683.75,0.0300,1415.55,0.0200,1617.88,0.0100,6870.46,,,0.0500,202.06,0.0600,364.96,0.0700,49.02,0.0800,14.00,0.0900,10.00,640.04,10587.64,11227.68,10587.64,640.04,11227.68,0.0100,0.0100,-0.8860,0.8860,0.9523,0.0477,0.8859,,,0.8859,65.5452,916.3497,916.6545,65.5670
btc-updown-5m-1780094700,1780094959000,41,73405.19,73496.00,90.81,0.0000,0.0027,0.0000,0.0875,0.4020,0.4257,0.001795,0.0384,0.0000,73490.18,0.0019,0.0079,0.0000,0.0000,0.9500,150.21,0.9400,212.46,0.9300,49.02,0.9200,14.00,0.9100,10.00,0.9600,628.12,0.9700,1401.55,0.9800,1617.88,0.9900,6874.46,,,0.0400,628.12,0.0300,1401.55,0.0200,1617.88,0.0100,6874.46,,,0.0500,150.21,0.0600,212.46,0.0700,49.02,0.0800,14.00,0.0900,10.00,435.69,10522.01,10957.70,10522.01,435.69,10957.70,0.0100,0.0100,-0.9205,0.9205,0.9519,0.0481,0.8324,,,0.8324,36.8379,946.4588,946.4588,36.8379
btc-updown-5m-1780094700,1780094960000,40,73405.00,73495.99,90.99,-0.0000,0.0027,0.5136,0.5711,0.4040,0.4260,0.001795,0.0550,9.3440,73491.93,0.0001,0.0055,-0.0124,-0.0000,0.9400,11.85,0.9300,42.46,0.9200,41.72,0.9100,15.00,0.9000,80.50,0.9500,40.00,0.9600,506.88,0.9700,1371.73,0.9800,1579.23,0.9900,6771.96,0.0500,40.00,0.0400,506.88,0.0300,1371.73,0.0200,1579.23,0.0100,6771.96,0.0600,11.85,0.0700,42.46,0.0800,41.72,0.0900,15.00,0.1000,80.50,191.53,10269.80,10461.33,10269.80,191.53,10461.33,0.0100,0.0100,-0.9634,0.9634,0.9423,0.0577,0.2836,0.0533,0.0533,0.2836,0.5504,-226.5412,-226.5785,0.5505
btc-updown-5m-1780094700,1780094961000,39,73406.13,73498.00,91.87,0.0027,0.0054,0.0391,0.6102,0.8060,0.4930,0.001833,0.0562,0.6949,73492.07,0.0026,0.0081,2.5124,0.0000,0.9400,76.26,0.9300,46.29,0.9200,43.60,0.9100,35.00,0.9000,125.50,0.9500,61.51,0.9600,471.88,0.9700,1332.61,0.9800,1514.85,0.9900,6886.80,0.0500,61.51,0.0400,471.88,0.0300,1332.61,0.0200,1514.85,0.0100,6886.80,0.0600,76.26,0.0700,46.29,0.0800,43.60,0.0900,35.00,0.1000,125.50,326.65,10267.65,10594.30,10267.65,326.65,10594.30,0.0100,0.0100,-0.9383,0.9383,0.9455,0.0545,0.3752,0.0519,0.0519,0.3752,18.7407,-159.0783,-159.0519,18.7376
btc-updown-5m-1780094700,1780094962000,38,73406.13,73497.99,91.86,-0.0000,0.0027,0.0007,0.5731,0.4060,0.4933,0.001833,0.0562,0.0128,73492.07,0.0025,0.0081,-0.0125,-0.0000,0.9400,183.28,0.9300,44.75,0.9200,40.56,0.9100,30.00,0.9000,125.50,0.9600,462.80,0.9700,1366.61,0.9800,1577.29,0.9900,7004.51,,,0.0400,462.80,0.0300,1366.61,0.0200,1577.29,0.0100,7004.51,,,0.0600,183.28,0.0700,44.75,0.0800,40.56,0.0900,30.00,0.1000,125.50,424.09,10411.21,10835.30,10411.21,424.09,10835.30,0.0200,0.0200,-0.9217,0.9217,0.9457,0.0543,0.5377,,,0.5377,39.3173,991.3533,991.6970,39.3309
btc-updown-5m-1780094700,1780094963000,37,73405.79,73499.76,93.97,0.0024,0.0051,0.0086,0.5620,0.7600,0.5523,0.001855,0.0565,0.1528,73492.11,0.0049,0.0104,2.2629,0.0000,0.9500,87.91,0.9400,29.57,0.9300,39.75,0.9200,32.72,0.9100,45.90,0.9600,389.54,0.9700,1392.61,0.9800,1553.55,0.9900,6944.80,,,0.0400,389.54,0.0300,1392.61,0.0200,1553.55,0.0100,6944.80,,,0.0500,87.91,0.0600,29.57,0.0700,39.75,0.0800,32.72,0.0900,45.90,235.85,10280.50,10516.35,10280.50,235.85,10516.35,0.0100,0.0100,-0.9551,0.9551,0.9518,0.0482,0.4981,,,0.4981,-13.5287,-195.4010,-195.4010,-13.5287
btc-updown-5m-1780094700,1780094964000,36,73407.74,73499.76,92.02,0.0000,0.0051,0.0000,0.5620,0.7600,0.5523,0.001855,0.0565,0.0000,73492.11,0.0049,0.0104,0.0000,0.0000,0.9500,71.08,0.9400,29.57,0.9300,47.49,0.9200,32.72,0.9100,45.90,0.9600,337.17,0.9700,1372.61,0.9800,1529.53,0.9900,7121.53,,,0.0400,337.17,0.0300,1372.61,0.0200,1529.53,0.0100,7121.53,,,0.0500,71.08,0.0600,29.57,0.0700,47.49,0.0800,32.72,0.0900,45.90,226.76,10360.84,10587.60,10360.84,226.76,10587.60,0.0100,0.0100,-0.9572,0.9572,0.9517,0.0483,0.4439,,,0.4439,-68.8201,-36.9622,-33.4087,-69.6123
btc-updown-5m-1780094700,1780094965000,35,73408.63,73504.59,95.96,0.0066,0.0117,0.1021,0.1506,1.7240,0.7133,0.002122,0.0598,1.7072,73492.79,0.0097,0.0160,6.3057,0.0001,0.9500,97.13,0.9400,41.57,0.9300,107.49,0.9200,70.42,0.9100,65.90,0.9600,273.47,0.9700,1372.61,0.9800,1529.53,0.9900,7121.53,,,0.0400,273.47,0.0300,1372.61,0.0200,1529.53,0.0100,7121.53,,,0.0500,97.13,0.0600,41.57,0.0700,107.49,0.0800,70.42,0.0900,65.90,382.51,10297.14,10679.65,10297.14,382.51,10679.65,0.0100,0.0100,-0.9284,0.9284,0.9526,0.0474,0.3626,,,0.3626,-9.0447,-35.3046,-35.3046,-9.0447
btc-updown-5m-1780094700,1780094966000,34,73410.22,73509.98,99.76,0.0073,0.0163,0.6612,0.7727,2.4020,0.8933,0.002401,0.0805,8.2098,73497.42,0.0019,0.0171,7.3150,0.0001,0.9600,512.37,0.9500,112.05,0.9400,114.02,0.9300,165.76,0.9200,132.05,0.9700,985.16,0.9800,1474.53,0.9900,7119.34,,,,,0.0300,985.16,0.0200,1474.53,0.0100,7119.34,,,,,0.0400,512.37,0.0500,112.05,0.0600,114.02,0.0700,165.76,0.0800,132.05,1036.25,9579.03,10615.28,9579.03,1036.25,10615.28,0.0100,0.0100,-0.8048,0.8048,0.9634,0.0366,0.6026,,,0.6026,136.1989,-133.4266,-133.4266,136.1989
btc-updown-5m-1780094700,1780094967000,33,73410.85,73509.99,99.14,0.0000,0.0163,0.0115,0.7835,2.4020,0.8933,0.002400,0.0809,0.1424,73497.48,0.0011,0.0170,0.0135,0.0000,0.9600,918.59,0.9500,129.45,0.9400,114.02,0.9300,165.76,0.9200,132.05,0.9700,738.85,0.9800,1474.53,0.9900,6739.34,,,,,0.0300,738.85,0.0200,1474.53,0.0100,6739.34,,,,,0.0400,913.49,0.0500,129.45,0.0600,114.02,0.0700,165.76,0.0800,132.05,1459.87,8952.72,10412.59,8952.72,1454.77,10407.49,0.0100,0.0100,-0.7196,0.7204,0.9655,0.0345,0.7179,,,0.7169,183.9046,-213.3934,-215.9732,182.1862
btc-updown-5m-1780094700,1780094968000,32,73414.47,73509.98,95.51,-0.0000,0.0139,0.0001,0.7750,2.0500,0.8933,0.002401,0.0809,0.0019,73497.49,0.0011,0.0170,-0.0130,-0.0000,0.9800,5.98,0.9700,51.00,0.9600,12.70,0.9500,165.35,0.9400,55.72,0.9900,5522.47,,,,,,,,,0.0100,5522.47,,,,,,,,,0.0200,5.98,0.0300,51.00,0.0400,12.70,0.0500,165.35,0.0600,55.72,290.75,5522.47,5813.22,5522.47,290.75,5813.22,0.0100,0.0100,-0.9000,0.9000,0.9800,0.0200,0.1960,,,0.1960,13.1907,-1139.3338,-1139.0676,13.1877
btc-updown-5m-1780094700,1780094969000,31,73417.46,73509.99,92.53,0.0000,0.0139,0.0757,0.8507,2.0520,0.8937,0.002401,0.0817,0.9269,73498.14,0.0009,0.0161,0.0126,0.0000,0.9800,1534.03,0.9700,66.41,0.9600,45.12,0.9500,175.86,0.9400,28.78,0.9900,5418.84,,,,,,,,,0.0100,5418.84,,,,,,,,,0.0200,1534.03,0.0300,66.41,0.0400,45.12,0.0500,175.86,0.0600,28.78,1850.20,5418.84,7269.04,5418.84,1850.20,7269.04,0.0100,0.0100,-0.4909,0.4909,0.9822,0.0178,0.8650,,,0.8650,329.6287,-1087.5145,-1087.9983,329.7754
btc-updown-5m-1780094700,1780094970000,30,73417.76,73509.99,92.23,0.0000,0.0073,0.0117,0.7603,1.0860,0.8937,0.002401,0.0821,0.1428,73498.20,0.0009,0.0160,0.0000,0.0000,0.9800,1499.73,0.9700,92.23,0.9600,39.47,0.9500,202.93,0.9400,23.00,0.9900,5268.80,,,,,,,,,0.0100,5268.80,,,,,,,,,0.0200,1499.73,0.0300,92.23,0.0400,39.47,0.0500,202.93,0.0600,23.00,1857.36,5268.80,7126.16,5268.80,1857.36,7126.16,0.0100,0.0100,-0.4787,0.4787,0.9822,0.0178,0.8571,,,0.8571,296.5062,-1178.1175,-1176.5526,296.4311
btc-updown-5m-1780094700,1780094971000,29,73417.76,73509.98,92.22,-0.0000,0.0000,0.0136,0.1127,0.0080,0.8940,0.002401,0.0824,0.1651,73498.28,-0.0000,0.0159,-0.0125,-0.0000,0.9800,1881.44,0.9700,158.78,0.9600,112.98,0.9500,195.49,0.9400,23.00,0.9900,4661.34,,,,,,,,,0.0100,4661.34,,,,,,,,,0.0200,1881.44,0.0300,158.78,0.0400,112.98,0.0500,195.49,0.0600,23.00,2371.69,4661.34,7033.03,4661.34,2371.69,7033.03,0.0100,0.0100,-0.3256,0.3256,0.9829,0.0171,0.8602,,,0.8602,335.1712,-950.1462,-950.5267,335.3054
btc-updown-5m-1780094700,1780094972000,28,73417.87,73509.98,92.11,0.0000,-0.0000,0.0000,0.1012,0.0060,0.8937,0.002401,0.0822,0.0000,73498.32,-0.0000,0.0159,0.0000,0.0000,0.9800,2134.22,0.9700,175.95,0.9600,112.98,0.9500,216.53,0.9400,23.00,0.9900,4366.95,,,,,,,,,0.0100,4366.95,,,,,,,,,0.0200,2134.22,0.0300,175.95,0.0400,112.98,0.0500,216.53,0.0600,23.00,2662.68,4366.95,7029.63,4366.95,2662.68,7029.63,0.0100,0.0100,-0.2424,0.2424,0.9833,0.0167,0.8676,,,0.8676,288.0985,-833.4128,-833.2657,288.0477
btc-updown-5m-1780094700,1780094973000,27,73417.92,73509.98,92.06,0.0000,0.0000,0.0000,0.1010,0.0040,0.8937,0.002401,0.0818,0.0000,73498.38,-0.0000,0.0158,0.0000,0.0000,0.9800,2629.37,0.9700,124.40,0.9600,60.90,0.9500,163.90,0.9400,23.00,0.9900,4077.11,,,,,,,,,0.0100,4077.11,,,,,,,,,0.0200,2629.37,0.0300,124.40,0.0400,60.90,0.0500,163.90,0.0600,23.00,3001.57,4077.11,7078.68,4077.11,3001.57,7078.68,0.0100,0.0100,-0.1519,0.1519,0.9839,0.0161,0.9174,,,0.9174,252.7098,-800.9787,-800.7162,252.6270
btc-updown-5m-1780094700,1780094974000,26,73417.92,73509.99,92.07,0.0000,0.0000,0.2047,0.2300,0.0040,0.8937,0.002400,0.0881,2.3234,73499.31,0.0000,0.0145,0.0125,0.0000,0.9800,2310.06,0.9700,124.40,0.9600,60.90,0.9500,163.90,0.9400,33.00,0.9900,3007.92,,,,,,,,,0.0100,4023.03,,,,,,,,,0.0200,2315.06,0.0300,124.40,0.0400,60.90,0.0500,163.90,0.0600,33.00,2692.26,3007.92,5700.18,4023.03,2697.26,6720.29,0.0100,0.0100,-0.0554,0.1973,0.9843,0.0163,0.9042,,,0.9044,183.3763,-740.4932,-595.3185,190.0632
btc-updown-5m-1780094700,1780094975000,25,73417.87,73508.00,90.13,-0.0027,-0.0027,0.9301,1.1484,0.4020,0.7360,0.002005,0.1161,8.0142,73501.84,-0.0005,0.0084,-2.4399,-0.0000,0.9800,2442.48,0.9700,156.54,0.9600,103.55,0.9500,168.07,0.9400,10.00,0.9900,2400.00,,,,,,,,,0.0100,2400.00,,,,,,,,,0.0200,2442.48,0.0300,156.54,0.0400,103.55,0.0500,168.07,0.0600,10.00,2880.64,2400.00,5280.64,2400.00,2880.64,5280.64,0.0100,0.0100,0.0910,-0.0910,0.9850,0.0150,0.9022,,,0.9022,173.1263,-500.6534,-500.5724,173.0983
btc-updown-5m-1780094700,1780094976000,24,73416.29,73507.99,91.70,-0.0000,-0.0027,0.0291,1.1639,0.4020,0.7363,0.002005,0.0949,0.3063,73504.65,-0.0005,0.0045,-0.0125,-0.0000,0.9900,1851.49,0.9800,1272.80,0.9700,122.25,0.9600,79.08,0.9500,103.91,,,,,,,,,,,,,,,,,,,,,0.0100,1851.49,0.0200,1272.80,0.0300,122.25,0.0400,79.08,0.0500,103.91,3429.53,-0.00,3429.53,-0.00,3429.53,3429.53,,,1.0000,-1.0000,,,0.9110,,,0.9110,254.1908,-851.8674,-852.0052,254.2319
btc-updown-5m-1780094700,1780094977000,23,73416.58,73507.99,91.41,0.0000,-0.0027,0.0004,1.1643,0.4040,0.6533,0.001951,0.0949,0.0042,73504.66,-0.0005,0.0045,0.0000,0.0000,0.9900,2228.62,0.9800,1272.80,0.9700,70.70,0.9600,33.11,0.9500,93.39,,,,,,,,,,,,,,,,,,,,,0.0100,2228.62,0.0200,1272.80,0.0300,70.70,0.0400,33.11,0.0500,93.39,3698.62,-0.00,3698.62,-0.00,3698.62,3698.62,,,1.0000,-1.0000,,,0.9467,,,0.9467,227.2140,-804.5394,-804.5394,227.2140
btc-updown-5m-1780094700,1780094978000,22,73411.45,73508.00,96.55,0.0000,-0.0027,0.0029,1.1672,0.4060,0.6537,0.001951,0.0922,0.0317,73505.03,-0.0005,0.0040,0.0131,0.0000,0.9900,2020.28,0.9800,1336.80,0.9700,69.39,0.9600,33.11,0.9500,61.83,,,,,,,,,,,,,,,,,,,,,0.0100,2020.28,0.0200,1336.80,0.0300,69.39,0.0400,33.11,0.0500,61.83,3521.41,-0.00,3521.41,-0.00,3521.41,3521.41,,,1.0000,-1.0000,,,0.9533,,,0.9533,141.5637,-712.6057,-712.4898,141.5407
btc-updown-5m-1780094700,1780094979000,21,73408.77,73508.00,99.23,0.0000,-0.0027,0.0554,1.0179,0.4040,0.6537,0.001951,0.0940,0.5890,73505.08,-0.0005,0.0040,0.0000,0.0000,0.9900,2020.28,0.9800,1336.80,0.9700,69.39,0.9600,33.11,0.9500,61.83,,,,,,,,,,,,,,,,,,,,,0.0100,2020.28,0.0200,1336.80,0.0300,69.39,0.0400,33.11,0.0500,61.83,3521.41,-0.00,3521.41,-0.00,3521.41,3521.41,,,1.0000,-1.0000,,,0.9533,,,0.9533,100.0272,-791.9507,-791.7968,100.0078
btc-updown-5m-1780094700,1780094980000,20,73408.77,73508.00,99.23,0.0000,0.0000,0.0000,0.0878,0.0060,0.6530,0.001951,0.0939,0.0000,73505.10,0.0000,0.0039,0.0000,0.0000,0.9900,2020.28,0.9800,1336.80,0.9700,69.39,0.9600,33.11,0.9500,61.83,,,,,,,,,,,,,,,,,,,,,0.0100,2020.28,0.0200,1336.80,0.0300,69.39,0.0400,33.11,0.0500,61.83,3521.41,-0.00,3521.41,-0.00,3521.41,3521.41,,,1.0000,-1.0000,,,0.9533,,,0.9533,199.4555,-973.6278,-974.0992,199.5521
btc-updown-5m-1780094700,1780094981000,19,73409.02,73507.99,98.97,-0.0000,0.0000,0.0136,0.0723,0.0060,0.6040,0.001940,0.0941,0.1446,73505.15,-0.0000,0.0039,-0.0135,-0.0000,,,,,,,,,,,,,,,,,,,,,,,,,,,,,,,,,,,,,,,,,-0.00,-0.00,-0.00,-0.00,-0.00,-0.00,,,,,,,,,,,,,,
btc-updown-5m-1780094700,1780094982000,18,73409.02,73508.00,98.98,0.0000,0.0000,0.0376,0.1095,0.0060,0.6043,0.001940,0.0949,0.3961,73505.22,0.0000,0.0038,0.0135,0.0000,,,,,,,,,,,,,,,,,,,,,,,,,,,,,,,,,,,,,,,,,-0.00,-0.00,-0.00,-0.00,-0.00,-0.00,,,,,,,,,,,,,,
btc-updown-5m-1780094700,1780094983000,17,73408.63,73508.00,99.37,0.0000,0.0000,0.0000,0.1066,0.0040,0.6043,0.001940,0.0939,0.0000,73505.35,0.0000,0.0036,0.0000,0.0000,,,,,,,,,,,,,,,,,,,,,,,,,,,,,,,,,,,,,,,,,-0.00,-0.00,-0.00,-0.00,-0.00,-0.00,,,,,,,,,,,,,,
btc-updown-5m-1780094700,1780094984000,16,73408.62,73508.00,99.38,0.0000,0.0000,0.0000,0.0512,0.0040,0.6043,0.001940,0.0935,0.0000,73505.39,0.0000,0.0035,0.0000,0.0000,,,,,,,,,,,,,,,,,,,,,,,,,,,,,,,,,,,,,,,,,-0.00,-0.00,-0.00,-0.00,-0.00,-0.00,,,,,,,,,,,,,,
btc-updown-5m-1780094700,1780094985000,15,73408.61,73508.00,99.39,0.0000,0.0000,0.0017,0.0529,0.0040,0.6043,0.001940,0.0904,0.0193,73505.80,0.0000,0.0030,0.0000,0.0000,,,,,,,,,,,,,,,,,,,,,,,,,,,,,,,,,,,,,,,,,-0.00,-0.00,-0.00,-0.00,-0.00,-0.00,,,,,,,,,,,,,,
btc-updown-5m-1780094700,1780094986000,14,73408.59,73507.99,99.40,-0.0000,0.0000,0.0005,0.0399,0.0040,0.6047,0.001940,0.0894,0.0060,73505.93,-0.0000,0.0028,-0.0135,-0.0000,,,,,,,,,,,,,,,,,,,,,,,,,,,,,,,,,,,,,,,,,-0.00,-0.00,-0.00,-0.00,-0.00,-0.00,,,,,,,,,,,,,,
btc-updown-5m-1780094700,1780094987000,13,73408.60,73507.99,99.39,0.0000,-0.0000,0.0001,0.0024,0.0020,0.5377,0.001903,0.0894,0.0016,73505.93,-0.0000,0.0028,0.0000,0.0000,,,,,,,,,,,,,,,,,,,,,,,,,,,,,,,,,,,,,,,,,-0.00,-0.00,-0.00,-0.00,-0.00,-0.00,,,,,,,,,,,,,,
btc-updown-5m-1780094700,1780094988000,12,73408.60,73507.99,99.39,0.0000,-0.0000,0.0000,0.0024,0.0020,0.5377,0.001903,0.0882,0.0000,73506.07,-0.0000,0.0026,0.0000,0.0000,,,,,,,,,,,,,,,,,,,,,,,,,,,,,,,,,,,,,,,,,-0.00,-0.00,-0.00,-0.00,-0.00,-0.00,,,,,,,,,,,,,,
btc-updown-5m-1780094700,1780094989000,11,73408.69,73508.00,99.31,0.0000,0.0000,0.0404,0.0428,0.0040,0.5380,0.001903,0.0889,0.4549,73506.17,0.0000,0.0025,0.0135,0.0000,,,,,,,,,,,,,,,,,,,,,,,,,,,,,,,,,,,,,,,,,-0.00,-0.00,-0.00,-0.00,-0.00,-0.00,,,,,,,,,,,,,,
btc-updown-5m-1780094700,1780094990000,10,73408.69,73507.99,99.30,-0.0000,-0.0000,0.0016,0.0427,0.0060,0.5380,0.001903,0.0889,0.0183,73506.17,-0.0000,0.0025,-0.0135,-0.0000,,,,,,,,,,,,,,,,,,,,,,,,,,,,,,,,,,,,,,,,,-0.00,-0.00,-0.00,-0.00,-0.00,-0.00,,,,,,,,,,,,,,
btc-updown-5m-1780094700,1780094991000,9,73408.82,73507.99,99.17,0.0000,0.0000,0.0000,0.0422,0.0040,0.4710,0.001861,0.0723,0.0000,73508.50,-0.0000,-0.0007,0.0000,0.0000,,,,,,,,,,,,,,,,,,,,,,,,,,,,,,,,,,,,,,,,,-0.00,-0.00,-0.00,-0.00,-0.00,-0.00,,,,,,,,,,,,,,
btc-updown-5m-1780094700,1780094992000,8,73409.02,73507.99,98.97,0.0000,0.0000,0.0137,0.0558,0.0040,0.4707,0.001861,0.0715,0.1920,73508.68,-0.0000,-0.0009,0.0000,0.0000,,,,,,,,,,,,,,,,,,,,,,,,,,,,,,,,,,,,,,,,,-0.00,-0.00,-0.00,-0.00,-0.00,-0.00,,,,,,,,,,,,,,
btc-updown-5m-1780094700,1780094993000,7,73409.02,73507.99,98.97,0.0000,0.0000,0.0000,0.0558,0.0040,0.4117,0.001827,0.0715,0.0000,73508.69,-0.0000,-0.0009,0.0000,0.0000,,,,,,,,,,,,,,,,,,,,,,,,,,,,,,,,,,,,,,,,,-0.00,-0.00,-0.00,-0.00,-0.00,-0.00,,,,,,,,,,,,,,
btc-updown-5m-1780094700,1780094994000,6,73408.91,73507.99,99.08,0.0000,-0.0000,0.0000,0.0154,0.0020,0.4117,0.001827,0.0712,0.0000,73508.72,-0.0000,-0.0010,0.0000,0.0000,,,,,,,,,,,,,,,,,,,,,,,,,,,,,,,,,,,,,,,,,-0.00,-0.00,-0.00,-0.00,-0.00,-0.00,,,,,,,,,,,,,,
btc-updown-5m-1780094700,1780094995000,5,73408.90,73507.99,99.09,0.0000,0.0000,0.0011,0.0149,0.0000,0.2507,0.001419,0.0713,0.0160,73508.72,0.0000,-0.0010,0.0000,0.0000,,,,,,,,,,,,,,,,,,,,,,,,,,,,,,,,,,,,,,,,,-0.00,-0.00,-0.00,-0.00,-0.00,-0.00,,,,,,,,,,,,,,
btc-updown-5m-1780094700,1780094996000,4,73408.72,73507.99,99.27,0.0000,0.0000,0.0000,0.0149,0.0000,0.0707,0.000486,0.0680,0.0000,73508.92,0.0000,-0.0013,0.0000,0.0000,,,,,,,,,,,,,,,,,,,,,,,,,,,,,,,,,,,,,,,,,-0.00,-0.00,-0.00,-0.00,-0.00,-0.00,,,,,,,,,,,,,,
btc-updown-5m-1780094700,1780094997000,3,73408.85,73507.99,99.14,0.0000,0.0000,0.0004,0.0015,0.0000,0.0703,0.000486,0.0467,0.0088,73508.44,0.0000,-0.0006,0.0000,0.0000,,,,,,,,,,,,,,,,,,,,,,,,,,,,,,,,,,,,,,,,,-0.00,-0.00,-0.00,-0.00,-0.00,-0.00,,,,,,,,,,,,,,
btc-updown-5m-1780094700,1780094998000,2,73409.33,73464.82,55.49,-0.0587,-0.0587,9.3616,9.3631,8.6340,1.5090,0.010540,0.3483,26.8805,73470.61,-0.0000,-0.0079,-32.5882,-0.0004,,,,,,,,,,,,,,,,,,,,,,,,,,,,,,,,,,,,,,,,,-0.00,-0.00,-0.00,-0.00,-0.00,-0.00,,,,,,,,,,,,,,
btc-updown-5m-1780094700,1780094999000,1,73409.28,73464.83,55.55,0.0000,-0.0587,0.1903,9.5534,8.6360,1.5090,0.010540,0.3544,0.5370,73470.51,0.0000,-0.0077,0.0076,0.0000,,,,,,,,,,,,,,,,,,,,,,,,,,,,,,,,,,,,,,,,,-0.00,-0.00,-0.00,-0.00,-0.00,-0.00,,,,,,,,,,,,,,
btc-updown-5m-1780094700,1780095000000,0,73409.19,73464.83,55.64,0.0000,-0.0587,0.1253,9.6776,8.6380,1.5093,0.010540,0.3560,0.3518,73470.18,0.0000,-0.0073,0.0000,0.0000,,,,,,,,,,,,,,,,,,,,,,,,,,,,,,,,,,,,,,,,,-0.00,-0.00,-0.00,-0.00,-0.00,-0.00,,,,,,,,,,,,,,
