market_slug,timestamp_ms,seconds_till_end,oracle_btc_price,binance_btc_price,lag,binance_ret1s_x100,binance_ret5s_x100,binance_volume_1s,binance_volume_5s,binance_atr_5s,binance_atr_30s,binance_rvol_30s,binance_volma_30s,binance_volume_spike,binance_vwap_30s,binance_p_vwap_5s,binance_p_vwap_30s,lat_dir_raw_x1000,lat_dir_norm_x1000,up_bid_1_price,up_bid_1_size,up_bid_2_price,up_bid_2_size,up_bid_3_price,up_bid_3_size,up_bid_4_price,up_bid_4_size,up_bid_5_price,up_bid_5_size,up_ask_1_price,up_ask_1_size,up_ask_2_price,up_ask_2_size,up_ask_3_price,up_ask_3_size,up_ask_4_price,up_ask_4_size,up_ask_5_price,up_ask_5_size,down_bid_1_price,down_bid_1_size,down_bid_2_price,down_bid_2_size,down_bid_3_price,down_bid_3_size,down_bid_4_price,down_bid_4_size,down_bid_5_price,down_bid_5_size,down_ask_1_price,down_ask_1_size,down_ask_2_price,down_ask_2_size,down_ask_3_price,down_ask_3_size,down_ask_4_price,down_ask_4_size,down_ask_5_price,down_ask_5_size,pm_up_bid_depth5,pm_up_ask_depth5,pm_up_total_depth5,pm_down_bid_depth5,pm_down_ask_depth5,pm_down_total_depth5,pm_up_spread,pm_down_spread,pm_up_imbalance,pm_down_imbalance,pm_up_microprice,pm_down_microprice,pm_up_bid_slope,pm_up_ask_slope,pm_down_bid_slope,pm_down_ask_slope,pm_up_bid_eatflow,pm_up_ask_eatflow,pm_down_bid_eatflow,pm_down_ask_eatflow
btc-updown-5m-1780095900,1780095902000,298,73371.09,73470.00,98.91,0.0000,0.0084,0.0638,0.1595,1.2360,0.3667,0.001862,0.0171,3.7338,73462.90,0.0025,0.0097,0.0135,0.0000,,,,,,,,,,,,,,,,,,,,,,,,,,,,,,,,,,,,,,,,,-0.00,-0.00,-0.00,-0.00,-0.00,-0.00,,,,,,,,,,,,,,
btc-updown-5m-1780095900,1780095903000,297,73371.21,73469.99,98.78,-0.0000,0.0084,0.0001,0.1586,1.2380,0.3667,0.001862,0.0166,0.0060,73463.00,0.0002,0.0095,-0.0134,-0.0000,,,,,,,,,,,,,,,,,,,,,,,,,,,,,,,,,,,,,,,,,-0.00,-0.00,-0.00,-0.00,-0.00,-0.00,,,,,,,,,,,,,,
btc-updown-5m-1780095900,1780095904000,296,73375.14,73470.00,94.86,0.0000,0.0084,0.0637,0.2222,1.2380,0.3670,0.001862,0.0145,4.3857,73465.11,0.0001,0.0067,0.0129,0.0000,0.5800,130.13,0.5700,26.15,0.5600,91.00,0.5500,56.00,0.5400,59.52,0.5900,135.87,0.6000,192.94,0.6100,158.00,0.6200,201.39,0.6300,201.00,0.4100,135.87,0.4000,192.94,0.3900,158.00,0.3800,201.39,0.3700,201.00,0.4200,130.13,0.4300,26.15,0.4400,91.00,0.4500,56.00,0.4600,59.52,362.80,889.20,1252.00,889.20,362.80,1252.00,0.0100,0.0100,-0.4204,0.4204,0.5849,0.4151,0.4308,0.3698,0.3698,0.4308,141.7349,314.7173,315.9490,142.2896
btc-updown-5m-1780095900,1780095905000,295,73375.14,73470.00,94.86,0.0000,0.0084,0.0000,0.2196,1.2360,0.3667,0.001862,0.0145,0.0000,73465.11,0.0001,0.0067,0.0000,0.0000,0.5800,131.72,0.5700,47.15,0.5600,106.00,0.5500,63.35,0.5400,49.52,0.5900,100.45,0.6000,191.00,0.6100,169.00,0.6200,198.39,0.6300,201.00,0.4100,100.45,0.4000,191.00,0.3900,169.00,0.3800,198.39,0.3700,201.00,0.4200,131.72,0.4300,47.15,0.4400,106.00,0.4500,63.35,0.4600,49.52,397.74,859.84,1257.58,859.84,397.74,1257.58,0.0100,0.0100,-0.3675,0.3675,0.5857,0.4143,0.4497,0.3390,0.3390,0.4497,106.2685,130.3949,130.5237,106.3735
btc-updown-5m-1780095900,1780095906000,294,73375.59,73473.34,97.75,0.0045,0.0046,0.0736,0.2012,0.6740,0.4780,0.001996,0.0169,4.3649,73466.28,0.0034,0.0096,4.4437,0.0001,0.5800,255.17,0.5700,334.10,0.5600,161.00,0.5500,118.35,0.5400,139.52,0.5900,73.00,0.6000,204.94,0.6100,98.00,0.6200,165.64,0.6300,146.00,0.4100,73.00,0.4000,204.94,0.3900,98.00,0.3800,165.64,0.3700,146.00,0.4200,255.17,0.4300,334.10,0.4400,161.00,0.4500,118.35,0.4600,139.52,1008.14,687.58,1695.72,687.58,1008.14,1695.72,0.0100,0.0100,0.1890,-0.1890,0.5878,0.4122,0.5845,0.4042,0.4042,0.5845,290.8262,-16.2697,-16.2829,291.0620
btc-updown-5m-1780095900,1780095907000,293,73376.47,73473.34,96.87,0.0000,0.0045,0.0007,0.1381,0.6720,0.4780,0.001996,0.0166,0.0414,73466.39,0.0029,0.0095,0.0000,0.0000,0.6100,28.45,0.5900,189.17,0.5800,740.12,0.5700,127.15,0.5600,174.00,0.6300,14.09,0.6400,376.00,0.6500,50.00,0.6600,148.39,0.6700,46.00,0.3700,14.09,0.3600,376.00,0.3500,50.00,0.3400,148.39,0.3300,46.00,0.3900,28.45,0.4100,189.17,0.4200,740.12,0.4300,127.15,0.4400,174.00,1258.89,634.48,1893.37,634.48,1258.89,1893.37,0.0200,0.0200,0.3298,-0.3298,0.6234,0.3766,0.1729,0.6148,0.6148,0.1729,275.6972,-26.5424,-26.5575,275.8542
btc-updown-5m-1780095900,1780095908000,292,73376.75,73473.33,96.58,-0.0000,0.0045,0.0001,0.1381,0.6720,0.4783,0.001996,0.0166,0.0048,73466.40,0.0021,0.0094,-0.0131,-0.0000,0.6300,30.27,0.6200,78.16,0.6100,130.19,0.6000,71.00,0.5900,101.00,0.6400,482.13,0.6500,85.29,0.6600,143.39,0.6700,135.52,0.6800,87.18,0.3600,482.13,0.3500,85.29,0.3400,143.39,0.3300,135.52,0.3200,87.18,0.3700,30.27,0.3800,78.16,0.3900,130.19,0.4000,71.00,0.4100,101.00,410.62,933.51,1344.13,933.51,410.62,1344.13,0.0100,0.0100,-0.3890,0.3890,0.6306,0.3694,0.2641,0.6078,0.6078,0.2641,27.9717,47.7512,47.7734,27.9847
btc-updown-5m-1780095900,1780095909000,291,73377.81,73473.33,95.52,0.0000,0.0045,0.0814,0.1558,0.6700,0.4783,0.001996,0.0193,4.2251,73467.34,0.0013,0.0081,0.0000,0.0000,0.6300,167.04,0.6100,15.00,0.6000,13.00,0.5900,19.38,0.5800,86.00,0.6400,807.56,0.6500,205.29,0.6600,269.39,0.6700,200.52,0.6800,197.18,0.3600,807.56,0.3500,205.29,0.3400,269.39,0.3300,200.52,0.3200,197.18,0.3700,167.04,0.3900,15.00,0.4000,13.00,0.4100,19.38,0.4200,86.00,300.42,1679.94,1980.36,1679.94,300.42,1980.36,0.0100,0.0100,-0.6966,0.6966,0.6317,0.3683,0.6060,0.6029,0.6029,0.6060,1.8727,172.6233,172.6859,1.8734
btc-updown-5m-1780095900,1780095910000,290,73379.13,73473.34,94.21,0.0000,0.0045,0.0131,0.1689,0.6720,0.4783,0.001996,0.0197,0.6638,73467.47,0.0000,0.0080,0.0128,0.0000,0.5900,293.95,0.5800,126.00,0.5700,190.16,0.5600,196.20,0.5500,198.00,0.6000,100.04,0.6100,81.37,0.6200,158.00,0.6300,115.29,0.6400,467.34,0.4000,100.04,0.3900,81.37,0.3800,158.00,0.3700,115.29,0.3600,467.34,0.4100,293.95,0.4200,126.00,0.4300,190.16,0.4400,196.20,0.4500,198.00,1004.31,922.04,1926.35,922.04,1004.31,1926.35,0.0100,0.0100,0.0427,-0.0427,0.5975,0.4025,0.4181,0.1967,0.1967,0.4181,101.4260,12.0792,12.0792,101.4260
btc-updown-5m-1780095900,1780095911000,289,73379.14,73473.34,94.20,0.0000,0.0000,0.0000,0.0952,0.0040,0.4780,0.001996,0.0196,0.0000,73467.51,0.0000,0.0079,0.0000,0.0000,0.5900,348.43,0.5800,136.00,0.5700,160.16,0.5600,216.20,0.5500,146.00,0.6000,63.29,0.6100,106.65,0.6200,131.00,0.6300,100.29,0.6400,396.34,0.4000,63.29,0.3900,106.65,0.3800,131.00,0.3700,100.29,0.3600,396.34,0.4100,348.43,0.4200,136.00,0.4300,160.16,0.4400,216.20,0.4500,146.00,1006.79,797.57,1804.36,797.57,1006.79,1804.36,0.0100,0.0100,0.1160,-0.1160,0.5985,0.4015,0.4812,0.2131,0.2131,0.4812,93.9573,-13.1351,-13.1397,93.9902
btc-updown-5m-1780095900,1780095912000,288,73380.36,73465.99,85.63,-0.0100,-0.0100,1.8023,1.8969,1.4740,0.7230,0.002764,0.0775,23.2412,73466.39,-0.0005,-0.0005,-8.5664,-0.0001,0.5900,316.20,0.5800,153.00,0.5700,160.16,0.5600,221.20,0.5500,146.00,0.6000,65.07,0.6100,106.65,0.6200,131.00,0.6300,115.29,0.6400,396.34,0.4000,65.07,0.3900,106.65,0.3800,131.00,0.3700,115.29,0.3600,396.34,0.4100,316.20,0.4200,153.00,0.4300,160.16,0.4400,221.20,0.4500,146.00,996.56,814.35,1810.91,814.35,996.56,1810.91,0.0100,0.0100,0.1006,-0.1006,0.5983,0.4017,0.4708,0.2109,0.2109,0.4708,-2.2171,24.2715,24.2715,-2.2171
btc-updown-5m-1780095900,1780095913000,287,73379.16,73466.00,86.84,0.0000,-0.0100,0.0092,1.9060,1.4740,0.7233,0.002764,0.0778,0.1183,73466.39,-0.0005,-0.0005,0.0118,0.0000,0.4600,70.44,0.4300,2.75,0.4200,5.00,0.4000,15.00,0.3900,5.00,0.4700,63.70,0.4800,113.89,0.4900,119.00,0.5000,87.00,0.5100,143.00,0.5300,63.70,0.5200,113.89,0.5100,119.00,0.5000,87.00,0.4900,143.00,0.5400,70.44,0.5700,2.75,0.5800,5.00,0.6000,15.00,0.6100,5.00,98.19,526.59,624.78,526.59,98.19,624.78,0.0100,0.0100,-0.6857,0.6857,0.4653,0.5347,0.7454,0.3372,0.3372,0.7454,-259.9665,-2.7239,-2.7239,-259.9665
btc-updown-5m-1780095900,1780095914000,286,73368.25,73466.00,97.75,0.0000,-0.0100,0.0046,1.8292,1.4740,0.7233,0.002764,0.0780,0.0591,73466.39,-0.0005,-0.0005,0.0000,0.0000,0.4100,280.05,0.4000,76.39,0.3900,56.09,0.3800,120.70,0.3700,155.00,0.4200,427.85,0.4300,124.33,0.4400,146.50,0.4500,137.00,0.4600,186.00,0.5800,400.56,0.5700,124.33,0.5600,146.50,0.5500,137.00,0.5400,186.00,0.5900,280.05,0.6000,76.39,0.6100,56.09,0.6200,120.70,0.6300,155.00,688.23,1021.68,1709.91,994.39,688.23,1682.62,0.0100,0.0100,-0.1950,0.1820,0.4140,0.5859,0.5179,0.5405,0.5279,0.5179,91.0936,-113.8849,-119.4737,91.0936
btc-updown-5m-1780095900,1780095915000,285,73366.34,73466.00,99.66,0.0000,-0.0100,0.0357,1.8518,1.4740,0.7237,0.002764,0.0776,0.4594,73466.53,-0.0001,-0.0007,0.0000,0.0000,0.4100,331.86,0.4000,61.39,0.3900,69.69,0.3800,183.95,0.3700,156.92,0.4300,169.46,0.4400,131.50,0.4500,182.00,0.4600,171.00,0.4700,131.00,0.5700,169.46,0.5600,131.50,0.5500,182.00,0.5400,171.00,0.5300,131.00,0.5900,331.86,0.6000,61.39,0.6100,69.69,0.6200,183.95,0.6300,156.92,803.81,784.96,1588.77,784.96,803.81,1588.77,0.0200,0.0200,0.0119,-0.0119,0.4232,0.5768,0.4892,0.3834,0.3834,0.4892,-56.7572,-12.1427,-12.1455,-56.7703
btc-updown-5m-1780095900,1780095916000,284,73366.22,73466.00,99.78,0.0000,-0.0100,0.0000,1.8518,1.4740,0.7237,0.002764,0.0776,0.0000,73466.53,0.0000,-0.0007,0.0000,0.0000,0.4200,335.87,0.4100,80.85,0.4000,41.39,0.3900,117.79,0.3800,105.00,0.4300,291.79,0.4400,168.50,0.4500,151.00,0.4600,171.00,0.4700,121.00,0.5700,291.79,0.5600,168.50,0.5500,151.00,0.5400,171.00,0.5300,121.00,0.5800,335.87,0.5900,80.85,0.6000,41.39,0.6100,117.79,0.6200,105.00,680.90,903.29,1584.19,903.29,680.90,1584.19,0.0100,0.0100,-0.1404,0.1404,0.4254,0.5746,0.6120,0.5096,0.5096,0.6120,-87.9001,16.3631,16.3600,-87.8832
btc-updown-5m-1780095900,1780095917000,283,73366.19,73466.00,99.81,0.0000,0.0000,0.0011,0.0505,0.0040,0.7237,0.002764,0.0776,0.0139,73466.53,0.0000,-0.0007,0.0000,0.0000,0.4200,468.29,0.4100,93.85,0.4000,86.55,0.3900,107.79,0.3800,81.00,0.4300,196.37,0.4400,118.50,0.4500,56.00,0.4600,126.00,0.4700,66.00,0.5700,196.37,0.5600,118.50,0.5500,56.00,0.5400,126.00,0.5300,66.00,0.5800,468.29,0.5900,93.85,0.6000,86.55,0.6100,107.79,0.6200,81.00,837.48,562.87,1400.35,562.87,837.48,1400.35,0.0100,0.0100,0.1961,-0.1961,0.4270,0.5730,0.6712,0.5594,0.5594,0.6712,-40.1864,-45.1559,-45.1633,-40.1930
btc-updown-5m-1780095900,1780095918000,282,73366.19,73466.00,99.81,0.0000,0.0000,0.0025,0.0438,0.0040,0.7237,0.002764,0.0777,0.0322,73466.53,0.0000,-0.0007,0.0000,0.0000,0.4200,733.21,0.4100,111.85,0.4000,57.39,0.3900,93.70,0.3800,92.25,0.4300,33.28,0.4400,17.00,0.4600,5.00,0.4800,10.00,0.4900,26.00,0.5700,33.28,0.5600,17.00,0.5400,5.00,0.5200,10.00,0.5100,26.00,0.5800,733.21,0.5900,111.85,0.6000,57.39,0.6100,93.70,0.6200,92.25,1088.40,91.28,1179.68,91.28,1088.40,1179.68,0.0100,0.0100,0.8452,-0.8452,0.4296,0.5704,0.7764,0.5508,0.5508,0.7764,61.6628,-126.9367,-126.9367,61.6628
btc-updown-5m-1780095900,1780095919000,281,73367.07,73466.00,98.93,0.0000,0.0000,0.0658,0.1051,0.0040,0.7233,0.002764,0.0798,0.8249,73466.51,0.0000,-0.0007,0.0000,0.0000,0.4700,342.50,0.4600,190.87,0.4500,157.80,0.4400,247.00,0.4300,240.49,0.4800,191.28,0.4900,15.00,0.5000,28.00,0.5100,54.22,0.5200,38.00,0.5200,191.28,0.5100,15.00,0.5000,28.00,0.4900,54.22,0.4800,38.00,0.5300,342.50,0.5400,190.87,0.5500,157.80,0.5600,247.00,0.5700,240.49,1178.66,326.50,1505.16,326.50,1178.66,1505.16,0.0100,0.0100,0.5662,-0.5662,0.4764,0.5236,0.4525,0.6318,0.6318,0.4525,175.9744,-8.8510,-8.8510,175.9744
btc-updown-5m-1780095900,1780095920000,280,73368.39,73466.00,97.61,0.0000,0.0000,0.0227,0.0921,0.0020,0.7233,0.002764,0.0805,0.2815,73466.51,0.0000,-0.0007,0.0000,0.0000,0.4700,246.08,0.4600,198.44,0.4500,223.11,0.4400,377.00,0.4300,270.49,0.4800,258.64,0.4900,20.00,0.5000,146.00,0.5100,46.00,0.5200,68.00,0.5200,258.64,0.5100,20.00,0.5000,146.00,0.4900,46.00,0.4800,68.00,0.5300,246.08,0.5400,198.44,0.5500,223.11,0.5600,377.00,0.5700,270.49,1315.12,538.64,1853.76,538.64,1315.12,1853.76,0.0100,0.0100,0.4189,-0.4189,0.4749,0.5251,0.3380,0.5173,0.5173,0.3380,120.2278,-52.6412,-52.6412,120.2278
btc-updown-5m-1780095900,1780095921000,279,73368.69,73466.00,97.31,0.0000,0.0000,0.0005,0.0926,0.0020,0.7233,0.002764,0.0802,0.0067,73466.55,0.0000,-0.0007,0.0000,0.0000,0.4800,685.39,0.4700,255.98,0.4600,301.52,0.4500,262.11,0.4400,307.25,0.4900,15.09,0.5000,11.00,0.5100,10.00,0.5200,110.00,0.5300,110.00,0.5100,15.09,0.5000,11.00,0.4900,10.00,0.4800,110.00,0.4700,110.00,0.5200,685.39,0.5300,255.98,0.5400,301.52,0.5500,262.11,0.5600,307.25,1812.25,256.09,2068.34,256.09,1812.25,2068.34,0.0100,0.0100,0.7524,-0.7524,0.4898,0.5102,0.5194,0.1019,0.1019,0.5194,248.4653,-120.4272,-120.4272,248.4653
btc-updown-5m-1780095900,1780095922000,278,73368.79,73466.00,97.21,0.0000,0.0000,0.0005,0.0921,0.0020,0.7230,0.002764,0.0802,0.0067,73466.55,0.0000,-0.0007,0.0000,0.0000,0.4800,685.39,0.4700,255.98,0.4600,301.52,0.4500,262.11,0.4400,307.25,0.4900,15.09,0.5000,11.00,0.5100,10.00,0.5200,110.00,0.5300,110.00,0.5100,15.09,0.5000,11.00,0.4900,10.00,0.4800,110.00,0.4700,110.00,0.5200,685.39,0.5300,255.98,0.5400,301.52,0.5500,262.11,0.5600,307.25,1812.25,256.09,2068.34,256.09,1812.25,2068.34,0.0100,0.0100,0.7524,-0.7524,0.4898,0.5102,0.5194,0.1019,0.1019,0.5194,242.3123,-136.3236,-136.3236,242.3123
btc-updown-5m-1780095900,1780095923000,277,73369.13,73466.00,96.87,0.0000,0.0000,0.0000,0.0896,0.0000,0.7227,0.002764,0.0800,0.0000,73466.56,0.0000,-0.0008,0.0000,0.0000,0.5000,65.00,0.4900,619.63,0.4800,249.23,0.4700,190.89,0.4600,243.76,0.5400,30.00,0.5500,146.00,0.5600,124.12,0.5700,151.69,0.5800,85.05,0.4600,30.00,0.4500,146.00,0.4400,124.12,0.4300,151.69,0.4200,85.05,0.5000,65.00,0.5100,619.63,0.5200,249.23,0.5300,190.89,0.5400,243.76,1368.51,536.86,1905.37,536.86,1368.51,1905.37,0.0400,0.0400,0.4365,-0.4365,0.5274,0.4726,0.5003,0.3278,0.3278,0.5003,90.8602,-4.3295,-4.3295,90.8602
btc-updown-5m-1780095900,1780095924000,276,73369.11,73466.00,96.89,0.0000,0.0000,0.1380,0.1618,0.0000,0.7223,0.002764,0.0842,1.6388,73466.55,0.0000,-0.0008,0.0000,0.0000,0.5300,493.20,0.5200,188.29,0.5100,132.00,0.5000,170.89,0.4900,174.63,0.5500,17.56,0.5600,45.00,0.5700,128.23,0.5800,30.38,0.5900,260.95,0.4500,17.56,0.4400,45.00,0.4300,128.23,0.4200,30.38,0.4100,260.95,0.4700,493.20,0.4800,188.29,0.4900,132.00,0.5000,170.89,0.5100,174.63,1159.01,482.12,1641.13,482.12,1159.01,1641.13,0.0200,0.0200,0.4125,-0.4125,0.5493,0.4507,0.5880,0.1298,0.1298,0.5880,11.5508,63.9359,63.9359,11.5508
btc-updown-5m-1780095900,1780095925000,275,73368.82,73466.00,97.18,0.0000,0.0000,0.0000,0.1391,0.0000,0.7220,0.002764,0.0819,0.0000,73466.76,0.0000,-0.0010,0.0000,0.0000,0.5400,7.52,0.5300,130.40,0.5200,111.00,0.5100,81.00,0.5000,175.82,0.5500,359.82,0.5600,110.37,0.5700,155.72,0.5800,164.05,0.5900,294.24,0.4500,359.82,0.4400,110.37,0.4300,155.72,0.4200,164.05,0.4100,294.24,0.4600,7.52,0.4700,130.40,0.4800,111.00,0.4900,81.00,0.5000,175.82,505.74,1084.20,1589.94,1084.20,505.74,1589.94,0.0100,0.0100,-0.3638,0.3638,0.5402,0.4598,0.2727,0.4337,0.4337,0.2727,-118.5767,155.4327,155.4327,-118.5767
btc-updown-5m-1780095900,1780095926000,274,73369.46,73466.00,96.54,0.0000,0.0000,0.0008,0.1394,0.0020,0.7223,0.002764,0.0818,0.0095,73466.77,0.0000,-0.0011,0.0000,0.0000,0.5400,36.76,0.5300,112.79,0.5200,101.00,0.5100,115.50,0.5000,185.82,0.5500,161.43,0.5600,100.00,0.5700,101.00,0.5800,169.05,0.5900,302.36,0.4500,161.43,0.4400,100.00,0.4300,101.00,0.4200,169.05,0.4100,302.36,0.4600,36.76,0.4700,112.79,0.4800,101.00,0.4900,115.50,0.5000,185.82,551.87,833.84,1385.71,833.84,551.87,1385.71,0.0100,0.0100,-0.2035,0.2035,0.5419,0.4581,0.2710,0.3135,0.3135,0.2710,-133.6148,43.0908,43.0908,-133.6148
btc-updown-5m-1780095900,1780095927000,273,73372.43,73466.00,93.57,0.0000,0.0000,0.0000,0.1388,0.0020,0.5650,0.002520,0.0818,0.0000,73466.77,0.0000,-0.0011,0.0000,0.0000,0.5400,25.32,0.5300,95.07,0.5200,71.00,0.5100,160.50,0.5000,170.82,0.5500,224.79,0.5600,148.00,0.5700,286.23,0.5800,155.05,0.5900,256.24,0.4500,224.79,0.4400,148.00,0.4300,286.23,0.4200,155.05,0.4100,256.24,0.4600,25.32,0.4700,95.07,0.4800,71.00,0.4900,160.50,0.5000,170.82,522.71,1070.31,1593.02,1070.31,522.71,1593.02,0.0100,0.0100,-0.3437,0.3437,0.5410,0.4590,0.2303,0.3483,0.3483,0.2303,-231.3597,196.9620,196.9620,-231.3597
btc-updown-5m-1780095900,1780095928000,272,73374.41,73466.00,91.59,0.0000,0.0000,0.0000,0.1388,0.0020,0.5650,0.002520,0.0799,0.0000,73466.84,0.0000,-0.0011,0.0000,0.0000,0.5300,519.27,0.5200,183.00,0.5100,191.00,0.5000,227.00,0.4900,284.63,0.5400,16.88,0.5500,67.55,0.5600,42.38,0.5700,46.00,0.5800,75.68,0.4600,16.88,0.4500,67.55,0.4400,42.38,0.4300,46.00,0.4200,75.68,0.4700,519.27,0.4800,183.00,0.4900,191.00,0.5000,227.00,0.5100,284.63,1404.90,248.49,1653.39,248.49,1404.90,1653.39,0.0100,0.0100,0.6994,-0.6994,0.5397,0.4603,0.4999,0.3398,0.3398,0.4999,-31.4979,14.2812,14.2862,-31.5090
btc-updown-5m-1780095900,1780095929000,271,73374.83,73466.00,91.17,0.0000,0.0000,0.0934,0.0942,0.0040,0.5650,0.002520,0.0829,1.1277,73466.81,-0.0000,-0.0011,0.0000,0.0000,0.5400,483.07,0.5300,235.73,0.5200,225.89,0.5100,181.00,0.5000,197.00,0.5500,23.37,0.5600,20.01,0.5700,30.50,0.5800,75.05,0.5900,192.24,0.4500,23.37,0.4400,20.01,0.4300,30.50,0.4200,75.05,0.4100,192.24,0.4600,483.07,0.4700,235.73,0.4800,225.89,0.4900,181.00,0.5000,197.00,1322.69,341.17,1663.86,341.17,1322.69,1663.86,0.0100,0.0100,0.5899,-0.5899,0.5495,0.4505,0.5434,0.1272,0.1272,0.5434,-34.0931,-31.0590,-31.0590,-34.0931
btc-updown-5m-1780095900,1780095930000,270,73374.88,73466.00,91.12,0.0000,0.0000,0.0245,0.1187,0.0040,0.5647,0.002520,0.0836,0.2926,73466.81,0.0000,-0.0011,0.0000,0.0000,0.5500,587.21,0.5400,199.48,0.5300,180.13,0.5200,240.89,0.5100,141.00,0.5600,49.22,0.5700,10.50,0.5800,89.05,0.5900,180.01,0.6000,62.12,0.4400,49.22,0.4300,10.50,0.4200,89.05,0.4100,180.01,0.4000,62.12,0.4500,587.21,0.4600,199.48,0.4700,180.13,0.4800,240.89,0.4900,141.00,1348.71,390.90,1739.61,390.90,1348.71,1739.61,0.0100,0.0100,0.5506,-0.5506,0.5592,0.4408,0.5833,0.1528,0.1528,0.5833,12.0960,-17.1552,-17.1581,12.0981
btc-updown-5m-1780095900,1780095931000,269,73375.01,73466.00,90.99,0.0000,0.0000,0.0006,0.1185,0.0020,0.3597,0.001998,0.0836,0.0077,73466.81,0.0000,-0.0011,0.0000,0.0000,0.5500,605.10,0.5400,151.48,0.5300,180.13,0.5200,180.89,0.5100,141.00,0.5600,40.29,0.5700,5.00,0.5800,81.05,0.5900,174.24,0.6000,62.12,0.4400,40.29,0.4300,5.00,0.4200,81.05,0.4100,174.24,0.4000,62.12,0.4500,605.10,0.4600,151.48,0.4700,180.13,0.4800,180.89,0.4900,141.00,1258.60,362.70,1621.30,362.70,1258.60,1621.30,0.0100,0.0100,0.5526,-0.5526,0.5594,0.4406,0.6011,0.1249,0.1249,0.6011,145.5083,-139.4472,-139.4472,145.5083
btc-updown-5m-1780095900,1780095932000,268,73375.26,73466.00,90.74,0.0000,0.0000,0.0292,0.1477,0.0020,0.3593,0.001998,0.0815,0.3578,73466.68,0.0000,-0.0009,0.0000,0.0000,0.5500,595.67,0.5400,204.48,0.5300,180.13,0.5200,240.39,0.5100,147.00,0.5700,16.82,0.5800,97.05,0.5900,182.24,0.6000,67.12,0.6100,81.00,0.4300,16.82,0.4200,97.05,0.4100,182.24,0.4000,67.12,0.3900,81.00,0.4500,595.67,0.4600,204.48,0.4700,180.13,0.4800,240.39,0.4900,147.00,1367.67,444.23,1811.90,444.23,1367.67,1811.90,0.0200,0.0200,0.5097,-0.5097,0.5695,0.4305,0.5850,0.2563,0.2563,0.5850,136.6689,-67.2371,-67.2371,136.6689
btc-updown-5m-1780095900,1780095933000,267,73374.78,73466.00,91.22,0.0000,0.0000,0.0035,0.1512,0.0020,0.3590,0.001998,0.0796,0.0437,73466.60,0.0000,-0.0008,0.0000,0.0000,0.5600,482.39,0.5500,183.03,0.5400,174.48,0.5300,210.26,0.5200,170.50,0.5700,41.86,0.5800,85.68,0.5900,179.24,0.6000,132.12,0.6100,81.00,0.4300,41.86,0.4200,85.68,0.4100,179.24,0.4000,132.12,0.3900,81.00,0.4400,482.39,0.4500,183.03,0.4600,174.48,0.4700,210.26,0.4800,170.50,1220.66,519.90,1740.56,519.90,1220.66,1740.56,0.0100,0.0100,0.4026,-0.4026,0.5692,0.4308,0.5451,0.2453,0.2453,0.5451,116.1701,-91.6129,-91.6128,116.1701
btc-updown-5m-1780095900,1780095934000,266,73374.78,73466.00,91.22,0.0000,0.0000,0.0724,0.1302,0.0000,0.3587,0.001998,0.0819,0.8841,73466.58,0.0000,-0.0008,0.0000,0.0000,0.5600,506.02,0.5500,165.31,0.5400,169.48,0.5300,180.26,0.5200,165.50,0.5700,29.80,0.5800,85.68,0.5900,179.24,0.6000,102.12,0.6100,81.00,0.4300,29.80,0.4200,85.68,0.4100,179.24,0.4000,102.12,0.3900,81.00,0.4400,506.02,0.4500,165.31,0.4600,169.48,0.4700,180.26,0.4800,165.50,1186.57,477.84,1664.41,477.84,1186.57,1664.41,0.0100,0.0100,0.4258,-0.4258,0.5694,0.4306,0.5658,0.2417,0.2417,0.5658,-37.2565,33.0234,33.0234,-37.2565
btc-updown-5m-1780095900,1780095935000,265,73375.42,73466.00,90.58,0.0000,0.0000,0.0045,0.1102,0.0000,0.3587,0.001998,0.0800,0.0562,73466.49,-0.0000,-0.0007,0.0000,0.0000,0.5600,442.22,0.5500,175.89,0.5400,184.48,0.5300,195.14,0.5200,186.94,0.5700,19.16,0.5800,75.68,0.5900,168.24,0.6000,117.12,0.6100,81.00,0.4300,19.16,0.4200,75.68,0.4100,168.24,0.4000,117.12,0.3900,81.00,0.4400,442.22,0.4500,175.89,0.4600,184.48,0.4700,195.14,0.4800,186.94,1184.67,461.20,1645.87,461.20,1184.67,1645.87,0.0100,0.0100,0.4396,-0.4396,0.5696,0.4304,0.5218,0.2056,0.2056,0.5218,-34.7588,22.3711,22.3711,-34.7588
btc-updown-5m-1780095900,1780095936000,264,73375.47,73466.00,90.53,0.0000,0.0000,0.0496,0.1592,0.0020,0.2477,0.001796,0.0816,0.6078,73466.48,0.0000,-0.0007,0.0000,0.0000,0.5600,424.36,0.5500,187.71,0.5400,139.48,0.5300,175.14,0.5200,147.94,0.5700,49.16,0.5800,105.68,0.5900,198.24,0.6000,117.12,0.6100,111.00,0.4300,49.16,0.4200,105.68,0.4100,198.24,0.4000,117.12,0.3900,111.00,0.4400,424.36,0.4500,187.71,0.4600,139.48,0.4700,175.14,0.4800,147.94,1074.63,581.20,1655.83,581.20,1074.63,1655.83,0.0100,0.0100,0.2980,-0.2980,0.5690,0.4310,0.5696,0.2664,0.2664,0.5696,-48.2790,33.5212,33.5153,-48.2705
btc-updown-5m-1780095900,1780095937000,263,73376.06,73466.00,89.94,0.0000,0.0000,0.0100,0.1400,0.0020,0.2477,0.001796,0.0796,0.1257,73466.28,0.0000,-0.0004,0.0000,0.0000,0.5600,394.17,0.5500,163.07,0.5400,139.48,0.5300,150.14,0.5200,151.50,0.5700,27.81,0.5800,107.05,0.5900,206.24,0.6000,112.12,0.6100,101.00,0.4300,27.81,0.4200,107.05,0.4100,206.24,0.4000,112.12,0.3900,101.00,0.4400,394.17,0.4500,163.07,0.4600,139.48,0.4700,150.14,0.4800,151.50,998.36,554.22,1552.58,554.22,998.36,1552.58,0.0100,0.0100,0.2861,-0.2861,0.5693,0.4307,0.5582,0.2433,0.2433,0.5582,-17.9520,33.6262,33.6380,-17.9583
btc-updown-5m-1780095900,1780095938000,262,73376.07,73466.00,89.93,0.0000,0.0000,0.0607,0.1972,0.0040,0.2477,0.001796,0.0815,0.7445,73466.27,0.0000,-0.0004,0.0000,0.0000,0.5700,225.20,0.5600,281.12,0.5500,126.07,0.5400,109.48,0.5300,145.48,0.5800,74.95,0.5900,199.24,0.6000,74.12,0.6100,71.00,0.6200,66.00,0.4200,74.95,0.4100,199.24,0.4000,74.12,0.3900,71.00,0.3800,66.00,0.4300,225.20,0.4400,281.12,0.4500,126.07,0.4600,109.48,0.4700,145.48,887.35,485.31,1372.66,485.31,887.35,1372.66,0.0100,0.0100,0.2929,-0.2929,0.5775,0.4225,0.5706,0.5650,0.5650,0.5706,-62.7480,0.4024,0.4024,-62.7480
btc-updown-5m-1780095900,1780095939000,261,73375.41,73465.99,90.58,-0.0000,-0.0000,0.0006,0.1253,0.0060,0.2480,0.001796,0.0815,0.0069,73466.27,-0.0000,-0.0004,-0.0123,-0.0000,0.5700,363.88,0.5600,215.73,0.5500,166.07,0.5400,136.00,0.5300,140.25,0.5800,63.67,0.5900,261.24,0.6000,79.12,0.6100,79.00,0.6200,61.00,0.4200,63.67,0.4100,261.24,0.4000,79.12,0.3900,79.00,0.3800,61.00,0.4300,363.88,0.4400,215.73,0.4500,166.07,0.4600,136.00,0.4700,140.25,1021.93,544.03,1565.96,544.03,1021.93,1565.96,0.0100,0.0100,0.3052,-0.3052,0.5785,0.4215,0.5672,0.5972,0.5972,0.5672,-33.0831,4.0170,4.0170,-33.0831
btc-updown-5m-1780095900,1780095940000,260,73375.41,73465.99,90.58,0.0000,-0.0000,0.0000,0.1208,0.0060,0.2477,0.001796,0.0789,0.0000,73466.03,-0.0000,-0.0001,0.0000,0.0000,0.5700,361.68,0.5600,232.54,0.5500,181.07,0.5400,136.00,0.5300,140.25,0.5800,57.23,0.5900,201.24,0.6000,79.12,0.6100,79.00,0.6200,61.00,0.4200,57.23,0.4100,201.24,0.4000,79.12,0.3900,79.00,0.3800,61.00,0.4300,361.68,0.4400,232.54,0.4500,181.07,0.4600,136.00,0.4700,140.25,1051.54,477.59,1529.13,477.59,1051.54,1529.13,0.0100,0.0100,0.3753,-0.3753,0.5786,0.4214,0.5651,0.5412,0.5412,0.5651,-24.4736,9.4746,9.4804,-24.4886
btc-updown-5m-1780095900,1780095941000,259,73375.44,73466.00,90.56,0.0000,0.0000,0.0007,0.0720,0.0060,0.2480,0.001796,0.0785,0.0094,73465.99,0.0000,0.0000,0.0123,0.0000,0.5700,257.01,0.5600,125.73,0.5500,86.06,0.5400,81.00,0.5300,80.25,0.5800,232.05,0.5900,175.24,0.6000,80.03,0.6100,71.00,0.6200,61.00,0.4200,232.05,0.4100,175.24,0.4000,80.03,0.3900,71.00,0.3800,61.00,0.4300,257.01,0.4400,125.73,0.4500,86.06,0.4600,81.00,0.4700,80.25,630.05,619.32,1249.37,619.32,630.05,1249.37,0.0100,0.0100,0.0086,-0.0086,0.5753,0.4247,0.6075,0.6576,0.6576,0.6075,-92.0531,26.2440,26.2440,-92.0531
btc-updown-5m-1780095900,1780095942000,258,73375.44,73466.00,90.56,0.0000,0.0000,0.0000,0.0620,0.0060,0.0030,0.000004,0.0785,0.0000,73465.99,0.0000,0.0000,0.0000,0.0000,0.5700,206.37,0.5600,93.71,0.5500,88.06,0.5400,51.00,0.5300,50.25,0.5800,391.07,0.5900,269.24,0.6000,123.12,0.6100,101.00,0.6200,101.00,0.4200,391.07,0.4100,269.24,0.4000,123.12,0.3900,101.00,0.3800,101.00,0.4300,206.37,0.4400,93.71,0.4500,88.06,0.4600,51.00,0.4700,50.25,489.39,985.43,1474.82,985.43,489.39,1474.82,0.0100,0.0100,-0.3363,0.3363,0.5735,0.4265,0.6132,0.6701,0.6701,0.6132,-120.2405,86.2766,86.2938,-120.2646
btc-updown-5m-1780095900,1780095943000,257,73375.44,73466.00,90.56,0.0000,0.0000,0.0000,0.0013,0.0040,0.0027,0.000004,0.0204,0.0000,73466.00,0.0000,0.0000,0.0000,0.0000,0.5700,216.95,0.5600,66.71,0.5500,118.06,0.5400,81.00,0.5300,80.25,0.5800,214.36,0.5900,254.24,0.6000,93.12,0.6100,71.00,0.6200,71.00,0.4200,214.36,0.4100,254.24,0.4000,93.12,0.3900,71.00,0.3800,71.00,0.4300,216.95,0.4400,66.71,0.4500,118.06,0.4600,81.00,0.4700,80.25,562.97,703.72,1266.69,703.72,562.97,1266.69,0.0100,0.0100,-0.1111,0.1111,0.5750,0.4250,0.5039,0.6659,0.6659,0.5039,-84.8928,23.9977,24.0016,-84.9065
btc-updown-5m-1780095900,1780095944000,256,73376.27,73466.00,89.73,0.0000,0.0000,0.0000,0.0007,0.0020,0.0027,0.000004,0.0201,0.0000,73466.00,0.0000,0.0000,0.0000,0.0000,0.5700,214.95,0.5600,66.71,0.5500,88.06,0.5400,81.00,0.5300,116.58,0.5800,158.25,0.5900,263.24,0.6000,91.12,0.6100,79.00,0.6200,61.00,0.4200,158.25,0.4100,263.24,0.4000,91.12,0.3900,79.00,0.3800,61.00,0.4300,214.95,0.4400,66.71,0.4500,88.06,0.4600,81.00,0.4700,116.58,567.30,652.61,1219.91,652.61,567.30,1219.91,0.0100,0.0100,-0.0699,0.0699,0.5758,0.4242,0.4965,0.6459,0.6459,0.4965,-78.8076,30.6343,30.6343,-78.8076
btc-updown-5m-1780095900,1780095945000,255,73375.44,73466.00,90.56,0.0000,0.0000,0.0000,0.0007,0.0020,0.0023,0.000004,0.0199,0.0000,73466.00,0.0000,0.0000,0.0000,0.0000,0.5900,535.16,0.5800,100.38,0.5700,86.00,0.5600,136.00,0.5500,151.00,0.6000,110.86,0.6100,61.07,0.6200,81.73,0.6300,76.00,0.6400,410.34,0.4000,110.86,0.3900,61.07,0.3800,81.73,0.3700,76.00,0.3600,410.34,0.4100,535.16,0.4200,100.38,0.4300,86.00,0.4400,136.00,0.4500,151.00,1008.54,740.00,1748.54,740.00,1008.54,1748.54,0.0100,0.0100,0.1536,-0.1536,0.5983,0.4017,0.6302,0.2323,0.2323,0.6302,-2.2710,33.2378,33.2378,-2.2710
btc-updown-5m-1780095900,1780095946000,254,73375.45,73465.99,90.54,-0.0000,-0.0000,0.0017,0.0017,0.0020,0.0027,0.000004,0.0188,0.0887,73466.00,-0.0000,-0.0000,-0.0123,-0.0000,0.5900,88.40,0.5800,26.00,0.5700,31.00,0.5600,51.00,0.5500,26.00,0.6000,350.55,0.6100,113.90,0.6200,117.00,0.6300,116.71,0.6400,425.94,0.4000,350.55,0.3900,113.90,0.3800,117.00,0.3700,116.71,0.3600,425.94,0.4100,88.40,0.4200,26.00,0.4300,31.00,0.4400,51.00,0.4500,26.00,222.40,1124.10,1346.50,1124.10,222.40,1346.50,0.0100,0.0100,-0.6697,0.6697,0.5920,0.4080,0.5144,0.4132,0.4132,0.5144,-83.0075,102.7856,102.8275,-83.0414
btc-updown-5m-1780095900,1780095947000,253,73375.44,73465.99,90.55,0.0000,-0.0000,0.0001,0.0018,0.0020,0.0027,0.000004,0.0188,0.0048,73466.00,-0.0000,-0.0000,0.0000,0.0000,0.5500,8.51,0.5400,20.00,0.5300,65.14,0.5200,96.28,0.5100,101.00,0.5600,494.87,0.5700,128.32,0.5800,112.10,0.5900,146.78,0.6000,92.00,0.4400,494.87,0.4300,128.32,0.4200,112.10,0.4100,146.78,0.4000,92.00,0.4500,8.51,0.4600,20.00,0.4700,65.14,0.4800,96.28,0.4900,101.00,290.93,974.07,1265.00,974.07,290.93,1265.00,0.0100,0.0100,-0.5400,0.5400,0.5502,0.4498,0.0980,0.6398,0.6398,0.0980,-57.6147,60.2701,60.1373,-57.4877
btc-updown-5m-1780095900,1780095948000,252,73375.45,73466.00,90.55,0.0000,0.0000,0.0007,0.0024,0.0040,0.0027,0.000005,0.0188,0.0367,73466.00,0.0000,0.0000,0.0123,0.0000,0.4300,120.97,0.4200,159.47,0.4100,61.55,0.4000,33.80,0.3900,57.57,0.4400,470.38,0.4500,8.00,0.4600,16.00,0.4700,61.00,0.4800,104.00,0.5600,470.38,0.5500,8.00,0.5400,16.00,0.5300,61.00,0.5200,104.00,0.5700,120.97,0.5800,159.47,0.5900,61.55,0.6000,33.80,0.6100,57.57,433.36,659.38,1092.74,659.38,433.36,1092.74,0.0100,0.0100,-0.2068,0.2068,0.4320,0.5680,0.6471,0.7255,0.7255,0.6471,-9.4581,-55.0388,-55.0388,-9.4581
btc-updown-5m-1780095900,1780095949000,251,73374.34,73466.00,91.66,0.0000,0.0000,0.0394,0.0419,0.0040,0.0027,0.000005,0.0200,1.9719,73466.00,0.0000,0.0000,0.0000,0.0000,0.4300,153.62,0.4200,59.00,0.4100,33.53,0.4000,57.88,0.3900,87.87,0.4400,366.98,0.4500,68.00,0.4600,61.00,0.4700,104.00,0.4800,94.00,0.5600,366.98,0.5500,68.00,0.5400,61.00,0.5300,104.00,0.5200,94.00,0.5700,153.62,0.5800,59.00,0.5900,33.53,0.6000,57.88,0.6100,87.87,391.90,693.98,1085.88,693.98,391.90,1085.88,0.0100,0.0100,-0.2782,0.2782,0.4330,0.5670,0.5425,0.6268,0.6268,0.5425,-31.4178,-1.7888,-1.7888,-31.4178
btc-updown-5m-1780095900,1780095950000,250,73369.91,73465.99,96.08,-0.0000,-0.0000,0.0024,0.0443,0.0060,0.0030,0.000006,0.0180,0.1348,73466.00,-0.0000,-0.0000,-0.0131,-0.0000,0.4300,680.07,0.4200,190.30,0.4100,126.40,0.4000,162.88,0.3900,166.50,0.4400,82.65,0.4500,5.00,0.4600,15.00,0.4700,26.00,0.4800,34.00,0.5600,82.65,0.5500,5.00,0.5400,15.00,0.5300,26.00,0.5200,34.00,0.5700,680.07,0.5800,190.30,0.5900,126.40,0.6000,162.88,0.6100,166.50,1326.15,162.65,1488.80,162.65,1326.15,1488.80,0.0100,0.0100,0.7815,-0.7815,0.4389,0.5611,0.6563,0.5389,0.5389,0.6563,122.7317,-79.2431,-79.2559,122.7515
btc-updown-5m-1780095900,1780095951000,249,73367.94,73465.99,98.05,0.0000,0.0000,0.0021,0.0447,0.0060,0.0033,0.000006,0.0173,0.1191,73466.00,-0.0000,-0.0000,0.0000,0.0000,0.4300,528.84,0.4200,165.00,0.4100,141.00,0.4000,142.88,0.3900,161.50,0.4400,14.46,0.4500,10.00,0.4600,10.00,0.4700,51.00,0.4800,31.00,0.5600,14.46,0.5500,10.00,0.5400,10.00,0.5300,51.00,0.5200,31.00,0.5700,528.84,0.5800,165.00,0.5900,141.00,0.6000,142.88,0.6100,161.50,1139.22,116.46,1255.68,116.46,1139.22,1255.68,0.0100,0.0100,0.8145,-0.8145,0.4397,0.5603,0.6090,0.2100,0.2100,0.6090,22.3080,-107.8662,-107.8662,22.3080
btc-updown-5m-1780095900,1780095952000,248,73367.22,73465.99,98.77,0.0000,0.0000,0.0381,0.0827,0.0060,0.0033,0.000006,0.0185,2.0588,73466.00,-0.0000,-0.0000,0.0000,0.0000,0.3900,89.88,0.3800,96.00,0.3700,126.60,0.3600,194.60,0.3500,200.70,0.4400,253.20,0.4500,56.10,0.4600,18.00,0.4700,57.00,0.4800,76.00,0.5600,253.20,0.5500,56.10,0.5400,18.00,0.5300,57.00,0.5200,76.00,0.6100,89.88,0.6200,96.00,0.6300,126.60,0.6400,194.60,0.6500,200.70,707.78,460.30,1168.08,460.30,707.78,1168.08,0.0500,0.0500,0.2119,-0.2119,0.4031,0.5969,0.2626,0.6720,0.6720,0.2626,58.4979,-85.2033,-85.1758,58.4790
btc-updown-5m-1780095900,1780095953000,247,73367.25,73465.99,98.74,0.0000,-0.0000,0.0060,0.0880,0.0060,0.0037,0.000006,0.0187,0.3207,73466.00,-0.0000,-0.0000,0.0000,0.0000,0.4300,1.04,0.4000,32.38,0.3900,18.00,0.3800,133.50,0.3700,126.60,0.4400,379.08,0.4500,61.10,0.4600,31.00,0.4700,64.00,0.4800,51.00,0.5600,379.08,0.5500,61.10,0.5400,31.00,0.5300,64.00,0.5200,51.00,0.5700,1.04,0.6000,32.38,0.6100,18.00,0.6200,133.50,0.6300,126.60,311.52,586.18,897.70,586.18,311.52,897.70,0.0100,0.0100,-0.3060,0.3060,0.4300,0.5700,0.1073,0.7509,0.7509,0.1073,3.4698,-65.3674,-65.4888,3.4763
btc-updown-5m-1780095900,1780095954000,246,73367.32,73465.99,98.67,0.0000,-0.0000,0.0320,0.0806,0.0060,0.0037,0.000006,0.0197,1.6236,73466.00,-0.0000,-0.0000,0.0000,0.0000,0.4200,112.52,0.4100,25.00,0.4000,36.38,0.3900,18.00,0.3800,108.50,0.4300,409.99,0.4400,51.00,0.4500,61.10,0.4600,36.00,0.4700,67.00,0.5700,409.99,0.5600,51.00,0.5500,61.10,0.5400,36.00,0.5300,67.00,0.5800,112.52,0.5900,25.00,0.6000,36.38,0.6100,18.00,0.6200,108.50,300.40,625.09,925.49,625.09,300.40,925.49,0.0100,0.0100,-0.3508,0.3508,0.4222,0.5778,0.4578,0.7375,0.7375,0.4578,22.3317,16.7956,16.7990,22.3317
btc-updown-5m-1780095900,1780095955000,245,73367.34,73465.99,98.65,0.0000,0.0000,0.0000,0.0781,0.0040,0.0037,0.000006,0.0153,0.0000,73466.00,-0.0000,-0.0000,0.0000,0.0000,0.4000,30.00,0.3900,18.00,0.3800,132.61,0.3700,164.49,0.3600,221.60,0.4100,350.99,0.4200,76.00,0.4300,83.50,0.4400,46.00,0.4500,56.00,0.5900,350.99,0.5800,76.00,0.5700,83.50,0.5600,46.00,0.5500,56.00,0.6000,30.00,0.6100,18.00,0.6200,132.61,0.6300,164.49,0.6400,221.60,566.70,612.49,1179.19,612.49,566.70,1179.19,0.0100,0.0100,-0.0388,0.0388,0.4008,0.5992,0.0847,0.6971,0.6971,0.0847,13.6994,0.9665,0.9668,13.7042
btc-updown-5m-1780095900,1780095956000,244,73366.76,73466.00,99.24,0.0000,0.0000,0.0240,0.1001,0.0040,0.0037,0.000006,0.0160,1.4995,73466.00,0.0000,0.0000,0.0135,0.0000,0.4000,210.76,0.3900,100.00,0.3800,187.61,0.3700,219.49,0.3600,271.60,0.4100,252.79,0.4200,76.00,0.4300,113.50,0.4400,51.00,0.4500,26.00,0.5900,252.79,0.5800,76.00,0.5700,108.50,0.5600,51.00,0.5500,26.00,0.6000,210.76,0.6100,100.00,0.6200,187.61,0.6300,219.49,0.6400,271.60,989.46,519.29,1508.75,514.29,989.46,1503.75,0.0100,0.0100,0.3116,-0.3160,0.4045,0.5955,0.3141,0.6332,0.6393,0.3141,-43.3624,56.9638,56.1215,-43.3482
btc-updown-5m-1780095900,1780095957000,243,73366.69,73465.99,99.30,-0.0000,0.0000,0.0002,0.0622,0.0060,0.0040,0.000007,0.0160,0.0106,73466.00,-0.0000,-0.0000,-0.0135,-0.0000,0.4000,485.40,0.3900,111.00,0.3800,200.61,0.3700,244.51,0.3600,241.60,0.4100,189.86,0.4200,76.00,0.4300,58.50,0.4400,56.00,0.4500,26.00,0.5900,189.86,0.5800,76.00,0.5700,58.50,0.5600,56.00,0.5500,26.00,0.6000,485.40,0.6100,111.00,0.6200,200.61,0.6300,244.51,0.6400,241.60,1283.12,406.36,1689.48,406.36,1283.12,1689.48,0.0100,0.0100,0.5190,-0.5190,0.4072,0.5928,0.4648,0.6542,0.6542,0.4648,15.0544,57.2844,57.2844,15.0544
btc-updown-5m-1780095900,1780095958000,242,73366.62,73465.99,99.37,0.0000,0.0000,0.0015,0.0577,0.0040,0.0040,0.000007,0.0161,0.0909,73466.00,-0.0000,-0.0000,0.0000,0.0000,0.4300,482.18,0.4200,187.00,0.4100,391.74,0.4000,449.05,0.3900,206.30,0.5100,12.41,0.5200,36.00,0.5300,31.00,0.5400,39.00,0.5500,34.41,0.4900,12.41,0.4800,36.00,0.4700,31.00,0.4600,39.00,0.4500,34.41,0.5700,482.18,0.5800,187.00,0.5900,391.74,0.6000,449.05,0.6100,206.30,1716.27,152.82,1869.09,152.82,1716.27,1869.09,0.0800,0.0800,0.8365,-0.8365,0.5080,0.4920,0.3899,0.3168,0.3168,0.3899,197.3848,-45.8668,-45.8668,197.3848
btc-updown-5m-1780095900,1780095959000,241,73366.62,73466.00,99.38,0.0000,0.0000,0.0163,0.0420,0.0060,0.0040,0.000007,0.0166,0.9845,73466.00,0.0000,0.0000,0.0135,0.0000,0.4400,197.27,0.4300,285.65,0.4200,393.30,0.4100,356.40,0.4000,168.29,0.5200,38.32,0.5300,59.00,0.5400,68.71,0.5500,85.41,0.5600,86.00,0.4800,38.32,0.4700,59.00,0.4600,68.71,0.4500,85.41,0.4400,86.00,0.5600,197.27,0.5700,285.65,0.5800,393.30,0.5900,356.40,0.6000,168.29,1400.91,337.44,1738.35,337.44,1400.91,1738.35,0.0800,0.0800,0.6118,-0.6118,0.5070,0.4930,0.3447,0.2884,0.2884,0.3447,184.6291,-48.9755,-40.1907,176.0204
btc-updown-5m-1780095900,1780095960000,240,73366.62,73466.00,99.38,0.0000,0.0000,0.0027,0.0447,0.0060,0.0040,0.000007,0.0137,0.1955,73466.00,0.0000,0.0000,0.0000,0.0000,0.5000,7.00,0.4900,5.00,0.4800,17.00,0.4700,45.00,0.4600,91.00,0.5200,536.66,0.5300,91.64,0.5400,138.71,0.5500,135.41,0.5600,136.00,0.4800,536.66,0.4700,91.64,0.4600,138.71,0.4500,135.41,0.4400,136.00,0.5000,7.00,0.5100,5.00,0.5200,17.00,0.5300,45.00,0.5400,91.00,165.00,1038.42,1203.42,1038.42,165.00,1203.42,0.0200,0.0200,-0.7258,0.7258,0.5003,0.4997,0.0727,0.6051,0.6051,0.0727,-23.2008,70.8242,70.8242,-23.2008
btc-updown-5m-1780095900,1780095961000,239,73367.01,73466.00,98.99,0.0000,0.0000,0.0000,0.0206,0.0040,0.0040,0.000007,0.0129,0.0000,73466.00,0.0000,0.0000,0.0000,0.0000,0.4900,8.35,0.4800,10.00,0.4700,47.93,0.4600,60.00,0.4500,98.30,0.5000,457.05,0.5100,113.00,0.5200,155.66,0.5300,86.79,0.5400,108.71,0.5000,457.05,0.4900,113.00,0.4800,155.66,0.4700,86.79,0.4600,108.71,0.5100,8.35,0.5200,10.00,0.5300,47.93,0.5400,60.00,0.5500,98.30,224.58,921.21,1145.79,921.21,224.58,1145.79,0.0100,0.0100,-0.6080,0.6080,0.4902,0.5098,0.0817,0.6188,0.6188,0.0817,-74.7478,45.0755,45.0683,-74.7358
btc-updown-5m-1780095900,1780095962000,238,73369.91,73465.99,96.08,-0.0000,0.0000,0.0003,0.0208,0.0040,0.0043,0.000007,0.0129,0.0241,73466.00,-0.0000,-0.0000,-0.0131,-0.0000,0.4900,2.15,0.4800,46.00,0.4700,57.93,0.4600,60.00,0.4500,83.30,0.5000,404.92,0.5100,91.00,0.5200,160.66,0.5300,86.00,0.5400,133.71,0.5000,404.92,0.4900,91.00,0.4800,160.66,0.4700,86.00,0.4600,133.71,0.5100,2.15,0.5200,46.00,0.5300,57.93,0.5400,60.00,0.5500,83.30,249.38,876.29,1125.67,876.29,249.38,1125.67,0.0100,0.0100,-0.5569,0.5569,0.4901,0.5099,0.1931,0.5659,0.5659,0.1931,-130.1354,62.7747,63.6539,-130.1354
btc-updown-5m-1780095900,1780095963000,237,73369.33,73465.99,96.66,0.0000,0.0000,0.0000,0.0193,0.0040,0.0043,0.000007,0.0119,0.0000,73466.00,-0.0000,-0.0000,0.0000,0.0000,0.4800,8.34,0.4700,62.93,0.4600,112.00,0.4500,70.00,0.4400,259.93,0.4900,423.02,0.5000,153.25,0.5100,106.00,0.5200,181.78,0.5300,171.00,0.5100,423.02,0.5000,153.25,0.4900,106.00,0.4800,181.78,0.4700,171.00,0.5200,8.34,0.5300,62.93,0.5400,112.00,0.5500,70.00,0.5600,259.93,513.20,1035.05,1548.25,1035.05,513.20,1548.25,0.0100,0.0100,-0.3371,0.3371,0.4802,0.5198,0.1389,0.5568,0.5568,0.1389,-164.6552,91.0902,91.0735,-164.6251
btc-updown-5m-1780095900,1780095964000,236,73367.75,73466.00,98.25,0.0000,0.0000,0.0617,0.0647,0.0040,0.0047,0.000008,0.0138,4.4731,73466.00,0.0000,0.0000,0.0134,0.0000,0.4800,34.11,0.4700,100.93,0.4600,145.00,0.4500,85.30,0.4400,250.27,0.4900,400.60,0.5000,153.25,0.5100,114.32,0.5200,153.46,0.5300,166.00,0.5100,400.60,0.5000,153.25,0.4900,114.32,0.4800,153.46,0.4700,166.00,0.5200,34.11,0.5300,100.93,0.5400,145.00,0.5500,85.30,0.5600,250.27,615.61,987.63,1603.24,987.63,615.61,1603.24,0.0100,0.0100,-0.2320,0.2320,0.4808,0.5192,0.2194,0.5608,0.5608,0.2194,-166.5284,144.7276,144.7276,-166.5284
btc-updown-5m-1780095900,1780095965000,235,73368.44,73466.00,97.56,0.0000,0.0000,0.0002,0.0622,0.0040,0.0047,0.000008,0.0115,0.0174,73466.00,0.0000,0.0000,0.0000,0.0000,0.4800,33.63,0.4700,99.93,0.4600,160.00,0.4500,88.00,0.4400,257.27,0.4900,311.77,0.5000,163.25,0.5100,109.32,0.5200,158.46,0.5300,160.00,0.5100,311.77,0.5000,163.25,0.4900,109.32,0.4800,158.46,0.4700,160.00,0.5200,33.63,0.5300,99.93,0.5400,160.00,0.5500,88.00,0.5600,257.27,638.83,902.80,1541.63,902.80,638.83,1541.63,0.0100,0.0100,-0.1712,0.1712,0.4810,0.5190,0.2091,0.5262,0.5262,0.2091,-23.2426,103.1228,103.1228,-23.2426
btc-updown-5m-1780095900,1780095966000,234,73368.51,73466.00,97.49,0.0000,0.0000,0.0005,0.0628,0.0040,0.0043,0.000008,0.0113,0.0476,73466.00,0.0000,0.0000,0.0000,0.0000,0.4800,108.31,0.4700,209.93,0.4600,176.00,0.4500,194.30,0.4400,244.27,0.4900,102.47,0.5000,108.25,0.5100,59.32,0.5200,98.46,0.5300,31.00,0.5100,102.47,0.5000,108.25,0.4900,59.32,0.4800,98.46,0.4700,31.00,0.5200,108.31,0.5300,209.93,0.5400,176.00,0.5500,194.30,0.5600,244.27,932.81,399.50,1332.31,399.50,932.81,1332.31,0.0100,0.0100,0.4003,-0.4003,0.4851,0.5149,0.3412,0.5275,0.5275,0.3412,142.5064,-87.9524,-87.9524,142.5064
btc-updown-5m-1780095900,1780095967000,233,73368.51,73465.99,97.48,-0.0000,0.0000,0.0026,0.0651,0.0040,0.0047,0.000008,0.0098,0.2667,73466.00,-0.0000,-0.0000,-0.0133,-0.0000,0.4700,119.93,0.4600,60.00,0.4500,133.30,0.4400,169.27,0.4300,143.24,0.4800,14.80,0.4900,400.71,0.5000,153.25,0.5100,86.00,0.5200,237.07,0.5200,14.80,0.5100,400.71,0.5000,153.25,0.4900,86.00,0.4800,237.07,0.5300,119.93,0.5400,60.00,0.5500,133.30,0.5600,169.27,0.5700,143.24,625.74,891.83,1517.57,891.83,625.74,1517.57,0.0100,0.0100,-0.1753,0.1753,0.4789,0.5211,0.2875,0.4659,0.4659,0.2875,65.2695,-4.3951,-4.3951,65.2695
btc-updown-5m-1780095900,1780095968000,232,73368.84,73465.99,97.15,0.0000,0.0000,0.0000,0.0651,0.0040,0.0043,0.000008,0.0095,0.0000,73466.00,-0.0000,-0.0000,0.0000,0.0000,0.4700,65.85,0.4600,67.00,0.4500,88.30,0.4400,169.27,0.4300,137.30,0.4800,213.60,0.4900,119.42,0.5000,138.06,0.5100,86.00,0.5200,229.62,0.5200,213.60,0.5100,119.42,0.5000,138.06,0.4900,86.00,0.4800,229.62,0.5300,65.85,0.5400,67.00,0.5500,88.30,0.5600,169.27,0.5700,137.30,527.72,786.70,1314.42,786.70,527.72,1314.42,0.0100,0.0100,-0.1970,0.1970,0.4724,0.5276,0.2517,0.4233,0.4233,0.2517,-4.9335,-44.7649,-44.7649,-4.9335
btc-updown-5m-1780095900,1780095969000,231,73368.91,73465.99,97.08,0.0000,-0.0000,0.0084,0.0118,0.0040,0.0043,0.000008,0.0078,1.0776,73466.00,-0.0000,-0.0000,0.0000,0.0000,0.4700,96.41,0.4600,40.00,0.4500,170.30,0.4400,210.27,0.4300,147.53,0.4800,293.90,0.4900,114.42,0.5000,145.06,0.5100,93.43,0.5200,173.95,0.5200,293.90,0.5100,114.42,0.5000,145.06,0.4900,93.43,0.4800,173.95,0.5300,96.41,0.5400,40.00,0.5500,170.30,0.5600,210.27,0.5700,147.53,664.51,820.76,1485.27,820.76,664.51,1485.27,0.0100,0.0100,-0.1052,0.1052,0.4725,0.5275,0.2053,0.4975,0.4975,0.2053,25.2562,-35.7687,-35.7627,25.2520
btc-updown-5m-1780095900,1780095970000,230,73368.43,73466.00,97.57,0.0000,0.0000,1.0000,1.0116,0.0060,0.0047,0.000008,0.0401,24.9666,73466.00,0.0000,0.0000,0.0133,0.0000,0.4700,89.52,0.4600,45.53,0.4500,155.30,0.4400,210.27,0.4300,141.60,0.4800,315.91,0.4900,142.74,0.5000,145.06,0.5100,93.43,0.5200,168.46,0.5200,315.91,0.5100,142.74,0.5000,145.06,0.4900,93.43,0.4800,168.46,0.5300,89.52,0.5400,45.53,0.5500,155.30,0.5600,210.27,0.5700,141.60,642.22,865.60,1507.82,865.60,642.22,1507.82,0.0100,0.0100,-0.1481,0.1481,0.4722,0.5278,0.2103,0.5299,0.5299,0.2103,15.8250,-13.1235,-13.1258,15.8277
btc-updown-5m-1780095900,1780095971000,229,73369.01,73466.00,96.99,0.0000,0.0000,0.0000,1.0110,0.0060,0.0043,0.000008,0.0401,0.0000,73466.00,0.0000,0.0000,0.0000,0.0000,0.4700,251.50,0.4600,167.28,0.4500,206.30,0.4400,247.27,0.4300,196.60,0.4800,114.26,0.4900,71.42,0.5000,83.06,0.5100,33.43,0.5200,118.46,0.5200,114.26,0.5100,71.42,0.5000,83.06,0.4900,33.43,0.4800,118.46,0.5300,251.50,0.5400,167.28,0.5500,206.30,0.5600,247.27,0.5700,196.60,1068.95,420.63,1489.58,420.63,1068.95,1489.58,0.0100,0.0100,0.4352,-0.4352,0.4769,0.5231,0.3918,0.4414,0.4414,0.3918,75.8737,-95.5168,-95.5168,75.8737
btc-updown-5m-1780095900,1780095972000,228,73369.05,73465.99,96.94,-0.0000,0.0000,0.0097,1.0182,0.0060,0.0047,0.000008,0.0403,0.2412,73466.00,-0.0000,-0.0000,-0.0132,-0.0000,0.4700,153.46,0.4600,160.83,0.4500,216.30,0.4400,261.27,0.4300,197.30,0.4800,167.17,0.4900,81.42,0.5000,101.38,0.5100,33.43,0.5200,98.46,0.5200,167.17,0.5100,81.42,0.5000,101.38,0.4900,33.43,0.4800,98.46,0.5300,153.46,0.5400,160.83,0.5500,216.30,0.5600,261.27,0.5700,197.30,989.16,481.86,1471.02,481.86,989.16,1471.02,0.0100,0.0100,0.3449,-0.3449,0.4748,0.5252,0.3177,0.5159,0.5159,0.3177,24.0350,14.7089,14.7089,24.0350
btc-updown-5m-1780095900,1780095973000,227,73369.06,73466.00,96.94,0.0000,0.0000,0.0003,1.0184,0.0080,0.0050,0.000009,0.0404,0.0067,73466.00,0.0000,0.0000,0.0132,0.0000,0.4700,114.04,0.4600,165.83,0.4500,201.30,0.4400,266.27,0.4300,197.30,0.4800,177.17,0.4900,71.42,0.5000,111.38,0.5100,33.43,0.5200,98.46,0.5200,177.17,0.5100,71.42,0.5000,111.38,0.4900,33.43,0.4800,98.46,0.5300,114.04,0.5400,165.83,0.5500,201.30,0.5600,266.27,0.5700,197.30,944.74,491.86,1436.60,491.86,944.74,1436.60,0.0100,0.0100,0.3152,-0.3152,0.4739,0.5261,0.2962,0.5054,0.5054,0.2962,61.3509,-89.4752,-87.6646,61.6921
btc-updown-5m-1780095900,1780095974000,226,73368.50,73466.00,97.50,0.0000,0.0000,0.0000,1.0100,0.0060,0.0050,0.000009,0.0404,0.0000,73466.00,0.0000,0.0000,0.0000,0.0000,0.4900,195.11,0.4800,168.00,0.4700,191.64,0.4600,191.42,0.4500,194.30,0.5000,82.81,0.5100,43.19,0.5200,103.46,0.5300,59.20,0.5400,102.20,0.5000,82.81,0.4900,43.19,0.4800,103.46,0.4700,59.20,0.4600,102.20,0.5100,195.11,0.5200,168.00,0.5300,191.64,0.5400,191.42,0.5500,194.30,940.47,390.86,1331.33,390.86,940.47,1331.33,0.0100,0.0100,0.4128,-0.4128,0.4970,0.5030,0.3861,0.3224,0.3224,0.3861,73.9244,-73.3174,-73.3174,73.9244
btc-updown-5m-1780095900,1780095975000,225,73368.54,73466.00,97.46,0.0000,0.0000,0.0000,0.0100,0.0040,0.0050,0.000009,0.0404,0.0000,73466.00,0.0000,0.0000,0.0000,0.0000,0.4900,2627.29,0.4800,128.00,0.4700,189.23,0.4600,171.22,0.4500,224.30,0.5000,19.61,0.5100,34.13,0.5200,124.17,0.5300,89.21,0.5400,114.20,0.5000,19.61,0.4900,34.13,0.4800,124.17,0.4700,89.21,0.4600,114.20,0.5100,2627.29,0.5200,128.00,0.5300,189.23,0.5400,171.22,0.5500,224.30,3340.04,381.32,3721.36,381.32,3340.04,3721.36,0.0100,0.0100,0.7951,-0.7951,0.4999,0.5001,0.8249,0.1409,0.1409,0.8249,441.9442,-72.5867,-72.5867,441.9442
btc-updown-5m-1780095900,1780095976000,224,73368.70,73465.99,97.29,-0.0000,-0.0000,0.0017,0.0117,0.0060,0.0050,0.000009,0.0404,0.0413,73466.00,-0.0000,-0.0000,-0.0132,-0.0000,0.4900,2490.58,0.4800,145.50,0.4700,184.23,0.4600,176.28,0.4500,209.30,0.5000,8.73,0.5100,20.20,0.5200,129.21,0.5300,158.71,0.5400,106.20,0.5000,8.73,0.4900,20.20,0.4800,129.21,0.4700,158.71,0.4600,106.20,0.5100,2490.58,0.5200,145.50,0.5300,184.23,0.5400,176.28,0.5500,209.30,3205.89,423.05,3628.94,423.05,3205.89,3628.94,0.0100,0.0100,0.7668,-0.7668,0.5000,0.5000,0.8223,0.0684,0.0684,0.8223,473.3585,-67.4543,-67.4543,473.3585
btc-updown-5m-1780095900,1780095977000,223,73368.63,73465.99,97.36,0.0000,0.0000,0.0166,0.0185,0.0060,0.0053,0.000009,0.0409,0.4053,73466.00,-0.0000,-0.0000,0.0000,0.0000,0.5000,19.71,0.4900,2548.80,0.4800,140.00,0.4700,174.23,0.4600,176.28,0.5100,20.20,0.5200,133.66,0.5300,94.63,0.5400,106.20,0.5500,74.41,0.4900,20.20,0.4800,133.66,0.4700,94.63,0.4600,106.20,0.4500,74.41,0.5000,19.71,0.5100,2548.80,0.5200,140.00,0.5300,174.23,0.5400,176.28,3059.02,429.10,3488.12,429.10,3059.02,3488.12,0.0100,0.0100,0.7540,-0.7540,0.5049,0.4951,0.8397,0.3586,0.3586,0.8397,393.2708,-8.2506,-8.2521,393.3432
btc-updown-5m-1780095900,1780095978000,222,73368.46,73465.99,97.53,0.0000,-0.0000,0.0000,0.0182,0.0040,0.0050,0.000008,0.0409,0.0000,73466.00,-0.0000,-0.0000,0.0000,0.0000,0.5000,175.70,0.4900,2328.49,0.4800,113.00,0.4700,149.23,0.4600,141.00,0.5100,15.00,0.5200,116.61,0.5300,46.21,0.5400,61.20,0.5500,66.41,0.4900,15.00,0.4800,116.61,0.4700,46.21,0.4600,61.20,0.4500,66.41,0.5000,175.70,0.5100,2328.49,0.5200,113.00,0.5300,149.23,0.5400,141.00,2907.42,305.43,3212.85,305.43,2907.42,3212.85,0.0100,0.0100,0.8099,-0.8099,0.5092,0.4908,0.8613,0.4309,0.4309,0.8613,310.0340,-27.7485,-27.7530,310.0842
btc-updown-5m-1780095900,1780095979000,221,73368.46,73465.99,97.53,0.0000,-0.0000,0.0733,0.0916,0.0060,0.0053,0.000008,0.0432,1.6968,73466.00,0.0000,-0.0000,0.0000,0.0000,0.5300,168.30,0.5200,84.46,0.5100,50.13,0.5000,116.91,0.4900,2284.00,0.5400,149.39,0.5500,71.97,0.5600,61.30,0.5700,56.30,0.5800,82.30,0.4600,149.39,0.4500,71.97,0.4400,61.30,0.4300,56.30,0.4200,82.30,0.4700,168.30,0.4800,84.46,0.4900,50.13,0.5000,116.91,0.5100,2284.00,2703.80,421.26,3125.06,421.26,2703.80,3125.06,0.0100,0.0100,0.7304,-0.7304,0.5353,0.4647,0.0935,0.5255,0.5255,0.0935,315.0764,-9.5516,-9.5516,315.0764
btc-updown-5m-1780095900,1780095980000,220,73368.62,73465.99,97.37,0.0000,-0.0000,0.0000,0.0916,0.0060,0.0050,0.000008,0.0420,0.0000,73466.00,0.0000,-0.0000,0.0000,0.0000,0.5300,36.49,0.5200,48.00,0.5100,47.88,0.5000,86.91,0.4900,2284.00,0.5400,374.24,0.5500,146.97,0.5600,136.48,0.5700,128.24,0.5800,131.30,0.4600,374.24,0.4500,146.97,0.4400,136.48,0.4300,128.24,0.4200,131.30,0.4700,36.49,0.4800,48.00,0.4900,47.88,0.5000,86.91,0.5100,2284.00,2503.28,917.23,3420.51,917.23,2503.28,3420.51,0.0100,0.0100,0.4637,-0.4637,0.5309,0.4691,0.0338,0.5682,0.5682,0.0338,268.2475,90.3484,90.3484,268.2475
btc-updown-5m-1780095900,1780095981000,219,73368.99,73466.00,97.01,0.0000,0.0000,0.0020,0.0919,0.0060,0.0050,0.000008,0.0419,0.0472,73466.00,0.0000,0.0000,0.0132,0.0000,0.5200,57.00,0.5100,36.00,0.5000,51.00,0.4900,2259.00,0.4800,61.00,0.5300,241.35,0.5400,148.00,0.5500,141.97,0.5600,146.80,0.5700,147.30,0.4700,241.35,0.4600,148.00,0.4500,141.97,0.4400,146.80,0.4300,147.30,0.4800,57.00,0.4900,36.00,0.5000,51.00,0.5100,2259.00,0.5200,61.00,2464.00,825.42,3289.42,825.42,2464.00,3289.42,0.0100,0.0100,0.4981,-0.4981,0.5219,0.4781,0.0377,0.4717,0.4717,0.0377,-145.2562,73.6362,73.6484,-145.2803
btc-updown-5m-1780095900,1780095982000,218,73369.00,73465.99,96.99,-0.0000,0.0000,0.0078,0.0832,0.0060,0.0053,0.000009,0.0421,0.1863,73466.00,-0.0000,-0.0000,-0.0132,-0.0000,0.5200,42.83,0.5100,26.00,0.5000,51.00,0.4900,2264.00,0.4800,86.00,0.5300,262.90,0.5400,150.99,0.5500,136.30,0.5600,132.37,0.5700,147.30,0.4700,262.90,0.4600,150.99,0.4500,136.30,0.4400,132.37,0.4300,147.30,0.4800,42.83,0.4900,26.00,0.5000,51.00,0.5100,2264.00,0.5200,86.00,2469.83,829.86,3299.69,829.86,2469.83,3299.69,0.0100,0.0100,0.4970,-0.4970,0.5214,0.4786,0.0279,0.4987,0.4987,0.0279,-133.7094,66.4061,66.4061,-133.7094
btc-updown-5m-1780095900,1780095983000,217,73369.11,73465.99,96.88,0.0000,0.0000,0.0000,0.0832,0.0060,0.0050,0.000009,0.0409,0.0000,73466.00,-0.0000,-0.0000,0.0000,0.0000,0.5200,42.83,0.5100,26.00,0.5000,51.00,0.4900,2264.00,0.4800,86.00,0.5300,262.90,0.5400,150.99,0.5500,136.30,0.5600,132.37,0.5700,147.30,0.4700,262.90,0.4600,150.99,0.4500,136.30,0.4400,132.37,0.4300,147.30,0.4800,42.83,0.4900,26.00,0.5000,51.00,0.5100,2264.00,0.5200,86.00,2469.83,829.86,3299.69,829.86,2469.83,3299.69,0.0100,0.0100,0.4970,-0.4970,0.5214,0.4786,0.0279,0.4987,0.4987,0.0279,-108.0564,132.2530,132.2530,-108.0564
btc-updown-5m-1780095900,1780095984000,216,73368.46,73465.99,97.53,0.0000,0.0000,0.0000,0.0098,0.0040,0.0050,0.000009,0.0407,0.0000,73466.00,-0.0000,-0.0000,0.0000,0.0000,0.5200,38.66,0.5100,36.00,0.5000,56.00,0.4900,2264.00,0.4800,86.00,0.5300,270.35,0.5400,155.99,0.5500,156.48,0.5600,127.37,0.5700,122.30,0.4700,270.35,0.4600,155.99,0.4500,156.48,0.4400,127.37,0.4300,122.30,0.4800,38.66,0.4900,36.00,0.5000,56.00,0.5100,2264.00,0.5200,86.00,2480.66,832.49,3313.15,832.49,2480.66,3313.15,0.0100,0.0100,0.4975,-0.4975,0.5213,0.4787,0.0301,0.5121,0.5121,0.0301,-73.1186,92.2424,92.2584,-73.1313
btc-updown-5m-1780095900,1780095985000,215,73368.49,73466.00,97.51,0.0000,0.0000,0.0488,0.0586,0.0060,0.0053,0.000009,0.0412,1.1824,73466.00,0.0000,0.0000,0.0133,0.0000,0.5100,30.01,0.5000,56.00,0.4900,2294.00,0.4800,91.00,0.4700,146.20,0.5300,344.62,0.5400,125.55,0.5500,156.48,0.5600,116.30,0.5700,116.30,0.4700,344.62,0.4600,125.55,0.4500,156.48,0.4400,116.30,0.4300,116.30,0.4900,30.01,0.5000,56.00,0.5100,2294.00,0.5200,91.00,0.5300,146.20,2617.21,859.25,3476.46,859.25,2617.21,3476.46,0.0200,0.0200,0.5057,-0.5057,0.5116,0.4884,0.0329,0.5472,0.5472,0.0329,-22.4386,84.1184,84.3197,-22.4923
btc-updown-5m-1780095900,1780095986000,214,73368.56,73465.99,97.43,-0.0000,-0.0000,0.0033,0.0599,0.0060,0.0053,0.000009,0.0414,0.0800,73466.00,-0.0000,-0.0000,-0.0133,-0.0000,0.5100,195.71,0.5000,121.10,0.4900,2304.00,0.4800,111.00,0.4700,186.20,0.5200,25.32,0.5300,41.16,0.5400,109.55,0.5500,101.48,0.5600,73.35,0.4800,25.32,0.4700,41.16,0.4600,109.55,0.4500,101.48,0.4400,73.35,0.4900,195.71,0.5000,121.10,0.5100,2304.00,0.5200,111.00,0.5300,186.20,2918.01,350.86,3268.87,350.86,2918.01,3268.87,0.0100,0.0100,0.7853,-0.7853,0.5189,0.4811,0.1086,0.1895,0.1895,0.1086,70.8093,-96.6997,-96.6997,70.8093
btc-updown-5m-1780095900,1780095987000,213,73369.39,73466.00,96.61,0.0000,0.0000,0.0077,0.0598,0.0060,0.0053,0.000009,0.0408,0.1891,73466.00,0.0000,0.0000,0.0132,0.0000,0.5100,14.67,0.5000,83.16,0.4900,2229.79,0.4800,66.00,0.4700,116.00,0.5200,297.70,0.5300,127.16,0.5400,170.00,0.5500,151.48,0.5600,121.30,0.4800,297.70,0.4700,127.16,0.4600,170.00,0.4500,151.48,0.4400,121.30,0.4900,14.67,0.5000,83.16,0.5100,2229.79,0.5200,66.00,0.5300,116.00,2509.62,867.64,3377.26,867.64,2509.62,3377.26,0.0100,0.0100,0.4862,-0.4862,0.5105,0.4895,0.0390,0.4897,0.4897,0.0390,7.6931,7.1197,7.1209,7.6944
btc-updown-5m-1780095900,1780095988000,212,73369.39,73466.00,96.61,0.0000,0.0000,0.0000,0.0598,0.0060,0.0053,0.000009,0.0408,0.0000,73466.00,0.0000,0.0000,0.0000,0.0000,0.4900,1604.52,0.4800,17.00,0.4700,36.00,0.4600,30.54,0.4500,36.00,0.5000,1150.48,0.5100,189.79,0.5200,225.95,0.5300,142.00,0.5400,160.10,0.5000,1150.48,0.4900,189.79,0.4800,225.95,0.4700,142.00,0.4600,160.10,0.5100,1604.52,0.5200,17.00,0.5300,36.00,0.5400,30.54,0.5500,36.00,1724.06,1868.32,3592.38,1868.32,1724.06,3592.38,0.0100,0.0100,-0.0402,0.0402,0.4958,0.5042,0.9405,0.7174,0.7174,0.9405,-124.5649,173.4525,173.3946,-124.5233
btc-updown-5m-1780095900,1780095989000,211,73368.45,73466.00,97.55,0.0000,0.0000,0.0614,0.1212,0.0060,0.0050,0.000009,0.0428,1.4350,73466.00,0.0000,0.0000,0.0000,0.0000,0.4900,1595.48,0.4800,43.00,0.4700,30.20,0.4600,30.54,0.4500,31.00,0.5000,917.15,0.5100,211.79,0.5200,145.18,0.5300,136.00,0.5400,162.15,0.5000,917.15,0.4900,211.79,0.4800,145.18,0.4700,136.00,0.4600,162.15,0.5100,1595.48,0.5200,43.00,0.5300,30.20,0.5400,30.54,0.5500,31.00,1730.22,1572.27,3302.49,1572.27,1730.22,3302.49,0.0100,0.0100,0.0478,-0.0478,0.4963,0.5037,0.9470,0.7180,0.7180,0.9470,-122.9472,108.5255,108.5255,-122.9472
btc-updown-5m-1780095900,1780095990000,210,73368.45,73466.00,97.55,0.0000,0.0000,0.0049,0.0772,0.0040,0.0050,0.000009,0.0424,0.1144,73466.00,0.0000,0.0000,0.0000,0.0000,0.4900,1623.51,0.4800,17.00,0.4700,47.55,0.4600,30.54,0.4500,31.00,0.5000,985.15,0.5100,251.79,0.5200,175.18,0.5300,136.00,0.5400,180.85,0.5000,985.15,0.4900,251.79,0.4800,175.18,0.4700,136.00,0.4600,180.85,0.5100,1623.51,0.5200,17.00,0.5300,47.55,0.5400,30.54,0.5500,31.00,1749.60,1728.97,3478.57,1728.97,1749.60,3478.57,0.0100,0.0100,0.0059,-0.0059,0.4962,0.5038,0.9376,0.7154,0.7154,0.9376,-126.5936,154.7864,154.7864,-126.5936
btc-updown-5m-1780095900,1780095991000,209,73366.91,73465.99,99.08,-0.0000,0.0000,0.0005,0.0744,0.0040,0.0053,0.000009,0.0423,0.0113,73466.00,-0.0000,-0.0000,-0.0135,-0.0000,0.4900,1485.04,0.4800,22.00,0.4700,40.61,0.4600,15.00,0.4500,38.35,0.5000,887.15,0.5100,256.98,0.5200,175.18,0.5300,156.18,0.5400,151.20,0.5000,887.15,0.4900,256.98,0.4800,175.18,0.4700,156.18,0.4600,151.20,0.5100,1485.04,0.5200,22.00,0.5300,40.61,0.5400,15.00,0.5500,38.35,1601.00,1626.69,3227.69,1626.69,1601.00,3227.69,0.0100,0.0100,-0.0080,0.0080,0.4963,0.5037,0.9413,0.7033,0.7033,0.9413,-243.3495,229.8491,229.8491,-243.3495
btc-updown-5m-1780095900,1780095992000,208,73366.85,73465.99,99.14,0.0000,-0.0000,0.0251,0.0918,0.0020,0.0050,0.000009,0.0431,0.5830,73466.00,-0.0000,-0.0000,0.0000,0.0000,0.4900,1488.07,0.4800,22.00,0.4700,35.20,0.4600,23.00,0.4500,26.00,0.5000,965.15,0.5100,256.98,0.5200,175.18,0.5300,166.79,0.5400,151.20,0.5000,965.15,0.4900,256.98,0.4800,175.18,0.4700,166.79,0.4600,151.20,0.5100,1488.07,0.5200,22.00,0.5300,35.20,0.5400,23.00,0.5500,26.00,1594.27,1715.30,3309.57,1715.30,1594.27,3309.57,0.0100,0.0100,-0.0366,0.0366,0.4961,0.5039,0.9472,0.7125,0.7125,0.9472,-192.9163,184.9569,184.9215,-192.8793
btc-updown-5m-1780095900,1780095993000,207,73366.86,73466.00,99.14,0.0000,0.0000,0.0015,0.0934,0.0040,0.0053,0.000009,0.0432,0.0359,73466.00,0.0000,0.0000,0.0135,0.0000,0.4900,1525.20,0.4800,22.00,0.4700,40.61,0.4600,31.00,0.4500,38.35,0.5000,960.15,0.5100,256.98,0.5200,164.18,0.5300,168.25,0.5400,151.20,0.5000,960.15,0.4900,256.98,0.4800,164.18,0.4700,168.25,0.4600,151.20,0.5100,1525.20,0.5200,22.00,0.5300,40.61,0.5400,31.00,0.5500,38.35,1657.16,1700.76,3357.92,1700.76,1657.16,3357.92,0.0100,0.0100,-0.0130,0.0130,0.4961,0.5039,0.9336,0.7156,0.7156,0.9336,-150.0531,204.9079,204.8354,-150.0000
btc-updown-5m-1780095900,1780095994000,206,73366.88,73466.00,99.12,0.0000,0.0000,0.0959,0.1279,0.0040,0.0050,0.000009,0.0463,2.0726,73466.00,0.0000,0.0000,0.0000,0.0000,0.4900,1325.33,0.4800,42.00,0.4700,30.00,0.4600,43.35,0.4500,26.00,0.5000,597.45,0.5100,324.74,0.5200,164.18,0.5300,173.66,0.5400,151.20,0.5000,597.45,0.4900,324.74,0.4800,164.18,0.4700,173.66,0.4600,151.20,0.5100,1325.33,0.5200,42.00,0.5300,30.00,0.5400,43.35,0.5500,26.00,1466.68,1411.23,2877.91,1411.23,1466.68,2877.91,0.0100,0.0100,0.0193,-0.0193,0.4969,0.5031,0.9323,0.6535,0.6535,0.9323,-51.1741,-69.1411,-69.1180,-51.1571
btc-updown-5m-1780095900,1780095995000,205,73366.80,73466.00,99.20,0.0000,0.0000,0.0000,0.1230,0.0040,0.0050,0.000009,0.0443,0.0000,73466.00,0.0000,0.0000,0.0000,0.0000,0.4900,1348.25,0.4800,22.00,0.4700,38.00,0.4600,43.35,0.4500,26.00,0.5000,590.33,0.5100,261.98,0.5200,164.18,0.5300,173.66,0.5400,151.20,0.5000,590.33,0.4900,261.98,0.4800,164.18,0.4700,173.66,0.4600,151.20,0.5100,1348.25,0.5200,22.00,0.5300,38.00,0.5400,43.35,0.5500,26.00,1477.60,1341.35,2818.95,1341.35,1477.60,2818.95,0.0100,0.0100,0.0483,-0.0483,0.4970,0.5030,0.9273,0.6354,0.6354,0.9273,-45.6997,-38.8875,-38.8944,-45.7077
btc-updown-5m-1780095900,1780095996000,204,73366.80,73465.99,99.19,-0.0000,0.0000,0.0001,0.1227,0.0040,0.0053,0.000009,0.0443,0.0032,73466.00,-0.0000,-0.0000,-0.0135,-0.0000,0.4900,1348.25,0.4800,22.00,0.4700,38.00,0.4600,43.35,0.4500,26.00,0.5000,590.33,0.5100,261.98,0.5200,164.18,0.5300,173.66,0.5400,151.20,0.5000,590.33,0.4900,261.98,0.4800,164.18,0.4700,173.66,0.4600,151.20,0.5100,1348.25,0.5200,22.00,0.5300,38.00,0.5400,43.35,0.5500,26.00,1477.60,1341.35,2818.95,1341.35,1477.60,2818.95,0.0100,0.0100,0.0483,-0.0483,0.4970,0.5030,0.9273,0.6354,0.6354,0.9273,-58.4695,-83.3233,-83.3412,-58.4820
btc-updown-5m-1780095900,1780095997000,203,73366.78,73466.00,99.22,0.0000,0.0000,0.0046,0.1021,0.0060,0.0053,0.000009,0.0444,0.1034,73466.00,0.0000,0.0000,0.0135,0.0000,0.4900,1348.25,0.4800,22.00,0.4700,38.00,0.4600,43.35,0.4500,26.00,0.5000,590.33,0.5100,261.98,0.5200,164.18,0.5300,173.66,0.5400,151.20,0.5000,590.33,0.4900,261.98,0.4800,164.18,0.4700,173.66,0.4600,151.20,0.5100,1348.25,0.5200,22.00,0.5300,38.00,0.5400,43.35,0.5500,26.00,1477.60,1341.35,2818.95,1341.35,1477.60,2818.95,0.0100,0.0100,0.0483,-0.0483,0.4970,0.5030,0.9273,0.6354,0.6354,0.9273,-51.7484,-76.3308,-76.3514,-51.7623
btc-updown-5m-1780095900,1780095998000,202,73366.68,73465.99,99.31,-0.0000,-0.0000,0.0022,0.1028,0.0060,0.0057,0.000009,0.0444,0.0489,73466.00,-0.0000,-0.0000,-0.0135,-0.0000,0.4500,42.99,0.4400,20.00,0.4300,62.99,0.4200,86.00,0.4100,91.00,0.4800,703.57,0.4900,253.23,0.5000,156.00,0.5100,262.05,0.5200,196.38,0.5200,703.57,0.5100,253.23,0.5000,156.00,0.4900,262.05,0.4800,196.38,0.5500,42.99,0.5600,20.00,0.5700,62.99,0.5800,86.00,0.5900,91.00,302.98,1571.23,1874.21,1571.23,302.98,1874.21,0.0300,0.0300,-0.6767,0.6767,0.4517,0.5483,0.2079,0.6089,0.6089,0.2079,-217.4621,-24.2624,-24.2583,-217.4255
btc-updown-5m-1780095900,1780095999000,201,73366.54,73466.00,99.46,0.0000,0.0000,0.0041,0.0110,0.0080,0.0057,0.000010,0.0445,0.0926,73466.00,0.0000,0.0000,0.0135,0.0000,0.4100,53.10,0.4000,113.42,0.3900,70.00,0.3800,89.08,0.3700,151.20,0.4200,611.21,0.4300,196.51,0.4400,483.47,0.4500,143.00,0.4600,132.09,0.5800,611.21,0.5700,196.51,0.5600,483.47,0.5500,143.00,0.5400,132.09,0.5900,53.10,0.6000,113.42,0.6100,70.00,0.6200,89.08,0.6300,151.20,476.80,1566.28,2043.08,1566.28,476.80,2043.08,0.0100,0.0100,-0.5333,0.5333,0.4108,0.5892,0.3492,0.5157,0.5157,0.3492,-202.9031,27.5967,27.6014,-202.9379
btc-updown-5m-1780095900,1780096000000,200,73366.54,73466.00,99.46,0.0000,0.0000,0.0000,0.0110,0.0080,0.0053,0.000009,0.0442,0.0000,73466.00,0.0000,0.0000,0.0000,0.0000,0.3800,229.97,0.3700,181.20,0.3600,273.26,0.3500,276.40,0.3400,231.28,0.3900,474.10,0.4000,39.00,0.4100,330.45,0.4200,51.00,0.4300,61.00,0.6100,474.10,0.6000,39.00,0.5900,330.45,0.5800,51.00,0.5700,61.00,0.6200,229.97,0.6300,181.20,0.6400,273.26,0.6500,276.40,0.6600,231.28,1192.11,955.55,2147.66,955.55,1192.11,2147.66,0.0100,0.0100,0.1101,-0.1101,0.3833,0.6167,0.3449,0.5370,0.5370,0.3449,-71.6177,-73.4968,-73.4968,-71.6177
btc-updown-5m-1780095900,1780096001000,199,73366.57,73466.00,99.43,0.0000,0.0000,0.0027,0.0136,0.0080,0.0057,0.000009,0.0121,0.2262,73466.00,0.0000,0.0000,0.0000,0.0000,0.3800,83.00,0.3700,240.46,0.3600,205.99,0.3500,226.40,0.3400,149.35,0.3900,796.99,0.4000,114.00,0.4100,197.48,0.4200,106.00,0.4300,121.00,0.6100,796.99,0.6000,114.00,0.5900,197.48,0.5800,106.00,0.5700,121.00,0.6200,83.00,0.6300,240.46,0.6400,205.99,0.6500,226.40,0.6600,149.35,905.20,1335.47,2240.67,1335.47,905.20,2240.67,0.0100,0.0100,-0.1920,0.1920,0.3809,0.6191,0.3573,0.6821,0.6821,0.3573,-130.1820,2.2363,2.2363,-130.1820
btc-updown-5m-1780095900,1780096002000,198,73366.57,73465.99,99.42,-0.0000,-0.0000,0.0026,0.0116,0.0080,0.0057,0.000009,0.0122,0.2123,73466.00,-0.0000,-0.0000,-0.0135,-0.0000,0.3800,160.86,0.3700,262.33,0.3600,183.93,0.3500,226.40,0.3400,152.09,0.3900,684.03,0.4000,136.16,0.4100,185.48,0.4200,106.00,0.4300,121.00,0.6100,684.03,0.6000,136.16,0.5900,185.48,0.5800,106.00,0.5700,121.00,0.6200,160.86,0.6300,262.33,0.6400,183.93,0.6500,226.40,0.6600,152.09,985.61,1232.67,2218.28,1232.67,985.61,2218.28,0.0100,0.0100,-0.1114,0.1114,0.3819,0.6181,0.4294,0.6654,0.6654,0.4294,-92.7587,-21.1717,-21.1717,-92.7587
btc-updown-5m-1780095900,1780096003000,197,73366.58,73465.99,99.41,0.0000,0.0000,0.0000,0.0094,0.0060,0.0053,0.000009,0.0118,0.0000,73466.00,-0.0000,-0.0000,0.0000,0.0000,0.3800,200.16,0.3700,185.07,0.3600,146.20,0.3500,226.40,0.3400,146.02,0.3900,657.52,0.4000,136.16,0.4100,185.48,0.4200,106.00,0.4300,134.00,0.6100,657.52,0.6000,136.16,0.5900,185.48,0.5800,106.00,0.5700,134.00,0.6200,200.16,0.6300,185.07,0.6400,146.20,0.6500,226.40,0.6600,146.02,903.85,1219.16,2123.01,1219.16,903.85,2123.01,0.0100,0.0100,-0.1485,0.1485,0.3823,0.6177,0.4262,0.6510,0.6510,0.4262,-85.3007,-18.5818,-18.5850,-85.3154
btc-updown-5m-1780095900,1780096004000,196,73366.58,73466.00,99.42,0.0000,0.0000,0.0612,0.0665,0.0060,0.0057,0.000009,0.0138,4.4353,73466.00,0.0000,0.0000,0.0135,0.0000,0.3800,139.01,0.3700,190.78,0.3600,146.20,0.3500,245.32,0.3400,141.02,0.3900,778.46,0.4000,126.16,0.4100,170.48,0.4200,106.00,0.4300,164.00,0.6100,778.46,0.6000,126.16,0.5900,170.48,0.5800,106.00,0.5700,164.00,0.6200,139.01,0.6300,190.78,0.6400,146.20,0.6500,245.32,0.6600,141.02,862.33,1345.10,2207.43,1345.10,862.33,2207.43,0.0100,0.0100,-0.2187,0.2187,0.3815,0.6185,0.3824,0.6725,0.6725,0.3824,93.8192,-37.9285,-37.9476,93.8664
btc-updown-5m-1780095900,1780096005000,195,73366.58,73466.00,99.42,0.0000,0.0000,0.0000,0.0665,0.0060,0.0057,0.000009,0.0138,0.0000,73466.00,0.0000,0.0000,0.0000,0.0000,0.3800,130.49,0.3700,275.28,0.3600,166.94,0.3500,235.32,0.3400,100.28,0.3900,695.04,0.4000,126.16,0.4100,170.48,0.4200,136.00,0.4300,164.00,0.6100,695.04,0.6000,126.16,0.5900,170.48,0.5800,136.00,0.5700,164.00,0.6200,130.49,0.6300,275.28,0.6400,166.94,0.6500,235.32,0.6600,100.28,908.31,1291.68,2199.99,1291.68,908.31,2199.99,0.0100,0.0100,-0.1743,0.1743,0.3816,0.6184,0.4467,0.6358,0.6358,0.4467,97.7780,-69.3128,-69.3128,97.7780
btc-updown-5m-1780095900,1780096006000,194,73366.87,73466.00,99.13,0.0000,0.0000,0.0000,0.0638,0.0040,0.0053,0.000009,0.0138,0.0000,73466.00,0.0000,0.0000,0.0000,0.0000,0.3800,130.49,0.3700,275.28,0.3600,166.94,0.3500,235.32,0.3400,100.28,0.3900,695.04,0.4000,126.16,0.4100,170.48,0.4200,136.00,0.4300,164.00,0.6100,695.04,0.6000,126.16,0.5900,170.48,0.5800,136.00,0.5700,164.00,0.6200,130.49,0.6300,275.28,0.6400,166.94,0.6500,235.32,0.6600,100.28,908.31,1291.68,2199.99,1291.68,908.31,2199.99,0.0100,0.0100,-0.1743,0.1743,0.3816,0.6184,0.4467,0.6358,0.6358,0.4467,-41.0638,47.4468,47.4468,-41.0638
btc-updown-5m-1780095900,1780096007000,193,73367.00,73465.99,98.99,-0.0000,0.0000,0.0393,0.1006,0.0040,0.0053,0.000009,0.0150,2.6187,73466.00,-0.0000,-0.0000,-0.0135,-0.0000,0.3800,186.39,0.3700,347.60,0.3600,223.25,0.3500,255.40,0.3400,201.28,0.3900,447.62,0.4000,49.16,0.4100,36.00,0.4200,51.00,0.4300,61.00,0.6100,447.62,0.6000,49.16,0.5900,36.00,0.5800,51.00,0.5700,61.00,0.6200,186.39,0.6300,347.60,0.6400,223.25,0.6500,255.40,0.6600,201.28,1213.92,644.78,1858.70,644.78,1213.92,1858.70,0.0100,0.0100,0.3062,-0.3062,0.3829,0.6171,0.4399,0.7705,0.7705,0.4399,51.7987,-115.8876,-115.8876,51.7987
btc-updown-5m-1780095900,1780096008000,192,73367.10,73465.99,98.89,0.0000,0.0000,0.0000,0.1006,0.0040,0.0053,0.000009,0.0145,0.0000,73466.00,-0.0000,-0.0000,0.0000,0.0000,0.3800,94.34,0.3700,215.00,0.3600,177.65,0.3500,164.40,0.3400,105.28,0.3900,682.87,0.4000,104.16,0.4100,91.00,0.4200,106.00,0.4300,147.00,0.6100,682.87,0.6000,104.16,0.5900,91.00,0.5800,106.00,0.5700,147.00,0.6200,94.34,0.6300,215.00,0.6400,177.65,0.6500,164.40,0.6600,105.28,756.67,1131.03,1887.70,1131.03,756.67,1887.70,0.0100,0.0100,-0.1983,0.1983,0.3812,0.6188,0.4088,0.6959,0.6959,0.4088,-39.7759,-29.4886,-29.4886,-39.7759
btc-updown-5m-1780095900,1780096009000,191,73367.13,73465.99,98.86,0.0000,-0.0000,0.0040,0.0433,0.0040,0.0053,0.000009,0.0146,0.2723,73466.00,-0.0000,-0.0000,0.0000,0.0000,0.3700,375.17,0.3600,227.60,0.3500,240.34,0.3400,194.28,0.3300,146.28,0.3800,331.39,0.3900,180.80,0.4000,37.00,0.4100,36.00,0.4200,51.00,0.6200,331.39,0.6100,180.80,0.6000,37.00,0.5900,36.00,0.5800,51.00,0.6300,375.17,0.6400,227.60,0.6500,240.34,0.6600,194.28,0.6700,146.28,1183.67,636.19,1819.86,636.19,1183.67,1819.86,0.0100,0.0100,0.3008,-0.3008,0.3753,0.6247,0.5092,0.8051,0.8051,0.5092,36.2702,-93.0452,-93.0452,36.2702
btc-updown-5m-1780095900,1780096010000,190,73367.13,73466.00,98.87,0.0000,0.0000,0.0399,0.0832,0.0060,0.0057,0.000010,0.0135,2.9447,73466.00,0.0000,0.0000,0.0135,0.0000,0.3700,481.73,0.3600,218.20,0.3500,266.17,0.3400,184.28,0.3300,141.28,0.3800,336.11,0.3900,145.35,0.4000,37.00,0.4100,26.00,0.4200,81.00,0.6200,336.11,0.6100,145.35,0.6000,37.00,0.5900,26.00,0.5800,81.00,0.6300,481.73,0.6400,218.20,0.6500,266.17,0.6600,184.28,0.6700,141.28,1291.66,625.46,1917.12,625.46,1291.66,1917.12,0.0100,0.0100,0.3475,-0.3475,0.3759,0.6241,0.5419,0.7698,0.7698,0.5419,70.3128,-117.8578,-117.7036,70.2208
btc-updown-5m-1780095900,1780096011000,189,73367.13,73465.99,98.86,-0.0000,-0.0000,0.0067,0.0898,0.0080,0.0057,0.000010,0.0138,0.4843,73466.00,-0.0000,-0.0000,-0.0135,-0.0000,0.3700,264.56,0.3600,278.20,0.3500,258.17,0.3400,184.28,0.3300,141.28,0.3800,190.41,0.3900,145.35,0.4000,37.00,0.4100,26.00,0.4200,107.00,0.6200,190.41,0.6100,145.35,0.6000,37.00,0.5900,26.00,0.5800,107.00,0.6300,264.56,0.6400,278.20,0.6500,258.17,0.6600,184.28,0.6700,141.28,1126.49,505.76,1632.25,505.76,1126.49,1632.25,0.0100,0.0100,0.3803,-0.3803,0.3758,0.6242,0.4818,0.6639,0.6639,0.4818,36.5399,-124.7429,-124.7638,36.5461
btc-updown-5m-1780095900,1780096012000,188,73367.13,73465.99,98.86,0.0000,0.0000,0.0000,0.0505,0.0060,0.0053,0.000009,0.0137,0.0000,73466.00,-0.0000,-0.0000,0.0000,0.0000,0.3700,286.02,0.3600,283.20,0.3500,358.80,0.3400,184.28,0.3300,141.28,0.3800,205.73,0.3900,145.35,0.4000,47.00,0.4100,26.00,0.4200,107.00,0.6200,205.73,0.6100,145.35,0.6000,47.00,0.5900,26.00,0.5800,107.00,0.6300,286.02,0.6400,283.20,0.6500,358.80,0.6600,184.28,0.6700,141.28,1253.58,531.08,1784.66,531.08,1253.58,1784.66,0.0100,0.0100,0.4048,-0.4048,0.3758,0.6242,0.4541,0.6611,0.6611,0.4541,16.9275,-27.6317,-27.6317,16.9275
btc-updown-5m-1780095900,1780096013000,187,73367.13,73465.99,98.86,0.0000,0.0000,0.0008,0.0513,0.0080,0.0057,0.000009,0.0135,0.0565,73466.00,-0.0000,-0.0000,0.0000,0.0000,0.3700,344.02,0.3600,300.83,0.3500,261.92,0.3400,184.28,0.3300,161.28,0.3800,138.51,0.3900,155.35,0.4000,42.00,0.4100,36.00,0.4200,107.00,0.6200,138.51,0.6100,155.35,0.6000,42.00,0.5900,36.00,0.5800,107.00,0.6300,344.02,0.6400,300.83,0.6500,261.92,0.6600,184.28,0.6700,161.28,1252.33,478.86,1731.19,478.86,1252.33,1731.19,0.0100,0.0100,0.4468,-0.4468,0.3771,0.6229,0.5149,0.6137,0.6137,0.5149,-5.0923,-25.5490,-25.5490,-5.0923
btc-updown-5m-1780095900,1780096014000,186,73367.13,73465.99,98.86,0.0000,0.0000,0.0000,0.0473,0.0060,0.0057,0.000009,0.0135,0.0000,73466.00,-0.0000,-0.0000,0.0000,0.0000,0.3700,361.08,0.3600,321.01,0.3500,243.34,0.3400,202.86,0.3300,161.28,0.3800,143.27,0.3900,155.35,0.4000,42.00,0.4100,36.00,0.4200,107.00,0.6200,143.27,0.6100,155.35,0.6000,42.00,0.5900,36.00,0.5800,107.00,0.6300,361.08,0.6400,321.01,0.6500,243.34,0.6600,202.86,0.6700,161.28,1289.57,483.62,1773.19,483.62,1289.57,1773.19,0.0100,0.0100,0.4545,-0.4545,0.3772,0.6228,0.5289,0.6175,0.6175,0.5289,84.2960,-108.4975,-108.5164,84.3107
btc-updown-5m-1780095900,1780096015000,185,73367.13,73465.99,98.86,0.0000,-0.0000,0.0016,0.0090,0.0040,0.0053,0.000009,0.0135,0.1162,73466.00,-0.0000,-0.0000,0.0000,0.0000,0.3700,157.22,0.3600,222.60,0.3500,192.34,0.3400,123.86,0.3300,106.28,0.3800,516.55,0.3900,205.35,0.4000,97.00,0.4100,81.00,0.4200,107.00,0.6200,516.55,0.6100,205.35,0.6000,97.00,0.5900,81.00,0.5800,107.00,0.6300,157.22,0.6400,222.60,0.6500,192.34,0.6600,123.86,0.6700,106.28,802.30,1006.90,1809.20,1006.90,802.30,1809.20,0.0100,0.0100,-0.1131,0.1131,0.3723,0.6277,0.4734,0.7170,0.7170,0.4734,-67.5478,58.6071,58.6071,-67.5478
btc-updown-5m-1780095900,1780096016000,184,73367.13,73465.99,98.86,0.0000,0.0000,0.0000,0.0023,0.0020,0.0050,0.000009,0.0119,0.0000,73466.00,0.0000,-0.0000,0.0000,0.0000,0.3700,316.22,0.3600,240.93,0.3500,265.56,0.3400,178.86,0.3300,185.28,0.3800,352.09,0.3900,150.35,0.4000,42.00,0.4100,26.00,0.4200,26.00,0.6200,352.09,0.6100,150.35,0.6000,42.00,0.5900,26.00,0.5800,26.00,0.6300,316.22,0.6400,240.93,0.6500,265.56,0.6600,178.86,0.6700,185.28,1186.85,596.44,1783.29,596.44,1186.85,1783.29,0.0100,0.0100,0.3311,-0.3311,0.3747,0.6253,0.4694,0.8424,0.8424,0.4694,-21.5041,-6.0805,-6.0805,-21.5041
btc-updown-5m-1780095900,1780096017000,183,73367.39,73465.99,98.60,0.0000,0.0000,0.0005,0.0029,0.0020,0.0047,0.000008,0.0118,0.0456,73466.00,0.0000,-0.0000,0.0000,0.0000,0.3700,362.47,0.3600,238.60,0.3500,272.94,0.3400,183.86,0.3300,185.28,0.3800,335.80,0.3900,150.35,0.4000,42.00,0.4100,26.00,0.4200,36.00,0.6200,335.80,0.6100,150.35,0.6000,42.00,0.5900,26.00,0.5800,36.00,0.6300,362.47,0.6400,238.60,0.6500,272.94,0.6600,183.86,0.6700,185.28,1243.15,590.15,1833.30,590.15,1243.15,1833.30,0.0100,0.0100,0.3562,-0.3562,0.3752,0.6248,0.4835,0.8238,0.8238,0.4835,18.7768,13.5828,13.5806,18.7737
btc-updown-5m-1780095900,1780096018000,182,73367.41,73465.99,98.58,0.0000,0.0000,0.0000,0.0021,0.0000,0.0047,0.000008,0.0116,0.0000,73466.00,0.0000,-0.0000,0.0000,0.0000,0.3700,340.29,0.3600,230.60,0.3500,272.94,0.3400,173.86,0.3300,195.28,0.3800,404.51,0.3900,150.35,0.4000,42.00,0.4100,26.00,0.4200,62.00,0.6200,404.51,0.6100,150.35,0.6000,42.00,0.5900,26.00,0.5800,62.00,0.6300,340.29,0.6400,230.60,0.6500,272.94,0.6600,173.86,0.6700,195.28,1212.97,684.86,1897.83,684.86,1212.97,1897.83,0.0100,0.0100,0.2783,-0.2783,0.3746,0.6254,0.4707,0.8102,0.8102,0.4707,-6.6628,25.2305,25.2305,-6.6628
btc-updown-5m-1780095900,1780096019000,181,73367.42,73466.00,98.58,0.0000,0.0000,0.0147,0.0169,0.0020,0.0050,0.000009,0.0121,1.2217,73466.00,0.0000,0.0000,0.0134,0.0000,0.3700,340.29,0.3600,230.60,0.3500,272.94,0.3400,173.86,0.3300,195.28,0.3800,404.51,0.3900,150.35,0.4000,42.00,0.4100,26.00,0.4200,62.00,0.6200,404.51,0.6100,150.35,0.6000,42.00,0.5900,26.00,0.5800,62.00,0.6300,340.29,0.6400,230.60,0.6500,272.94,0.6600,173.86,0.6700,195.28,1212.97,684.86,1897.83,684.86,1212.97,1897.83,0.0100,0.0100,0.2783,-0.2783,0.3746,0.6254,0.4707,0.8102,0.8102,0.4707,-7.7313,40.4636,40.4636,-7.7313
btc-updown-5m-1780095900,1780096020000,180,73367.14,73466.00,98.86,0.0000,0.0000,0.0244,0.0397,0.0020,0.0050,0.000009,0.0109,2.2398,73466.00,0.0000,0.0000,0.0000,0.0000,0.3700,249.77,0.3600,287.00,0.3500,277.94,0.3400,173.86,0.3300,210.28,0.3800,317.80,0.3900,150.35,0.4000,37.00,0.4100,62.00,0.4200,61.00,0.6200,317.80,0.6100,150.35,0.6000,37.00,0.5900,62.00,0.5800,61.00,0.6300,249.77,0.6400,287.00,0.6500,277.94,0.6600,173.86,0.6700,210.28,1198.85,628.15,1827.00,628.15,1198.85,1827.00,0.0100,0.0100,0.3124,-0.3124,0.3744,0.6256,0.4477,0.7453,0.7453,0.4477,-3.2009,23.6647,23.6647,-3.2009
btc-updown-5m-1780095900,1780096021000,179,73367.14,73466.00,98.86,0.0000,0.0000,0.0005,0.0402,0.0020,0.0047,0.000008,0.0107,0.0503,73466.00,0.0000,0.0000,0.0000,0.0000,0.4200,329.43,0.4100,224.09,0.4000,182.00,0.3900,154.90,0.3800,341.68,0.4300,20.00,0.4400,74.64,0.4500,61.49,0.4600,36.00,0.4700,56.00,0.5700,20.00,0.5600,74.64,0.5500,61.49,0.5400,36.00,0.5300,56.00,0.5800,329.43,0.5900,224.09,0.6000,182.00,0.6100,154.90,0.6200,341.68,1232.10,248.13,1480.23,248.13,1232.10,1480.23,0.0100,0.0100,0.6647,-0.6647,0.4294,0.5706,0.4492,0.3814,0.3814,0.4492,70.7606,-124.9210,-124.9004,70.7490
btc-updown-5m-1780095900,1780096022000,178,73367.14,73466.00,98.86,0.0000,0.0000,0.0175,0.0572,0.0040,0.0050,0.000008,0.0113,1.5508,73466.00,0.0000,0.0000,0.0000,0.0000,0.4300,348.57,0.4200,142.00,0.4100,156.00,0.4000,141.00,0.3900,121.50,0.4400,35.34,0.4500,35.49,0.4600,46.00,0.4700,56.00,0.4800,96.20,0.5600,35.34,0.5500,35.49,0.5400,46.00,0.5300,56.00,0.5200,96.20,0.5700,348.57,0.5800,142.00,0.5900,156.00,0.6000,141.00,0.6100,121.50,909.07,269.03,1178.10,269.03,909.07,1178.10,0.0100,0.0100,0.5433,-0.5433,0.4391,0.5609,0.5396,0.2633,0.2633,0.5396,-27.3625,-57.5884,-57.5884,-27.3625
btc-updown-5m-1780095900,1780096023000,177,73367.14,73465.99,98.85,-0.0000,0.0000,0.0109,0.0680,0.0060,0.0050,0.000008,0.0108,1.0037,73466.00,-0.0000,-0.0000,-0.0135,-0.0000,0.4100,4.21,0.4000,87.43,0.3900,62.00,0.3800,119.00,0.3700,91.00,0.4200,123.87,0.4300,313.28,0.4400,357.02,0.4500,161.49,0.4600,136.00,0.5800,123.87,0.5700,313.28,0.5600,357.02,0.5500,161.49,0.5400,136.00,0.5900,4.21,0.6000,87.43,0.6100,62.00,0.6200,119.00,0.6300,91.00,363.64,1091.66,1455.30,1091.66,363.64,1455.30,0.0100,0.0100,-0.5003,0.5003,0.4103,0.5897,0.2520,0.4004,0.4004,0.2520,-146.6828,83.6408,83.6687,-146.7317
btc-updown-5m-1780095900,1780096024000,176,73368.89,73466.00,97.11,0.0000,0.0000,0.0507,0.1039,0.0060,0.0053,0.000009,0.0124,4.0800,73466.00,0.0000,0.0000,0.0132,0.0000,0.4100,13.63,0.4000,186.09,0.3900,65.50,0.3800,272.98,0.3700,101.00,0.4200,309.21,0.4300,196.97,0.4400,156.92,0.4500,166.49,0.4600,171.50,0.5800,309.21,0.5700,196.97,0.5600,156.92,0.5500,166.49,0.5400,171.50,0.5900,13.63,0.6000,186.09,0.6100,65.50,0.6200,272.98,0.6300,101.00,639.20,1001.09,1640.29,1001.09,639.20,1640.29,0.0100,0.0100,-0.2206,0.2206,0.4104,0.5896,0.3125,0.5056,0.5056,0.3125,-95.4851,52.6261,52.6261,-95.4851
btc-updown-5m-1780095900,1780096025000,175,73370.03,73466.00,95.97,0.0000,0.0000,0.0000,0.0796,0.0060,0.0053,0.000009,0.0093,0.0000,73466.00,0.0000,0.0000,0.0000,0.0000,0.4000,269.71,0.3900,158.08,0.3800,136.61,0.3700,101.00,0.3600,141.64,0.4100,164.90,0.4200,152.44,0.4300,154.50,0.4400,124.92,0.4500,135.40,0.5900,164.90,0.5800,152.44,0.5700,154.50,0.5600,124.92,0.5500,135.40,0.6000,269.71,0.6100,158.08,0.6200,136.61,0.6300,101.00,0.6400,141.64,807.04,732.16,1539.20,732.16,807.04,1539.20,0.0100,0.0100,0.0486,-0.0486,0.4062,0.5938,0.5301,0.4334,0.4334,0.5301,-68.3444,12.7235,12.7190,-68.3199
btc-updown-5m-1780095900,1780096026000,174,73367.73,73466.00,98.27,0.0000,0.0000,0.0001,0.0791,0.0060,0.0050,0.000008,0.0093,0.0097,73466.00,0.0000,0.0000,0.0000,0.0000,0.4000,232.71,0.3900,84.00,0.3800,116.61,0.3700,146.00,0.3600,191.04,0.4100,129.66,0.4200,46.44,0.4300,74.50,0.4400,69.92,0.4500,75.40,0.5900,129.66,0.5800,46.44,0.5700,74.50,0.5600,69.92,0.5500,75.40,0.6000,232.71,0.6100,84.00,0.6200,116.61,0.6300,146.00,0.6400,191.04,770.36,395.92,1166.28,395.92,770.36,1166.28,0.0100,0.0100,0.3211,-0.3211,0.4064,0.5936,0.4111,0.4448,0.4448,0.4111,-79.2743,-42.7237,-42.7377,-79.3004
btc-updown-5m-1780095900,1780096027000,173,73367.73,73466.00,98.27,0.0000,0.0000,0.0005,0.0621,0.0040,0.0047,0.000008,0.0093,0.0578,73466.00,0.0000,0.0000,0.0000,0.0000,0.4200,431.46,0.4100,150.94,0.4000,352.78,0.3900,119.00,0.3800,212.94,0.4600,51.00,0.4700,96.40,0.4800,53.25,0.4900,76.69,0.5000,78.20,0.5400,51.00,0.5300,96.40,0.5200,53.25,0.5100,76.69,0.5000,78.20,0.5800,431.46,0.5900,150.94,0.6000,352.78,0.6100,119.00,0.6200,212.94,1267.12,355.54,1622.66,355.54,1267.12,1622.66,0.0400,0.0400,0.5618,-0.5618,0.4558,0.5442,0.4596,0.4146,0.4146,0.4596,5.9165,18.1466,20.0870,-46.4161
btc-updown-5m-1780095900,1780096028000,172,73367.16,73466.00,98.84,0.0000,0.0000,0.0021,0.0533,0.0020,0.0043,0.000007,0.0093,0.2226,73466.00,0.0000,0.0000,0.0000,0.0000,0.4300,67.01,0.4200,167.63,0.4100,128.18,0.4000,313.88,0.3900,144.00,0.4500,252.30,0.4600,58.00,0.4700,96.40,0.4800,36.20,0.4900,76.69,0.5500,252.30,0.5400,58.00,0.5300,96.40,0.5200,36.20,0.5100,76.69,0.5700,67.01,0.5800,167.63,0.5900,128.18,0.6000,313.88,0.6100,144.00,820.70,519.59,1340.29,519.59,820.70,1340.29,0.0200,0.0200,0.2247,-0.2247,0.4342,0.5658,0.2859,0.5972,0.5972,0.2859,-9.0139,43.5199,43.5199,-11.9603
btc-updown-5m-1780095900,1780096029000,171,73367.73,73466.00,98.27,0.0000,0.0000,0.0000,0.0027,0.0000,0.0040,0.000007,0.0092,0.0000,73466.00,0.0000,0.0000,0.0000,0.0000,0.4400,500.13,0.4300,192.46,0.4200,217.63,0.4100,151.00,0.4000,329.28,0.4500,12.88,0.4600,30.00,0.4700,15.20,0.4800,55.60,0.4900,91.69,0.5500,12.88,0.5400,30.00,0.5300,15.20,0.5200,55.60,0.5100,91.69,0.5600,500.13,0.5700,192.46,0.5800,217.63,0.5900,151.00,0.6000,329.28,1390.50,205.37,1595.87,205.37,1390.50,1595.87,0.0100,0.0100,0.7426,-0.7426,0.4497,0.5503,0.4981,0.2088,0.2088,0.4981,198.2079,-163.7395,-163.7116,198.1741
btc-updown-5m-1780095900,1780096030000,170,73367.92,73465.99,98.07,-0.0000,-0.0000,0.0147,0.0174,0.0020,0.0043,0.000007,0.0095,1.5400,73466.00,-0.0000,-0.0000,-0.0133,-0.0000,0.4700,233.15,0.4600,200.43,0.4500,180.05,0.4400,144.00,0.4300,187.05,0.4800,57.83,0.4900,83.69,0.5000,106.20,0.5100,81.20,0.5200,106.20,0.5200,57.83,0.5100,83.69,0.5000,106.20,0.4900,81.20,0.4800,106.20,0.5300,233.15,0.5400,200.43,0.5500,180.05,0.5600,144.00,0.5700,187.05,944.68,435.12,1379.80,435.12,944.68,1379.80,0.0100,0.0100,0.3693,-0.3693,0.4780,0.5220,0.4590,0.3252,0.3252,0.4590,51.8994,-96.1553,-96.1880,51.9171
btc-updown-5m-1780095900,1780096031000,169,73367.92,73468.49,100.57,0.0034,0.0034,0.4420,0.4592,0.5040,0.0877,0.000611,0.0238,18.5833,73467.49,0.0001,0.0014,3.4223,0.0000,0.4700,219.99,0.4600,190.97,0.4500,110.05,0.4400,155.17,0.4300,127.05,0.4800,40.40,0.4900,134.93,0.5000,106.20,0.5100,182.19,0.5200,106.20,0.5200,40.40,0.5100,134.93,0.5000,106.20,0.4900,182.19,0.4800,106.20,0.5300,219.99,0.5400,190.97,0.5500,110.05,0.5600,155.17,0.5700,127.05,803.23,569.92,1373.15,569.92,803.23,1373.15,0.0100,0.0100,0.1699,-0.1699,0.4784,0.5216,0.5116,0.3076,0.3076,0.5116,-0.6451,-32.9428,-32.9372,-0.6450
btc-updown-5m-1780095900,1780096032000,168,73368.55,73468.50,99.95,0.0000,0.0034,0.0001,0.4588,0.5060,0.0877,0.000611,0.0237,0.0025,73467.50,0.0001,0.0014,0.0136,0.0000,0.5300,256.33,0.5100,20.60,0.5000,6.00,0.4800,165.29,0.4700,614.14,0.5400,263.08,0.5500,46.39,0.5600,20.00,0.5700,15.00,0.5800,60.00,0.4600,263.08,0.4500,46.39,0.4400,20.00,0.4300,15.00,0.4200,60.00,0.4700,256.33,0.4900,20.60,0.5000,6.00,0.5200,165.29,0.5300,614.14,1062.36,404.47,1466.83,404.47,1062.36,1466.83,0.0100,0.0100,0.4485,-0.4485,0.5349,0.4651,0.2607,0.7651,0.7651,0.2607,48.8785,1.4312,1.4307,48.8621
btc-updown-5m-1780095900,1780096033000,167,73368.64,73468.50,99.86,0.0000,0.0034,0.0002,0.4569,0.5060,0.0877,0.000611,0.0236,0.0068,73467.50,0.0001,0.0014,0.0000,0.0000,0.5100,291.53,0.5000,38.24,0.4900,47.17,0.4800,93.00,0.4700,36.00,0.5200,231.74,0.5300,204.72,0.5400,171.80,0.5500,196.75,0.5600,179.00,0.4800,231.74,0.4700,204.72,0.4600,171.80,0.4500,196.75,0.4400,179.00,0.4900,291.53,0.5000,38.24,0.5100,47.17,0.5200,93.00,0.5300,36.00,505.94,984.01,1489.95,984.01,505.94,1489.95,0.0100,0.0100,-0.3209,0.3209,0.5156,0.4844,0.6518,0.4436,0.4436,0.6518,-124.7427,102.9941,102.9772,-124.7223
btc-updown-5m-1780095900,1780096034000,166,73370.46,73468.49,98.03,-0.0000,0.0034,0.0829,0.5397,0.5080,0.0877,0.000611,0.0263,3.1519,73467.60,0.0001,0.0012,-0.0133,-0.0000,0.5100,260.64,0.5000,53.16,0.4900,52.00,0.4800,76.00,0.4700,54.71,0.5200,378.22,0.5300,213.05,0.5400,165.80,0.5500,216.75,0.5600,181.00,0.4800,378.22,0.4700,213.05,0.4600,165.80,0.4500,216.75,0.4400,181.00,0.4900,260.64,0.5000,53.16,0.5100,52.00,0.5200,76.00,0.5300,54.71,496.51,1154.82,1651.33,1154.82,496.51,1651.33,0.0100,0.0100,-0.3987,0.3987,0.5141,0.4859,0.6320,0.5120,0.5120,0.6320,-161.6328,196.7608,196.7208,-161.6000
btc-updown-5m-1780095900,1780096035000,165,73371.17,73468.50,97.33,0.0000,0.0034,0.0005,0.5255,0.5080,0.0880,0.000611,0.0243,0.0201,73467.73,0.0001,0.0010,0.0132,0.0000,0.5100,260.64,0.5000,53.16,0.4900,52.00,0.4800,76.00,0.4700,54.71,0.5200,378.22,0.5300,213.05,0.5400,165.80,0.5500,216.75,0.5600,181.00,0.4800,378.22,0.4700,213.05,0.4600,165.80,0.4500,216.75,0.4400,181.00,0.4900,260.64,0.5000,53.16,0.5100,52.00,0.5200,76.00,0.5300,54.71,496.51,1154.82,1651.33,1154.82,496.51,1651.33,0.0100,0.0100,-0.3987,0.3987,0.5141,0.4859,0.6320,0.5120,0.5120,0.6320,-170.6773,191.6468,191.5619,-170.6018
btc-updown-5m-1780095900,1780096036000,164,73370.88,73468.50,97.62,0.0000,0.0000,0.0001,0.0837,0.0060,0.0880,0.000611,0.0243,0.0037,73467.73,0.0000,0.0010,0.0000,0.0000,0.4600,64.13,0.4500,102.30,0.4400,176.51,0.4300,93.30,0.4200,90.33,0.4700,444.72,0.4800,113.73,0.4900,208.00,0.5000,270.14,0.5100,141.00,0.5300,444.72,0.5200,113.73,0.5100,208.00,0.5000,270.14,0.4900,141.00,0.5400,64.13,0.5500,102.30,0.5600,176.51,0.5700,93.30,0.5800,90.33,526.57,1177.59,1704.16,1177.59,526.57,1704.16,0.0100,0.0100,-0.3820,0.3820,0.4613,0.5387,0.3161,0.4742,0.4742,0.3161,-67.4948,117.7532,117.6965,-67.4623
btc-updown-5m-1780095900,1780096037000,163,73370.88,73468.49,97.61,-0.0000,-0.0000,0.0001,0.0837,0.0060,0.0880,0.000611,0.0243,0.0037,73467.73,-0.0000,0.0010,-0.0133,-0.0000,0.3900,133.63,0.3800,25.00,0.3700,59.74,0.3600,101.60,0.3500,96.00,0.4300,66.17,0.4400,117.52,0.4500,447.98,0.4600,465.62,0.4700,162.55,0.5700,66.17,0.5600,117.52,0.5500,447.98,0.5400,465.62,0.5300,162.55,0.6100,133.63,0.6200,25.00,0.6300,59.74,0.6400,101.60,0.6500,96.00,415.97,1259.84,1675.81,1259.84,415.97,1675.81,0.0400,0.0400,-0.5036,0.5036,0.4168,0.5832,0.3813,0.1458,0.1458,0.3813,-41.6963,127.9913,127.9698,-41.6893
btc-updown-5m-1780095900,1780096038000,162,73370.56,73468.49,97.93,0.0000,-0.0000,0.0000,0.0835,0.0060,0.0880,0.000611,0.0231,0.0000,73467.83,-0.0000,0.0009,0.0000,0.0000,0.3800,68.41,0.3700,96.27,0.3600,86.37,0.3500,89.60,0.3400,116.79,0.3900,336.10,0.4000,164.66,0.4100,108.00,0.4200,124.00,0.4300,106.00,0.6100,336.10,0.6000,164.66,0.5900,108.00,0.5800,124.00,0.5700,106.00,0.6200,68.41,0.6300,96.27,0.6400,86.37,0.6500,89.60,0.6600,116.79,457.44,838.76,1296.20,838.76,457.44,1296.20,0.0100,0.0100,-0.2942,0.2942,0.3817,0.6183,0.3600,0.5970,0.5970,0.3600,-113.5805,108.2899,108.3071,-113.5985
btc-updown-5m-1780095900,1780096039000,161,73370.56,73468.50,97.94,0.0000,0.0000,0.0225,0.0231,0.0060,0.0880,0.000611,0.0238,0.9439,73467.85,0.0000,0.0009,0.0133,0.0000,0.3800,369.38,0.3700,165.84,0.3600,203.83,0.3500,186.30,0.3400,192.79,0.3900,4.88,0.4000,101.40,0.4100,43.00,0.4200,36.00,0.4300,51.00,0.6100,4.88,0.6000,101.40,0.5900,43.00,0.5800,36.00,0.5700,51.00,0.6200,369.38,0.6300,165.84,0.6400,203.83,0.6500,186.30,0.6600,192.79,1118.14,236.28,1354.42,236.28,1118.14,1354.42,0.0100,0.0100,0.6511,-0.6511,0.3899,0.6101,0.4787,0.4498,0.4498,0.4787,150.8974,-160.6246,-160.7038,150.9719
btc-updown-5m-1780095900,1780096040000,160,73369.66,73468.49,98.83,-0.0000,-0.0000,0.0001,0.0228,0.0060,0.0880,0.000611,0.0237,0.0055,73467.86,-0.0000,0.0009,-0.0135,-0.0000,0.3800,628.31,0.3700,292.73,0.3600,292.80,0.3500,181.30,0.3400,192.98,0.3900,19.49,0.4000,72.24,0.4100,48.00,0.4200,79.00,0.4300,96.00,0.6100,19.49,0.6000,72.24,0.5900,48.00,0.5800,79.00,0.5700,96.00,0.6200,628.31,0.6300,292.73,0.6400,292.80,0.6500,181.30,0.6600,192.98,1588.12,314.73,1902.85,314.73,1588.12,1902.85,0.0100,0.0100,0.6692,-0.6692,0.3897,0.6103,0.5800,0.2915,0.2915,0.5800,294.4373,-190.0934,-190.0934,294.4373
btc-updown-5m-1780095900,1780096041000,159,73369.24,73468.49,99.25,0.0000,-0.0000,0.0000,0.0227,0.0060,0.0877,0.000611,0.0224,0.0000,73467.97,-0.0000,0.0007,0.0000,0.0000,0.3800,567.28,0.3700,239.87,0.3600,227.34,0.3500,176.30,0.3400,186.60,0.3900,19.87,0.4000,46.24,0.4100,63.00,0.4200,62.00,0.4300,96.00,0.6100,19.87,0.6000,46.24,0.5900,63.00,0.5800,62.00,0.5700,96.00,0.6200,567.28,0.6300,239.87,0.6400,227.34,0.6500,176.30,0.6600,186.60,1397.39,287.11,1684.50,287.11,1397.39,1684.50,0.0100,0.0100,0.6591,-0.6591,0.3897,0.6103,0.5776,0.2303,0.2303,0.5776,216.6043,-166.4508,-166.4508,216.6043
btc-updown-5m-1780095900,1780096042000,158,73369.24,73468.49,99.25,0.0000,0.0000,0.0000,0.0226,0.0040,0.0877,0.000611,0.0222,0.0000,73467.99,-0.0000,0.0007,0.0000,0.0000,0.4900,30.00,0.4800,16.19,0.4700,48.00,0.4600,238.26,0.4500,392.81,0.5000,21.69,0.5100,70.00,0.5200,111.00,0.5300,56.00,0.5400,121.00,0.5000,21.69,0.4900,70.00,0.4800,111.00,0.4700,56.00,0.4600,121.00,0.5100,30.00,0.5200,16.19,0.5300,48.00,0.5400,238.26,0.5500,392.81,725.26,379.69,1104.95,379.69,725.26,1104.95,0.0100,0.0100,0.3127,-0.3127,0.4958,0.5042,0.0637,0.2415,0.2415,0.0637,33.2647,-133.5845,-133.6516,33.2814
btc-updown-5m-1780095900,1780096043000,157,73369.40,73468.49,99.09,0.0000,0.0000,0.0049,0.0275,0.0080,0.0880,0.000611,0.0223,0.2190,73467.99,-0.0000,0.0007,0.0000,0.0000,0.5700,25.34,0.5600,279.51,0.5500,245.16,0.5400,91.60,0.5300,130.40,0.5800,57.67,0.5900,40.00,0.6000,1282.79,0.6100,122.00,0.6200,60.00,0.4200,57.67,0.4100,40.00,0.4000,1282.79,0.3900,122.00,0.3800,60.00,0.4300,25.34,0.4400,279.51,0.4500,245.16,0.4600,91.60,0.4700,130.40,772.01,1562.46,2334.47,1562.46,772.01,2334.47,0.0100,0.0100,-0.3386,0.3386,0.5731,0.4269,0.3949,0.0625,0.0625,0.3949,114.9013,12.0483,12.0524,114.9404
btc-updown-5m-1780095900,1780096044000,156,73369.94,73468.50,98.56,0.0000,0.0000,0.0001,0.0052,0.0080,0.0883,0.000611,0.0223,0.0058,73467.99,0.0000,0.0007,0.0134,0.0000,0.5700,372.09,0.5600,115.04,0.5500,129.00,0.5400,96.00,0.5300,87.00,0.5800,162.39,0.5900,40.00,0.6000,1276.49,0.6100,122.00,0.6200,75.00,0.4200,162.39,0.4100,40.00,0.4000,1276.49,0.3900,122.00,0.3800,75.00,0.4300,372.09,0.4400,115.04,0.4500,129.00,0.4600,96.00,0.4700,87.00,799.13,1675.88,2475.01,1675.88,799.13,2475.01,0.0100,0.0100,-0.3542,0.3542,0.5770,0.4230,0.6096,0.1208,0.1208,0.6096,66.5565,149.8246,149.7969,66.5442
btc-updown-5m-1780095900,1780096045000,155,73369.94,73468.49,98.55,-0.0000,0.0000,0.0340,0.0390,0.0080,0.0887,0.000611,0.0234,1.4536,73468.02,-0.0000,0.0006,-0.0134,-0.0000,0.5700,243.23,0.5600,99.04,0.5500,56.00,0.5400,91.00,0.5300,26.00,0.5800,459.16,0.5900,112.00,0.6000,1370.38,0.6100,222.00,0.6200,136.57,0.4200,459.16,0.4100,112.00,0.4000,1370.38,0.3900,222.00,0.3800,136.57,0.4300,243.23,0.4400,99.04,0.4500,56.00,0.4600,91.00,0.4700,26.00,515.27,2300.11,2815.38,2300.11,515.27,2815.38,0.0100,0.0100,-0.6340,0.6340,0.5735,0.4265,0.6643,0.2483,0.2483,0.6643,-124.2324,345.2095,345.2095,-124.2324
btc-updown-5m-1780095900,1780096046000,154,73374.99,73468.49,93.50,0.0000,0.0000,0.0029,0.0420,0.0080,0.0887,0.000611,0.0234,0.1258,73468.02,-0.0000,0.0006,0.0000,0.0000,0.5700,37.91,0.5600,126.79,0.5500,61.00,0.5400,111.07,0.5300,48.79,0.5800,561.28,0.5900,105.00,0.6000,1336.49,0.6100,245.00,0.6200,168.97,0.4200,561.28,0.4100,105.00,0.4000,1336.49,0.3900,245.00,0.3800,168.97,0.4300,37.91,0.4400,126.79,0.4500,61.00,0.4600,111.07,0.4700,48.79,385.56,2416.74,2802.30,2416.74,385.56,2802.30,0.0100,0.0100,-0.7248,0.7248,0.5706,0.4294,0.4272,0.2757,0.2757,0.4272,-148.0407,354.6068,354.6659,-148.0653
btc-updown-5m-1780095900,1780096047000,153,73375.24,73468.50,93.26,0.0000,0.0000,0.0027,0.0447,0.0100,0.0890,0.000611,0.0235,0.1156,73468.02,0.0000,0.0006,0.0127,0.0000,0.5600,92.65,0.5500,71.00,0.5400,101.07,0.5300,26.00,0.5200,31.03,0.5700,423.27,0.5800,193.48,0.5900,133.46,0.6000,1362.49,0.6100,238.00,0.4300,423.27,0.4200,193.48,0.4100,133.46,0.4000,1362.49,0.3900,238.00,0.4400,92.65,0.4500,71.00,0.4600,101.07,0.4700,26.00,0.4800,31.03,321.75,2350.70,2672.45,2350.70,321.75,2672.45,0.0100,0.0100,-0.7592,0.7592,0.5618,0.4382,0.5086,0.2624,0.2624,0.5086,-176.9145,339.4062,339.3504,-176.8854
btc-updown-5m-1780095900,1780096048000,152,73374.34,73468.50,94.16,0.0000,0.0000,0.0000,0.0398,0.0060,0.0890,0.000611,0.0235,0.0000,73468.03,0.0000,0.0006,0.0000,0.0000,0.5500,90.63,0.5400,35.00,0.5300,58.79,0.5200,26.00,0.5100,66.00,0.5600,202.76,0.5700,240.17,0.5800,155.84,0.5900,98.46,0.6000,1392.49,0.4400,202.76,0.4300,240.17,0.4200,155.84,0.4100,98.46,0.4000,1392.49,0.4500,90.63,0.4600,35.00,0.4700,58.79,0.4800,26.00,0.4900,66.00,276.42,2089.72,2366.14,2089.72,276.42,2366.14,0.0100,0.0100,-0.7664,0.7664,0.5531,0.4469,0.4545,0.2120,0.2120,0.4545,-187.2988,331.2206,331.2206,-187.2988
btc-updown-5m-1780095900,1780096049000,151,73376.31,73473.54,97.23,0.0069,0.0069,0.0098,0.0495,1.0120,0.2567,0.001356,0.0238,0.4103,73468.10,0.0055,0.0074,6.6703,0.0001,0.5400,57.02,0.5300,51.00,0.5200,51.00,0.5100,66.00,0.5000,186.00,0.5600,138.98,0.5700,104.35,0.5800,154.94,0.5900,98.46,0.6000,1342.49,0.4400,138.98,0.4300,104.35,0.4200,154.94,0.4100,98.46,0.4000,1342.49,0.4600,57.02,0.4700,51.00,0.4800,51.00,0.4900,66.00,0.5000,186.00,411.02,1839.22,2250.24,1839.22,411.02,2250.24,0.0200,0.0200,-0.6347,0.6347,0.5458,0.4542,0.2628,0.1323,0.1323,0.2628,-68.3894,28.7824,28.7875,-68.4015
btc-updown-5m-1780095900,1780096050000,150,73374.38,73473.54,99.16,0.0000,0.0069,0.0002,0.0157,1.0100,0.2567,0.001356,0.0234,0.0086,73468.14,0.0055,0.0073,0.0000,0.0000,0.5500,90.83,0.5400,250.81,0.5300,65.20,0.5200,106.20,0.5100,156.20,0.5600,64.34,0.5700,41.00,0.5800,99.94,0.5900,79.84,0.6000,1297.49,0.4400,64.34,0.4300,41.00,0.4200,99.94,0.4100,79.84,0.4000,1297.49,0.4500,90.83,0.4600,250.81,0.4700,65.20,0.4800,106.20,0.4900,156.20,669.24,1582.61,2251.85,1582.61,669.24,2251.85,0.0100,0.0100,-0.4056,0.4056,0.5559,0.4441,0.5105,0.0666,0.0666,0.5105,26.0449,-51.4560,-51.4472,26.0404
btc-updown-5m-1780095900,1780096051000,149,73374.38,73473.54,99.16,0.0000,0.0069,0.0130,0.0257,1.0100,0.2567,0.001356,0.0230,0.5653,73468.31,0.0014,0.0071,0.0000,0.0000,0.5500,27.02,0.5400,78.60,0.5300,15.20,0.5200,48.20,0.5100,106.20,0.5600,281.53,0.5700,123.49,0.5800,154.94,0.5900,129.86,0.6000,1322.49,0.4400,281.53,0.4300,123.49,0.4200,154.94,0.4100,129.86,0.4000,1322.49,0.4500,27.02,0.4600,78.60,0.4700,15.20,0.4800,48.20,0.4900,106.20,275.22,2012.31,2287.53,2012.31,275.22,2287.53,0.0100,0.0100,-0.7594,0.7594,0.5509,0.4491,0.3838,0.2013,0.2013,0.3838,-15.8981,-28.5147,-28.5048,-15.8926
btc-updown-5m-1780095900,1780096052000,148,73374.45,73473.54,99.09,0.0000,0.0069,0.0062,0.0291,1.0100,0.2567,0.001356,0.0232,0.2658,73468.36,0.0006,0.0070,0.0000,0.0000,0.5400,94.53,0.5300,90.76,0.5200,48.20,0.5100,101.20,0.5000,211.81,0.5500,134.22,0.5600,100.22,0.5700,112.64,0.5800,154.94,0.5900,101.27,0.4500,134.22,0.4400,100.22,0.4300,112.64,0.4200,154.94,0.4100,101.27,0.4600,94.53,0.4700,90.76,0.4800,48.20,0.4900,101.20,0.5000,211.81,546.50,603.29,1149.79,603.29,546.50,1149.79,0.0100,0.0100,-0.0494,0.0494,0.5441,0.4559,0.3390,0.3886,0.3886,0.3390,25.2309,-294.4430,-294.4430,25.2309
btc-updown-5m-1780095900,1780096053000,147,73375.14,73473.54,98.40,0.0000,0.0069,0.0000,0.0291,1.0100,0.2563,0.001355,0.0226,0.0000,73468.42,0.0000,0.0070,0.0000,0.0000,0.5400,71.91,0.5300,100.56,0.5200,10.00,0.5100,75.20,0.5000,158.61,0.5500,197.36,0.5600,94.50,0.5700,101.85,0.5800,138.94,0.5900,136.00,0.4500,197.36,0.4400,94.50,0.4300,101.85,0.4200,138.94,0.4100,136.00,0.4600,71.91,0.4700,100.56,0.4800,10.00,0.4900,75.20,0.5000,158.61,416.28,668.65,1084.93,668.65,416.28,1084.93,0.0100,0.0100,-0.2326,0.2326,0.5427,0.4573,0.4143,0.4365,0.4365,0.4143,12.7796,-293.2921,-293.2921,12.7796
btc-updown-5m-1780095900,1780096054000,146,73375.66,73473.54,97.88,0.0000,0.0000,0.0000,0.0194,0.0020,0.2560,0.001356,0.0223,0.0000,73468.46,0.0000,0.0069,0.0000,0.0000,0.5400,32.00,0.5000,15.00,0.4900,50.58,0.4800,135.40,0.4700,134.09,0.5500,300.80,0.5600,195.72,0.5700,137.00,0.5800,128.94,0.5900,121.00,0.4500,300.80,0.4400,195.72,0.4300,137.00,0.4200,128.94,0.4100,121.00,0.4600,32.00,0.5000,15.00,0.5100,50.58,0.5200,135.40,0.5300,134.09,367.07,883.46,1250.53,883.46,367.07,1250.53,0.0100,0.0100,-0.4129,0.4129,0.5410,0.4590,0.1280,0.5620,0.5620,0.1280,14.9194,-198.5286,-198.4960,14.9169
btc-updown-5m-1780095900,1780096055000,145,73375.61,73473.54,97.93,0.0000,0.0000,0.0013,0.0205,0.0020,0.2560,0.001356,0.0207,0.0648,73468.66,0.0000,0.0066,0.0000,0.0000,0.5400,11.97,0.5000,72.87,0.4900,55.58,0.4800,160.20,0.4700,134.09,0.5500,252.64,0.5600,203.72,0.5700,137.00,0.5800,128.94,0.5900,121.00,0.4500,252.64,0.4400,203.72,0.4300,137.00,0.4200,128.94,0.4100,121.00,0.4600,11.97,0.5000,72.87,0.5100,55.58,0.5200,160.20,0.5300,134.09,434.71,843.30,1278.01,843.30,434.71,1278.01,0.0100,0.0100,-0.3197,0.3197,0.5405,0.4595,0.1952,0.5412,0.5412,0.1952,2.4293,-160.1191,-160.1191,2.4293
btc-updown-5m-1780095900,1780096056000,144,73375.61,73473.54,97.93,0.0000,0.0000,0.0096,0.0171,0.0020,0.2560,0.001356,0.0210,0.4580,73468.73,0.0000,0.0065,0.0000,0.0000,0.5400,16.93,0.5000,10.00,0.4900,55.58,0.4800,130.20,0.4700,109.09,0.5500,290.06,0.5600,193.00,0.5700,142.00,0.5800,138.94,0.5900,136.00,0.4500,290.06,0.4400,193.00,0.4300,142.00,0.4200,138.94,0.4100,136.00,0.4600,16.93,0.5000,10.00,0.5100,55.58,0.5200,130.20,0.5300,109.09,321.80,900.00,1221.80,900.00,321.80,1221.80,0.0100,0.0100,-0.4732,0.4732,0.5406,0.4594,0.0837,0.5367,0.5367,0.0837,-38.7351,105.3046,105.3227,-38.7418
btc-updown-5m-1780095900,1780096057000,143,73375.06,73473.54,98.48,0.0000,0.0000,0.0005,0.0114,0.0000,0.2560,0.001356,0.0210,0.0219,73468.74,-0.0000,0.0065,0.0000,0.0000,0.5400,6.87,0.5100,89.08,0.5000,55.08,0.4900,45.20,0.4800,165.95,0.5500,251.65,0.5600,193.00,0.5700,158.87,0.5800,128.94,0.5900,126.25,0.4500,251.65,0.4400,193.00,0.4300,158.87,0.4200,128.94,0.4100,126.25,0.4600,6.87,0.4900,89.08,0.5000,55.08,0.5100,45.20,0.5200,165.95,362.18,858.71,1220.89,858.71,362.18,1220.89,0.0100,0.0100,-0.4067,0.4067,0.5403,0.4597,0.2649,0.5178,0.5178,0.2649,14.3003,-179.9704,-179.9704,14.3003
btc-updown-5m-1780095900,1780096058000,142,73375.00,73473.55,98.55,0.0000,0.0000,0.0027,0.0141,0.0020,0.2563,0.001355,0.0211,0.1296,73468.76,0.0000,0.0065,0.0134,0.0000,0.5100,85.32,0.5000,55.08,0.4900,45.20,0.4800,160.95,0.4700,106.80,0.5500,292.20,0.5600,198.72,0.5700,153.02,0.5800,134.93,0.5900,126.25,0.4500,292.20,0.4400,198.72,0.4300,153.02,0.4200,134.93,0.4100,126.25,0.4900,85.32,0.5000,55.08,0.5100,45.20,0.5200,160.95,0.5300,106.80,453.35,905.12,1358.47,905.12,453.35,1358.47,0.0400,0.0400,-0.3326,0.3326,0.5190,0.4810,0.3097,0.5424,0.5424,0.3097,-16.5217,-201.0614,-201.1314,-16.5274
btc-updown-5m-1780095900,1780096059000,141,73375.01,73473.55,98.54,0.0000,0.0000,0.0421,0.0562,0.0020,0.2563,0.001355,0.0224,1.8822,73469.06,0.0000,0.0061,0.0000,0.0000,0.5200,98.26,0.5100,96.08,0.5000,55.08,0.4900,50.20,0.4800,130.95,0.5300,127.65,0.5400,108.00,0.5500,86.00,0.5600,181.00,0.5700,167.00,0.4700,127.65,0.4600,108.00,0.4500,86.00,0.4400,181.00,0.4300,167.00,0.4800,98.26,0.4900,96.08,0.5000,55.08,0.5100,50.20,0.5200,130.95,430.57,669.65,1100.22,669.65,430.57,1100.22,0.0100,0.0100,-0.2173,0.2173,0.5243,0.4757,0.4514,0.3519,0.3519,0.4514,6.2204,9.9615,9.9615,6.2204
btc-updown-5m-1780095900,1780096060000,140,73375.01,73473.55,98.54,0.0000,0.0000,0.0000,0.0549,0.0020,0.2560,0.001355,0.0224,0.0000,73469.06,0.0000,0.0061,0.0000,0.0000,0.5200,160.09,0.5100,50.94,0.5000,50.08,0.4900,50.20,0.4800,130.95,0.5300,138.91,0.5400,113.00,0.5500,286.59,0.5600,181.00,0.5700,153.09,0.4700,138.91,0.4600,113.00,0.4500,286.59,0.4400,181.00,0.4300,153.09,0.4800,160.09,0.4900,50.94,0.5000,50.08,0.5100,50.20,0.5200,130.95,442.26,872.59,1314.85,872.59,442.26,1314.85,0.0100,0.0100,-0.3273,0.3273,0.5254,0.4746,0.4772,0.2887,0.2887,0.4772,12.7766,-1.8471,-1.8474,12.7787
btc-updown-5m-1780095900,1780096061000,139,73375.01,73473.54,98.53,-0.0000,0.0000,0.0017,0.0470,0.0040,0.1727,0.001231,0.0219,0.0770,73469.14,-0.0000,0.0060,-0.0134,-0.0000,0.5400,80.00,0.5300,48.30,0.5200,59.12,0.5100,31.00,0.5000,76.28,0.5500,189.01,0.5600,186.00,0.5700,137.00,0.5800,128.94,0.5900,116.00,0.4500,189.01,0.4400,186.00,0.4300,137.00,0.4200,128.94,0.4100,116.00,0.4600,80.00,0.4700,48.30,0.4800,59.12,0.4900,31.00,0.5000,76.28,294.70,756.95,1051.65,756.95,294.70,1051.65,0.0100,0.0100,-0.4395,0.4395,0.5430,0.4570,0.4354,0.4954,0.4954,0.4354,-23.3662,-14.4109,-14.4133,-23.3701
btc-updown-5m-1780095900,1780096062000,138,73375.01,73473.55,98.54,0.0000,0.0000,0.0002,0.0467,0.0060,0.1727,0.001231,0.0077,0.0260,73470.34,0.0000,0.0044,0.0134,0.0000,0.5400,23.91,0.5300,21.84,0.5200,64.12,0.5100,111.59,0.5000,81.47,0.5500,292.81,0.5600,191.72,0.5700,116.00,0.5800,154.94,0.5900,86.00,0.4500,292.81,0.4400,191.72,0.4300,116.00,0.4200,154.94,0.4100,86.00,0.4600,23.91,0.4700,21.84,0.4800,64.12,0.4900,111.59,0.5000,81.47,302.93,841.47,1144.40,841.47,302.93,1144.40,0.0100,0.0100,-0.4706,0.4706,0.5408,0.4592,0.1510,0.5758,0.5758,0.1510,-2.5600,13.6572,13.6547,-2.5596
btc-updown-5m-1780095900,1780096063000,137,73375.39,73473.55,98.16,0.0000,0.0000,0.0004,0.0444,0.0040,0.1727,0.001231,0.0077,0.0533,73470.35,0.0000,0.0044,0.0000,0.0000,0.5400,73.62,0.5300,21.84,0.5200,48.12,0.5100,111.59,0.5000,76.28,0.5500,304.00,0.5600,210.94,0.5700,116.00,0.5800,166.17,0.5900,86.00,0.4500,304.00,0.4400,210.94,0.4300,116.00,0.4200,166.17,0.4100,86.00,0.4600,73.62,0.4700,21.84,0.4800,48.12,0.4900,111.59,0.5000,76.28,331.45,883.11,1214.56,883.11,331.45,1214.56,0.0100,0.0100,-0.4542,0.4542,0.5419,0.4581,0.2880,0.5831,0.5831,0.2880,-5.1302,4.0735,4.0735,-5.1302
btc-updown-5m-1780095900,1780096064000,136,73375.10,73473.55,98.45,0.0000,0.0000,0.0000,0.0023,0.0040,0.1723,0.001231,0.0077,0.0000,73470.35,0.0000,0.0044,0.0000,0.0000,0.5200,33.13,0.5100,89.95,0.5000,68.52,0.4900,64.36,0.4800,157.75,0.5300,276.33,0.5400,94.36,0.5500,214.42,0.5600,181.00,0.5700,106.00,0.4700,276.33,0.4600,94.36,0.4500,214.42,0.4400,181.00,0.4300,106.00,0.4800,33.13,0.4900,89.95,0.5000,68.52,0.5100,64.36,0.5200,157.75,413.71,872.11,1285.82,872.11,413.71,1285.82,0.0100,0.0100,-0.3565,0.3565,0.5211,0.4789,0.2975,0.4250,0.4250,0.2975,0.9386,43.4916,43.4757,0.9383
btc-updown-5m-1780095900,1780096065000,135,73375.10,73473.55,98.45,0.0000,0.0000,0.0083,0.0106,0.0060,0.1723,0.001231,0.0053,1.5642,73471.45,0.0000,0.0029,0.0000,0.0000,0.5200,17.09,0.5100,15.20,0.5000,73.64,0.4900,66.31,0.4800,156.20,0.5300,232.42,0.5400,99.84,0.5500,213.83,0.5600,181.00,0.5700,106.00,0.4700,232.42,0.4600,99.84,0.4500,213.83,0.4400,181.00,0.4300,106.00,0.4800,17.09,0.4900,15.20,0.5000,73.64,0.5100,66.31,0.5200,156.20,328.44,833.09,1161.53,833.09,328.44,1161.53,0.0100,0.0100,-0.4345,0.4345,0.5207,0.4793,0.0983,0.3988,0.3988,0.0983,-0.7130,-20.8428,-20.8428,-0.7130
btc-updown-5m-1780095900,1780096066000,134,73375.04,73473.55,98.51,0.0000,0.0000,0.0000,0.0089,0.0040,0.1723,0.001231,0.0053,0.0000,73471.46,0.0000,0.0028,0.0000,0.0000,0.5100,206.66,0.5000,199.43,0.4900,161.31,0.4800,136.20,0.4700,136.74,0.5200,13.00,0.5300,46.36,0.5400,26.00,0.5500,158.83,0.5600,66.00,0.4800,13.00,0.4700,46.36,0.4600,26.00,0.4500,158.83,0.4400,66.00,0.4900,206.66,0.5000,199.43,0.5100,161.31,0.5200,136.20,0.5300,136.74,840.34,310.19,1150.53,310.19,840.34,1150.53,0.0100,0.0100,0.4608,-0.4608,0.5194,0.4806,0.4832,0.1914,0.1914,0.4832,64.7285,-91.7545,-91.7694,64.7390
btc-updown-5m-1780095900,1780096067000,133,73375.06,73473.55,98.49,0.0000,0.0000,0.0000,0.0087,0.0020,0.1720,0.001231,0.0053,0.0000,73471.46,0.0000,0.0028,0.0000,0.0000,0.5100,45.49,0.5000,149.43,0.4900,107.13,0.4800,88.10,0.4700,86.60,0.5200,155.95,0.5300,91.36,0.5400,86.00,0.5500,1324.83,0.5600,121.00,0.4800,155.95,0.4700,91.36,0.4600,86.00,0.4500,1324.83,0.4400,121.00,0.4900,45.49,0.5000,149.43,0.5100,107.13,0.5200,88.10,0.5300,86.60,476.75,1779.14,2255.89,1779.14,476.75,2255.89,0.0100,0.0100,-0.5773,0.5773,0.5123,0.4877,0.4089,0.1390,0.1390,0.4089,-24.8430,195.6974,195.6974,-24.8430
btc-updown-5m-1780095900,1780096068000,132,73375.06,73473.54,98.48,-0.0000,-0.0000,0.0022,0.0105,0.0040,0.1723,0.001231,0.0053,0.4178,73471.49,-0.0000,0.0028,-0.0134,-0.0000,0.5100,38.85,0.5000,138.01,0.4900,156.76,0.4800,166.20,0.4700,141.74,0.5200,26.98,0.5300,36.36,0.5400,26.00,0.5500,1269.83,0.5600,66.00,0.4800,26.98,0.4700,36.36,0.4600,26.00,0.4500,1269.83,0.4400,66.00,0.4900,38.85,0.5000,138.01,0.5100,156.76,0.5200,166.20,0.5300,141.74,641.56,1425.17,2066.73,1425.17,641.56,2066.73,0.0100,0.0100,-0.3792,0.3792,0.5159,0.4841,0.2757,0.0444,0.0444,0.2757,72.6731,113.8274,113.8274,72.6731
btc-updown-5m-1780095900,1780096069000,131,73375.29,73473.54,98.25,0.0000,-0.0000,0.0000,0.0105,0.0040,0.1720,0.001231,0.0053,0.0000,73471.49,-0.0000,0.0028,0.0000,0.0000,0.5200,146.36,0.5100,152.81,0.5000,153.95,0.4900,176.78,0.4800,141.20,0.5300,13.39,0.5400,45.00,0.5500,1275.42,0.5600,66.00,0.5700,26.00,0.4700,13.39,0.4600,45.00,0.4500,1275.42,0.4400,66.00,0.4300,26.00,0.4800,146.36,0.4900,152.81,0.5000,153.95,0.5100,176.78,0.5200,141.20,771.10,1425.81,2196.91,1425.81,771.10,2196.91,0.0100,0.0100,-0.2980,0.2980,0.5292,0.4708,0.3880,0.0410,0.0410,0.3880,75.6843,93.4240,93.4240,75.6843
btc-updown-5m-1780095900,1780096070000,130,73375.10,73473.54,98.44,0.0000,-0.0000,0.0011,0.0033,0.0020,0.1717,0.001231,0.0046,0.2324,73471.97,-0.0000,0.0021,0.0000,0.0000,0.5200,190.77,0.5100,142.94,0.5000,151.28,0.4900,166.20,0.4800,131.20,0.5300,5.88,0.5400,55.00,0.5500,1275.42,0.5600,66.00,0.5700,26.00,0.4700,5.88,0.4600,55.00,0.4500,1275.42,0.4400,66.00,0.4300,26.00,0.4800,190.77,0.4900,142.94,0.5000,151.28,0.5100,166.20,0.5200,131.20,782.39,1428.30,2210.69,1428.30,782.39,2210.69,0.0100,0.0100,-0.2922,0.2922,0.5297,0.4703,0.4265,0.0426,0.0426,0.4265,64.3870,97.1341,97.1341,64.3870
btc-updown-5m-1780095900,1780096071000,129,73375.29,73473.54,98.25,0.0000,-0.0000,0.0000,0.0033,0.0020,0.1717,0.001231,0.0046,0.0000,73471.98,0.0000,0.0021,0.0000,0.0000,0.5300,80.61,0.5100,74.00,0.5000,167.42,0.4900,116.66,0.4800,81.20,0.5400,201.07,0.5500,1363.81,0.5600,121.00,0.5700,86.00,0.5800,242.33,0.4600,201.07,0.4500,1363.81,0.4400,121.00,0.4300,86.00,0.4200,242.33,0.4700,80.61,0.4900,74.00,0.5000,167.42,0.5100,116.66,0.5200,81.20,519.89,2014.21,2534.10,2014.21,519.89,2534.10,0.0100,0.0100,-0.5897,0.5897,0.5329,0.4671,0.2974,0.7769,0.7769,0.2974,33.4996,206.6702,206.6702,33.4996
btc-updown-5m-1780095900,1780096072000,128,73375.88,73473.55,97.67,0.0000,0.0000,0.0303,0.0337,0.0040,0.1720,0.001231,0.0056,5.3979,73472.25,0.0000,0.0018,0.0133,0.0000,0.5300,80.61,0.5200,5.00,0.5100,51.20,0.5000,91.28,0.4900,116.66,0.5400,213.21,0.5500,1364.05,0.5600,121.00,0.5700,91.85,0.5800,242.33,0.4600,213.21,0.4500,1364.05,0.4400,121.00,0.4300,91.85,0.4200,242.33,0.4700,80.61,0.4800,5.00,0.4900,51.20,0.5000,91.28,0.5100,116.66,344.75,2032.44,2377.19,2032.44,344.75,2377.19,0.0100,0.0100,-0.7100,0.7100,0.5327,0.4673,0.2483,0.7760,0.7760,0.2483,-92.6336,321.9159,321.9159,-92.6336
btc-updown-5m-1780095900,1780096073000,127,73375.88,73473.55,97.67,0.0000,0.0000,0.0000,0.0314,0.0020,0.1713,0.001231,0.0056,0.0000,73472.25,0.0000,0.0018,0.0000,0.0000,0.5200,0.83,0.5100,31.00,0.5000,70.08,0.4900,100.00,0.4800,81.20,0.5300,152.44,0.5400,258.43,0.5500,1344.83,0.5600,121.00,0.5700,81.00,0.4700,152.44,0.4600,258.43,0.4500,1344.83,0.4400,121.00,0.4300,81.00,0.4800,0.83,0.4900,31.00,0.5000,70.08,0.5100,100.00,0.5200,81.20,283.11,1957.70,2240.81,1957.70,283.11,2240.81,0.0100,0.0100,-0.7473,0.7473,0.5201,0.4799,0.1124,0.2099,0.2099,0.1124,-34.1916,18.3448,18.3478,-34.1973
btc-updown-5m-1780095900,1780096074000,126,73375.81,73473.55,97.74,0.0000,0.0000,0.0932,0.1246,0.0020,0.1710,0.001231,0.0085,11.0011,73472.78,0.0000,0.0010,0.0000,0.0000,0.5100,10.00,0.5000,70.08,0.4900,100.00,0.4800,86.20,0.4700,59.89,0.5200,249.07,0.5300,139.23,0.5400,131.00,0.5500,1324.83,0.5600,151.00,0.4800,249.07,0.4700,139.23,0.4600,131.00,0.4500,1324.83,0.4400,151.00,0.4900,10.00,0.5000,70.08,0.5100,100.00,0.5200,86.20,0.5300,59.89,326.17,1995.13,2321.30,1995.13,326.17,2321.30,0.0100,0.0100,-0.7190,0.7190,0.5104,0.4896,0.2455,0.1946,0.1946,0.2455,-30.3237,31.9217,31.9217,-30.3237
btc-updown-5m-1780095900,1780096075000,125,73375.81,73473.54,97.73,-0.0000,0.0000,0.0004,0.1239,0.0040,0.1710,0.001231,0.0085,0.0436,73472.78,-0.0000,0.0010,-0.0133,-0.0000,0.5100,46.64,0.5000,84.98,0.4900,190.26,0.4800,86.30,0.4700,59.89,0.5200,130.70,0.5300,151.23,0.5400,146.25,0.5500,1324.83,0.5600,151.00,0.4800,130.70,0.4700,151.23,0.4600,146.25,0.4500,1324.83,0.4400,151.00,0.4900,46.64,0.5000,84.98,0.5100,190.26,0.5200,86.30,0.5300,59.89,468.07,1904.01,2372.08,1904.01,468.07,2372.08,0.0100,0.0100,-0.6054,0.6054,0.5126,0.4874,0.2812,0.1481,0.1481,0.2812,-60.1109,90.9753,90.9753,-60.1109
btc-updown-5m-1780095900,1780096076000,124,73375.74,73473.55,97.81,0.0000,0.0000,0.0001,0.1240,0.0060,0.1713,0.001231,0.0074,0.0176,73473.42,0.0000,0.0002,0.0133,0.0000,0.5100,51.64,0.5000,92.98,0.4900,121.00,0.4800,151.30,0.4700,59.89,0.5200,152.03,0.5300,156.23,0.5400,135.78,0.5500,1330.42,0.5600,156.72,0.4800,152.03,0.4700,156.23,0.4600,135.78,0.4500,1330.42,0.4400,156.72,0.4900,51.64,0.5000,92.98,0.5100,121.00,0.5200,151.30,0.5300,59.89,476.81,1931.18,2407.99,1931.18,476.81,2407.99,0.0100,0.0100,-0.6040,0.6040,0.5125,0.4875,0.3033,0.1596,0.1596,0.3033,-2.9192,-4.5923,-4.5914,-2.9187
btc-updown-5m-1780095900,1780096077000,123,73375.73,73473.55,97.82,0.0000,0.0000,0.0001,0.0938,0.0040,0.1710,0.001231,0.0073,0.0151,73473.49,0.0000,0.0001,0.0000,0.0000,0.5000,70.08,0.4900,192.14,0.4800,71.20,0.4700,69.89,0.4600,96.40,0.5200,200.61,0.5300,151.23,0.5400,135.78,0.5500,1330.42,0.5600,151.00,0.4800,200.61,0.4700,151.23,0.4600,135.78,0.4500,1330.42,0.4400,151.00,0.5000,70.08,0.5100,192.14,0.5200,71.20,0.5300,69.89,0.5400,96.40,499.71,1969.04,2468.75,1969.04,499.71,2468.75,0.0200,0.0200,-0.5952,0.5952,0.5052,0.4948,0.5247,0.1787,0.1787,0.5247,27.3154,-11.1757,-11.1757,27.3154
btc-updown-5m-1780095900,1780096078000,122,73375.73,73473.55,97.82,0.0000,0.0000,0.0007,0.0945,0.0040,0.1710,0.001231,0.0072,0.0941,73473.55,0.0000,0.0000,0.0000,0.0000,0.5000,382.08,0.4900,184.00,0.4800,136.81,0.4700,116.94,0.4600,151.41,0.5100,40.94,0.5200,10.00,0.5300,68.00,0.5400,75.78,0.5500,1299.83,0.4900,40.94,0.4800,10.00,0.4700,68.00,0.4600,75.78,0.4500,1299.83,0.5000,382.08,0.5100,184.00,0.5200,136.81,0.5300,116.94,0.5400,151.41,971.24,1494.55,2465.79,1494.55,971.24,2465.79,0.0100,0.0100,-0.2122,0.2122,0.5090,0.4910,0.5828,0.0341,0.0341,0.5828,123.0912,-91.4492,-91.4492,123.0912
btc-updown-5m-1780095900,1780096079000,121,73375.73,73473.55,97.82,0.0000,0.0000,0.0015,0.0028,0.0040,0.0030,0.000007,0.0073,0.2034,73473.55,0.0000,0.0000,0.0000,0.0000,0.5000,481.39,0.4900,243.35,0.4800,136.20,0.4700,101.60,0.4600,181.40,0.5100,21.82,0.5200,10.00,0.5300,46.00,0.5400,36.00,0.5500,1269.83,0.4900,21.82,0.4800,10.00,0.4700,46.00,0.4600,36.00,0.4500,1269.83,0.5000,481.39,0.5100,243.35,0.5200,136.20,0.5300,101.60,0.5400,181.40,1143.94,1383.65,2527.59,1383.65,1143.94,2527.59,0.0100,0.0100,-0.0948,0.0948,0.5096,0.4904,0.6335,0.0230,0.0230,0.6335,148.9325,-99.3166,-99.3338,148.9583
btc-updown-5m-1780095900,1780096080000,120,73375.73,73473.55,97.82,0.0000,0.0000,0.0265,0.0289,0.0040,0.0033,0.000007,0.0078,3.3863,73473.55,0.0000,0.0000,0.0000,0.0000,0.5100,312.36,0.5000,195.22,0.4900,166.20,0.4800,136.30,0.4700,136.60,0.5200,3.90,0.5300,20.43,0.5400,26.00,0.5500,1285.42,0.5600,86.00,0.4800,3.90,0.4700,20.43,0.4600,26.00,0.4500,1285.42,0.4400,86.00,0.4900,312.36,0.5000,195.22,0.5100,166.20,0.5200,136.30,0.5300,136.60,946.68,1421.75,2368.43,1421.75,946.68,2368.43,0.0100,0.0100,-0.2006,0.2006,0.5199,0.4801,0.5362,0.0171,0.0171,0.5362,91.9092,-74.2795,-74.2795,91.9092
btc-updown-5m-1780095900,1780096081000,119,73375.70,73473.54,97.84,-0.0000,-0.0000,0.0136,0.0424,0.0040,0.0037,0.000007,0.0082,1.6527,73473.55,-0.0000,-0.0000,-0.0133,-0.0000,0.5100,312.36,0.5000,195.22,0.4900,166.20,0.4800,136.30,0.4700,136.60,0.5200,3.90,0.5300,20.43,0.5400,26.00,0.5500,1285.42,0.5600,86.00,0.4800,3.90,0.4700,20.43,0.4600,26.00,0.4500,1285.42,0.4400,86.00,0.4900,312.36,0.5000,195.22,0.5100,166.20,0.5200,136.30,0.5300,136.60,946.68,1421.75,2368.43,1421.75,946.68,2368.43,0.0100,0.0100,-0.2006,0.2006,0.5199,0.4801,0.5362,0.0171,0.0171,0.5362,93.7165,-94.4312,-94.4312,93.7165
btc-updown-5m-1780095900,1780096082000,118,73375.74,73473.54,97.80,0.0000,-0.0000,0.0000,0.0423,0.0040,0.0033,0.000007,0.0078,0.0000,73473.55,-0.0000,-0.0000,0.0000,0.0000,0.5200,197.16,0.5100,70.00,0.5000,243.81,0.4900,166.20,0.4800,131.30,0.5300,122.06,0.5400,68.00,0.5500,1269.83,0.5600,86.00,0.5700,102.00,0.4700,122.06,0.4600,68.00,0.4500,1269.83,0.4400,86.00,0.4300,102.00,0.4800,197.16,0.4900,70.00,0.5000,243.81,0.5100,166.20,0.5200,131.30,808.47,1647.89,2456.36,1647.89,808.47,2456.36,0.0100,0.0100,-0.3417,0.3417,0.5262,0.4738,0.3305,0.1153,0.1153,0.3305,68.1195,-54.2968,-54.2968,68.1195
btc-updown-5m-1780095900,1780096083000,117,73375.71,73473.55,97.84,0.0000,0.0000,0.0095,0.0511,0.0060,0.0037,0.000007,0.0079,1.1984,73473.55,0.0000,0.0000,0.0133,0.0000,0.5200,310.98,0.5100,98.52,0.5000,156.28,0.4900,171.26,0.4800,151.20,0.5300,68.11,0.5400,71.46,0.5500,1281.83,0.5600,86.00,0.5700,46.00,0.4700,68.11,0.4600,71.46,0.4500,1281.83,0.4400,86.00,0.4300,46.00,0.4800,310.98,0.4900,98.52,0.5000,156.28,0.5100,171.26,0.5200,151.20,888.24,1553.40,2441.64,1553.40,888.24,2441.64,0.0100,0.0100,-0.2724,0.2724,0.5282,0.4718,0.4610,0.0898,0.0898,0.4610,65.5194,-70.0911,-70.0911,65.5194
btc-updown-5m-1780095900,1780096084000,116,73375.71,73473.55,97.84,0.0000,0.0000,0.0887,0.1383,0.0060,0.0037,0.000007,0.0108,8.2118,73473.55,0.0000,0.0000,0.0000,0.0000,0.5200,309.98,0.5100,93.38,0.5000,156.28,0.4900,166.20,0.4800,151.20,0.5300,51.03,0.5400,51.00,0.5500,1286.83,0.5600,86.00,0.5700,46.00,0.4700,51.03,0.4600,51.00,0.4500,1286.83,0.4400,86.00,0.4300,46.00,0.4800,309.98,0.4900,93.38,0.5000,156.28,0.5100,166.20,0.5200,151.20,877.04,1520.86,2397.90,1520.86,877.04,2397.90,0.0100,0.0100,-0.2685,0.2685,0.5286,0.4714,0.4599,0.0671,0.0671,0.4599,-17.3865,4.8560,4.8560,-17.3865
btc-updown-5m-1780095900,1780096085000,115,73375.74,73473.55,97.81,0.0000,0.0000,0.0424,0.1542,0.0040,0.0037,0.000007,0.0122,3.4837,73473.55,0.0000,0.0000,0.0000,0.0000,0.5400,20.00,0.5300,56.87,0.5200,718.30,0.5100,120.18,0.5000,176.28,0.5500,1251.75,0.5600,35.71,0.5700,40.00,0.5800,135.94,0.5900,46.00,0.4500,1251.75,0.4400,35.71,0.4300,40.00,0.4200,135.94,0.4100,46.00,0.4600,20.00,0.4700,56.87,0.4800,718.30,0.4900,120.18,0.5000,176.28,1091.63,1509.40,2601.03,1509.40,1091.63,2601.03,0.0100,0.0100,-0.1606,0.1606,0.5402,0.4598,0.0704,0.8530,0.8530,0.0704,1.6047,7.5789,7.5789,1.6047
btc-updown-5m-1780095900,1780096086000,114,73375.74,73473.55,97.81,0.0000,0.0000,0.0021,0.1426,0.0040,0.0040,0.000007,0.0122,0.1682,73473.55,0.0000,0.0000,0.0000,0.0000,0.5400,585.72,0.5300,274.21,0.5200,150.21,0.5100,176.20,0.5000,176.76,0.5500,1209.26,0.5600,22.00,0.5700,10.00,0.5800,23.27,0.5900,52.13,0.4500,1209.26,0.4400,22.00,0.4300,10.00,0.4200,23.27,0.4100,52.13,0.4600,585.72,0.4700,274.21,0.4800,150.21,0.4900,176.20,0.5000,176.76,1363.10,1316.66,2679.76,1316.66,1363.10,2679.76,0.0100,0.0100,0.0173,-0.0173,0.5433,0.4567,0.6309,0.9351,0.9351,0.6309,59.2339,-16.9915,-16.9970,59.2534
btc-updown-5m-1780095900,1780096087000,113,73375.99,73473.55,97.56,0.0000,0.0000,0.0001,0.1427,0.0040,0.0040,0.000007,0.0119,0.0084,73473.55,0.0000,0.0000,0.0000,0.0000,0.5400,606.03,0.5300,264.48,0.5200,200.21,0.5100,156.20,0.5000,171.28,0.5500,1099.71,0.5600,27.00,0.5700,15.00,0.5800,28.27,0.5900,46.00,0.4500,1099.71,0.4400,27.00,0.4300,15.00,0.4200,28.27,0.4100,46.00,0.4600,606.03,0.4700,264.48,0.4800,200.21,0.4900,156.20,0.5000,171.28,1398.20,1215.98,2614.18,1215.98,1398.20,2614.18,0.0100,0.0100,0.0697,-0.0697,0.5436,0.4564,0.6226,0.9266,0.9266,0.6226,109.8413,-56.7844,-56.7844,109.8413
btc-updown-5m-1780095900,1780096088000,112,73375.99,73473.55,97.56,0.0000,0.0000,0.0015,0.1346,0.0020,0.0037,0.000007,0.0119,0.1243,73473.55,0.0000,0.0000,0.0000,0.0000,0.5400,328.57,0.5300,264.48,0.5200,207.41,0.5100,156.20,0.5000,176.31,0.5500,1029.48,0.5600,32.00,0.5700,15.00,0.5800,18.27,0.5900,30.00,0.4500,1029.48,0.4400,32.00,0.4300,15.00,0.4200,18.27,0.4100,30.00,0.4600,328.57,0.4700,264.48,0.4800,207.41,0.4900,156.20,0.5000,176.31,1132.97,1124.75,2257.72,1124.75,1132.97,2257.72,0.0100,0.0100,0.0036,-0.0036,0.5424,0.4576,0.5234,0.9437,0.9437,0.5234,52.7986,-85.1188,-85.1188,52.7986
btc-updown-5m-1780095900,1780096089000,111,73378.06,73473.54,95.48,-0.0000,-0.0000,0.0010,0.0470,0.0040,0.0040,0.000007,0.0119,0.0860,73473.55,-0.0000,-0.0000,-0.0130,-0.0000,0.5400,128.33,0.5300,71.61,0.5200,54.21,0.5100,71.20,0.5000,86.28,0.5500,1259.27,0.5600,118.00,0.5700,126.83,0.5800,155.27,0.5900,181.00,0.4500,1259.27,0.4400,118.00,0.4300,126.83,0.4200,155.27,0.4100,181.00,0.4600,128.33,0.4700,71.61,0.4800,54.21,0.4900,71.20,0.5000,86.28,411.63,1840.37,2252.00,1840.37,411.63,2252.00,0.0100,0.0100,-0.6344,0.6344,0.5409,0.4591,0.4857,0.7484,0.7484,0.4857,-78.7655,47.4252,47.4252,-78.7655
btc-updown-5m-1780095900,1780096090000,110,73378.30,73473.55,95.25,0.0000,0.0000,0.1410,0.1457,0.0060,0.0043,0.000008,0.0150,9.3720,73473.55,0.0000,0.0000,0.0130,0.0000,0.5100,28.24,0.5000,102.59,0.4900,56.25,0.4800,116.40,0.4700,76.78,0.5200,381.12,0.5300,119.48,0.5400,86.00,0.5500,925.82,0.5600,86.00,0.4800,381.12,0.4700,119.48,0.4600,86.00,0.4500,925.82,0.4400,86.00,0.4900,28.24,0.5000,102.59,0.5100,56.25,0.5200,116.40,0.5300,76.78,380.26,1598.42,1978.68,1598.42,380.26,1978.68,0.0100,0.0100,-0.6156,0.6156,0.5107,0.4893,0.3441,0.3132,0.3132,0.3441,-168.3999,15.2188,15.2188,-168.3998
btc-updown-5m-1780095900,1780096091000,109,73378.51,73473.55,95.04,0.0000,0.0000,0.0000,0.1436,0.0040,0.0040,0.000007,0.0150,0.0000,73473.55,0.0000,0.0000,0.0000,0.0000,0.5100,28.24,0.5000,102.59,0.4900,56.25,0.4800,116.40,0.4700,76.78,0.5200,381.12,0.5300,119.48,0.5400,86.00,0.5500,925.82,0.5600,86.00,0.4800,381.12,0.4700,119.48,0.4600,86.00,0.4500,925.82,0.4400,86.00,0.4900,28.24,0.5000,102.59,0.5100,56.25,0.5200,116.40,0.5300,76.78,380.26,1598.42,1978.68,1598.42,380.26,1978.68,0.0100,0.0100,-0.6156,0.6156,0.5107,0.4893,0.3441,0.3132,0.3132,0.3441,-144.3820,18.0678,18.0678,-144.3820
btc-updown-5m-1780095900,1780096092000,108,73377.98,73474.17,96.19,0.0008,0.0008,0.8950,1.0385,0.1280,0.0243,0.000152,0.0439,20.4038,73473.96,0.0001,0.0003,0.8117,0.0000,0.5100,28.24,0.5000,102.59,0.4900,56.25,0.4800,116.40,0.4700,76.78,0.5200,381.12,0.5300,119.48,0.5400,86.00,0.5500,925.82,0.5600,86.00,0.4800,381.12,0.4700,119.48,0.4600,86.00,0.4500,925.82,0.4400,86.00,0.4900,28.24,0.5000,102.59,0.5100,56.25,0.5200,116.40,0.5300,76.78,380.26,1598.42,1978.68,1598.42,380.26,1978.68,0.0100,0.0100,-0.6156,0.6156,0.5107,0.4893,0.3441,0.3132,0.3132,0.3441,-225.8408,68.9211,68.9211,-225.8408
btc-updown-5m-1780095900,1780096093000,107,73377.98,73474.42,96.44,0.0003,0.0012,0.0144,1.0514,0.1780,0.0327,0.000162,0.0443,0.3240,73473.96,0.0005,0.0006,0.3281,0.0000,0.5400,144.86,0.5300,237.43,0.5200,206.71,0.5100,190.00,0.5000,133.20,0.5500,565.91,0.5800,8.27,0.5900,5.00,0.6000,1121.00,0.6100,46.00,0.4500,565.91,0.4200,8.27,0.4100,5.00,0.4000,1121.00,0.3900,46.00,0.4600,144.86,0.4700,237.43,0.4800,206.71,0.4900,190.00,0.5000,133.20,912.20,1746.18,2658.38,1746.18,912.20,2658.38,0.0100,0.0100,-0.3137,0.3137,0.5420,0.4580,0.4191,0.3288,0.3288,0.4191,-36.7185,126.5373,126.5373,-36.7185
btc-updown-5m-1780095900,1780096094000,106,73377.79,73474.41,96.62,-0.0000,0.0012,0.0003,1.0507,0.1780,0.0330,0.000162,0.0443,0.0056,73473.96,0.0004,0.0006,-0.0132,-0.0000,0.5300,164.04,0.5200,166.43,0.5100,170.79,0.5000,153.20,0.4900,126.20,0.5400,375.23,0.5500,162.34,0.5800,13.27,0.5900,10.00,0.6000,1141.00,0.4600,375.23,0.4500,162.34,0.4200,13.27,0.4100,10.00,0.4000,1141.00,0.4700,164.04,0.4800,166.43,0.4900,170.79,0.5000,153.20,0.5100,126.20,780.66,1701.84,2482.50,1701.84,780.66,2482.50,0.0100,0.0100,-0.3711,0.3711,0.5330,0.4670,0.4233,0.3159,0.3159,0.4233,36.1820,-108.6515,-108.6515,36.1820
btc-updown-5m-1780095900,1780096095000,105,73378.93,73479.17,100.24,0.0065,0.0076,0.0588,0.9684,1.1280,0.1913,0.001167,0.0462,1.2722,73474.18,0.0065,0.0068,6.4938,0.0001,0.5300,237.70,0.5200,181.40,0.5100,140.79,0.5000,133.20,0.4900,116.20,0.5400,202.56,0.5500,225.46,0.5800,13.27,0.5900,15.00,0.6000,1167.00,0.4600,202.56,0.4500,225.46,0.4200,13.27,0.4100,15.00,0.4000,1167.00,0.4700,237.70,0.4800,181.40,0.4900,140.79,0.5000,133.20,0.5100,116.20,809.29,1623.29,2432.58,1623.29,809.29,2432.58,0.0100,0.0100,-0.3346,0.3346,0.5354,0.4646,0.5179,0.2637,0.2637,0.5179,-28.2658,83.0393,82.9405,-28.2321
btc-updown-5m-1780095900,1780096096000,104,73380.69,73479.17,98.48,0.0000,0.0076,0.0028,0.9712,1.1300,0.1917,0.001167,0.0460,0.0600,73474.19,0.0064,0.0068,0.0000,0.0000,0.5300,176.21,0.5200,153.51,0.5100,110.79,0.5000,138.20,0.4900,121.20,0.5400,218.41,0.5500,155.40,0.5800,13.27,0.5900,41.00,0.6000,1157.00,0.4600,218.41,0.4500,155.40,0.4200,13.27,0.4100,41.00,0.4000,1157.00,0.4700,176.21,0.4800,153.51,0.4900,110.79,0.5000,138.20,0.5100,121.20,699.91,1585.08,2284.99,1585.08,699.91,2284.99,0.0100,0.0100,-0.3874,0.3874,0.5345,0.4655,0.4711,0.2358,0.2358,0.4711,-34.5222,26.0716,26.0610,-34.5081
btc-updown-5m-1780095900,1780096097000,103,73381.41,73479.17,97.76,0.0000,0.0068,0.0010,0.0771,1.0060,0.1917,0.001167,0.0461,0.0215,73474.19,0.0064,0.0068,0.0000,0.0000,0.5300,197.82,0.5200,148.51,0.5100,116.06,0.5000,103.20,0.4900,116.20,0.5400,15.06,0.5500,160.97,0.5700,15.83,0.5800,26.27,0.5900,31.00,0.4600,15.06,0.4500,160.97,0.4300,15.83,0.4200,26.27,0.4100,31.00,0.4700,197.82,0.4800,148.51,0.4900,116.06,0.5000,103.20,0.5100,116.20,681.79,249.13,930.92,249.13,681.79,930.92,0.0100,0.0100,0.4648,-0.4648,0.5393,0.4607,0.5080,0.7066,0.7066,0.5080,-51.4199,-120.4349,-120.3964,-51.4035
btc-updown-5m-1780095900,1780096098000,102,73382.14,73479.17,97.03,0.0000,0.0065,0.0028,0.0655,0.9560,0.1913,0.001167,0.0462,0.0598,73474.20,0.0012,0.0068,0.0000,0.0000,0.5400,448.10,0.5300,38.11,0.5200,131.20,0.5100,148.92,0.5000,116.20,0.5500,76.83,0.5600,10.70,0.5700,15.00,0.5800,35.24,0.5900,26.00,0.4500,76.83,0.4400,10.70,0.4300,15.00,0.4200,35.24,0.4100,26.00,0.4600,448.10,0.4700,38.11,0.4800,131.20,0.4900,148.92,0.5000,116.20,882.53,163.77,1046.30,163.77,882.53,1046.30,0.0100,0.0100,0.6870,-0.6870,0.5485,0.4515,0.5509,0.5345,0.5345,0.5509,10.9394,-388.1471,-388.2473,10.9422
btc-updown-5m-1780095900,1780096099000,101,73382.04,73479.16,97.12,-0.0000,0.0065,0.0005,0.0658,0.9560,0.1917,0.001167,0.0461,0.0106,73474.21,0.0000,0.0067,-0.0132,-0.0000,0.5800,137.38,0.5700,93.00,0.5600,116.06,0.5500,141.30,0.5400,161.20,0.6000,1062.48,0.6100,68.44,0.6200,66.00,0.6300,71.00,0.6400,116.60,0.4000,1062.48,0.3900,68.44,0.3800,66.00,0.3700,71.00,0.3600,116.60,0.4200,137.38,0.4300,93.00,0.4400,116.06,0.4500,141.30,0.4600,161.20,648.94,1384.52,2033.46,1384.52,648.94,2033.46,0.0200,0.0200,-0.3617,0.3617,0.5823,0.4177,0.3550,0.8168,0.8168,0.3550,-23.4467,172.7750,172.7750,-23.4467
btc-updown-5m-1780095900,1780096100000,100,73382.03,73479.17,97.14,0.0000,0.0000,0.0011,0.0081,0.0060,0.1920,0.001167,0.0461,0.0241,73474.21,0.0000,0.0068,0.0132,0.0000,0.5900,98.16,0.5800,113.45,0.5700,103.30,0.5600,129.06,0.5500,151.30,0.6000,1327.01,0.6100,72.00,0.6200,72.61,0.6300,71.00,0.6400,111.60,0.4000,1327.01,0.3900,72.00,0.3800,72.61,0.3700,71.00,0.3600,111.60,0.4100,98.16,0.4200,113.45,0.4300,103.30,0.4400,129.06,0.4500,151.30,595.27,1654.22,2249.49,1654.22,595.27,2249.49,0.0100,0.0100,-0.4708,0.4708,0.5907,0.4093,0.3555,0.8457,0.8457,0.3555,-30.5982,206.4248,206.3843,-30.5922
btc-updown-5m-1780095900,1780096101000,99,73381.98,73479.17,97.19,0.0000,0.0000,0.0002,0.0056,0.0040,0.1920,0.001167,0.0461,0.0048,73474.21,0.0000,0.0067,0.0000,0.0000,0.5800,135.53,0.5700,86.30,0.5600,216.98,0.5500,121.30,0.5400,166.20,0.5900,180.57,0.6000,874.07,0.6100,62.00,0.6200,76.00,0.6300,66.00,0.4100,180.57,0.4000,874.07,0.3900,62.00,0.3800,76.00,0.3700,66.00,0.4200,135.53,0.4300,86.30,0.4400,216.98,0.4500,121.30,0.4600,166.20,726.31,1258.64,1984.95,1258.64,726.31,1984.95,0.0100,0.0100,-0.2682,0.2682,0.5843,0.4157,0.3054,0.8379,0.8379,0.3054,-11.2321,147.0905,147.0906,-11.2321
btc-updown-5m-1780095900,1780096102000,98,73381.98,73479.17,97.19,0.0000,0.0000,0.0567,0.0613,0.0060,0.1920,0.001167,0.0479,1.1830,73474.40,0.0000,0.0065,0.0000,0.0000,0.5600,176.14,0.5500,41.30,0.5400,124.49,0.5300,60.20,0.5200,71.20,0.5700,50.62,0.5800,10.96,0.5900,73.11,0.6000,833.57,0.6100,62.00,0.4300,50.62,0.4200,10.96,0.4100,73.11,0.4000,833.57,0.3900,62.00,0.4400,176.14,0.4500,41.30,0.4600,124.49,0.4700,60.20,0.4800,71.20,473.33,1030.26,1503.59,1030.26,473.33,1503.59,0.0100,0.0100,-0.3704,0.3704,0.5678,0.4322,0.4594,0.0598,0.0598,0.4594,-44.4693,-85.7623,-85.7623,-44.4693
btc-updown-5m-1780095900,1780096103000,97,73382.30,73480.00,97.70,0.0011,0.0011,0.0392,0.0977,0.1740,0.2200,0.001176,0.0482,0.8131,73474.56,0.0007,0.0074,1.1036,0.0000,0.5800,226.59,0.5700,91.30,0.5600,91.91,0.5500,164.61,0.5400,76.20,0.5900,65.57,0.6000,789.66,0.6100,68.42,0.6200,26.00,0.6300,26.00,0.4100,65.57,0.4000,789.66,0.3900,68.42,0.3800,26.00,0.3700,26.00,0.4200,226.59,0.4300,91.30,0.4400,91.91,0.4500,164.61,0.4600,76.20,650.61,975.65,1626.26,975.65,650.61,1626.26,0.0100,0.0100,-0.1999,0.1999,0.5878,0.4122,0.4886,0.8766,0.8766,0.4886,-20.9897,124.4041,124.4041,-20.9897
btc-updown-5m-1780095900,1780096104000,96,73382.31,73484.00,101.69,0.0054,0.0066,0.1249,0.2222,0.9740,0.3537,0.001494,0.0523,2.3909,73475.29,0.0027,0.0119,5.5359,0.0001,0.5800,619.91,0.5700,310.34,0.5600,31.00,0.5500,119.61,0.5400,31.20,0.6000,614.21,0.6100,36.00,0.6400,5.60,0.6500,1100.00,0.6700,12.12,0.4000,614.21,0.3900,36.00,0.3600,5.60,0.3500,1100.00,0.3300,12.12,0.4200,619.91,0.4300,310.34,0.4400,31.00,0.4500,119.61,0.4600,31.20,1112.06,1767.93,2879.99,1767.93,1112.06,2879.99,0.0200,0.0200,-0.2277,0.2277,0.5900,0.4100,0.8365,0.3678,0.3678,0.8365,36.4856,274.3888,274.3888,36.4856
btc-updown-5m-1780095900,1780096105000,95,73382.39,73490.00,107.61,0.0082,0.0147,0.0856,0.3067,2.1720,0.5533,0.002030,0.0520,1.6461,73476.17,0.0078,0.0188,8.7864,0.0001,0.5800,639.47,0.5700,286.30,0.5600,36.00,0.5500,46.30,0.5400,36.20,0.6000,346.45,0.6100,36.00,0.6400,5.60,0.6500,1100.00,0.6600,7.36,0.4000,346.45,0.3900,36.00,0.3600,5.60,0.3500,1100.00,0.3400,7.36,0.4200,639.47,0.4300,286.30,0.4400,36.00,0.4500,46.30,0.4600,36.20,1044.27,1495.41,2539.68,1495.41,1044.27,2539.68,0.0200,0.0200,-0.1776,0.1776,0.5930,0.4070,0.8865,0.2557,0.2557,0.8865,55.4157,30.4625,30.4674,55.4247
btc-updown-5m-1780095900,1780096106000,94,73385.00,73492.00,107.00,0.0027,0.0175,0.0638,0.3703,2.5720,0.6197,0.002056,0.0541,1.1805,73476.78,0.0087,0.0207,2.9120,0.0000,0.6200,5.00,0.6100,16.39,0.6000,30.00,0.5900,163.37,0.5800,436.93,0.6500,961.80,0.6600,7.36,0.6700,12.12,0.6800,15.18,0.6900,200.00,0.3500,961.80,0.3400,7.36,0.3300,12.12,0.3200,15.18,0.3100,200.00,0.3800,5.00,0.3900,16.39,0.4000,30.00,0.4100,163.37,0.4200,436.93,651.69,1196.46,1848.15,1196.46,651.69,1848.15,0.0300,0.0300,-0.2948,0.2948,0.6202,0.3798,0.0328,0.8100,0.8100,0.0328,25.2714,-50.3926,-50.4120,25.2811
btc-updown-5m-1780095900,1780096107000,93,73391.79,73492.00,100.21,0.0000,0.0175,0.0003,0.3138,2.5700,0.6197,0.002056,0.0541,0.0052,73476.78,0.0087,0.0207,0.0000,0.0000,0.6300,59.08,0.6200,35.58,0.6100,11.48,0.6000,39.33,0.5900,146.26,0.6400,4.66,0.6500,673.70,0.6700,12.12,0.6800,20.18,0.6900,200.00,0.3600,4.66,0.3500,673.70,0.3300,12.12,0.3200,20.18,0.3100,200.00,0.3700,59.08,0.3800,35.58,0.3900,11.48,0.4000,39.33,0.4100,146.26,291.73,910.66,1202.39,910.66,291.73,1202.39,0.0100,0.0100,-0.5147,0.5147,0.6393,0.3607,0.3245,0.7449,0.7449,0.3245,-297.0079,-300.3549,-300.2310,-296.8853
btc-updown-5m-1780095900,1780096108000,92,73393.09,73492.00,98.91,0.0000,0.0163,0.0006,0.2752,2.4040,0.6200,0.002056,0.0541,0.0111,73476.79,0.0071,0.0207,0.0000,0.0000,0.6400,62.05,0.6300,248.26,0.6200,91.58,0.6100,85.23,0.6000,99.73,0.6500,370.62,0.6700,12.12,0.6800,20.18,0.6900,236.00,0.7000,1187.65,0.3500,370.62,0.3300,12.12,0.3200,20.18,0.3100,236.00,0.3000,1187.65,0.3600,62.05,0.3700,248.26,0.3800,91.58,0.3900,85.23,0.4000,99.73,586.85,1826.57,2413.42,1826.57,586.85,2413.42,0.0100,0.0100,-0.5137,0.5137,0.6414,0.3586,0.5288,0.2095,0.2095,0.5288,-332.3319,-268.9613,-268.9613,-332.3320
btc-updown-5m-1780095900,1780096109000,91,73397.96,73492.00,94.04,0.0000,0.0109,0.0003,0.1506,1.6020,0.6200,0.002056,0.0541,0.0052,73476.79,0.0058,0.0207,0.0000,0.0000,0.6300,178.35,0.6200,91.02,0.6100,75.73,0.6000,94.73,0.5900,122.74,0.6500,152.20,0.6600,27.29,0.6700,22.12,0.6800,20.18,0.6900,236.00,0.3500,152.20,0.3400,27.29,0.3300,22.12,0.3200,20.18,0.3100,236.00,0.3700,178.35,0.3800,91.02,0.3900,75.73,0.4000,94.73,0.4100,122.74,562.57,457.79,1020.36,457.79,562.57,1020.36,0.0200,0.0200,0.1027,-0.1027,0.6408,0.3592,0.4788,0.3921,0.3921,0.4788,142.1446,-187.5536,-187.8520,142.3707
btc-updown-5m-1780095900,1780096110000,90,73398.41,73496.57,98.16,0.0062,0.0089,0.1487,0.2137,1.3180,0.7723,0.002264,0.0588,2.5292,73478.41,0.0039,0.0247,6.1042,0.0001,0.6900,19.00,0.6800,82.42,0.6700,48.00,0.6600,34.60,0.6500,73.00,0.7000,763.91,0.7100,10.00,0.7200,18.33,0.7300,10.00,0.7400,15.59,0.3000,763.91,0.2900,10.00,0.2800,18.33,0.2700,10.00,0.2600,15.59,0.3100,19.00,0.3200,82.42,0.3300,48.00,0.3400,34.60,0.3500,73.00,257.02,817.83,1074.85,817.83,257.02,1074.85,0.0100,0.0100,-0.5218,0.5218,0.6902,0.3098,0.3946,0.9463,0.9463,0.3946,-206.0778,-505.6686,-505.4164,-205.9751
btc-updown-5m-1780095900,1780096111000,89,73398.40,73496.57,98.17,0.0000,0.0062,0.0003,0.1502,0.9180,0.7720,0.002263,0.0580,0.0048,73478.48,0.0019,0.0246,0.0000,0.0000,0.6900,284.02,0.6800,96.42,0.6700,56.00,0.6600,61.80,0.6500,101.70,0.7000,513.66,0.7100,18.55,0.7200,18.33,0.7300,35.00,0.7400,15.59,0.3000,513.66,0.2900,18.55,0.2800,18.33,0.2700,35.00,0.2600,15.59,0.3100,284.02,0.3200,96.42,0.3300,56.00,0.3400,61.80,0.3500,101.70,599.94,601.13,1201.07,601.13,599.94,1201.07,0.0100,0.0100,-0.0010,0.0010,0.6936,0.3064,0.6341,0.8853,0.8853,0.6341,-127.4653,-814.7917,-814.7917,-127.4653
btc-updown-5m-1780095900,1780096112000,88,73400.67,73504.60,103.93,0.0109,0.0171,0.1541,0.3040,2.5240,1.0397,0.002865,0.0625,2.4656,73480.59,0.0054,0.0327,11.3553,0.0002,0.7700,8.00,0.7600,43.35,0.7500,181.81,0.7400,32.80,0.7300,39.86,0.7800,1.98,0.7900,50.00,0.8100,10.51,0.8400,11.00,0.8500,99.49,0.2200,1.98,0.2100,50.00,0.1900,10.51,0.1600,11.00,0.1500,99.49,0.2300,8.00,0.2400,43.35,0.2500,181.81,0.2600,32.80,0.2700,39.86,305.82,172.98,478.80,172.98,305.82,478.80,0.0100,0.0100,0.2774,-0.2774,0.7780,0.2220,0.1679,0.3005,0.3005,0.1679,-12.5674,-523.8193,-523.8193,-12.5674
btc-updown-5m-1780095900,1780096113000,87,73403.13,73504.60,101.47,0.0000,0.0171,0.0003,0.3037,2.5220,1.0393,0.002865,0.0625,0.0045,73480.60,0.0054,0.0327,0.0000,0.0000,0.8200,52.90,0.8100,175.00,0.8000,20.00,0.7900,16.48,0.7800,67.56,0.8300,31.85,0.8400,50.00,0.8500,104.49,0.8600,10.00,0.8700,10.00,0.1700,31.85,0.1600,50.00,0.1500,104.49,0.1400,10.00,0.1300,10.00,0.1800,52.90,0.1900,175.00,0.2000,20.00,0.2100,16.48,0.2200,67.56,331.94,206.34,538.28,206.34,331.94,538.28,0.0100,0.0100,0.2333,-0.2333,0.8262,0.1738,0.6866,0.3967,0.3967,0.6866,-39.9763,-260.4270,-260.1185,-39.9289
btc-updown-5m-1780095900,1780096114000,86,73409.47,73504.60,95.13,0.0000,0.0171,0.0058,0.3092,2.5240,1.0397,0.002865,0.0624,0.0926,73480.70,0.0053,0.0325,0.0000,0.0000,0.8200,232.51,0.8100,15.00,0.8000,30.61,0.7900,21.48,0.7800,69.16,0.8400,105.68,0.8500,104.49,0.8600,15.00,0.8700,10.00,0.8800,19.00,0.1600,105.68,0.1500,104.49,0.1400,15.00,0.1300,10.00,0.1200,19.00,0.1800,232.51,0.1900,15.00,0.2000,30.61,0.2100,21.48,0.2200,69.16,368.76,254.17,622.93,254.17,368.76,622.93,0.0200,0.0200,0.1840,-0.1840,0.8338,0.1662,0.6712,0.8269,0.8269,0.6712,-13.0382,-133.3799,-133.2971,-13.0301
btc-updown-5m-1780095900,1780096115000,85,73411.17,73506.00,94.83,0.0019,0.0128,0.4906,0.6510,1.8880,1.0863,0.002854,0.0754,6.5105,73486.29,0.0028,0.0268,1.8061,0.0000,0.8300,322.47,0.8200,51.01,0.8100,247.74,0.8000,35.61,0.7900,27.48,0.8400,89.88,0.8500,244.86,0.8600,15.00,0.8700,10.00,0.8800,19.00,0.1600,89.88,0.1500,244.86,0.1400,15.00,0.1300,10.00,0.1200,19.00,0.1700,322.47,0.1800,51.01,0.1900,247.74,0.2000,35.61,0.2100,27.48,684.31,378.74,1063.05,378.74,684.31,1063.05,0.0100,0.0100,0.2874,-0.2874,0.8378,0.1622,0.5458,0.8838,0.8838,0.5458,20.1470,-55.4174,-55.4174,20.1470
btc-updown-5m-1780095900,1780096116000,84,73411.17,73509.99,98.82,0.0054,0.0183,0.0916,0.7423,2.6860,1.2190,0.002927,0.0769,1.1902,73487.42,0.0052,0.0307,5.3640,0.0001,0.8400,193.35,0.8300,261.59,0.8200,58.00,0.8100,21.00,0.8000,51.00,0.8500,25.17,0.8600,10.00,0.8700,15.00,0.8800,34.00,0.8900,41.20,0.1500,25.17,0.1400,10.00,0.1300,15.00,0.1200,34.00,0.1100,41.20,0.1600,193.35,0.1700,261.59,0.1800,58.00,0.1900,21.00,0.2000,51.00,584.94,125.37,710.31,125.37,584.94,710.31,0.0100,0.0100,0.6470,-0.6470,0.8488,0.1512,0.7778,0.2805,0.2805,0.7778,-56.6039,-42.3740,-42.3740,-56.6039
btc-updown-5m-1780095900,1780096117000,83,73411.73,73509.99,98.26,0.0000,0.0073,0.0004,0.5887,1.0800,1.2190,0.002927,0.0769,0.0056,73487.44,0.0052,0.0307,0.0000,0.0000,0.8400,113.21,0.8300,55.02,0.8200,41.01,0.8100,31.00,0.8000,70.00,0.8500,344.55,0.8600,132.36,0.8700,314.66,0.8800,125.68,0.8900,148.96,0.1500,344.55,0.1400,132.36,0.1300,314.66,0.1200,125.68,0.1100,148.96,0.1600,113.21,0.1700,55.02,0.1800,41.01,0.1900,31.00,0.2000,70.00,310.24,1066.21,1376.45,1066.21,310.24,1376.45,0.0100,0.0100,-0.5492,0.5492,0.8425,0.1575,0.5423,0.4473,0.4473,0.5423,-138.2253,360.7904,360.6197,-138.1599
btc-updown-5m-1780095900,1780096118000,82,73413.70,73509.99,96.29,0.0000,0.0073,0.0000,0.5884,1.0800,1.2190,0.002927,0.0769,0.0000,73487.44,0.0046,0.0307,0.0000,0.0000,0.8400,17.01,0.8300,47.01,0.8200,41.01,0.8100,32.12,0.8000,105.00,0.8500,210.00,0.8600,108.75,0.8700,145.36,0.8800,95.68,0.8900,126.20,0.1500,210.00,0.1400,108.75,0.1300,145.36,0.1200,95.68,0.1100,126.20,0.1600,17.01,0.1700,47.01,0.1800,41.01,0.1900,32.12,0.2000,105.00,242.15,685.99,928.14,685.99,242.15,928.14,0.0100,0.0100,-0.4782,0.4782,0.8407,0.1593,0.2644,0.4647,0.4647,0.2644,-127.7717,222.2826,222.2826,-127.7717
btc-updown-5m-1780095900,1780096119000,81,73414.17,73509.99,95.82,0.0000,0.0073,0.0000,0.5826,1.0780,1.2187,0.002926,0.0768,0.0000,73487.45,0.0046,0.0307,0.0000,0.0000,0.8100,7.37,0.8000,79.35,0.7900,10.00,0.7800,234.60,0.7700,22.30,0.8300,237.83,0.8400,126.98,0.8500,55.00,0.8600,202.63,0.8700,106.00,0.1700,237.83,0.1600,126.98,0.1500,55.00,0.1400,202.63,0.1300,106.00,0.1900,7.37,0.2000,79.35,0.2100,10.00,0.2200,234.60,0.2300,22.30,353.62,728.44,1082.06,728.44,353.62,1082.06,0.0200,0.0200,-0.3464,0.3464,0.8106,0.1894,0.2452,0.5008,0.5008,0.2452,-27.8177,139.1631,139.1199,-27.8091
btc-updown-5m-1780095900,1780096120000,80,73414.95,73510.00,95.05,0.0000,0.0054,0.0006,0.0926,0.8000,1.2187,0.002926,0.0768,0.0074,73487.46,0.0046,0.0307,0.0129,0.0000,0.7800,54.07,0.7700,56.75,0.7600,57.10,0.7500,37.90,0.7400,96.80,0.7900,200.91,0.8000,31.00,0.8100,76.98,0.8200,26.00,0.8300,35.00,0.2100,200.91,0.2000,31.00,0.1900,76.98,0.1800,26.00,0.1700,35.00,0.2200,54.07,0.2300,56.75,0.2400,57.10,0.2500,37.90,0.2600,96.80,302.62,369.89,672.51,369.89,302.62,672.51,0.0100,0.0100,-0.1000,0.1000,0.7821,0.2179,0.3662,0.6270,0.6270,0.3662,-36.2106,-45.4695,-45.4695,-36.2106
btc-updown-5m-1780095900,1780096121000,79,73415.30,73509.99,94.69,-0.0000,0.0000,0.0001,0.0011,0.0040,1.2190,0.002927,0.0723,0.0021,73488.34,-0.0000,0.0295,-0.0129,-0.0000,0.7500,217.49,0.7400,80.00,0.7300,62.60,0.7200,32.40,0.7100,37.30,0.7600,100.53,0.7700,16.00,0.7800,37.14,0.7900,71.78,0.8000,36.00,0.2400,100.53,0.2300,16.00,0.2200,37.14,0.2100,71.78,0.2000,36.00,0.2500,217.49,0.2600,80.00,0.2700,62.60,0.2800,32.40,0.2900,37.30,429.79,261.45,691.24,261.45,429.79,691.24,0.0100,0.0100,0.2435,-0.2435,0.7568,0.2432,0.6922,0.4457,0.4457,0.6922,51.4316,-126.5946,-126.5946,51.4316
btc-updown-5m-1780095900,1780096122000,78,73415.22,73509.99,94.77,0.0000,0.0000,0.0482,0.0490,0.0060,1.1987,0.002938,0.0738,0.6532,73488.79,-0.0000,0.0288,0.0000,0.0000,0.7700,154.43,0.7600,6.48,0.7500,20.23,0.7200,23.00,0.7100,47.48,0.7800,140.06,0.7900,71.78,0.8000,43.26,0.8100,183.64,0.8200,26.00,0.2200,140.06,0.2100,71.78,0.2000,43.26,0.1900,183.64,0.1800,26.00,0.2300,154.43,0.2400,6.48,0.2500,20.23,0.2800,23.00,0.2900,47.48,251.62,464.74,716.36,464.74,251.62,716.36,0.0100,0.0100,-0.2975,0.2975,0.7752,0.2248,0.6395,0.4558,0.4558,0.6395,28.7674,-31.8704,-31.9022,28.7961
btc-updown-5m-1780095900,1780096123000,77,73415.63,73510.00,94.37,0.0000,0.0000,0.0190,0.0680,0.0080,1.1907,0.002944,0.0456,0.4177,73498.34,0.0000,0.0159,0.0128,0.0000,0.7300,9.20,0.7200,5.00,0.7000,41.20,0.6900,133.92,0.6800,26.00,0.7600,27.07,0.7700,5.00,0.7800,497.77,0.7900,81.78,0.8000,36.00,0.2400,27.07,0.2300,5.00,0.2200,497.77,0.2100,81.78,0.2000,36.00,0.2700,9.20,0.2800,5.00,0.3000,41.20,0.3100,133.92,0.3200,26.00,215.32,647.62,862.94,647.62,215.32,862.94,0.0300,0.0300,-0.5010,0.5010,0.7376,0.2624,0.0659,0.0495,0.0495,0.0659,9.0245,-42.9214,-42.9214,9.0245
btc-updown-5m-1780095900,1780096124000,76,73414.10,73510.00,95.90,0.0000,0.0000,0.0448,0.1128,0.0080,1.1903,0.002943,0.0466,0.9624,73498.94,0.0000,0.0150,0.0000,0.0000,0.7100,191.43,0.7000,46.20,0.6900,128.34,0.6800,39.70,0.6700,23.90,0.7200,138.18,0.7300,38.00,0.7400,31.00,0.7500,31.00,0.7600,36.00,0.2800,138.18,0.2700,38.00,0.2600,31.00,0.2500,31.00,0.2400,36.00,0.2900,191.43,0.3000,46.20,0.3100,128.34,0.3200,39.70,0.3300,23.90,429.57,274.18,703.75,274.18,429.57,703.75,0.0100,0.0100,0.2208,-0.2208,0.7158,0.2842,0.5532,0.6426,0.6426,0.5532,48.4389,-39.6698,-39.6313,48.3919
btc-updown-5m-1780095900,1780096125000,75,73414.10,73510.00,95.90,0.0000,0.0000,0.0149,0.1271,0.0080,1.0320,0.002813,0.0470,0.3164,73499.06,0.0000,0.0149,0.0000,0.0000,0.7200,41.65,0.7100,121.80,0.7000,37.20,0.6900,144.34,0.6800,42.00,0.7300,174.31,0.7400,26.00,0.7500,41.00,0.7600,66.00,0.7700,56.00,0.2700,174.31,0.2600,26.00,0.2500,41.00,0.2400,66.00,0.2300,56.00,0.2800,41.65,0.2900,121.80,0.3000,37.20,0.3100,144.34,0.3200,42.00,386.99,363.31,750.30,363.31,386.99,750.30,0.0100,0.0100,0.0316,-0.0316,0.7219,0.2781,0.4224,0.5513,0.5513,0.4224,-13.5427,24.9967,24.9967,-13.5427
btc-updown-5m-1780095900,1780096126000,74,73413.37,73500.69,87.32,-0.0127,-0.0127,1.8003,1.9273,1.8680,1.3420,0.003777,0.1032,17.4431,73500.34,-0.0008,0.0005,-11.0589,-0.0002,0.7200,56.00,0.7100,10.00,0.7000,6.20,0.6900,123.34,0.6800,16.00,0.7300,519.73,0.7400,65.42,0.7500,56.00,0.7600,66.00,0.7700,56.00,0.2700,519.73,0.2600,65.42,0.2500,56.00,0.2400,66.00,0.2300,56.00,0.2800,56.00,0.2900,10.00,0.3000,6.20,0.3100,123.34,0.3200,16.00,211.54,763.15,974.69,763.15,211.54,974.69,0.0100,0.0100,-0.5659,0.5659,0.7210,0.2790,0.3120,0.7668,0.7668,0.3120,-57.3939,88.1063,88.1063,-55.9247
btc-updown-5m-1780095900,1780096127000,73,73413.37,73500.69,87.32,0.0000,-0.0127,0.0000,1.8791,1.8660,1.3420,0.003777,0.1031,0.0000,73500.36,-0.0008,0.0004,0.0000,0.0000,0.6000,4.52,0.5900,10.94,0.5800,13.91,0.5700,11.30,0.5600,105.71,0.6600,5.00,0.6800,8.31,0.6900,25.26,0.7000,196.87,0.7100,25.00,0.3400,5.00,0.3200,8.31,0.3100,25.26,0.3000,196.87,0.2900,25.00,0.4000,4.52,0.4100,10.94,0.4200,13.91,0.4300,11.30,0.4400,105.71,146.38,260.44,406.82,260.44,146.38,406.82,0.0600,0.0600,-0.2804,0.2804,0.6285,0.3715,0.1056,0.0511,0.0511,0.1056,-58.4522,3.1363,3.1368,-58.4617
btc-updown-5m-1780095900,1780096128000,72,73413.50,73500.69,87.19,0.0000,-0.0127,0.0000,1.8600,1.8640,1.3420,0.003777,0.1031,0.0000,73500.37,-0.0005,0.0004,0.0000,0.0000,0.6000,28.33,0.5900,8.74,0.5800,23.91,0.5700,26.30,0.5600,100.71,0.6100,25.82,0.6200,10.32,0.6400,13.92,0.6500,339.41,0.6600,13.41,0.3900,25.82,0.3800,10.32,0.3600,13.92,0.3500,339.41,0.3400,13.41,0.4000,28.33,0.4100,8.74,0.4200,23.91,0.4300,26.30,0.4400,100.71,187.99,402.88,590.87,402.88,187.99,590.87,0.0100,0.0100,-0.3637,0.3637,0.6052,0.3948,0.1972,0.0897,0.0897,0.1972,-2.3833,-22.4019,-22.3977,-2.3828
btc-updown-5m-1780095900,1780096129000,71,73403.76,73500.69,96.93,0.0000,-0.0127,0.0003,1.8156,1.8660,1.3420,0.003777,0.1030,0.0034,73500.38,-0.0004,0.0004,0.0000,0.0000,0.5800,282.33,0.5700,56.00,0.5600,101.73,0.5500,420.87,0.5400,25.00,0.5900,138.76,0.6000,57.69,0.6100,16.00,0.6200,64.45,0.6300,26.00,0.4100,138.76,0.4000,57.69,0.3900,16.00,0.3800,64.45,0.3700,26.00,0.4200,282.33,0.4300,56.00,0.4400,101.73,0.4500,420.87,0.4600,25.00,885.93,302.90,1188.83,302.90,885.93,1188.83,0.0100,0.0100,0.4904,-0.4904,0.5867,0.4133,0.3819,0.6486,0.6486,0.3819,115.4910,-55.1216,-55.1021,115.4500
btc-updown-5m-1780095900,1780096130000,70,73401.69,73500.70,99.01,0.0000,-0.0127,0.0013,1.8020,1.8660,1.3420,0.003777,0.1030,0.0122,73500.39,-0.0001,0.0004,0.0135,0.0000,0.5800,72.80,0.5700,26.00,0.5600,101.73,0.5500,420.87,0.5400,25.00,0.5900,243.92,0.6000,182.30,0.6100,66.00,0.6200,98.00,0.6300,56.00,0.4100,243.92,0.4000,182.30,0.3900,66.00,0.3800,98.00,0.3700,56.00,0.4200,72.80,0.4300,26.00,0.4400,101.73,0.4500,420.87,0.4600,25.00,646.40,646.22,1292.62,646.22,646.40,1292.62,0.0100,0.0100,0.0001,-0.0001,0.5823,0.4177,0.1528,0.6596,0.6596,0.1528,50.7453,54.4836,54.4836,50.7453
btc-updown-5m-1780095900,1780096131000,69,73403.94,73500.69,96.75,-0.0000,0.0000,0.0640,0.0656,0.0060,1.3423,0.003777,0.1051,0.6091,73500.40,-0.0000,0.0004,-0.0132,-0.0000,0.5800,86.48,0.5700,43.00,0.5600,101.73,0.5500,426.97,0.5400,38.20,0.5900,118.53,0.6000,164.30,0.6100,36.00,0.6200,68.00,0.6300,26.00,0.4100,118.53,0.4000,164.30,0.3900,36.00,0.3800,68.00,0.3700,26.00,0.4200,86.48,0.4300,43.00,0.4400,101.73,0.4500,426.97,0.4600,38.20,696.38,412.83,1109.21,412.83,696.38,1109.21,0.0100,0.0100,0.2556,-0.2556,0.5842,0.4158,0.1859,0.6851,0.6851,0.1859,120.1094,-266.4917,-266.7834,120.2409
btc-updown-5m-1780095900,1780096132000,68,73401.11,73479.32,78.21,-0.0291,-0.0291,1.6016,1.6672,4.2800,2.0543,0.006588,0.1567,10.2191,73493.45,-0.0011,-0.0192,-22.7402,-0.0003,0.5800,31.37,0.5700,21.00,0.5600,91.73,0.5500,416.17,0.5400,20.20,0.5900,240.25,0.6000,53.21,0.6100,36.00,0.6200,68.00,0.6300,56.00,0.4100,246.09,0.4000,53.21,0.3900,36.00,0.3800,68.00,0.3700,56.00,0.4200,31.37,0.4300,21.00,0.4400,91.73,0.4500,416.17,0.4600,20.20,580.47,453.46,1033.93,459.30,580.47,1039.77,0.0100,0.0100,0.1228,-0.1165,0.5812,0.4189,0.0902,0.6472,0.6516,0.0902,101.8395,-156.1027,-154.9538,101.8395
btc-updown-5m-1780095900,1780096133000,67,73401.11,73479.32,78.21,0.0000,-0.0291,0.0670,1.7342,4.2800,2.0263,0.006585,0.1571,0.4267,73493.42,-0.0011,-0.0192,0.0000,0.0000,0.5800,31.37,0.5700,21.00,0.5600,91.73,0.5500,416.17,0.5400,20.20,0.5900,209.53,0.6000,44.34,0.6100,26.00,0.6200,68.00,0.6300,26.00,0.4100,209.53,0.4000,44.34,0.3900,26.00,0.3800,68.00,0.3700,26.00,0.4200,31.37,0.4300,21.00,0.4400,91.73,0.4500,416.17,0.4600,20.20,580.47,373.87,954.34,373.87,580.47,954.34,0.0100,0.0100,0.2165,-0.2165,0.5813,0.4187,0.0902,0.6790,0.6790,0.0902,80.3199,-100.0373,-99.9485,80.2486
btc-updown-5m-1780095900,1780096134000,66,73401.11,73477.84,76.73,-0.0020,-0.0311,0.0919,1.8258,4.5740,1.9420,0.006514,0.1588,0.5791,73493.24,-0.0030,-0.0210,-1.5456,-0.0000,0.4800,10.02,0.4500,13.89,0.3900,5.00,0.3800,26.32,0.3600,25.00,0.5600,69.00,0.5800,30.00,0.5900,804.54,0.6000,87.13,0.6100,93.62,0.4400,69.00,0.4200,30.00,0.4100,804.54,0.4000,87.13,0.3900,93.62,0.5200,10.02,0.5500,13.89,0.6100,5.00,0.6200,26.32,0.6400,25.00,80.23,1084.29,1164.52,1084.29,80.23,1164.52,0.0800,0.0800,-0.8622,0.8622,0.4901,0.5099,0.2980,0.0913,0.0913,0.2980,-34.2571,103.9038,103.9407,-34.2692
btc-updown-5m-1780095900,1780096135000,65,73384.61,73477.83,93.22,-0.0000,-0.0311,0.2879,2.1124,4.5740,1.7423,0.006323,0.1640,1.7553,73492.60,-0.0026,-0.0201,-0.0127,-0.0000,0.1800,1412.99,0.1700,10.00,0.1600,10.00,0.1500,158.41,0.1400,20.80,0.5000,216.90,0.5500,71.25,0.5600,433.57,0.5700,196.00,0.5800,436.89,0.5000,216.90,0.4500,71.25,0.4400,433.57,0.4300,196.00,0.4200,436.89,0.8200,1412.99,0.8300,10.00,0.8400,10.00,0.8500,158.41,0.8600,20.80,1612.20,1354.61,2966.81,1354.61,1612.20,2966.81,0.3200,0.3200,0.0868,-0.0868,0.4574,0.5426,0.8826,0.2127,0.2127,0.8826,132.1702,185.7620,186.6205,132.7798
btc-updown-5m-1780095900,1780096136000,64,73379.98,73476.60,96.62,-0.0017,-0.0328,0.1250,2.1734,4.8200,1.7170,0.006296,0.1653,0.7560,73492.25,-0.0040,-0.0213,-1.6174,-0.0000,0.3200,22.59,0.2500,10.00,0.2400,20.83,0.2300,21.74,0.1800,866.25,0.3600,199.52,0.3800,36.97,0.3900,52.50,0.4000,62.00,0.4100,20.00,0.6400,199.52,0.6200,36.97,0.6100,52.50,0.6000,62.00,0.5900,20.00,0.6800,22.59,0.7500,10.00,0.7600,20.83,0.7700,21.74,0.8200,866.25,941.41,370.99,1312.40,370.99,941.41,1312.40,0.0400,0.0400,0.4346,-0.4346,0.3241,0.6759,0.0346,0.6375,0.6375,0.0346,453.2527,-375.4211,-559.0147,484.2186
btc-updown-5m-1780095900,1780096137000,63,73379.98,73475.93,95.95,-0.0009,-0.0046,0.0203,0.5921,0.6800,1.7393,0.006295,0.1639,0.1239,73492.19,-0.0040,-0.0221,-0.8749,-0.0000,0.2400,2.00,0.2300,47.34,0.2200,35.00,0.2100,18.00,0.2000,56.00,0.2500,540.61,0.2600,16.00,0.2700,73.68,0.2800,46.00,0.2900,105.00,0.7500,540.61,0.7400,16.00,0.7300,73.68,0.7200,46.00,0.7100,105.00,0.7600,2.00,0.7700,47.34,0.7800,35.00,0.7900,18.00,0.8000,56.00,158.34,781.29,939.63,781.29,158.34,939.63,0.0100,0.0100,-0.6630,0.6630,0.2400,0.7600,0.3116,0.7124,0.7124,0.3116,-15.5368,178.0749,178.0017,-15.5304
btc-updown-5m-1780095900,1780096138000,62,73377.91,73475.93,98.02,0.0000,-0.0046,0.0000,0.5251,0.6800,1.7390,0.006295,0.1639,0.0000,73492.19,-0.0024,-0.0221,0.0000,0.0000,0.2400,2.00,0.2300,47.34,0.2200,35.00,0.2100,18.00,0.2000,56.00,0.2500,540.61,0.2600,16.00,0.2700,73.68,0.2800,46.00,0.2900,105.00,0.7500,540.61,0.7400,16.00,0.7300,73.68,0.7200,46.00,0.7100,105.00,0.7600,2.00,0.7700,47.34,0.7800,35.00,0.7900,18.00,0.8000,56.00,158.34,781.29,939.63,781.29,158.34,939.63,0.0100,0.0100,-0.6630,0.6630,0.2400,0.7600,0.3116,0.7124,0.7124,0.3116,-15.5368,178.0749,178.0017,-15.5304
btc-updown-5m-1780095900,1780096139000,61,73377.49,73475.33,97.84,-0.0008,-0.0034,0.4095,0.8427,0.5040,1.7590,0.006294,0.1771,2.3128,73490.93,-0.0016,-0.0212,-0.7990,-0.0000,0.2200,12.17,0.2100,15.00,0.2000,35.00,0.1900,10.00,0.1800,843.25,0.2300,203.98,0.2400,186.68,0.2500,43.04,0.2600,26.00,0.2700,82.00,0.7700,203.98,0.7600,186.68,0.7500,43.04,0.7400,26.00,0.7300,82.00,0.7800,12.17,0.7900,15.00,0.8000,35.00,0.8100,10.00,0.8200,843.25,915.42,541.70,1457.12,541.70,915.42,1457.12,0.0100,0.0100,0.2565,-0.2565,0.2206,0.7794,0.0297,0.7212,0.7212,0.0297,-133.2457,-196.0236,-196.0236,-133.2457
btc-updown-5m-1780095900,1780096140000,60,73377.30,73475.32,98.02,-0.0000,-0.0034,0.0008,0.5555,0.5040,1.6067,0.006162,0.1771,0.0042,73490.93,-0.0015,-0.0212,-0.0133,-0.0000,0.3400,170.91,0.3300,134.99,0.3200,40.64,0.3100,55.00,0.2600,67.00,0.4200,20.00,0.4300,150.56,0.4400,18.00,0.4500,10.00,0.4600,18.00,0.5800,20.00,0.5700,150.56,0.5600,18.00,0.5500,10.00,0.5400,18.00,0.6600,170.91,0.6700,134.99,0.6800,40.64,0.6900,55.00,0.7400,67.00,468.54,216.56,685.10,216.56,468.54,685.10,0.0800,0.0800,0.3678,-0.3678,0.4116,0.5884,0.6529,0.7876,0.7876,0.6529,-232.9702,-26.6553,-26.6610,-233.0201
btc-updown-5m-1780095900,1780096141000,59,73376.62,73475.32,98.70,0.0000,-0.0017,0.0022,0.4327,0.2580,1.6070,0.006162,0.1723,0.0126,73490.76,-0.0004,-0.0210,0.0000,0.0000,0.5000,196.50,0.4900,131.50,0.4800,16.00,0.4700,141.00,0.4600,85.99,0.5100,4.07,0.5300,75.25,0.5400,10.00,0.5500,30.00,0.5600,50.00,0.4900,4.07,0.4700,75.25,0.4600,10.00,0.4500,30.00,0.4400,50.00,0.5000,196.50,0.5100,131.50,0.5200,16.00,0.5300,141.00,0.5400,85.99,570.99,169.32,740.31,169.32,570.99,740.31,0.0100,0.0100,0.5426,-0.5426,0.5098,0.4902,0.5744,0.4685,0.4685,0.5744,-74.9014,-12.9749,-12.9703,-74.8748
btc-updown-5m-1780095900,1780096142000,58,73376.82,73475.32,98.50,0.0000,-0.0008,0.0012,0.4136,0.1240,1.3393,0.005758,0.1724,0.0068,73490.76,-0.0001,-0.0210,0.0000,0.0000,0.4100,78.45,0.4000,8.00,0.3900,47.20,0.3800,16.00,0.3700,71.00,0.4200,360.82,0.4300,158.98,0.4400,79.88,0.4500,55.00,0.4600,75.00,0.5800,360.82,0.5700,158.98,0.5600,79.88,0.5500,55.00,0.5400,75.00,0.5900,78.45,0.6000,8.00,0.6100,47.20,0.6200,16.00,0.6300,71.00,220.65,729.68,950.33,729.68,220.65,950.33,0.0100,0.0100,-0.5356,0.5356,0.4118,0.5882,0.3918,0.7124,0.7124,0.3918,13.9446,7.2780,7.2902,13.9680
btc-updown-5m-1780095900,1780096143000,57,73377.16,73475.32,98.16,0.0000,-0.0008,0.0000,0.4136,0.1240,1.3393,0.005758,0.1674,0.0000,73490.35,-0.0000,-0.0204,0.0000,0.0000,0.3300,25.09,0.3200,50.00,0.3100,67.42,0.3000,14.72,0.2900,7.32,0.3400,78.82,0.3500,95.79,0.3600,97.00,0.3700,79.00,0.3800,30.00,0.6600,78.82,0.6500,95.79,0.6400,97.00,0.6300,79.00,0.6200,30.00,0.6700,25.09,0.6800,50.00,0.6900,67.42,0.7000,14.72,0.7100,7.32,164.55,380.61,545.16,380.61,164.55,545.16,0.0100,0.0100,-0.3963,0.3963,0.3324,0.6676,0.4563,0.4588,0.4588,0.4563,-0.1260,-10.7940,-10.7940,-0.1260
btc-updown-5m-1780095900,1780096144000,56,73376.57,73475.33,98.76,0.0000,0.0000,0.0357,0.0398,0.0060,1.3393,0.005758,0.1685,0.2116,73490.25,0.0000,-0.0203,0.0134,0.0000,0.3500,98.15,0.3400,148.87,0.3300,22.72,0.3200,16.00,0.3100,55.00,0.3600,72.00,0.3700,49.00,0.3800,35.00,0.3900,36.44,0.4000,35.64,0.6400,72.00,0.6300,49.00,0.6200,35.00,0.6100,36.44,0.6000,35.64,0.6500,98.15,0.6600,148.87,0.6700,22.72,0.6800,16.00,0.6900,55.00,340.74,228.08,568.82,228.08,340.74,568.82,0.0100,0.0100,0.1981,-0.1981,0.3558,0.6442,0.7250,0.5305,0.5305,0.7250,46.1616,-64.7015,-64.7138,46.1704
btc-updown-5m-1780095900,1780096145000,55,73376.19,73475.32,99.13,-0.0000,0.0000,0.0184,0.0574,0.0060,1.2930,0.005732,0.1690,0.1087,73490.18,-0.0000,-0.0202,-0.0135,-0.0000,0.2800,7.34,0.2700,8.97,0.2500,5.00,0.2300,10.00,0.2200,102.07,0.2900,113.72,0.3000,55.00,0.3100,42.00,0.3200,43.00,0.3300,145.29,0.7100,113.72,0.7000,55.00,0.6900,42.00,0.6800,43.00,0.6700,145.29,0.7200,7.34,0.7300,8.97,0.7500,5.00,0.7700,10.00,0.7800,102.07,133.38,399.01,532.39,399.01,133.38,532.39,0.0100,0.0100,-0.4989,0.4989,0.2806,0.7194,0.1223,0.4228,0.4228,0.1223,-145.6393,-16.3121,-16.3178,-145.6906
btc-updown-5m-1780095900,1780096146000,54,73376.01,73475.32,99.31,0.0000,0.0000,0.0012,0.0564,0.0040,1.1600,0.005598,0.1532,0.0077,73488.54,-0.0000,-0.0180,0.0000,0.0000,0.2900,87.39,0.2800,5.00,0.2600,5.00,0.2200,102.07,0.1800,833.25,0.3000,23.83,0.3100,42.00,0.3300,15.00,0.3500,30.00,0.3600,30.00,0.7000,23.83,0.6900,42.00,0.6700,15.00,0.6500,30.00,0.6400,30.00,0.7100,87.39,0.7200,5.00,0.7400,5.00,0.7800,102.07,0.8200,833.25,1032.71,140.83,1173.54,140.83,1032.71,1173.54,0.0100,0.0100,0.7600,-0.7600,0.2979,0.7021,0.0895,0.4674,0.4674,0.0895,86.6575,-24.6729,-24.6772,86.6724
btc-updown-5m-1780095900,1780096147000,53,73375.96,73475.32,99.36,0.0000,0.0000,0.0000,0.0552,0.0040,1.1600,0.005598,0.1502,0.0000,73488.12,-0.0000,-0.0174,0.0000,0.0000,0.2900,2.25,0.2800,13.66,0.2600,5.00,0.2200,102.07,0.1800,842.05,0.3100,104.42,0.3200,12.00,0.3300,109.16,0.3500,30.00,0.4000,15.64,0.6900,104.42,0.6800,12.00,0.6700,109.16,0.6500,30.00,0.6000,15.64,0.7100,2.25,0.7200,13.66,0.7400,5.00,0.7800,102.07,0.8200,842.05,965.03,271.22,1236.25,271.22,965.03,1236.25,0.0200,0.0200,0.5612,-0.5612,0.2904,0.7096,0.0165,0.4292,0.4292,0.0165,77.2790,17.7922,17.8204,77.4014
btc-updown-5m-1780095900,1780096148000,52,73375.94,73475.32,99.38,0.0000,0.0000,0.0001,0.0554,0.0040,1.1600,0.005598,0.1502,0.0010,73488.11,-0.0000,-0.0174,0.0000,0.0000,0.1800,660.51,0.1700,9.19,0.1600,9.69,0.1500,138.60,0.1400,10.80,0.2700,92.34,0.2800,12.00,0.2900,15.00,0.3000,6.93,0.3100,10.00,0.7300,92.34,0.7200,12.00,0.7100,15.00,0.7000,6.93,0.6900,10.00,0.8200,660.51,0.8300,9.19,0.8400,9.69,0.8500,138.60,0.8600,10.80,828.79,136.27,965.06,136.27,828.79,965.06,0.0900,0.0900,0.7176,-0.7176,0.2590,0.7410,0.8080,0.7657,0.7657,0.8080,105.2692,-70.6366,-71.9562,106.9946
btc-updown-5m-1780095900,1780096149000,51,73376.03,73475.34,99.31,0.0000,0.0000,4.6992,4.7188,0.0060,1.1607,0.005598,0.3018,15.5710,73481.70,0.0000,-0.0087,0.0270,0.0000,0.3400,37.00,0.3300,122.72,0.3200,108.80,0.3100,90.68,0.3000,64.94,0.3500,11.19,0.3600,20.16,0.3700,50.00,0.3800,5.00,0.3900,10.00,0.6500,11.19,0.6400,20.16,0.6300,50.00,0.6200,5.00,0.6100,10.00,0.6600,37.00,0.6700,122.72,0.6800,108.80,0.6900,90.68,0.7000,64.94,424.14,96.35,520.49,96.35,424.14,520.49,0.0100,0.0100,0.6298,-0.6298,0.3477,0.6523,0.3766,0.3254,0.3254,0.3766,42.0423,-53.4159,-53.4247,42.0492
btc-updown-5m-1780095900,1780096150000,50,73376.07,73475.33,99.26,-0.0000,0.0000,0.0004,4.7009,0.0060,1.1607,0.005598,0.3018,0.0014,73481.70,-0.0000,-0.0087,-0.0135,-0.0000,0.3700,0.03,0.3600,8.27,0.3200,7.58,0.3000,48.00,0.2900,49.00,0.3800,228.15,0.3900,55.00,0.4000,65.00,0.4100,55.00,0.4200,55.00,0.6200,228.15,0.6100,55.00,0.6000,65.00,0.5900,55.00,0.5800,55.00,0.6300,0.03,0.6400,8.27,0.6800,7.58,0.7000,48.00,0.7100,49.00,112.88,458.15,571.03,458.15,112.88,571.03,0.0100,0.0100,-0.6046,0.6046,0.3700,0.6300,0.0735,0.6180,0.6180,0.0735,-23.5706,37.0011,36.9951,-23.5668
btc-updown-5m-1780095900,1780096151000,49,73376.00,73475.33,99.33,0.0000,0.0000,0.0003,4.7000,0.0060,1.1603,0.005598,0.3018,0.0009,73481.70,-0.0000,-0.0087,0.0000,0.0000,0.2100,48.92,0.1900,123.00,0.1800,650.00,0.1700,20.17,0.1600,9.69,0.2200,16.23,0.2600,45.15,0.2900,49.00,0.3200,46.00,0.3400,10.00,0.7800,16.23,0.7400,45.15,0.7100,49.00,0.6800,46.00,0.6600,10.00,0.7900,48.92,0.8100,123.00,0.8200,650.00,0.8300,20.17,0.8400,9.69,851.78,166.38,1018.16,166.38,851.78,1018.16,0.0100,0.0100,0.6732,-0.6732,0.2175,0.7825,0.2018,0.3689,0.3689,0.2018,-15.1557,-7.5892,-7.5880,-15.1533
btc-updown-5m-1780095900,1780096152000,48,73376.00,73475.33,99.33,0.0000,0.0000,0.0000,4.7000,0.0060,1.1600,0.005598,0.3018,0.0000,73481.70,-0.0000,-0.0087,0.0000,0.0000,0.2100,56.09,0.2000,383.96,0.1800,503.99,0.1700,20.17,0.1600,17.12,0.2200,1.32,0.2400,6.34,0.2600,40.15,0.2800,5.00,0.2900,79.00,0.7800,1.32,0.7600,6.34,0.7400,40.15,0.7200,5.00,0.7100,79.00,0.7900,56.09,0.8000,383.96,0.8200,503.99,0.8300,20.17,0.8400,17.12,981.33,131.81,1113.14,131.81,981.33,1113.14,0.0100,0.0100,0.7632,-0.7632,0.2198,0.7802,0.4484,0.0581,0.0581,0.4484,-3.9848,-3.8820,-3.8813,-3.9841
btc-updown-5m-1780095900,1780096153000,47,73376.01,73475.33,99.32,0.0000,0.0000,0.0000,4.6999,0.0060,1.1597,0.005598,0.3002,0.0000,73481.55,-0.0000,-0.0085,0.0000,0.0000,0.2100,33.53,0.2000,311.92,0.1800,503.99,0.1700,14.19,0.1600,17.12,0.2200,8.89,0.2300,188.33,0.2400,66.33,0.2600,50.15,0.2900,49.00,0.7800,8.89,0.7700,188.33,0.7600,66.33,0.7400,50.15,0.7100,49.00,0.7900,33.53,0.8000,311.92,0.8200,503.99,0.8300,14.19,0.8400,17.12,880.75,362.70,1243.45,362.70,880.75,1243.45,0.0100,0.0100,0.4166,-0.4166,0.2179,0.7821,0.3922,0.5438,0.5438,0.3922,-6.9713,28.1595,28.1645,-6.9726
btc-updown-5m-1780095900,1780096154000,46,73375.87,73475.33,99.46,0.0000,-0.0000,0.0000,0.0007,0.0020,1.1597,0.005598,0.2996,0.0000,73481.49,-0.0000,-0.0084,0.0000,0.0000,0.2100,28.38,0.2000,306.29,0.1800,510.93,0.1700,14.19,0.1600,14.69,0.2200,21.08,0.2400,28.66,0.2500,120.56,0.2600,45.15,0.2700,5.00,0.7800,21.08,0.7600,28.66,0.7500,120.56,0.7400,45.15,0.7300,5.00,0.7900,28.38,0.8000,306.29,0.8200,510.93,0.8300,14.19,0.8400,14.69,874.48,220.45,1094.93,220.45,874.48,1094.93,0.0100,0.0100,0.5973,-0.5973,0.2157,0.7843,0.3827,0.2256,0.2256,0.3827,7.8528,-2.0558,-2.0555,7.8515
btc-updown-5m-1780095900,1780096155000,45,73375.85,73475.34,99.49,0.0000,0.0000,0.0001,0.0004,0.0020,1.1597,0.005598,0.2982,0.0005,73481.35,0.0000,-0.0082,0.0135,0.0000,0.2000,169.13,0.1900,12.57,0.1800,510.93,0.1700,14.19,0.1600,14.69,0.2100,6.05,0.2200,24.00,0.2300,6.20,0.2400,16.08,0.2500,10.00,0.7900,6.05,0.7800,24.00,0.7700,6.20,0.7600,16.08,0.7500,10.00,0.8000,169.13,0.8100,12.57,0.8200,510.93,0.8300,14.19,0.8400,14.69,721.51,62.33,783.84,62.33,721.51,783.84,0.0100,0.0100,0.8410,-0.8410,0.2097,0.7903,0.2518,0.4821,0.4821,0.2518,76.3049,1.1760,1.1760,78.7380
btc-updown-5m-1780095900,1780096156000,44,73375.85,73475.34,99.49,0.0000,0.0000,0.0000,0.0001,0.0020,0.8493,0.005210,0.2977,0.0000,73481.31,0.0000,-0.0081,0.0000,0.0000,0.2000,74.24,0.1800,515.99,0.1700,14.19,0.1600,23.29,0.1500,326.72,0.2100,133.38,0.2300,126.39,0.2400,51.08,0.2500,30.00,0.2600,70.15,0.7900,133.38,0.7700,126.39,0.7600,51.08,0.7500,30.00,0.7400,70.15,0.8000,74.24,0.8200,515.99,0.8300,14.19,0.8400,23.29,0.8500,326.72,954.43,411.00,1365.43,411.00,954.43,1365.43,0.0100,0.0100,0.3980,-0.3980,0.2036,0.7964,0.6184,0.6320,0.6320,0.6184,132.9363,11.9749,11.9749,132.9363
btc-updown-5m-1780095900,1780096157000,43,73375.72,73475.34,99.62,0.0000,0.0000,0.0310,0.0311,0.0040,0.8497,0.005210,0.2406,0.1288,73476.60,0.0000,-0.0017,0.0000,0.0000,0.2000,80.01,0.1800,503.99,0.1700,9.19,0.1600,14.69,0.1500,326.72,0.2300,3.01,0.2400,51.08,0.2500,40.00,0.2600,40.15,0.2700,30.00,0.7700,3.01,0.7600,51.08,0.7500,40.00,0.7400,40.15,0.7300,30.00,0.8000,80.01,0.8200,503.99,0.8300,9.19,0.8400,14.69,0.8500,326.72,934.60,164.24,1098.84,164.24,934.60,1098.84,0.0300,0.0300,0.7011,-0.7011,0.2289,0.7711,0.6249,0.3293,0.3293,0.6249,8.6873,4.7863,4.7863,8.6873
btc-updown-5m-1780095900,1780096158000,42,73375.64,73475.34,99.70,0.0000,0.0000,0.0000,0.0311,0.0040,0.8497,0.005210,0.2406,0.0000,73476.60,0.0000,-0.0017,0.0000,0.0000,0.2200,96.87,0.2100,21.49,0.2000,15.77,0.1800,481.96,0.1500,316.53,0.2300,45.00,0.2400,30.00,0.2500,40.00,0.2600,29.19,0.2800,25.10,0.7700,45.00,0.7600,30.00,0.7500,40.00,0.7400,29.19,0.7200,25.10,0.7800,96.87,0.7900,21.49,0.8000,15.77,0.8200,481.96,0.8500,316.53,932.62,169.29,1101.91,169.29,932.62,1101.91,0.0100,0.0100,0.6927,-0.6927,0.2268,0.7732,0.1269,0.4430,0.4430,0.1269,-7.8730,6.0579,6.0579,-7.8730
btc-updown-5m-1780095900,1780096159000,41,73375.64,73475.34,99.70,0.0000,0.0000,0.0016,0.0327,0.0040,0.8493,0.005210,0.2407,0.0066,73476.60,0.0000,-0.0017,0.0000,0.0000,0.2300,119.00,0.2200,14.56,0.2100,5.89,0.2000,15.77,0.1800,476.96,0.2400,47.00,0.2500,30.00,0.2600,35.21,0.2800,25.10,0.2900,49.00,0.7600,47.00,0.7500,30.00,0.7400,35.21,0.7200,25.10,0.7100,49.00,0.7700,119.00,0.7800,14.56,0.7900,5.89,0.8000,15.77,0.8200,476.96,632.18,186.31,818.49,186.31,632.18,818.49,0.0100,0.0100,0.5447,-0.5447,0.2372,0.7628,0.2113,0.4133,0.4133,0.2113,-40.6094,-28.8172,-28.8078,-40.5961
btc-updown-5m-1780095900,1780096160000,40,73374.98,73475.34,100.36,0.0000,0.0000,0.0000,0.0326,0.0020,0.8490,0.005210,0.2407,0.0000,73476.60,0.0000,-0.0017,0.0000,0.0000,0.2300,49.51,0.2200,19.00,0.2000,32.33,0.1800,476.96,0.1600,5.05,0.2400,105.79,0.2600,27.44,0.2800,5.00,0.3000,249.28,0.3400,158.99,0.7600,105.79,0.7400,27.44,0.7200,5.00,0.7000,249.28,0.6600,158.99,0.7700,49.51,0.7800,19.00,0.8000,32.33,0.8200,476.96,0.8400,5.05,582.85,546.50,1129.35,546.50,582.85,1129.35,0.0100,0.0100,0.0322,-0.0322,0.2332,0.7668,0.1175,0.2438,0.2438,0.1175,-49.5885,58.3846,58.3946,-49.5969
btc-updown-5m-1780095900,1780096161000,39,73374.61,73475.33,100.72,-0.0000,-0.0000,0.0010,0.0336,0.0040,0.8490,0.005210,0.2407,0.0042,73476.60,-0.0000,-0.0017,-0.0137,-0.0000,0.2100,11.39,0.2000,44.33,0.1900,5.00,0.1800,476.96,0.1500,316.53,0.2300,63.37,0.2400,20.00,0.2500,12.00,0.2600,26.00,0.2700,5.00,0.7700,63.37,0.7600,20.00,0.7500,12.00,0.7400,26.00,0.7300,5.00,0.7900,11.39,0.8000,44.33,0.8100,5.00,0.8200,476.96,0.8500,316.53,854.21,126.37,980.58,126.37,854.21,980.58,0.0200,0.0200,0.7423,-0.7423,0.2130,0.7870,0.0652,0.6597,0.6597,0.0652,14.4656,10.4334,10.4300,14.4609
btc-updown-5m-1780095900,1780096162000,38,73374.65,73450.01,75.36,-0.0345,-0.0345,3.9032,3.9058,5.0660,0.9807,0.006173,0.3645,10.7085,73467.28,-0.0003,-0.0235,-25.9706,-0.0004,0.0700,74.46,0.0600,46.08,0.0500,897.87,0.0400,238.21,0.0300,409.93,0.0800,39.20,0.1000,5.00,0.1100,28.25,0.1200,109.69,0.1400,65.00,0.9200,39.20,0.9000,5.00,0.8900,28.25,0.8800,109.69,0.8600,65.00,0.9300,74.46,0.9400,46.08,0.9500,897.87,0.9600,238.21,0.9700,409.93,1666.55,247.14,1913.69,247.14,1666.55,1913.69,0.0100,0.0100,0.7417,-0.7417,0.0766,0.9234,0.0723,0.1788,0.1788,0.0723,117.1828,-27.7489,-27.2102,118.2531
btc-updown-5m-1780095900,1780096163000,37,73369.68,73450.01,80.33,0.0000,-0.0345,0.0000,3.9058,5.0660,0.9807,0.006173,0.3128,0.0000,73465.29,-0.0000,-0.0208,0.0000,0.0000,0.0700,876.01,0.0600,237.44,0.0500,808.87,0.0400,868.21,0.0300,1236.26,0.0900,26.00,0.1000,75.70,0.1100,74.88,0.1200,69.69,0.1300,10.00,0.9100,26.00,0.9000,75.70,0.8900,74.88,0.8800,69.69,0.8700,10.00,0.9300,876.01,0.9400,237.44,0.9500,808.87,0.9600,868.21,0.9700,1236.26,4026.79,256.27,4283.06,256.27,4026.79,4283.06,0.0200,0.0200,0.8803,-0.8803,0.0894,0.9106,0.2765,0.3968,0.3968,0.2765,981.5807,-37.6176,43.0442,921.9397
btc-updown-5m-1780095900,1780096164000,36,73369.68,73450.00,80.32,-0.0000,-0.0345,0.0228,3.9270,5.0680,0.9317,0.006176,0.3114,0.0732,73465.15,-0.0000,-0.0206,-0.0109,-0.0000,0.1100,270.94,0.1000,167.00,0.0900,19.80,0.0800,28.44,0.0700,294.48,0.1200,35.45,0.1300,15.23,0.1400,15.00,0.1500,55.00,0.1600,41.57,0.8800,35.45,0.8700,15.23,0.8600,15.00,0.8500,55.00,0.8400,41.57,0.8900,270.94,0.9000,167.00,0.9100,19.80,0.9200,28.44,0.9300,294.48,780.66,162.25,942.91,162.25,780.66,942.91,0.0100,0.0100,0.6559,-0.6559,0.1188,0.8812,0.5610,0.3124,0.3124,0.5610,89.2581,-135.1124,-134.9910,89.1779
btc-updown-5m-1780095900,1780096165000,35,73353.10,73450.01,96.91,0.0000,-0.0345,0.0001,3.9271,5.0700,0.9317,0.006176,0.3084,0.0003,73465.03,-0.0000,-0.0204,0.0132,0.0000,0.1100,26.93,0.1000,16.64,0.0800,28.34,0.0700,294.48,0.0600,237.44,0.1200,88.97,0.1300,86.18,0.1400,15.00,0.1500,25.00,0.1600,71.57,0.8800,88.97,0.8700,86.18,0.8600,15.00,0.8500,25.00,0.8400,71.57,0.8900,26.93,0.9000,16.64,0.9200,28.34,0.9300,294.48,0.9400,237.44,603.83,286.72,890.55,286.72,603.83,890.55,0.0100,0.0100,0.3561,-0.3561,0.1123,0.8877,0.0722,0.6109,0.6109,0.0722,-48.2280,7.2212,7.2145,-48.1832
btc-updown-5m-1780095900,1780096166000,34,73353.10,73450.01,96.91,0.0000,-0.0345,0.4570,4.3831,5.0680,0.8903,0.006180,0.3139,1.4558,73463.95,-0.0000,-0.0190,0.0000,0.0000,0.1100,319.83,0.0700,294.48,0.0600,237.44,0.0500,836.87,0.0400,861.96,0.1200,69.51,0.1300,74.07,0.1400,12.11,0.1600,23.23,0.1700,127.11,0.8800,69.51,0.8700,74.07,0.8600,12.11,0.8400,23.23,0.8300,127.11,0.8900,319.83,0.9300,294.48,0.9400,237.44,0.9500,836.87,0.9600,861.96,2550.58,306.03,2856.61,306.03,2550.58,2856.61,0.0100,0.0100,0.7857,-0.7857,0.1182,0.8818,0.2409,0.4692,0.4692,0.2409,161.7095,-4.9489,-4.9475,161.6648
btc-updown-5m-1780095900,1780096167000,33,73353.34,73450.00,96.66,-0.0000,-0.0000,0.0099,0.4897,0.0060,0.8683,0.006184,0.3102,0.0319,73463.77,-0.0000,-0.0187,-0.0132,-0.0000,0.1600,62.09,0.1100,68.73,0.1000,67.03,0.0900,24.00,0.0800,78.34,0.1700,92.15,0.1800,75.99,0.1900,29.35,0.2100,5.00,0.2200,30.00,0.8300,97.15,0.8200,75.99,0.8100,23.92,0.7900,5.00,0.7800,30.00,0.8400,62.09,0.8900,38.73,0.9000,67.03,0.9100,10.00,0.9200,78.34,300.19,232.49,532.68,232.06,256.19,488.25,0.0100,0.0100,0.1271,-0.0494,0.1640,0.8361,0.4358,0.7232,0.7461,0.3935,-2574.7175,-82.0286,-82.0861,-2567.1737
btc-updown-5m-1780095900,1780096168000,32,73354.53,73450.00,95.47,0.0000,-0.0000,0.0002,0.4899,0.0060,0.8683,0.006184,0.3095,0.0005,73463.74,-0.0000,-0.0187,0.0000,0.0000,0.1600,42.12,0.1500,20.00,0.1400,5.00,0.1300,9.67,0.1200,55.04,0.1700,569.48,0.1800,5.00,0.1900,5.00,0.2000,15.00,0.2100,5.00,0.8300,569.48,0.8200,5.00,0.8100,5.00,0.8000,15.00,0.7900,5.00,0.8400,42.12,0.8500,20.00,0.8600,5.00,0.8700,9.67,0.8800,55.04,131.83,599.48,731.31,599.48,131.83,731.31,0.0100,0.0100,-0.6395,0.6395,0.1607,0.8393,0.4712,0.9583,0.9583,0.4712,-346.1719,88.7669,88.8051,-346.3206
btc-updown-5m-1780095900,1780096169000,31,73356.37,73450.01,93.64,0.0000,0.0000,0.0490,0.5161,0.0060,0.8487,0.006187,0.3111,0.1574,73463.67,0.0000,-0.0186,0.0127,0.0000,0.1300,34.19,0.1200,5.40,0.1100,6.07,0.1000,27.97,0.0800,18.00,0.1400,414.74,0.1500,7.11,0.1600,12.00,0.1800,10.00,0.1900,5.00,0.8600,414.74,0.8500,7.11,0.8400,12.00,0.8200,10.00,0.8100,5.00,0.8700,34.19,0.8800,5.40,0.8900,6.07,0.9000,27.97,0.9200,18.00,91.63,448.85,540.48,448.85,91.63,540.48,0.0100,0.0100,-0.6609,0.6609,0.1308,0.8692,0.4321,0.9398,0.9398,0.4321,-436.6545,46.3903,46.3903,-436.6545
btc-updown-5m-1780095900,1780096170000,30,73356.16,73453.65,97.49,0.0050,0.0050,0.0497,0.5656,0.7320,0.9697,0.006281,0.2995,0.1658,73463.11,0.0045,-0.0129,4.8312,0.0001,0.1000,36.73,0.0900,255.51,0.0800,38.78,0.0700,209.24,0.0600,253.27,0.1100,7.10,0.1300,5.29,0.1500,5.80,0.1800,25.27,0.2200,10.00,0.8900,7.10,0.8700,5.29,0.8500,5.80,0.8200,25.27,0.7800,10.00,0.9000,36.73,0.9100,255.51,0.9200,38.78,0.9300,209.24,0.9400,253.27,793.53,53.46,846.99,53.46,793.53,846.99,0.0100,0.0100,0.8738,-0.8738,0.1084,0.8916,0.3683,0.2318,0.2318,0.3683,35.7039,-76.7976,-76.8126,35.7109
btc-updown-5m-1780095900,1780096171000,29,73356.68,73453.65,96.97,0.0000,0.0050,0.0340,0.1426,0.7320,0.9693,0.006281,0.3006,0.1130,73463.07,0.0043,-0.0128,0.0000,0.0000,0.0700,209.41,0.0600,303.52,0.0500,863.50,0.0400,903.31,0.0300,1542.93,0.0800,119.88,0.0900,5.06,0.1000,170.59,0.1400,5.46,0.1500,10.80,0.9200,119.88,0.9100,5.06,0.9000,170.59,0.8600,5.46,0.8500,10.80,0.9300,209.41,0.9400,303.52,0.9500,863.50,0.9600,903.31,0.9700,1542.93,3822.67,311.79,4134.46,311.79,3822.67,4134.46,0.0100,0.0100,0.8492,-0.8492,0.0764,0.9236,0.1342,0.4007,0.4007,0.1342,364.0783,19.5669,19.5715,364.1626
btc-updown-5m-1780095900,1780096172000,28,73358.09,73453.66,95.57,0.0000,0.0050,0.3617,0.4944,0.7320,0.9697,0.006281,0.3122,1.1585,73462.72,0.0006,-0.0123,0.0130,0.0000,0.1200,35.90,0.1000,13.55,0.0700,52.96,0.0600,319.13,0.0500,814.87,0.1300,86.36,0.1500,261.16,0.1600,5.00,0.1700,5.00,0.1800,11.00,0.8700,86.36,0.8500,261.16,0.8400,5.00,0.8300,5.00,0.8200,11.00,0.8800,35.90,0.9000,13.55,0.9300,52.96,0.9400,319.13,0.9500,814.87,1236.41,368.52,1604.93,368.52,1236.41,1604.93,0.0100,0.0100,0.5408,-0.5408,0.1229,0.8771,0.0400,0.9430,0.9430,0.0400,-75.3306,18.3726,18.3762,-75.3451
btc-updown-5m-1780095900,1780096173000,27,73358.09,73453.66,95.57,0.0000,0.0050,0.0047,0.4990,0.7320,0.9697,0.006281,0.3123,0.0151,73462.71,0.0005,-0.0123,0.0000,0.0000,0.0700,42.66,0.0600,314.41,0.0500,839.58,0.0400,903.78,0.0300,1536.26,0.0800,17.53,0.0900,5.02,0.1000,5.09,0.1300,105.00,0.1400,5.00,0.9200,17.53,0.9100,5.02,0.9000,5.09,0.8700,105.00,0.8600,5.00,0.9300,42.66,0.9400,314.41,0.9500,839.58,0.9600,903.78,0.9700,1536.26,3636.69,137.64,3774.33,137.64,3636.69,3774.33,0.0100,0.0100,0.9271,-0.9271,0.0771,0.9229,0.0982,0.1638,0.1638,0.0982,505.8065,6.4666,6.4655,505.7224
btc-updown-5m-1780095900,1780096174000,26,73357.16,73453.66,96.50,0.0000,0.0050,0.0000,0.4500,0.7300,0.9693,0.006281,0.3123,0.0000,73462.71,0.0005,-0.0123,0.0000,0.0000,0.0600,198.90,0.0500,876.58,0.0400,957.40,0.0300,1290.66,0.0200,1289.00,0.0700,37.05,0.0800,7.51,0.0900,150.62,0.1100,200.00,0.1300,112.11,0.9300,37.05,0.9200,7.51,0.9100,150.62,0.8900,200.00,0.8700,112.11,0.9400,198.90,0.9500,876.58,0.9600,957.40,0.9700,1290.66,0.9800,1289.00,4612.54,507.29,5119.83,507.29,4612.54,5119.83,0.0100,0.0100,0.8018,-0.8018,0.0684,0.9316,0.2332,0.0878,0.0878,0.2332,719.6511,40.3296,40.3101,719.3042
btc-updown-5m-1780095900,1780096175000,25,73357.19,73453.66,96.47,0.0000,0.0000,0.0000,0.4003,0.0020,0.9690,0.006281,0.3111,0.0000,73462.66,0.0000,-0.0123,0.0000,0.0000,0.0700,56.36,0.0600,131.75,0.0500,882.95,0.0400,899.80,0.0300,1290.66,0.0800,11.80,0.0900,20.00,0.1000,5.04,0.1100,200.00,0.1200,13.80,0.9200,11.80,0.9100,20.00,0.9000,5.04,0.8900,200.00,0.8800,13.80,0.9300,56.36,0.9400,131.75,0.9500,882.95,0.9600,899.80,0.9700,1290.66,3261.52,250.64,3512.16,250.64,3261.52,3512.16,0.0100,0.0100,0.8573,-0.8573,0.0783,0.9217,0.0577,0.1269,0.1269,0.0577,505.2386,-27.8734,-27.8689,505.1566
btc-updown-5m-1780095900,1780096176000,24,73357.20,73453.66,96.46,0.0000,0.0000,0.0006,0.3670,0.0020,0.9690,0.006281,0.3106,0.0019,73462.64,0.0000,-0.0122,0.0000,0.0000,0.0900,46.27,0.0700,5.34,0.0600,131.75,0.0500,876.87,0.0400,894.80,0.1000,112.64,0.1100,207.61,0.1200,12.34,0.1300,161.29,0.1500,514.80,0.9000,112.64,0.8900,207.61,0.8800,12.34,0.8700,161.29,0.8500,514.80,0.9100,46.27,0.9300,5.34,0.9400,131.75,0.9500,876.87,0.9600,894.80,1955.03,1008.68,2963.71,1008.68,1955.03,2963.71,0.0100,0.0100,0.3193,-0.3193,0.0929,0.9071,0.0264,0.3175,0.3175,0.0264,-293.5467,148.4222,148.4222,-293.5467
btc-updown-5m-1780095900,1780096177000,23,73357.20,73453.66,96.46,0.0000,0.0000,0.0054,0.0107,0.0000,0.9690,0.006281,0.3107,0.0175,73462.63,-0.0000,-0.0122,0.0000,0.0000,0.0700,101.73,0.0600,169.57,0.0500,838.87,0.0400,929.80,0.0300,1290.66,0.1000,180.58,0.1100,200.00,0.1200,300.00,0.1300,108.34,0.1500,531.28,0.9000,180.58,0.8900,200.00,0.8800,300.00,0.8700,108.34,0.8500,531.28,0.9300,101.73,0.9400,169.57,0.9500,838.87,0.9600,929.80,0.9700,1290.66,3330.63,1320.20,4650.83,1320.20,3330.63,4650.83,0.0300,0.0300,0.4323,-0.4323,0.0808,0.9192,0.0815,0.2883,0.2883,0.0815,-83.0149,169.2170,169.1887,-83.0010
btc-updown-5m-1780095900,1780096178000,22,73357.20,73453.66,96.46,0.0000,0.0000,0.0000,0.0060,0.0000,0.9690,0.006281,0.3107,0.0000,73462.63,0.0000,-0.0122,0.0000,0.0000,0.0600,91.87,0.0500,838.87,0.0400,953.69,0.0300,1290.66,0.0200,1379.47,0.0700,6.03,0.0800,61.40,0.0900,177.96,0.1100,262.99,0.1200,300.00,0.9300,6.03,0.9200,61.40,0.9100,177.96,0.8900,262.99,0.8800,300.00,0.9400,91.87,0.9500,838.87,0.9600,953.69,0.9700,1290.66,0.9800,1379.47,4554.56,808.38,5362.94,808.38,4554.56,5362.94,0.0100,0.0100,0.6985,-0.6985,0.0694,0.9306,0.2044,0.0834,0.0834,0.2044,119.6680,99.8834,99.8834,119.6680
btc-updown-5m-1780095900,1780096179000,21,73361.91,73453.66,91.75,0.0000,0.0000,0.0000,0.0060,0.0000,0.9683,0.006281,0.3107,0.0000,73462.63,0.0000,-0.0122,0.0000,0.0000,0.0600,72.60,0.0500,1042.54,0.0400,866.96,0.0300,1284.26,0.0200,1289.00,0.0700,30.00,0.0800,48.87,0.1000,19.56,0.1100,200.00,0.1200,307.00,0.9300,30.00,0.9200,48.87,0.9000,19.56,0.8900,200.00,0.8800,307.00,0.9400,72.60,0.9500,1042.54,0.9600,866.96,0.9700,1284.26,0.9800,1289.00,4555.36,605.43,5160.79,605.43,4555.36,5160.79,0.0100,0.0100,0.7654,-0.7654,0.0671,0.9329,0.2448,0.1303,0.1303,0.2448,163.9146,82.2271,82.2416,163.9434
btc-updown-5m-1780095900,1780096180000,20,73357.16,73453.65,96.49,-0.0000,-0.0000,0.0085,0.0146,0.0020,0.9683,0.006281,0.1594,0.0535,73450.53,-0.0000,0.0042,-0.0131,-0.0000,0.0600,72.60,0.0500,1042.54,0.0400,866.96,0.0300,1284.26,0.0200,1289.00,0.0700,30.00,0.0800,48.87,0.1000,19.56,0.1100,200.00,0.1200,307.00,0.9300,30.00,0.9200,48.87,0.9000,19.56,0.8900,200.00,0.8800,307.00,0.9400,72.60,0.9500,1042.54,0.9600,866.96,0.9700,1284.26,0.9800,1289.00,4555.36,605.43,5160.79,605.43,4555.36,5160.79,0.0100,0.0100,0.7654,-0.7654,0.0671,0.9329,0.2448,0.1303,0.1303,0.2448,-16.1956,16.0254,16.0289,-16.1991
btc-updown-5m-1780095900,1780096181000,19,73357.60,73453.65,96.05,0.0000,-0.0000,0.0000,0.0140,0.0020,0.9683,0.006281,0.1594,0.0000,73450.53,-0.0000,0.0043,0.0000,0.0000,0.0600,72.60,0.0500,1042.54,0.0400,866.96,0.0300,1284.26,0.0200,1289.00,0.0700,30.00,0.0800,48.87,0.1000,19.56,0.1100,200.00,0.1200,307.00,0.9300,30.00,0.9200,48.87,0.9000,19.56,0.8900,200.00,0.8800,307.00,0.9400,72.60,0.9500,1042.54,0.9600,866.96,0.9700,1284.26,0.9800,1289.00,4555.36,605.43,5160.79,605.43,4555.36,5160.79,0.0100,0.0100,0.7654,-0.7654,0.0671,0.9329,0.2448,0.1303,0.1303,0.2448,938.2151,17.8927,17.8927,938.2151
btc-updown-5m-1780095900,1780096182000,18,73357.20,73453.65,96.45,0.0000,-0.0000,0.0000,0.0085,0.0020,0.9683,0.006281,0.1594,0.0000,73450.53,-0.0000,0.0043,0.0000,0.0000,,,,,,,,,,,,,,,,,,,,,,,,,,,,,,,,,,,,,,,,,-0.00,-0.00,-0.00,-0.00,-0.00,-0.00,,,,,,,,,,,,,,
btc-updown-5m-1780095900,1780096183000,17,73357.20,73453.66,96.46,0.0000,0.0000,0.0040,0.0125,0.0040,0.9687,0.006281,0.1595,0.0251,73450.53,0.0000,0.0043,0.0131,0.0000,,,,,,,,,,,,,,,,,,,,,,,,,,,,,,,,,,,,,,,,,-0.00,-0.00,-0.00,-0.00,-0.00,-0.00,,,,,,,,,,,,,,
btc-updown-5m-1780095900,1780096184000,16,73357.62,73453.66,96.04,0.0000,0.0000,0.0856,0.0981,0.0040,0.9687,0.006281,0.1623,0.5273,73450.58,0.0000,0.0042,0.0000,0.0000,,,,,,,,,,,,,,,,,,,,,,,,,,,,,,,,,,,,,,,,,-0.00,-0.00,-0.00,-0.00,-0.00,-0.00,,,,,,,,,,,,,,
btc-updown-5m-1780095900,1780096185000,15,73357.23,73453.66,96.43,0.0000,0.0000,0.0026,0.0921,0.0020,0.9683,0.006281,0.1623,0.0158,73450.58,0.0000,0.0042,0.0000,0.0000,,,,,,,,,,,,,,,,,,,,,,,,,,,,,,,,,,,,,,,,,-0.00,-0.00,-0.00,-0.00,-0.00,-0.00,,,,,,,,,,,,,,
btc-updown-5m-1780095900,1780096186000,14,73357.23,73453.66,96.43,0.0000,0.0000,0.0000,0.0921,0.0020,0.9683,0.006281,0.1623,0.0000,73450.58,0.0000,0.0042,0.0000,0.0000,,,,,,,,,,,,,,,,,,,,,,,,,,,,,,,,,,,,,,,,,-0.00,-0.00,-0.00,-0.00,-0.00,-0.00,,,,,,,,,,,,,,
btc-updown-5m-1780095900,1780096187000,13,73357.23,73453.65,96.42,-0.0000,0.0000,0.0014,0.0935,0.0040,0.9683,0.006281,0.1624,0.0085,73450.58,-0.0000,0.0042,-0.0131,-0.0000,,,,,,,,,,,,,,,,,,,,,,,,,,,,,,,,,,,,,,,,,-0.00,-0.00,-0.00,-0.00,-0.00,-0.00,,,,,,,,,,,,,,
btc-updown-5m-1780095900,1780096188000,12,73357.23,73453.65,96.42,0.0000,-0.0000,0.0000,0.0895,0.0020,0.9683,0.006281,0.1614,0.0000,73450.43,-0.0000,0.0044,0.0000,0.0000,,,,,,,,,,,,,,,,,,,,,,,,,,,,,,,,,,,,,,,,,-0.00,-0.00,-0.00,-0.00,-0.00,-0.00,,,,,,,,,,,,,,
btc-updown-5m-1780095900,1780096189000,11,73357.23,73453.65,96.42,0.0000,-0.0000,0.0000,0.0039,0.0020,0.9683,0.006281,0.1614,0.0000,73450.43,-0.0000,0.0044,0.0000,0.0000,,,,,,,,,,,,,,,,,,,,,,,,,,,,,,,,,,,,,,,,,-0.00,-0.00,-0.00,-0.00,-0.00,-0.00,,,,,,,,,,,,,,
btc-updown-5m-1780095900,1780096190000,10,73357.23,73453.65,96.42,0.0000,-0.0000,0.0000,0.0014,0.0020,0.9683,0.006281,0.1613,0.0000,73450.42,-0.0000,0.0044,0.0000,0.0000,,,,,,,,,,,,,,,,,,,,,,,,,,,,,,,,,,,,,,,,,-0.00,-0.00,-0.00,-0.00,-0.00,-0.00,,,,,,,,,,,,,,
btc-updown-5m-1780095900,1780096191000,9,73358.15,73453.66,95.51,0.0000,0.0000,0.0020,0.0034,0.0040,0.9683,0.006281,0.1614,0.0123,73450.42,0.0000,0.0044,0.0130,0.0000,,,,,,,,,,,,,,,,,,,,,,,,,,,,,,,,,,,,,,,,,-0.00,-0.00,-0.00,-0.00,-0.00,-0.00,,,,,,,,,,,,,,
btc-updown-5m-1780095900,1780096192000,8,73358.17,73453.66,95.49,0.0000,0.0000,0.0010,0.0030,0.0020,0.1243,0.000890,0.1614,0.0061,73450.42,0.0000,0.0044,0.0000,0.0000,,,,,,,,,,,,,,,,,,,,,,,,,,,,,,,,,,,,,,,,,-0.00,-0.00,-0.00,-0.00,-0.00,-0.00,,,,,,,,,,,,,,
btc-updown-5m-1780095900,1780096193000,7,73358.17,73456.48,98.31,0.0038,0.0039,0.0292,0.0322,0.5680,0.2187,0.001106,0.0364,0.8014,73451.99,0.0004,0.0061,3.7742,0.0001,,,,,,,,,,,,,,,,,,,,,,,,,,,,,,,,,,,,,,,,,-0.00,-0.00,-0.00,-0.00,-0.00,-0.00,,,,,,,,,,,,,,
btc-updown-5m-1780095900,1780096194000,6,73358.32,73456.48,98.16,0.0000,0.0039,0.0000,0.0322,0.5680,0.2183,0.001106,0.0364,0.0000,73451.99,0.0004,0.0061,0.0000,0.0000,,,,,,,,,,,,,,,,,,,,,,,,,,,,,,,,,,,,,,,,,-0.00,-0.00,-0.00,-0.00,-0.00,-0.00,,,,,,,,,,,,,,
btc-updown-5m-1780095900,1780096195000,5,73358.22,73456.48,98.26,0.0000,0.0039,0.0000,0.0322,0.5680,0.2180,0.001106,0.0357,0.0000,73452.03,0.0004,0.0061,0.0000,0.0000,,,,,,,,,,,,,,,,,,,,,,,,,,,,,,,,,,,,,,,,,-0.00,-0.00,-0.00,-0.00,-0.00,-0.00,,,,,,,,,,,,,,
btc-updown-5m-1780095900,1780096196000,4,73359.91,73456.48,96.57,0.0000,0.0038,0.0001,0.0303,0.5660,0.2180,0.001106,0.0357,0.0025,73452.03,0.0004,0.0061,0.0000,0.0000,,,,,,,,,,,,,,,,,,,,,,,,,,,,,,,,,,,,,,,,,-0.00,-0.00,-0.00,-0.00,-0.00,-0.00,,,,,,,,,,,,,,
btc-updown-5m-1780095900,1780096197000,3,73359.91,73456.49,96.58,0.0000,0.0039,0.0355,0.0648,0.5680,0.2180,0.001106,0.0221,1.6073,73453.61,0.0001,0.0039,0.0131,0.0000,,,,,,,,,,,,,,,,,,,,,,,,,,,,,,,,,,,,,,,,,-0.00,-0.00,-0.00,-0.00,-0.00,-0.00,,,,,,,,,,,,,,
btc-updown-5m-1780095900,1780096198000,2,73360.20,73456.49,96.29,0.0000,0.0000,0.0000,0.0356,0.0020,0.2180,0.001106,0.0218,0.0000,73453.66,0.0000,0.0038,0.0000,0.0000,,,,,,,,,,,,,,,,,,,,,,,,,,,,,,,,,,,,,,,,,-0.00,-0.00,-0.00,-0.00,-0.00,-0.00,,,,,,,,,,,,,,
btc-updown-5m-1780095900,1780096199000,1,73360.10,73456.48,96.38,-0.0000,0.0000,0.0022,0.0378,0.0040,0.2180,0.001106,0.0218,0.1012,73453.67,-0.0000,0.0038,-0.0131,-0.0000,,,,,,,,,,,,,,,,,,,,,,,,,,,,,,,,,,,,,,,,,-0.00,-0.00,-0.00,-0.00,-0.00,-0.00,,,,,,,,,,,,,,
btc-updown-5m-1780095900,1780096200000,0,73360.10,73456.48,96.38,0.0000,0.0000,0.0157,0.0536,0.0060,0.0970,0.000689,0.0208,0.7579,73454.02,-0.0000,0.0033,0.0000,0.0000,,,,,,,,,,,,,,,,,,,,,,,,,,,,,,,,,,,,,,,,,-0.00,-0.00,-0.00,-0.00,-0.00,-0.00,,,,,,,,,,,,,,
btc-updown-5m-1780095900,1780096201000,-1,73360.06,73456.48,96.42,0.0000,0.0000,0.0012,0.0546,0.0060,0.0970,0.000689,0.0192,0.0614,73454.06,-0.0000,0.0033,0.0000,0.0000,,,,,,,,,,,,,,,,,,,,,,,,,,,,,,,,,,,,,,,,,-0.00,-0.00,-0.00,-0.00,-0.00,-0.00,,,,,,,,,,,,,,
