market_slug,timestamp_ms,seconds_till_end,oracle_btc_price,binance_btc_price,lag,binance_ret1s_x100,binance_ret5s_x100,binance_volume_1s,binance_volume_5s,binance_atr_5s,binance_atr_30s,binance_rvol_30s,binance_volma_30s,binance_volume_spike,binance_vwap_30s,binance_p_vwap_5s,binance_p_vwap_30s,lat_dir_raw_x1000,lat_dir_norm_x1000,up_bid_1_price,up_bid_1_size,up_bid_2_price,up_bid_2_size,up_bid_3_price,up_bid_3_size,up_bid_4_price,up_bid_4_size,up_bid_5_price,up_bid_5_size,up_ask_1_price,up_ask_1_size,up_ask_2_price,up_ask_2_size,up_ask_3_price,up_ask_3_size,up_ask_4_price,up_ask_4_size,up_ask_5_price,up_ask_5_size,down_bid_1_price,down_bid_1_size,down_bid_2_price,down_bid_2_size,down_bid_3_price,down_bid_3_size,down_bid_4_price,down_bid_4_size,down_bid_5_price,down_bid_5_size,down_ask_1_price,down_ask_1_size,down_ask_2_price,down_ask_2_size,down_ask_3_price,down_ask_3_size,down_ask_4_price,down_ask_4_size,down_ask_5_price,down_ask_5_size,pm_up_bid_depth5,pm_up_ask_depth5,pm_up_total_depth5,pm_down_bid_depth5,pm_down_ask_depth5,pm_down_total_depth5,pm_up_spread,pm_down_spread,pm_up_imbalance,pm_down_imbalance,pm_up_microprice,pm_down_microprice,pm_up_bid_slope,pm_up_ask_slope,pm_down_bid_slope,pm_down_ask_slope,pm_up_bid_eatflow,pm_up_ask_eatflow,pm_down_bid_eatflow,pm_down_ask_eatflow
btc-updown-5m-1780095600,1780095602000,298,73386.16,73472.02,85.86,0.0000,-0.0156,0.0008,3.7885,2.4820,0.4183,0.002809,0.1296,0.0066,73472.72,-0.0001,-0.0010,0.0117,0.0000,,,,,,,,,,,,,,,,,,,,,,,,,,,,,,,,,,,,,,,,,-0.00,-0.00,-0.00,-0.00,-0.00,-0.00,,,,,,,,,,,,,,
btc-updown-5m-1780095600,1780095603000,297,73375.29,73457.58,82.29,-0.0197,-0.0353,3.2391,7.0182,5.3680,0.8997,0.004434,0.2339,13.8459,73465.95,-0.0106,-0.0114,-16.1731,-0.0002,0.3300,88.12,0.3200,53.00,0.3100,76.00,0.3000,88.00,0.2900,53.00,0.3400,9.76,0.3800,15.00,0.4000,17.00,0.4100,191.52,0.4200,169.00,0.6600,9.76,0.6200,15.00,0.6000,17.00,0.5900,191.52,0.5800,169.00,0.6700,88.12,0.6800,53.00,0.6900,76.00,0.7000,88.00,0.7100,53.00,358.12,402.28,760.40,402.28,358.12,760.40,0.0100,0.0100,-0.0581,0.0581,0.3390,0.6610,0.3941,0.0615,0.0615,0.3941,184.1530,-380.8471,-765.8794,370.3298
btc-updown-5m-1780095600,1780095604000,296,73371.59,73457.58,85.99,0.0000,-0.0353,0.0431,7.0559,5.3680,0.8993,0.004434,0.2353,0.1832,73465.90,-0.0105,-0.0113,0.0000,0.0000,0.2600,340.82,0.2500,192.59,0.2400,202.22,0.2300,165.00,0.2200,180.00,0.2700,75.51,0.2800,128.17,0.2900,21.00,0.3000,64.00,0.3100,46.00,0.7300,75.51,0.7200,128.17,0.7100,21.00,0.7000,64.00,0.6900,46.00,0.7400,340.82,0.7500,192.59,0.7600,202.22,0.7700,165.00,0.7800,180.00,1080.63,334.68,1415.31,334.68,1080.63,1415.31,0.0100,0.0100,0.5271,-0.5271,0.2682,0.7318,0.4936,0.6086,0.6086,0.4936,609.9692,-159.8379,-186.1421,710.3507
btc-updown-5m-1780095600,1780095605000,295,73371.58,73457.58,86.00,0.0000,-0.0197,0.0068,3.3740,2.8920,0.8993,0.004434,0.2332,0.0293,73465.71,-0.0105,-0.0111,0.0000,0.0000,0.2700,171.24,0.2600,374.48,0.2500,315.06,0.2400,140.00,0.2300,145.00,0.2800,287.61,0.2900,21.00,0.3000,49.00,0.3100,56.00,0.3200,81.00,0.7200,287.61,0.7100,21.00,0.7000,49.00,0.6900,56.00,0.6800,81.00,0.7300,171.24,0.7400,374.48,0.7500,315.06,0.7600,140.00,0.7700,145.00,1145.78,494.61,1640.39,494.61,1145.78,1640.39,0.0100,0.0100,0.3970,-0.3970,0.2737,0.7263,0.4763,0.6239,0.6239,0.4763,351.2983,-19.3344,-20.9063,379.8579
btc-updown-5m-1780095600,1780095606000,294,73366.29,73457.58,91.29,0.0000,-0.0196,0.0065,3.2964,2.8900,0.8993,0.004434,0.2334,0.0278,73465.70,-0.0005,-0.0111,0.0000,0.0000,0.2700,303.81,0.2600,390.87,0.2500,183.22,0.2400,145.00,0.2300,156.00,0.2800,36.87,0.2900,26.00,0.3000,44.00,0.3100,31.00,0.3200,86.00,0.7200,36.87,0.7100,26.00,0.7000,44.00,0.6900,31.00,0.6800,86.00,0.7300,303.81,0.7400,390.87,0.7500,183.22,0.7600,145.00,0.7700,156.00,1178.90,223.87,1402.77,223.87,1178.90,1402.77,0.0100,0.0100,0.6808,-0.6808,0.2789,0.7211,0.5893,0.2808,0.2808,0.5893,258.9446,-92.6531,-97.8750,273.5387
btc-updown-5m-1780095600,1780095607000,293,73360.35,73457.58,97.23,0.0000,-0.0197,0.0007,3.2963,2.8880,0.8993,0.004434,0.2334,0.0029,73465.70,-0.0000,-0.0111,0.0000,0.0000,0.2700,331.60,0.2600,449.48,0.2500,205.22,0.2400,178.39,0.2300,131.00,0.2800,14.26,0.2900,100.60,0.3000,44.00,0.3100,31.68,0.3200,56.00,0.7200,14.26,0.7100,55.60,0.7000,44.00,0.6900,31.68,0.6800,56.00,0.7300,331.60,0.7400,449.48,0.7500,205.22,0.7600,178.39,0.7700,116.00,1295.69,246.54,1542.23,201.54,1280.69,1482.23,0.0100,0.0100,0.6803,-0.7281,0.2796,0.7204,0.6028,0.4659,0.3466,0.6099,225.7345,-66.2916,-79.6744,231.8974
btc-updown-5m-1780095600,1780095608000,292,73360.35,73457.58,97.23,0.0000,0.0000,0.1241,0.1812,0.0000,0.8990,0.004434,0.2374,0.5228,73465.57,0.0000,-0.0109,0.0000,0.0000,0.2800,666.77,0.2700,190.29,0.2600,456.16,0.2500,204.20,0.2400,200.78,0.2900,62.29,0.3000,109.00,0.3100,66.00,0.3200,113.97,0.3300,76.00,0.7100,62.29,0.7000,109.00,0.6900,66.00,0.6800,113.97,0.6700,76.00,0.7200,666.77,0.7300,190.29,0.7400,456.16,0.7500,204.20,0.7600,200.78,1718.20,427.26,2145.46,427.26,1718.20,2145.46,0.0100,0.0100,0.6017,-0.6017,0.2891,0.7109,0.4988,0.4009,0.4009,0.4988,287.7404,-23.0619,-23.9351,298.6360
btc-updown-5m-1780095600,1780095609000,291,73360.35,73457.58,97.23,0.0000,0.0000,0.0068,0.1449,0.0000,0.8987,0.004434,0.2375,0.0285,73465.55,0.0000,-0.0109,0.0000,0.0000,0.2900,180.40,0.2800,357.02,0.2700,149.76,0.2600,450.48,0.2500,183.95,0.3000,24.25,0.3100,51.00,0.3200,164.52,0.3300,142.25,0.3400,111.24,0.7000,24.25,0.6900,51.00,0.6800,164.52,0.6700,142.25,0.6600,111.24,0.7100,180.40,0.7200,357.02,0.7300,149.76,0.7400,450.48,0.7500,183.95,1321.61,493.26,1814.87,493.26,1321.61,1814.87,0.0100,0.0100,0.4564,-0.4564,0.2988,0.7012,0.4066,0.1526,0.1526,0.4066,163.4993,-8.3871,-8.3844,163.4457
btc-updown-5m-1780095600,1780095610000,290,73360.75,73457.58,96.83,0.0000,0.0000,0.0167,0.1548,0.0000,0.8987,0.004434,0.2375,0.0704,73465.49,-0.0000,-0.0108,0.0000,0.0000,0.3000,116.85,0.2900,96.00,0.2800,483.71,0.2700,123.76,0.2600,443.69,0.3100,284.88,0.3200,140.97,0.3300,137.25,0.3400,111.00,0.3500,120.00,0.6900,284.88,0.6800,140.97,0.6700,137.25,0.6600,111.00,0.6500,120.00,0.7000,116.85,0.7100,96.00,0.7200,483.71,0.7300,123.76,0.7400,443.69,1264.01,794.10,2058.11,794.10,1264.01,2058.11,0.0100,0.0100,0.2283,-0.2283,0.3029,0.6971,0.1684,0.5363,0.5363,0.1684,29.7212,74.4603,74.4603,29.7212
btc-updown-5m-1780095600,1780095611000,289,73360.76,73457.58,96.82,0.0000,0.0000,0.0025,0.1508,0.0020,0.8987,0.004434,0.2376,0.0106,73465.49,0.0000,-0.0108,0.0000,0.0000,0.2900,199.45,0.2800,358.68,0.2700,222.63,0.2600,457.39,0.2500,182.20,0.3000,177.14,0.3100,72.97,0.3200,85.97,0.3300,107.25,0.3400,111.00,0.7000,177.14,0.6900,72.97,0.6800,85.97,0.6700,107.25,0.6600,111.00,0.7100,199.45,0.7200,358.68,0.7300,222.63,0.7400,457.39,0.7500,182.20,1420.35,554.33,1974.68,554.33,1420.35,1974.68,0.0100,0.0100,0.4386,-0.4386,0.2953,0.7047,0.3930,0.4512,0.4512,0.3930,39.0564,39.3381,39.3381,39.0564
btc-updown-5m-1780095600,1780095612000,288,73360.74,73457.58,96.84,0.0000,0.0000,0.0004,0.1506,0.0020,0.8983,0.004434,0.2376,0.0018,73465.49,0.0000,-0.0108,0.0000,0.0000,0.2900,174.54,0.2800,372.02,0.2700,222.63,0.2600,457.39,0.2500,182.20,0.3000,120.68,0.3100,77.97,0.3200,88.55,0.3300,107.25,0.3400,86.26,0.7000,120.68,0.6900,77.97,0.6800,88.55,0.6700,107.25,0.6600,86.26,0.7100,174.54,0.7200,372.02,0.7300,222.63,0.7400,457.39,0.7500,182.20,1408.78,480.71,1889.49,480.71,1408.78,1889.49,0.0100,0.0100,0.4912,-0.4912,0.2959,0.7041,0.3880,0.4132,0.4132,0.3880,45.2509,37.3925,37.3925,45.2509
btc-updown-5m-1780095600,1780095613000,287,73360.71,73457.58,96.87,0.0000,0.0000,0.0020,0.0284,0.0040,0.8987,0.004434,0.2376,0.0083,73465.48,0.0000,-0.0108,0.0000,0.0000,0.2900,76.63,0.2800,299.75,0.2700,98.66,0.2600,380.37,0.2500,131.20,0.3000,30.00,0.3100,395.71,0.3200,133.55,0.3300,202.25,0.3400,160.11,0.7000,30.00,0.6900,395.71,0.6800,133.55,0.6700,202.25,0.6600,160.11,0.7100,76.63,0.7200,299.75,0.7300,98.66,0.7400,380.37,0.7500,131.20,986.61,921.62,1908.23,921.62,986.61,1908.23,0.0100,0.0100,0.0341,-0.0341,0.2972,0.7028,0.3815,0.4619,0.4619,0.3815,-53.1431,116.0729,123.8102,-50.5640
btc-updown-5m-1780095600,1780095614000,286,73360.71,73457.58,96.87,0.0000,0.0000,0.0926,0.1143,0.0040,0.8983,0.004434,0.2406,0.3850,73465.39,0.0000,-0.0106,0.0000,0.0000,0.2700,21.66,0.2600,202.46,0.2500,99.97,0.2400,301.70,0.2300,55.00,0.2800,43.76,0.2900,494.84,0.3000,184.60,0.3100,217.16,0.3200,142.00,0.7200,43.76,0.7100,494.84,0.7000,184.60,0.6900,217.16,0.6800,142.00,0.7300,21.66,0.7400,202.46,0.7500,99.97,0.7600,301.70,0.7700,55.00,680.79,1082.36,1763.15,1082.36,680.79,1763.15,0.0100,0.0100,-0.2278,0.2278,0.2733,0.7267,0.3292,0.4976,0.4976,0.3292,-211.5493,124.6103,124.6103,-211.5493
btc-updown-5m-1780095600,1780095615000,285,73360.72,73457.58,96.86,0.0000,0.0000,0.0081,0.1056,0.0040,0.8983,0.004434,0.2408,0.0335,73465.37,-0.0000,-0.0106,0.0000,0.0000,0.2700,81.30,0.2600,248.33,0.2500,134.20,0.2400,416.92,0.2300,73.62,0.2800,423.34,0.2900,210.55,0.3000,256.03,0.3100,159.00,0.3200,162.00,0.7200,423.34,0.7100,210.55,0.7000,256.03,0.6900,159.00,0.6800,162.00,0.7300,81.30,0.7400,248.33,0.7500,134.20,0.7600,416.92,0.7700,73.62,954.37,1210.92,2165.29,1210.92,954.37,2165.29,0.0100,0.0100,-0.1185,0.1185,0.2716,0.7284,0.3454,0.5235,0.5235,0.3454,-61.8157,119.4594,119.4594,-61.8157
btc-updown-5m-1780095600,1780095616000,284,73360.14,73457.58,97.44,0.0000,0.0000,0.0000,0.1031,0.0020,0.8983,0.004434,0.2408,0.0000,73465.37,0.0000,-0.0106,0.0000,0.0000,0.2700,143.77,0.2600,278.33,0.2500,201.20,0.2400,515.71,0.2300,126.00,0.2800,193.09,0.2900,160.55,0.3000,200.03,0.3100,156.62,0.3200,101.00,0.7200,193.09,0.7100,160.55,0.7000,200.03,0.6900,156.62,0.6800,101.00,0.7300,143.77,0.7400,278.33,0.7500,201.20,0.7600,515.71,0.7700,126.00,1265.01,811.29,2076.30,811.29,1265.01,2076.30,0.0100,0.0100,0.2185,-0.2185,0.2743,0.7257,0.3337,0.4359,0.4359,0.3337,0.1682,2.8905,2.8905,0.1682
btc-updown-5m-1780095600,1780095617000,283,73360.14,73457.57,97.43,-0.0000,-0.0000,0.0001,0.1028,0.0040,0.8983,0.004434,0.2408,0.0006,73465.37,-0.0000,-0.0106,-0.0133,-0.0000,0.2700,149.70,0.2600,342.08,0.2500,206.20,0.2400,394.02,0.2300,126.00,0.2800,130.88,0.2900,160.55,0.3000,180.03,0.3100,156.62,0.3200,101.00,0.7200,130.88,0.7100,160.55,0.7000,180.03,0.6900,156.62,0.6800,101.00,0.7300,149.70,0.7400,342.08,0.7500,206.20,0.7600,394.02,0.7700,126.00,1218.00,729.08,1947.08,729.08,1218.00,1947.08,0.0100,0.0100,0.2511,-0.2511,0.2753,0.7247,0.4038,0.3997,0.3997,0.4038,-34.2908,29.6136,29.6136,-34.2908
btc-updown-5m-1780095600,1780095618000,282,73360.11,73457.57,97.46,0.0000,-0.0000,0.0007,0.1015,0.0020,0.8983,0.004434,0.2404,0.0028,73465.34,-0.0000,-0.0106,0.0000,0.0000,0.2700,23.81,0.2600,342.08,0.2500,206.20,0.2400,389.02,0.2300,126.00,0.2800,124.88,0.2900,160.55,0.3000,180.03,0.3100,156.62,0.3200,101.00,0.7200,124.88,0.7100,160.55,0.7000,180.03,0.6900,156.62,0.6800,101.00,0.7300,23.81,0.7400,342.08,0.7500,206.20,0.7600,389.02,0.7700,126.00,1087.11,723.08,1810.19,723.08,1087.11,1810.19,0.0100,0.0100,0.2011,-0.2011,0.2716,0.7284,0.3366,0.3947,0.3947,0.3366,-61.9941,44.7507,44.7507,-61.9941
btc-updown-5m-1780095600,1780095619000,281,73360.11,73457.58,97.47,0.0000,0.0000,0.0136,0.0224,0.0040,0.8983,0.004434,0.2409,0.0563,73465.33,0.0000,-0.0105,0.0133,0.0000,0.2600,376.58,0.2500,213.20,0.2400,407.02,0.2300,126.00,0.2200,189.85,0.2700,191.15,0.2800,124.88,0.2900,150.55,0.3000,193.03,0.3100,129.62,0.7300,191.15,0.7200,124.88,0.7100,150.55,0.7000,193.03,0.6900,129.62,0.7400,376.58,0.7500,213.20,0.7600,407.02,0.7700,126.00,0.7800,189.85,1312.65,789.23,2101.88,789.23,1312.65,2101.88,0.0100,0.0100,0.2490,-0.2490,0.2666,0.7334,0.4493,0.4004,0.4004,0.4493,70.8994,-45.7003,-45.7003,70.8994
btc-updown-5m-1780095600,1780095620000,280,73360.20,73457.58,97.38,0.0000,0.0000,0.0000,0.0144,0.0040,0.8983,0.004434,0.2383,0.0000,73465.13,0.0000,-0.0103,0.0000,0.0000,0.2600,431.95,0.2500,213.20,0.2400,407.02,0.2300,126.00,0.2200,189.85,0.2700,141.69,0.2800,121.88,0.2900,150.55,0.3000,193.03,0.3100,123.00,0.7300,141.69,0.7200,121.88,0.7100,150.55,0.7000,193.03,0.6900,123.00,0.7400,431.95,0.7500,213.20,0.7600,407.02,0.7700,126.00,0.7800,189.85,1368.02,730.15,2098.17,730.15,1368.02,2098.17,0.0100,0.0100,0.3040,-0.3040,0.2675,0.7325,0.4716,0.3610,0.3610,0.4716,96.9226,-135.6035,-135.6035,96.9226
btc-updown-5m-1780095600,1780095621000,279,73360.37,73457.57,97.20,-0.0000,-0.0000,0.0008,0.0151,0.0060,0.8983,0.004434,0.2383,0.0032,73465.13,-0.0000,-0.0103,-0.0132,-0.0000,0.2600,319.38,0.2500,208.20,0.2400,399.02,0.2300,235.92,0.2200,189.85,0.2700,5.38,0.2800,121.88,0.2900,155.55,0.3000,193.03,0.3100,128.36,0.7300,5.38,0.7200,121.88,0.7100,155.55,0.7000,193.03,0.6900,128.36,0.7400,319.38,0.7500,208.20,0.7600,399.02,0.7700,235.92,0.7800,189.85,1352.37,604.20,1956.57,604.20,1352.37,1956.57,0.0100,0.0100,0.3824,-0.3824,0.2698,0.7302,0.3901,0.2106,0.2106,0.3901,11.6380,-35.6132,-35.6132,11.6380
btc-updown-5m-1780095600,1780095622000,278,73360.29,73457.57,97.28,0.0000,0.0000,0.0000,0.0150,0.0040,0.8983,0.004434,0.2382,0.0000,73465.12,-0.0000,-0.0103,0.0000,0.0000,0.2800,3.53,0.2700,67.01,0.2600,179.65,0.2500,106.20,0.2400,358.09,0.2900,146.42,0.3000,245.03,0.3100,153.36,0.3200,156.00,0.3300,151.33,0.7100,146.42,0.7000,245.03,0.6900,153.36,0.6800,156.00,0.6700,151.33,0.7200,3.53,0.7300,67.01,0.7400,179.65,0.7500,106.20,0.7600,358.09,714.48,852.14,1566.62,852.14,714.48,1566.62,0.0100,0.0100,-0.0879,0.0879,0.2802,0.7198,0.0987,0.4594,0.4594,0.0987,-92.2470,6.8448,6.8448,-92.2470
btc-updown-5m-1780095600,1780095623000,277,73360.31,73457.58,97.27,0.0000,0.0000,0.0014,0.0157,0.0060,0.8983,0.004434,0.2381,0.0058,73465.11,0.0000,-0.0102,0.0132,0.0000,0.2700,250.40,0.2600,266.01,0.2500,161.20,0.2400,414.09,0.2300,126.00,0.2900,45.00,0.3000,71.00,0.3100,128.36,0.3200,137.25,0.3300,91.33,0.7100,45.00,0.7000,71.00,0.6900,128.36,0.6800,137.25,0.6700,91.33,0.7300,250.40,0.7400,266.01,0.7500,161.20,0.7600,414.09,0.7700,126.00,1217.70,472.94,1690.64,472.94,1217.70,1690.64,0.0200,0.0200,0.4405,-0.4405,0.2870,0.7130,0.4241,0.2453,0.2453,0.4241,-1.9002,-45.7044,-45.7044,-1.9002
btc-updown-5m-1780095600,1780095624000,276,73360.31,73457.58,97.27,0.0000,0.0000,0.0000,0.0022,0.0040,0.8980,0.004434,0.2381,0.0000,73465.11,0.0000,-0.0102,0.0000,0.0000,0.2700,250.40,0.2600,266.01,0.2500,161.20,0.2400,414.09,0.2300,126.00,0.2900,45.00,0.3000,71.00,0.3100,128.36,0.3200,137.25,0.3300,91.33,0.7100,45.00,0.7000,71.00,0.6900,128.36,0.6800,137.25,0.6700,91.33,0.7300,250.40,0.7400,266.01,0.7500,161.20,0.7600,414.09,0.7700,126.00,1217.70,472.94,1690.64,472.94,1217.70,1690.64,0.0200,0.0200,0.4405,-0.4405,0.2870,0.7130,0.4241,0.2453,0.2453,0.4241,-41.9792,-70.3998,-70.3998,-41.9792
btc-updown-5m-1780095600,1780095625000,275,73360.31,73457.57,97.26,-0.0000,-0.0000,0.0049,0.0070,0.0060,0.8980,0.004434,0.2382,0.0204,73465.10,-0.0000,-0.0102,-0.0132,-0.0000,0.3000,108.06,0.2900,91.00,0.2800,123.85,0.2700,125.50,0.2600,249.65,0.3100,205.40,0.3200,147.16,0.3300,66.32,0.3400,148.85,0.3500,175.05,0.6900,205.40,0.6800,147.16,0.6700,66.32,0.6600,148.85,0.6500,175.05,0.7000,108.06,0.7100,91.00,0.7200,123.85,0.7300,125.50,0.7400,249.65,698.06,742.78,1440.84,742.78,698.06,1440.84,0.0100,0.0100,-0.0310,0.0310,0.3034,0.6966,0.2852,0.4746,0.4746,0.2852,-100.7525,-7.6148,-7.6148,-100.7525
btc-updown-5m-1780095600,1780095626000,274,73360.43,73457.57,97.14,0.0000,0.0000,0.0000,0.0062,0.0040,0.8977,0.004434,0.2380,0.0000,73465.09,-0.0000,-0.0102,0.0000,0.0000,0.3000,152.04,0.2900,86.00,0.2800,132.51,0.2700,115.16,0.2600,283.95,0.3100,92.69,0.3200,147.16,0.3300,71.32,0.3400,148.85,0.3500,175.05,0.6900,92.69,0.6800,147.16,0.6700,71.32,0.6600,148.85,0.6500,175.05,0.7000,152.04,0.7100,86.00,0.7200,132.51,0.7300,115.16,0.7400,283.95,769.66,635.07,1404.73,635.07,769.66,1404.73,0.0100,0.0100,0.0958,-0.0958,0.3062,0.6938,0.3093,0.3777,0.3777,0.3093,-88.3676,-8.5871,-8.5842,-88.3373
btc-updown-5m-1780095600,1780095627000,273,73360.43,73457.57,97.14,0.0000,0.0000,0.0075,0.0138,0.0040,0.8973,0.004434,0.2381,0.0315,73465.06,-0.0000,-0.0102,0.0000,0.0000,0.3000,97.32,0.2900,111.00,0.2800,137.51,0.2700,115.16,0.2600,274.95,0.3100,113.23,0.3200,147.16,0.3300,66.32,0.3400,229.45,0.3500,175.05,0.6900,113.23,0.6800,147.16,0.6700,66.32,0.6600,229.45,0.6500,175.05,0.7000,97.32,0.7100,111.00,0.7200,137.51,0.7300,115.16,0.7400,274.95,735.94,731.21,1467.15,731.21,735.94,1467.15,0.0100,0.0100,0.0032,-0.0032,0.3046,0.6954,0.2831,0.3561,0.3561,0.2831,-105.4808,19.2293,19.2293,-105.4808
btc-updown-5m-1780095600,1780095628000,272,73360.52,73457.58,97.06,0.0000,0.0000,0.0292,0.0416,0.0040,0.8973,0.004434,0.2386,0.1224,73465.00,0.0000,-0.0101,0.0132,0.0000,0.3000,165.58,0.2900,111.00,0.2800,111.00,0.2700,109.35,0.2600,274.95,0.3100,35.09,0.3200,200.38,0.3300,76.32,0.3400,266.21,0.3500,175.05,0.6900,35.09,0.6800,200.38,0.6700,76.32,0.6600,266.21,0.6500,175.05,0.7000,165.58,0.7100,111.00,0.7200,111.00,0.7300,109.35,0.7400,274.95,771.88,753.05,1524.93,753.05,771.88,1524.93,0.0100,0.0100,0.0123,-0.0123,0.3083,0.6917,0.3583,0.3127,0.3127,0.3583,8.2841,-21.1133,-21.1133,8.2841
btc-updown-5m-1780095600,1780095629000,271,73360.52,73457.58,97.06,0.0000,0.0000,0.0000,0.0416,0.0040,0.8973,0.004434,0.2383,0.0000,73464.98,0.0000,-0.0101,0.0000,0.0000,0.3100,6.56,0.3000,114.52,0.2900,134.36,0.2800,94.00,0.2700,121.13,0.3200,169.80,0.3300,96.00,0.3400,128.85,0.3500,200.00,0.3600,311.00,0.6800,169.80,0.6700,96.00,0.6600,128.85,0.6500,200.00,0.6400,311.00,0.6900,6.56,0.7000,114.52,0.7100,134.36,0.7200,94.00,0.7300,121.13,470.57,905.65,1376.22,905.65,470.57,1376.22,0.0100,0.0100,-0.3161,0.3161,0.3104,0.6896,0.2573,0.2935,0.2935,0.2573,-141.5468,111.9783,111.9783,-141.5468
btc-updown-5m-1780095600,1780095630000,270,73360.52,73457.58,97.06,0.0000,0.0000,0.0003,0.0370,0.0020,0.4847,0.003528,0.2381,0.0011,73464.96,0.0000,-0.0100,0.0000,0.0000,0.3000,50.78,0.2900,99.35,0.2800,44.00,0.2700,97.17,0.2600,244.95,0.3100,176.29,0.3200,89.18,0.3300,125.56,0.3400,75.96,0.3500,200.00,0.6900,176.29,0.6800,89.18,0.6700,125.56,0.6600,75.96,0.6500,200.00,0.7000,50.78,0.7100,99.35,0.7200,44.00,0.7300,97.17,0.7400,244.95,536.25,666.99,1203.24,666.99,536.25,1203.24,0.0100,0.0100,-0.1087,0.1087,0.3022,0.6978,0.2800,0.3980,0.3980,0.2800,-118.6535,57.7481,57.7481,-118.6535
btc-updown-5m-1780095600,1780095631000,269,73360.52,73457.58,97.06,0.0000,0.0000,0.0029,0.0399,0.0020,0.4843,0.003528,0.1192,0.0242,73457.91,0.0000,-0.0005,0.0000,0.0000,0.3000,37.56,0.2900,84.35,0.2800,79.00,0.2700,102.17,0.2600,244.95,0.3100,307.32,0.3200,217.55,0.3300,91.00,0.3400,110.96,0.3500,195.00,0.6900,307.32,0.6800,217.55,0.6700,91.00,0.6600,110.96,0.6500,195.00,0.7000,37.56,0.7100,84.35,0.7200,79.00,0.7300,102.17,0.7400,244.95,548.03,921.83,1469.86,921.83,548.03,1469.86,0.0100,0.0100,-0.2543,0.2543,0.3011,0.6989,0.2225,0.5694,0.5694,0.2225,-28.4765,39.6040,39.6040,-28.4765
btc-updown-5m-1780095600,1780095632000,268,73360.52,73457.58,97.06,0.0000,0.0000,0.0000,0.0323,0.0020,0.4840,0.003528,0.1165,0.0000,73457.58,0.0000,-0.0000,0.0000,0.0000,0.3000,34.41,0.2900,46.35,0.2800,49.00,0.2700,90.39,0.2600,244.95,0.3100,258.32,0.3200,109.99,0.3300,91.00,0.3400,103.85,0.3500,195.00,0.6900,258.32,0.6800,109.99,0.6700,91.00,0.6600,103.85,0.6500,195.00,0.7000,34.41,0.7100,46.35,0.7200,49.00,0.7300,90.39,0.7400,244.95,465.10,758.16,1223.26,758.16,465.10,1223.26,0.0100,0.0100,-0.2396,0.2396,0.3012,0.6988,0.1736,0.4858,0.4858,0.1736,-53.4691,19.3416,19.3382,-53.4597
btc-updown-5m-1780095600,1780095633000,267,73360.52,73457.57,97.05,-0.0000,-0.0000,0.3951,0.3982,0.0020,0.0030,0.000007,0.1292,3.0576,73457.58,-0.0000,-0.0000,-0.0132,-0.0000,0.3000,8.57,0.2900,43.22,0.2800,39.00,0.2700,34.35,0.2600,239.95,0.3100,263.96,0.3200,218.05,0.3300,86.00,0.3400,117.97,0.3500,140.00,0.6900,263.96,0.6800,218.05,0.6700,86.00,0.6600,117.97,0.6500,140.00,0.7000,8.57,0.7100,43.22,0.7200,39.00,0.7300,34.35,0.7400,239.95,365.09,825.98,1191.07,825.98,365.09,1191.07,0.0100,0.0100,-0.3870,0.3870,0.3003,0.6997,0.1419,0.5836,0.5836,0.1419,-62.3906,26.1777,26.1777,-62.3906
btc-updown-5m-1780095600,1780095634000,266,73360.52,73457.57,97.05,0.0000,-0.0000,0.0000,0.3982,0.0020,0.0030,0.000007,0.0247,0.0000,73457.57,-0.0000,-0.0000,0.0000,0.0000,0.2900,30.87,0.2800,46.00,0.2700,38.32,0.2600,255.06,0.2500,190.20,0.3000,319.54,0.3100,154.29,0.3200,88.02,0.3300,127.83,0.3400,128.41,0.7000,319.54,0.6900,154.29,0.6800,88.02,0.6700,127.83,0.6600,128.41,0.7100,30.87,0.7200,46.00,0.7300,38.32,0.7400,255.06,0.7500,190.20,560.45,818.09,1378.54,818.09,560.45,1378.54,0.0100,0.0100,-0.1869,0.1869,0.2909,0.7091,0.1372,0.5792,0.5792,0.1372,-37.3815,11.4993,11.5034,-37.3948
btc-updown-5m-1780095600,1780095635000,265,73360.53,73457.58,97.05,0.0000,0.0000,0.0041,0.4021,0.0040,0.0033,0.000007,0.0235,0.1742,73457.57,0.0000,0.0000,0.0132,0.0000,0.2800,71.00,0.2700,69.01,0.2600,237.76,0.2500,180.20,0.2400,327.74,0.2900,224.17,0.3000,226.57,0.3100,131.86,0.3200,83.02,0.3300,147.39,0.7100,224.17,0.7000,226.57,0.6900,131.86,0.6800,83.02,0.6700,147.39,0.7200,71.00,0.7300,69.01,0.7400,237.76,0.7500,180.20,0.7600,327.74,885.71,813.01,1698.72,813.01,885.71,1698.72,0.0100,0.0100,0.0428,-0.0428,0.2824,0.7176,0.1581,0.5544,0.5544,0.1581,72.6531,-16.2128,-16.2128,72.6531
btc-updown-5m-1780095600,1780095636000,264,73360.47,73457.58,97.11,0.0000,0.0000,0.0043,0.4034,0.0040,0.0033,0.000007,0.0234,0.1817,73457.57,0.0000,0.0000,0.0000,0.0000,0.2700,59.11,0.2600,247.76,0.2500,185.20,0.2400,326.74,0.2300,61.00,0.2900,306.28,0.3000,101.01,0.3100,133.86,0.3200,107.57,0.3300,122.83,0.7100,306.28,0.7000,101.01,0.6900,133.86,0.6800,107.57,0.6700,122.83,0.7300,59.11,0.7400,247.76,0.7500,185.20,0.7600,326.74,0.7700,61.00,879.81,771.55,1651.36,771.55,879.81,1651.36,0.0200,0.0200,0.0656,-0.0656,0.2732,0.7268,0.3488,0.5279,0.5279,0.3488,58.2339,-1.5866,-1.5866,58.2339
btc-updown-5m-1780095600,1780095637000,263,73360.45,73457.58,97.13,0.0000,0.0000,0.0036,0.4070,0.0060,0.0037,0.000007,0.0233,0.1541,73457.57,0.0000,0.0000,0.0000,0.0000,0.2700,159.62,0.2600,266.11,0.2500,189.20,0.2400,324.74,0.2300,68.00,0.2800,39.64,0.2900,211.47,0.3000,210.41,0.3100,104.66,0.3200,97.56,0.7200,39.64,0.7100,211.47,0.7000,210.41,0.6900,104.66,0.6800,97.56,0.7300,159.62,0.7400,266.11,0.7500,189.20,0.7600,324.74,0.7700,68.00,1007.67,663.74,1671.41,663.74,1007.67,1671.41,0.0100,0.0100,0.2058,-0.2058,0.2780,0.7220,0.4225,0.3783,0.3783,0.4225,77.6681,-43.6110,-43.6110,77.6681
btc-updown-5m-1780095600,1780095638000,262,73360.45,73457.58,97.13,0.0000,0.0000,0.0015,0.0135,0.0040,0.0037,0.000007,0.0233,0.0665,73457.57,0.0000,0.0000,0.0000,0.0000,0.2800,40.00,0.2700,56.54,0.2600,251.22,0.2500,167.62,0.2400,317.70,0.2900,313.39,0.3000,127.63,0.3100,104.66,0.3200,79.97,0.3300,108.00,0.7100,313.39,0.7000,127.63,0.6900,104.66,0.6800,79.97,0.6700,108.00,0.7200,40.00,0.7300,56.54,0.7400,251.22,0.7500,167.62,0.7600,317.70,833.08,733.65,1566.73,733.65,833.08,1566.73,0.0100,0.0100,0.0635,-0.0635,0.2811,0.7189,0.1159,0.6011,0.6011,0.1159,75.7902,27.5099,27.5047,75.7759
btc-updown-5m-1780095600,1780095639000,261,73360.45,73457.57,97.12,-0.0000,0.0000,0.1015,0.1149,0.0060,0.0040,0.000007,0.0226,4.4908,73457.57,-0.0000,-0.0000,-0.0132,-0.0000,0.2800,32.12,0.2700,41.54,0.2600,276.22,0.2500,189.20,0.2400,322.70,0.2900,188.17,0.3000,91.00,0.3100,104.51,0.3200,89.97,0.3300,101.00,0.7100,188.17,0.7000,91.00,0.6900,104.51,0.6800,89.97,0.6700,101.00,0.7200,32.12,0.7300,41.54,0.7400,276.22,0.7500,189.20,0.7600,322.70,861.78,574.65,1436.43,574.65,861.78,1436.43,0.0100,0.0100,0.1999,-0.1999,0.2815,0.7185,0.0855,0.4858,0.4858,0.0855,60.2991,-11.5697,-11.5659,60.2792
btc-updown-5m-1780095600,1780095640000,260,73360.26,73457.58,97.32,0.0000,0.0000,0.0003,0.1112,0.0060,0.0043,0.000008,0.0224,0.0152,73457.57,0.0000,0.0000,0.0132,0.0000,0.2800,261.58,0.2700,46.54,0.2600,291.25,0.2500,171.20,0.2400,330.70,0.2900,99.87,0.3000,121.01,0.3100,213.40,0.3200,83.00,0.3300,101.00,0.7100,99.87,0.7000,121.01,0.6900,213.40,0.6800,83.00,0.6700,101.00,0.7200,261.58,0.7300,46.54,0.7400,291.25,0.7500,171.20,0.7600,330.70,1101.27,618.28,1719.55,618.28,1101.27,1719.55,0.0100,0.0100,0.2809,-0.2809,0.2872,0.7128,0.2798,0.3572,0.3572,0.2798,41.0434,-37.0773,-37.0773,41.0434
btc-updown-5m-1780095600,1780095641000,259,73359.90,73457.58,97.68,0.0000,0.0000,0.0204,0.1274,0.0080,0.0043,0.000008,0.0225,0.9078,73457.57,0.0000,0.0000,0.0000,0.0000,0.2700,40.54,0.2600,269.87,0.2500,160.53,0.2400,289.70,0.2300,38.30,0.2800,246.60,0.2900,135.66,0.3000,157.02,0.3100,134.51,0.3200,88.67,0.7200,246.60,0.7100,135.66,0.7000,157.02,0.6900,134.51,0.6800,88.67,0.7300,40.54,0.7400,269.87,0.7500,160.53,0.7600,289.70,0.7700,38.30,798.94,762.46,1561.40,762.46,798.94,1561.40,0.0100,0.0100,0.0234,-0.0234,0.2714,0.7286,0.3885,0.5014,0.5014,0.3885,-18.7074,2.6681,2.6681,-18.7074
btc-updown-5m-1780095600,1780095642000,258,73359.90,73456.86,96.96,-0.0010,-0.0010,0.3663,0.4901,0.1500,0.0283,0.000176,0.0342,10.6983,73457.33,-0.0003,-0.0006,-0.9504,-0.0000,0.2600,201.41,0.2500,160.53,0.2400,289.70,0.2300,38.30,0.2200,813.00,0.2800,275.11,0.2900,106.01,0.3000,152.01,0.3100,134.51,0.3200,83.67,0.7200,275.11,0.7100,106.01,0.7000,152.01,0.6900,134.51,0.6800,83.67,0.7400,201.41,0.7500,160.53,0.7600,289.70,0.7700,38.30,0.7800,813.00,1502.94,751.31,2254.25,751.31,1502.94,2254.25,0.0200,0.0200,0.3334,-0.3334,0.2685,0.7315,0.2408,0.5073,0.5073,0.2408,106.8467,-3.4705,-3.4705,106.8467
btc-updown-5m-1780095600,1780095643000,257,73359.90,73452.79,92.89,-0.0055,-0.0065,0.4496,0.9382,0.9640,0.1637,0.001004,0.0487,9.2270,73455.98,-0.0030,-0.0043,-5.1469,-0.0001,0.2400,55.22,0.2300,25.00,0.2200,715.00,0.2100,164.37,0.2000,216.74,0.2500,431.08,0.2600,344.77,0.2700,143.00,0.2800,168.00,0.2900,101.02,0.7500,431.08,0.7400,344.77,0.7300,143.00,0.7200,168.00,0.7100,101.02,0.7600,55.22,0.7700,25.00,0.7800,715.00,0.7900,164.37,0.8000,216.74,1176.33,1187.87,2364.20,1187.87,1176.33,2364.20,0.0100,0.0100,-0.0049,0.0049,0.2411,0.7589,0.0682,0.6531,0.6531,0.0682,27.5318,85.5583,85.5862,27.5408
btc-updown-5m-1780095600,1780095644000,256,73359.89,73448.42,88.53,-0.0059,-0.0125,0.0921,0.9288,1.8360,0.3093,0.001436,0.0516,1.7828,73455.54,-0.0082,-0.0097,-5.2671,-0.0001,0.2200,550.08,0.2100,36.80,0.2000,136.74,0.1900,221.11,0.1800,88.80,0.2300,36.60,0.2400,412.02,0.2500,870.30,0.2600,282.77,0.2700,168.00,0.7700,36.60,0.7600,412.02,0.7500,870.30,0.7400,282.77,0.7300,168.00,0.7800,550.08,0.7900,36.80,0.8000,136.74,0.8100,221.11,0.8200,88.80,1033.53,1769.69,2803.22,1769.69,1033.53,2803.22,0.0100,0.0100,-0.2626,0.2626,0.2294,0.7706,0.5678,0.2535,0.2535,0.5678,33.6608,173.9782,174.0074,33.6664
btc-updown-5m-1780095600,1780095645000,255,73356.64,73444.00,87.36,-0.0060,-0.0185,0.7156,1.6440,2.7180,0.4567,0.001750,0.0717,9.9758,73451.74,-0.0077,-0.0105,-5.2573,-0.0001,0.2200,535.36,0.2100,41.80,0.2000,119.60,0.1900,221.11,0.1800,88.80,0.2300,437.18,0.2400,288.57,0.2500,211.80,0.2600,272.78,0.2700,153.60,0.7700,432.18,0.7600,288.57,0.7500,211.80,0.7400,272.78,0.7300,153.60,0.7800,535.36,0.7900,41.80,0.8000,119.60,0.8100,221.11,0.8200,88.80,1006.67,1363.93,2370.60,1358.93,1006.67,2365.60,0.0100,0.0100,-0.1507,0.1489,0.2255,0.7745,0.5733,0.5321,0.5304,0.5733,24.4046,132.9426,132.1226,24.4087
btc-updown-5m-1780095600,1780095646000,254,73350.73,73444.01,93.28,0.0000,-0.0185,0.0014,1.6250,2.7180,0.4570,0.001750,0.0715,0.0192,73451.72,-0.0077,-0.0105,0.0127,0.0000,0.2200,522.93,0.2100,29.00,0.2000,111.50,0.1900,221.11,0.1800,22.29,0.2300,484.71,0.2400,193.72,0.2500,116.80,0.2600,97.81,0.2700,92.60,0.7700,484.71,0.7600,193.72,0.7500,116.80,0.7400,97.81,0.7300,92.60,0.7800,522.93,0.7900,29.00,0.8000,111.50,0.8100,221.11,0.8200,22.29,906.83,985.64,1892.47,985.64,906.83,1892.47,0.0100,0.0100,-0.0416,0.0416,0.2252,0.7748,0.6086,0.6883,0.6883,0.6086,-31.7712,60.0261,60.0261,-31.7712
btc-updown-5m-1780095600,1780095647000,253,73346.79,73437.42,90.63,-0.0090,-0.0265,0.5345,1.7931,3.8940,0.6767,0.002300,0.0888,6.0216,73448.94,-0.0125,-0.0157,-8.1324,-0.0001,0.2200,493.61,0.2100,54.00,0.2000,123.60,0.1900,221.11,0.1800,8.80,0.2300,573.31,0.2400,191.73,0.2500,121.80,0.2600,107.81,0.2700,97.60,0.7700,573.31,0.7600,191.73,0.7500,121.80,0.7400,107.81,0.7300,97.60,0.7800,493.61,0.7900,54.00,0.8000,123.60,0.8100,221.11,0.8200,8.80,901.12,1092.25,1993.37,1092.25,901.12,1993.37,0.0100,0.0100,-0.0959,0.0959,0.2246,0.7754,0.6077,0.7004,0.7004,0.6077,17.0073,54.8918,54.9009,17.0102
btc-updown-5m-1780095600,1780095648000,252,73343.22,73437.41,94.19,-0.0000,-0.0209,0.0009,1.3443,3.0820,0.6770,0.002300,0.0888,0.0097,73448.93,-0.0096,-0.0157,-0.0128,-0.0000,0.2200,41.85,0.2100,24.00,0.2000,111.50,0.1900,212.71,0.1700,36.19,0.2300,503.72,0.2400,179.84,0.2500,58.70,0.2600,697.80,0.2700,98.33,0.7700,503.72,0.7600,179.84,0.7500,58.70,0.7400,697.80,0.7300,98.33,0.7800,41.85,0.7900,24.00,0.8000,111.50,0.8100,212.71,0.8300,36.19,426.25,1538.39,1964.64,1538.39,426.25,1964.64,0.0100,0.0100,-0.5661,0.5661,0.2208,0.7792,0.1545,0.4443,0.4443,0.1545,-174.6705,148.7891,148.7891,-174.6705
btc-updown-5m-1780095600,1780095649000,251,73340.56,73437.42,96.86,0.0000,-0.0150,0.0023,1.2546,2.2100,0.6770,0.002300,0.0888,0.0260,73448.92,-0.0058,-0.0157,0.0132,0.0000,0.2000,89.26,0.1900,262.71,0.1800,45.56,0.1700,81.30,0.1600,89.69,0.2100,560.58,0.2200,138.83,0.2300,141.26,0.2400,123.84,0.2500,124.24,0.7900,560.58,0.7800,138.83,0.7700,141.26,0.7600,123.84,0.7500,124.24,0.8000,89.26,0.8100,262.71,0.8200,45.56,0.8300,81.30,0.8400,89.69,568.52,1088.75,1657.27,1088.75,568.52,1657.27,0.0100,0.0100,-0.3139,0.3139,0.2014,0.7986,0.6191,0.6424,0.6424,0.6191,-98.3677,-25.8014,-25.8014,-98.3677
btc-updown-5m-1780095600,1780095650000,250,73340.56,73437.42,96.86,0.0000,-0.0090,0.0012,0.5402,1.3260,0.6770,0.002300,0.0884,0.0140,73448.87,-0.0051,-0.0156,0.0000,0.0000,0.2000,40.29,0.1900,262.71,0.1800,45.56,0.1700,72.11,0.1600,89.69,0.2100,825.56,0.2200,146.06,0.2300,146.27,0.2400,113.83,0.2500,129.24,0.7900,825.56,0.7800,146.06,0.7700,146.27,0.7600,113.83,0.7500,129.24,0.8000,40.29,0.8100,262.71,0.8200,45.56,0.8300,72.11,0.8400,89.69,510.36,1360.96,1871.32,1360.96,510.36,1871.32,0.0100,0.0100,-0.4545,0.4545,0.2005,0.7995,0.5937,0.7139,0.7139,0.5937,-95.6321,9.5045,9.5045,-95.6321
btc-updown-5m-1780095600,1780095651000,249,73340.42,73437.41,96.99,-0.0000,-0.0090,0.2433,0.7821,1.3260,0.6770,0.002300,0.0963,2.5265,73447.94,-0.0000,-0.0143,-0.0132,-0.0000,0.1900,348.38,0.1800,65.56,0.1700,77.11,0.1600,89.69,0.1500,452.52,0.2000,269.57,0.2100,210.28,0.2200,134.85,0.2300,246.27,0.2400,103.82,0.8000,269.57,0.7900,210.28,0.7800,134.85,0.7700,246.27,0.7600,103.82,0.8100,348.38,0.8200,65.56,0.8300,77.11,0.8400,89.69,0.8500,452.52,1033.26,964.79,1998.05,964.79,1033.26,1998.05,0.0100,0.0100,0.0343,-0.0343,0.1956,0.8044,0.4006,0.4974,0.4974,0.4006,4.5539,-68.3576,-67.4782,4.5523
btc-updown-5m-1780095600,1780095652000,248,73340.44,73431.90,91.46,-0.0075,-0.0075,0.2221,0.4698,1.1100,0.8610,0.002578,0.1034,2.1480,73446.83,-0.0059,-0.0203,-6.8622,-0.0001,0.1900,197.15,0.1700,37.89,0.1600,59.61,0.1500,402.52,0.1400,78.34,0.2000,723.04,0.2100,254.55,0.2200,147.84,0.2300,226.27,0.2400,578.82,0.8000,723.04,0.7900,254.55,0.7800,147.84,0.7700,226.27,0.7600,578.82,0.8100,197.15,0.8300,37.89,0.8400,59.61,0.8500,402.52,0.8600,78.34,775.51,1930.52,2706.03,1930.52,775.51,2706.03,0.0100,0.0100,-0.4268,0.4268,0.1921,0.8079,0.3031,0.5064,0.5064,0.3031,-27.4794,175.6846,175.6846,-27.4794
btc-updown-5m-1780095600,1780095653000,247,73340.01,73431.91,91.90,0.0000,-0.0075,0.2436,0.7125,1.1100,0.8610,0.002578,0.1113,2.1888,73445.77,-0.0026,-0.0189,0.0125,0.0000,0.1500,236.01,0.1400,73.23,0.1300,62.20,0.1200,295.30,0.1100,442.27,0.1600,898.35,0.1700,78.00,0.1800,61.00,0.1900,161.40,0.2000,206.10,0.8400,898.35,0.8300,78.00,0.8200,61.00,0.8100,161.40,0.8000,206.10,0.8500,236.01,0.8600,73.23,0.8700,62.20,0.8800,295.30,0.8900,442.27,1109.01,1404.85,2513.86,1404.85,1109.01,2513.86,0.0100,0.0100,-0.1177,0.1177,0.1521,0.8479,0.2788,0.6950,0.6950,0.2788,57.8117,77.1960,77.1812,57.8006
btc-updown-5m-1780095600,1780095654000,246,73339.36,73431.91,92.55,0.0000,-0.0075,0.0418,0.7520,1.1100,0.8613,0.002578,0.1126,0.3713,73445.60,-0.0024,-0.0186,0.0000,0.0000,0.1500,32.48,0.1400,55.28,0.1300,54.50,0.1200,273.64,0.1100,451.37,0.1600,737.07,0.1700,122.33,0.1800,89.80,0.1900,161.40,0.2000,206.59,0.8400,737.07,0.8300,122.33,0.8200,89.80,0.8100,161.40,0.8000,206.59,0.8500,32.48,0.8600,55.28,0.8700,54.50,0.8800,273.64,0.8900,451.37,867.27,1317.19,2184.46,1317.19,867.27,2184.46,0.0100,0.0100,-0.2060,0.2060,0.1504,0.8496,0.1012,0.6524,0.6524,0.1012,72.1412,58.0208,58.0505,72.1781
btc-updown-5m-1780095600,1780095655000,245,73335.30,73431.91,96.61,0.0000,-0.0075,0.0000,0.7508,1.1100,0.8610,0.002578,0.1126,0.0000,73445.60,-0.0024,-0.0186,0.0000,0.0000,0.1500,37.81,0.1400,80.28,0.1300,89.50,0.1200,313.56,0.1100,447.60,0.1600,501.13,0.1700,73.14,0.1800,85.77,0.1900,191.40,0.2000,651.56,0.8400,501.13,0.8300,73.14,0.8200,85.77,0.8100,191.40,0.8000,651.56,0.8500,37.81,0.8600,80.28,0.8700,89.50,0.8800,313.56,0.8900,447.60,968.75,1503.00,2471.75,1503.00,968.75,2471.75,0.0100,0.0100,-0.2161,0.2161,0.1507,0.8493,0.1219,0.3821,0.3821,0.1219,53.7951,112.2935,112.2754,53.7864
btc-updown-5m-1780095600,1780095656000,244,73334.14,73431.91,97.77,0.0000,-0.0075,0.0002,0.5077,1.1080,0.8610,0.002578,0.1124,0.0017,73445.59,-0.0024,-0.0186,0.0000,0.0000,0.1500,9.01,0.1400,50.28,0.1300,78.00,0.1200,313.56,0.1100,447.60,0.1600,406.72,0.1700,91.00,0.1800,109.80,0.1900,191.40,0.2000,556.10,0.8400,406.72,0.8300,91.00,0.8200,109.80,0.8100,191.40,0.8000,556.10,0.8500,9.01,0.8600,50.28,0.8700,78.00,0.8800,313.56,0.8900,447.60,898.45,1355.02,2253.47,1355.02,898.45,2253.47,0.0100,0.0100,-0.2026,0.2026,0.1502,0.8498,0.0660,0.3673,0.3673,0.0660,63.1311,3.3866,3.3878,63.1519
btc-updown-5m-1780095600,1780095657000,243,73333.83,73431.91,98.08,0.0000,0.0000,0.0000,0.2856,0.0040,0.8610,0.002578,0.1124,0.0000,73445.59,0.0000,-0.0186,0.0000,0.0000,0.1200,37.64,0.1100,447.60,0.1000,389.40,0.0900,229.02,0.0800,337.36,0.1500,50.00,0.1600,635.26,0.1700,117.80,0.1800,89.80,0.1900,166.40,0.8500,50.00,0.8400,635.26,0.8300,117.80,0.8200,89.80,0.8100,166.40,0.8800,37.64,0.8900,447.60,0.9000,389.40,0.9100,229.02,0.9200,337.36,1441.02,1059.26,2500.28,1059.26,1441.02,2500.28,0.0300,0.0300,0.1527,-0.1527,0.1329,0.8671,0.3367,0.6469,0.6469,0.3367,132.5913,-10.5099,-10.5099,132.5913
btc-updown-5m-1780095600,1780095658000,242,73333.70,73431.90,98.20,-0.0000,-0.0000,0.0015,0.0435,0.0040,0.8610,0.002578,0.1122,0.0137,73445.55,-0.0000,-0.0186,-0.0134,-0.0000,0.1200,82.07,0.1100,454.50,0.1000,452.48,0.0900,257.06,0.0800,347.84,0.1300,589.60,0.1400,149.23,0.1500,175.20,0.1600,119.00,0.1700,186.21,0.8700,589.60,0.8600,149.23,0.8500,175.20,0.8400,119.00,0.8300,186.21,0.8800,82.07,0.8900,454.50,0.9000,452.48,0.9100,257.06,0.9200,347.84,1593.95,1219.24,2813.19,1219.24,1593.95,2813.19,0.0100,0.0100,0.1332,-0.1332,0.1212,0.8788,0.3366,0.6060,0.6060,0.3366,134.4890,17.5254,17.5225,134.4670
btc-updown-5m-1780095600,1780095659000,241,73333.71,73431.90,98.19,0.0000,-0.0000,0.0000,0.0017,0.0020,0.8610,0.002578,0.1113,0.0000,73445.45,-0.0000,-0.0185,0.0000,0.0000,0.1200,34.20,0.1100,424.50,0.1000,409.40,0.0900,216.54,0.0800,337.36,0.1300,527.17,0.1400,294.19,0.1500,135.21,0.1600,103.69,0.1700,182.02,0.8700,527.17,0.8600,294.19,0.8500,135.21,0.8400,103.69,0.8300,182.02,0.8800,34.20,0.8900,424.50,0.9000,409.40,0.9100,216.54,0.9200,337.36,1422.00,1242.28,2664.28,1242.28,1422.00,2664.28,0.0100,0.0100,0.0675,-0.0675,0.1206,0.8794,0.3226,0.6612,0.6612,0.3226,39.3394,-23.2658,-23.2776,39.3594
btc-updown-5m-1780095600,1780095660000,240,73333.74,73431.91,98.17,0.0000,0.0000,0.0156,0.0173,0.0040,0.8613,0.002578,0.1118,0.1395,73445.39,0.0000,-0.0184,0.0134,0.0000,0.1200,20.58,0.1100,489.58,0.1000,487.76,0.0900,223.03,0.0800,370.26,0.1300,335.18,0.1400,309.45,0.1500,150.91,0.1600,94.00,0.1700,331.19,0.8700,335.18,0.8600,309.45,0.8500,150.91,0.8400,94.00,0.8300,331.19,0.8800,20.58,0.8900,489.58,0.9000,487.76,0.9100,223.03,0.9200,370.26,1591.21,1220.73,2811.94,1220.73,1591.21,2811.94,0.0100,0.0100,0.1318,-0.1318,0.1206,0.8794,0.3206,0.5281,0.5281,0.3206,128.9350,-40.7207,-40.7207,128.9350
btc-updown-5m-1780095600,1780095661000,239,73333.65,73431.91,98.26,0.0000,0.0000,0.0065,0.0237,0.0040,0.8613,0.002578,0.1120,0.0583,73445.36,0.0000,-0.0183,0.0000,0.0000,0.1200,45.58,0.1100,489.58,0.1000,487.76,0.0900,200.03,0.0800,393.26,0.1300,295.33,0.1400,302.73,0.1500,180.91,0.1600,94.00,0.1700,331.19,0.8700,295.33,0.8600,302.73,0.8500,180.91,0.8400,94.00,0.8300,331.19,0.8800,45.58,0.8900,489.58,0.9000,487.76,0.9100,200.03,0.9200,393.26,1616.21,1204.16,2820.37,1204.16,1616.21,2820.37,0.0100,0.0100,0.1461,-0.1461,0.1213,0.8787,0.3311,0.4967,0.4967,0.3311,114.5818,-64.1341,-64.2487,114.7865
btc-updown-5m-1780095600,1780095662000,238,73333.60,73431.91,98.31,0.0000,0.0000,0.0015,0.0252,0.0060,0.8617,0.002578,0.1120,0.0138,73445.35,0.0000,-0.0183,0.0000,0.0000,0.1200,25.23,0.1100,458.22,0.1000,472.40,0.0900,200.03,0.0800,358.02,0.1300,389.10,0.1400,262.35,0.1500,210.91,0.1600,99.00,0.1700,331.19,0.8700,389.10,0.8600,262.35,0.8500,210.91,0.8400,99.00,0.8300,331.19,0.8800,25.23,0.8900,458.22,0.9000,472.40,0.9100,200.03,0.9200,358.02,1513.90,1292.55,2806.45,1292.55,1513.90,2806.45,0.0100,0.0100,0.0789,-0.0789,0.1206,0.8794,0.3193,0.5040,0.5040,0.3193,101.1754,-10.2696,-10.2696,101.1754
btc-updown-5m-1780095600,1780095663000,237,73332.99,73431.91,98.92,0.0000,0.0000,0.0001,0.0238,0.0040,0.8613,0.002578,0.1120,0.0007,73445.35,0.0000,-0.0183,0.0000,0.0000,0.1200,94.23,0.1100,516.09,0.1000,539.35,0.0900,200.03,0.0800,368.09,0.1300,323.58,0.1400,219.47,0.1500,136.02,0.1600,124.00,0.1700,306.19,0.8700,323.58,0.8600,219.47,0.8500,136.02,0.8400,124.00,0.8300,306.19,0.8800,94.23,0.8900,516.09,0.9000,539.35,0.9100,200.03,0.9200,368.09,1717.79,1109.26,2827.05,1109.26,1717.79,2827.05,0.0100,0.0100,0.2153,-0.2153,0.1223,0.8777,0.3553,0.4896,0.4896,0.3553,89.9069,-5.6661,-5.6651,89.8919
btc-updown-5m-1780095600,1780095664000,236,73332.67,73431.90,99.23,-0.0000,0.0000,0.0601,0.0838,0.0060,0.8617,0.002578,0.1012,0.5939,73443.55,-0.0000,-0.0159,-0.0135,-0.0000,0.1100,510.20,0.1000,507.13,0.0900,200.03,0.0800,368.09,0.0700,746.14,0.1300,441.51,0.1400,254.40,0.1500,200.87,0.1600,121.74,0.1700,306.19,0.8700,441.51,0.8600,254.40,0.8500,200.87,0.8400,121.74,0.8300,306.19,0.8900,510.20,0.9000,507.13,0.9100,200.03,0.9200,368.09,0.9300,746.14,2331.59,1324.71,3656.30,1324.71,2331.59,3656.30,0.0200,0.0200,0.2754,-0.2754,0.1207,0.8793,0.4363,0.5253,0.5253,0.4363,126.3902,28.0374,28.0516,126.4541
btc-updown-5m-1780095600,1780095665000,235,73332.67,73431.91,99.24,0.0000,0.0000,0.0037,0.0719,0.0060,0.8617,0.002578,0.1013,0.0366,73443.54,0.0000,-0.0158,0.0135,0.0000,0.1100,611.92,0.1000,538.92,0.0900,200.03,0.0800,344.83,0.0700,770.14,0.1200,55.86,0.1300,355.09,0.1400,272.10,0.1500,116.70,0.1600,125.69,0.8800,55.86,0.8700,355.09,0.8600,272.10,0.8500,116.70,0.8400,125.69,0.8900,611.92,0.9000,538.92,0.9100,200.03,0.9200,344.83,0.9300,770.14,2465.84,925.44,3391.28,925.44,2465.84,3391.28,0.0100,0.0100,0.4542,-0.4542,0.1192,0.8808,0.4667,0.4441,0.4441,0.4667,169.0735,-90.0778,-90.0778,169.0735
btc-updown-5m-1780095600,1780095666000,234,73332.67,73430.11,97.44,-0.0025,-0.0025,0.1014,0.1668,0.3680,0.9220,0.002579,0.1044,0.9710,73443.10,-0.0010,-0.0177,-2.3884,-0.0000,0.1100,380.46,0.1000,404.00,0.0900,153.83,0.0800,314.57,0.0700,728.14,0.1200,15.92,0.1300,337.74,0.1400,237.86,0.1500,511.70,0.1600,105.69,0.8800,15.92,0.8700,337.74,0.8600,237.86,0.8500,511.70,0.8400,105.69,0.8900,380.46,0.9000,404.00,0.9100,153.83,0.9200,314.57,0.9300,728.14,1981.00,1208.91,3189.91,1208.91,1981.00,3189.91,0.0100,0.0100,0.2420,-0.2420,0.1196,0.8804,0.3960,0.2925,0.2925,0.3960,59.3916,-1.6038,-1.6038,59.3916
btc-updown-5m-1780095600,1780095667000,233,73332.60,73430.00,97.40,-0.0001,-0.0026,0.4850,0.6503,0.3880,0.9253,0.002576,0.1199,4.0442,73441.37,-0.0003,-0.0155,-0.1459,-0.0000,0.0800,250.79,0.0700,753.48,0.0600,502.17,0.0500,1691.33,0.0400,1188.05,0.1200,561.35,0.1300,157.23,0.1400,154.48,0.1500,526.20,0.1600,125.69,0.8800,561.35,0.8700,157.23,0.8600,154.48,0.8500,526.20,0.8400,125.69,0.9200,250.79,0.9300,753.48,0.9400,502.17,0.9500,1691.33,0.9600,1188.05,4385.82,1524.95,5910.77,1524.95,4385.82,5910.77,0.0400,0.0400,0.4840,-0.4840,0.0924,0.9076,0.2290,0.4712,0.4712,0.2290,482.7491,58.5557,58.5557,482.7491
btc-updown-5m-1780095600,1780095668000,232,73331.90,73430.00,98.10,0.0000,-0.0026,0.2270,0.8772,0.3880,0.9253,0.002576,0.1271,1.7856,73440.70,-0.0002,-0.0146,0.0000,0.0000,0.0900,634.59,0.0800,255.09,0.0700,704.14,0.0600,525.17,0.0500,1691.33,0.1000,45.00,0.1100,61.71,0.1200,179.80,0.1300,176.70,0.1400,92.48,0.9000,45.00,0.8900,61.71,0.8800,179.80,0.8700,176.70,0.8600,92.48,0.9100,634.59,0.9200,255.09,0.9300,704.14,0.9400,525.17,0.9500,1691.33,3810.32,555.69,4366.01,555.69,3810.32,4366.01,0.0100,0.0100,0.7454,-0.7454,0.0993,0.9007,0.2335,0.1920,0.1920,0.2335,371.4293,-117.7851,-117.7657,371.3680
btc-updown-5m-1780095600,1780095669000,231,73330.71,73430.00,99.29,0.0000,-0.0026,0.0510,0.8681,0.3880,0.9253,0.002577,0.1287,0.3964,73440.56,-0.0002,-0.0144,0.0000,0.0000,0.0900,592.68,0.0800,314.45,0.0700,884.63,0.0600,555.17,0.0500,1721.33,0.1000,20.90,0.1100,82.64,0.1200,238.27,0.1300,288.97,0.1400,111.45,0.9000,20.90,0.8900,82.64,0.8800,238.27,0.8700,288.97,0.8600,111.45,0.9100,592.68,0.9200,314.45,0.9300,884.63,0.9400,555.17,0.9500,1721.33,4068.26,742.23,4810.49,742.23,4068.26,4810.49,0.0100,0.0100,0.6914,-0.6914,0.0997,0.9003,0.2230,0.1395,0.1395,0.2230,382.0039,-59.6506,-59.6506,382.0039
btc-updown-5m-1780095600,1780095670000,230,73331.07,73430.00,98.93,0.0000,-0.0026,0.0022,0.8666,0.3860,0.9250,0.002576,0.1255,0.0177,73440.11,-0.0000,-0.0138,0.0000,0.0000,0.1000,68.59,0.0900,202.91,0.0800,277.26,0.0700,893.23,0.0600,532.17,0.1200,160.18,0.1300,86.00,0.1400,135.85,0.1500,856.02,0.1600,100.04,0.8800,160.18,0.8700,86.00,0.8600,135.85,0.8500,856.02,0.8400,100.04,0.9000,68.59,0.9100,202.91,0.9200,277.26,0.9300,893.23,0.9400,532.17,1974.16,1338.09,3312.25,1338.09,1974.16,3312.25,0.0200,0.0200,0.1920,-0.1920,0.1060,0.8940,0.1375,0.1840,0.1840,0.1375,-94.9438,106.7498,106.7311,-94.9271
btc-updown-5m-1780095600,1780095671000,229,73331.07,73430.01,98.94,0.0000,-0.0001,0.6988,1.4640,0.0260,0.9250,0.002577,0.1481,4.7196,73438.57,-0.0000,-0.0117,0.0135,0.0000,0.1100,306.65,0.1000,1191.59,0.0900,232.79,0.0800,272.26,0.0700,745.77,0.1200,302.69,0.1300,86.00,0.1400,105.85,0.1500,856.02,0.1600,85.69,0.8800,302.69,0.8700,86.00,0.8600,105.85,0.8500,856.02,0.8400,85.69,0.8900,306.65,0.9000,1191.59,0.9100,232.79,0.9200,272.26,0.9300,745.77,2749.06,1436.25,4185.31,1436.25,2749.06,4185.31,0.0100,0.0100,0.3137,-0.3137,0.1150,0.8850,0.5450,0.2706,0.2706,0.5450,64.5514,12.3991,12.3991,64.5514
btc-updown-5m-1780095600,1780095672000,228,73331.02,73430.00,98.98,-0.0000,0.0000,0.0374,1.0164,0.0060,0.9013,0.002586,0.1486,0.2518,73438.42,-0.0000,-0.0115,-0.0135,-0.0000,0.1100,233.65,0.1000,1144.59,0.0900,212.72,0.0800,299.41,0.0700,745.37,0.1200,199.93,0.1300,88.00,0.1400,140.85,0.1500,856.02,0.1600,92.69,0.8800,199.93,0.8700,88.00,0.8600,140.85,0.8500,856.02,0.8400,92.69,0.8900,233.65,0.9000,1144.59,0.9100,212.72,0.9200,299.41,0.9300,745.37,2635.74,1377.49,4013.23,1377.49,2635.74,4013.23,0.0100,0.0100,0.3135,-0.3135,0.1154,0.8846,0.5229,0.2090,0.2090,0.5229,77.2310,14.6214,14.6214,77.2310
btc-updown-5m-1780095600,1780095673000,227,73331.01,73430.01,99.00,0.0000,0.0000,0.0472,0.8367,0.0080,0.7660,0.002466,0.1383,0.3415,73436.75,0.0000,-0.0092,0.0135,0.0000,0.1100,567.22,0.1000,1276.37,0.0900,132.47,0.0800,297.60,0.0700,746.05,0.1200,1.43,0.1300,78.00,0.1400,164.20,0.1500,826.02,0.1600,53.00,0.8800,1.43,0.8700,78.00,0.8600,164.20,0.8500,826.02,0.8400,53.00,0.8900,567.22,0.9000,1276.37,0.9100,132.47,0.9200,297.60,0.9300,746.05,3019.71,1122.65,4142.36,1122.65,3019.71,4142.36,0.0100,0.0100,0.4580,-0.4580,0.1200,0.8800,0.6105,0.0708,0.0708,0.6105,-228.6759,-67.3418,-67.3418,-228.6759
btc-updown-5m-1780095600,1780095674000,226,73331.62,73430.00,98.38,-0.0000,0.0000,0.0014,0.7870,0.0080,0.6207,0.002296,0.1239,0.0111,73434.87,-0.0000,-0.0066,-0.0134,-0.0000,0.1100,509.28,0.1000,1246.60,0.0900,149.16,0.0800,272.26,0.0700,746.05,0.1200,160.06,0.1300,73.00,0.1400,155.85,0.1500,826.02,0.1600,83.00,0.8800,160.06,0.8700,73.00,0.8600,155.85,0.8500,826.02,0.8400,83.00,0.8900,509.28,0.9000,1246.60,0.9100,149.16,0.9200,272.26,0.9300,746.05,2923.35,1297.93,4221.28,1297.93,2923.35,4221.28,0.0100,0.0100,0.3851,-0.3851,0.1176,0.8824,0.6006,0.1796,0.1796,0.6006,-129.1409,139.7470,139.7225,-129.1182
btc-updown-5m-1780095600,1780095675000,225,73331.62,73430.00,98.38,0.0000,0.0000,0.0000,0.7848,0.0080,0.4733,0.002088,0.1209,0.0000,73434.53,-0.0000,-0.0062,0.0000,0.0000,0.1100,355.50,0.1000,1265.55,0.0900,146.57,0.0800,276.96,0.0700,749.34,0.1200,238.06,0.1300,188.99,0.1400,158.99,0.1500,855.87,0.1600,76.00,0.8800,238.06,0.8700,188.99,0.8600,158.99,0.8500,855.87,0.8400,76.00,0.8900,355.50,0.9000,1265.55,0.9100,146.57,0.9200,276.96,0.9300,749.34,2793.92,1517.91,4311.83,1517.91,2793.92,4311.83,0.0100,0.0100,0.2959,-0.2959,0.1160,0.8840,0.5802,0.2813,0.2813,0.5802,-212.3546,129.2585,129.2585,-212.3546
btc-updown-5m-1780095600,1780095676000,224,73332.11,73430.01,97.90,0.0000,0.0000,0.0010,0.0871,0.0080,0.4733,0.002088,0.0978,0.0105,73432.30,0.0000,-0.0031,0.0133,0.0000,0.1100,374.15,0.1000,1270.55,0.0900,147.69,0.0800,281.34,0.0700,749.34,0.1200,244.06,0.1300,200.99,0.1400,148.99,0.1500,860.87,0.1600,76.00,0.8800,244.06,0.8700,200.99,0.8600,148.99,0.8500,860.87,0.8400,76.00,0.8900,374.15,0.9000,1270.55,0.9100,147.69,0.9200,281.34,0.9300,749.34,2823.07,1530.91,4353.98,1530.91,2823.07,4353.98,0.0100,0.0100,0.2968,-0.2968,0.1161,0.8839,0.5826,0.2907,0.2907,0.5826,135.0335,54.9157,54.9157,135.0335
btc-updown-5m-1780095600,1780095677000,223,73332.10,73430.01,97.91,0.0000,0.0000,0.0000,0.0496,0.0060,0.2533,0.001402,0.0978,0.0000,73432.29,0.0000,-0.0031,0.0000,0.0000,0.1100,354.26,0.1000,1292.17,0.0900,147.69,0.0800,263.64,0.0700,749.34,0.1200,257.06,0.1300,200.99,0.1400,153.99,0.1500,855.87,0.1600,76.00,0.8800,257.06,0.8700,200.99,0.8600,153.99,0.8500,855.87,0.8400,76.00,0.8900,354.26,0.9000,1292.17,0.9100,147.69,0.9200,263.64,0.9300,749.34,2807.10,1543.91,4351.01,1543.91,2807.10,4351.01,0.0100,0.0100,0.2903,-0.2903,0.1158,0.8842,0.5865,0.2967,0.2967,0.5865,33.7954,-8.1680,-8.1680,33.7954
btc-updown-5m-1780095600,1780095678000,222,73332.10,73430.01,97.91,0.0000,0.0000,0.0073,0.0097,0.0040,0.2530,0.001402,0.0808,0.0906,73431.19,0.0000,-0.0016,0.0000,0.0000,0.1100,344.18,0.1000,1256.17,0.0900,173.69,0.0800,263.64,0.0700,755.05,0.1200,268.30,0.1300,210.99,0.1400,173.84,0.1500,866.02,0.1600,81.51,0.8800,268.30,0.8700,210.99,0.8600,173.84,0.8500,866.02,0.8400,81.51,0.8900,344.18,0.9000,1256.17,0.9100,173.69,0.9200,263.64,0.9300,755.05,2792.73,1600.66,4393.39,1600.66,2792.73,4393.39,0.0100,0.0100,0.2713,-0.2713,0.1156,0.8844,0.5730,0.2994,0.2994,0.5730,-29.4672,41.9453,41.9453,-29.4672
btc-updown-5m-1780095600,1780095679000,221,73332.03,73430.01,97.98,0.0000,0.0000,0.0028,0.0111,0.0020,0.2527,0.001402,0.0808,0.0344,73431.19,0.0000,-0.0016,0.0000,0.0000,0.1100,337.19,0.1000,1251.17,0.0900,183.69,0.0800,263.64,0.0700,755.05,0.1200,270.34,0.1300,215.99,0.1400,173.84,0.1500,866.02,0.1600,91.51,0.8800,270.34,0.8700,215.99,0.8600,173.84,0.8500,866.02,0.8400,91.51,0.8900,337.19,0.9000,1251.17,0.9100,183.69,0.9200,263.64,0.9300,755.05,2790.74,1617.70,4408.44,1617.70,2790.74,4408.44,0.0100,0.0100,0.2661,-0.2661,0.1156,0.8844,0.5692,0.3006,0.3006,0.5692,-39.4164,85.2212,85.2212,-39.4164
btc-updown-5m-1780095600,1780095680000,220,73331.95,73430.01,98.06,0.0000,0.0000,0.0024,0.0135,0.0040,0.2530,0.001402,0.0808,0.0299,73431.18,-0.0000,-0.0016,0.0000,0.0000,0.1100,337.19,0.1000,1251.17,0.0900,183.69,0.0800,263.64,0.0700,755.05,0.1200,270.34,0.1300,215.99,0.1400,173.84,0.1500,866.02,0.1600,91.51,0.8800,270.34,0.8700,215.99,0.8600,173.84,0.8500,866.02,0.8400,91.51,0.8900,337.19,0.9000,1251.17,0.9100,183.69,0.9200,263.64,0.9300,755.05,2790.74,1617.70,4408.44,1617.70,2790.74,4408.44,0.0100,0.0100,0.2661,-0.2661,0.1156,0.8844,0.5692,0.3006,0.3006,0.5692,-1.4008,30.7103,30.7103,-1.4008
btc-updown-5m-1780095600,1780095681000,219,73331.96,73430.01,98.05,0.0000,0.0000,0.0000,0.0125,0.0020,0.2527,0.001402,0.0808,0.0000,73431.18,-0.0000,-0.0016,0.0000,0.0000,0.1000,1226.32,0.0900,131.93,0.0800,280.15,0.0700,755.28,0.0600,557.79,0.1100,58.76,0.1200,349.41,0.1300,147.85,0.1400,147.54,0.1500,876.80,0.8900,58.76,0.8800,349.41,0.8700,147.85,0.8600,147.54,0.8500,876.80,0.9000,1226.32,0.9100,131.93,0.9200,280.15,0.9300,755.28,0.9400,557.79,2951.47,1580.36,4531.83,1580.36,2951.47,4531.83,0.0100,0.0100,0.3026,-0.3026,0.1095,0.8905,0.4602,0.2583,0.2583,0.4602,26.8857,10.6570,10.6606,26.8948
btc-updown-5m-1780095600,1780095682000,218,73332.26,73430.01,97.75,0.0000,0.0000,0.0001,0.0126,0.0020,0.0687,0.000440,0.0730,0.0012,73430.51,-0.0000,-0.0007,0.0000,0.0000,0.1000,1051.03,0.0900,91.93,0.0800,310.37,0.0700,914.91,0.0600,557.79,0.1100,54.42,0.1200,349.41,0.1300,167.85,0.1400,147.54,0.1500,881.80,0.8900,54.42,0.8800,349.41,0.8700,167.85,0.8600,147.54,0.8500,881.80,0.9000,1051.03,0.9100,91.93,0.9200,310.37,0.9300,914.91,0.9400,557.79,2926.03,1601.02,4527.05,1601.02,2926.03,4527.05,0.0100,0.0100,0.2927,-0.2927,0.1095,0.8905,0.3906,0.2522,0.2522,0.3906,17.7978,12.1193,12.1193,17.7978
btc-updown-5m-1780095600,1780095683000,217,73332.26,73430.00,97.74,-0.0000,-0.0000,0.0400,0.0453,0.0040,0.0687,0.000440,0.0671,0.5962,73430.35,-0.0000,-0.0005,-0.0133,-0.0000,0.1000,1030.64,0.0900,76.75,0.0800,285.37,0.0700,914.91,0.0600,563.79,0.1100,83.32,0.1200,364.41,0.1300,143.00,0.1400,172.39,0.1500,881.80,0.8900,83.32,0.8800,364.41,0.8700,143.00,0.8600,172.39,0.8500,881.80,0.9000,1030.64,0.9100,76.75,0.9200,285.37,0.9300,914.91,0.9400,563.79,2871.46,1644.92,4516.38,1644.92,2871.46,4516.38,0.0100,0.0100,0.2716,-0.2716,0.1093,0.8907,0.3857,0.2722,0.2722,0.3857,14.5904,8.2024,8.2009,14.5877
btc-updown-5m-1780095600,1780095684000,216,73332.24,73430.00,97.76,0.0000,-0.0000,0.5442,0.5867,0.0060,0.0687,0.000440,0.0768,7.0869,73430.11,-0.0000,-0.0002,0.0000,0.0000,0.1000,1022.14,0.0900,127.75,0.0800,307.53,0.0700,914.91,0.0600,557.48,0.1100,41.83,0.1200,364.41,0.1300,179.31,0.1400,130.85,0.1500,901.73,0.8900,41.83,0.8800,364.41,0.8700,179.31,0.8600,130.85,0.8500,901.73,0.9000,1022.14,0.9100,127.75,0.9200,307.53,0.9300,914.91,0.9400,557.48,2929.81,1618.13,4547.94,1618.13,2929.81,4547.94,0.0100,0.0100,0.2884,-0.2884,0.1096,0.8904,0.3925,0.2511,0.2511,0.3925,27.0070,8.3437,8.3437,27.0070
btc-updown-5m-1780095600,1780095685000,215,73331.52,73430.00,98.48,0.0000,-0.0000,0.0429,0.6272,0.0040,0.0687,0.000440,0.0768,0.5584,73430.08,-0.0000,-0.0001,0.0000,0.0000,0.1000,824.74,0.0900,73.69,0.0800,244.69,0.0700,709.57,0.0600,553.34,0.1100,236.11,0.1200,318.03,0.1300,179.31,0.1400,116.00,0.1500,886.39,0.8900,236.11,0.8800,318.03,0.8700,179.31,0.8600,116.00,0.8500,886.39,0.9000,824.74,0.9100,73.69,0.9200,244.69,0.9300,709.57,0.9400,553.34,2406.03,1735.84,4141.87,1735.84,2406.03,4141.87,0.0100,0.0100,0.1618,-0.1618,0.1078,0.8922,0.3734,0.3192,0.3192,0.3734,-38.1491,45.6889,45.6889,-38.1491
btc-updown-5m-1780095600,1780095686000,214,73331.50,73430.00,98.50,0.0000,-0.0000,0.1900,0.8172,0.0040,0.0687,0.000440,0.0829,2.2906,73430.07,-0.0000,-0.0001,0.0000,0.0000,0.1000,1011.40,0.0900,138.93,0.0800,274.69,0.0700,749.57,0.0600,543.34,0.1100,396.13,0.1200,222.73,0.1300,194.16,0.1400,106.00,0.1500,886.20,0.8900,396.13,0.8800,222.73,0.8700,194.16,0.8600,106.00,0.8500,886.20,0.9000,1011.40,0.9100,138.93,0.9200,274.69,0.9300,749.57,0.9400,543.34,2717.93,1805.22,4523.15,1805.22,2717.93,4523.15,0.0100,0.0100,0.2018,-0.2018,0.1072,0.8928,0.4232,0.3428,0.3428,0.4232,29.6572,44.8231,44.8150,29.6518
btc-updown-5m-1780095600,1780095687000,213,73331.24,73430.01,98.77,0.0000,0.0000,0.0001,0.8172,0.0060,0.0690,0.000440,0.0829,0.0011,73430.07,0.0000,-0.0001,0.0135,0.0000,0.1000,999.16,0.0900,151.93,0.0800,279.69,0.0700,738.43,0.0600,543.34,0.1100,416.13,0.1200,227.73,0.1300,204.16,0.1400,106.00,0.1500,899.47,0.8900,416.13,0.8800,227.73,0.8700,204.16,0.8600,106.00,0.8500,899.47,0.9000,999.16,0.9100,151.93,0.9200,279.69,0.9300,738.43,0.9400,543.34,2712.55,1853.49,4566.04,1853.49,2712.55,4566.04,0.0100,0.0100,0.1881,-0.1881,0.1071,0.8929,0.4244,0.3474,0.3474,0.4244,-41.2785,47.1890,47.1646,-41.2571
btc-updown-5m-1780095600,1780095688000,212,73330.95,73426.39,95.44,-0.0049,-0.0049,0.7183,1.4955,0.7280,0.1893,0.000974,0.1061,6.7692,73429.27,-0.0026,-0.0039,-4.7050,-0.0001,0.1000,1004.16,0.0900,151.93,0.0800,279.69,0.0700,773.67,0.0600,543.34,0.1100,414.38,0.1200,221.49,0.1300,209.93,0.1400,106.00,0.1500,891.39,0.8900,414.38,0.8800,221.49,0.8700,209.93,0.8600,106.00,0.8500,891.39,0.9000,1004.16,0.9100,151.93,0.9200,279.69,0.9300,773.67,0.9400,543.34,2752.79,1843.19,4595.98,1843.19,2752.79,4595.98,0.0100,0.0100,0.1979,-0.1979,0.1071,0.8929,0.4200,0.3450,0.3450,0.4200,-47.5741,44.8807,44.8807,-47.5741
btc-updown-5m-1780095600,1780095689000,211,73330.94,73426.39,95.45,0.0000,-0.0049,0.0057,0.9570,0.7280,0.1897,0.000974,0.1063,0.0537,73429.26,-0.0025,-0.0039,0.0000,0.0000,0.1000,533.40,0.0900,42.00,0.0800,223.33,0.0700,591.46,0.0600,514.34,0.1100,537.81,0.1200,270.49,0.1300,185.11,0.1400,136.80,0.1500,1350.55,0.8900,537.81,0.8800,270.49,0.8700,185.11,0.8600,136.80,0.8500,1350.55,0.9000,533.40,0.9100,42.00,0.9200,223.33,0.9300,591.46,0.9400,514.34,1904.53,2480.76,4385.29,2480.76,1904.53,4385.29,0.0100,0.0100,-0.1314,0.1314,0.1050,0.8950,0.3021,0.3258,0.3258,0.3021,-174.8201,151.1191,151.1465,-174.8517
btc-updown-5m-1780095600,1780095690000,210,73329.54,73426.40,96.86,0.0000,-0.0049,0.0171,0.9312,0.7300,0.1897,0.000974,0.1068,0.1599,73429.25,-0.0012,-0.0039,0.0132,0.0000,0.1000,752.21,0.0900,82.00,0.0800,301.83,0.0700,538.77,0.0600,517.18,0.1100,411.99,0.1200,248.85,0.1300,124.49,0.1400,147.60,0.1500,1350.55,0.8900,411.99,0.8800,248.85,0.8700,124.49,0.8600,147.60,0.8500,1350.55,0.9000,752.21,0.9100,82.00,0.9200,301.83,0.9300,538.77,0.9400,517.18,2191.99,2283.48,4475.47,2283.48,2191.99,4475.47,0.0100,0.0100,-0.0204,0.0204,0.1065,0.8935,0.3806,0.2894,0.2894,0.3806,-37.9428,106.4491,106.4491,-37.9428
btc-updown-5m-1780095600,1780095691000,209,73329.32,73426.40,97.08,0.0000,-0.0049,0.0000,0.7412,0.7300,0.1897,0.000974,0.1063,0.0000,73429.24,-0.0010,-0.0039,0.0000,0.0000,0.1000,740.63,0.0900,82.00,0.0800,301.83,0.0700,518.43,0.0600,565.24,0.1100,402.47,0.1200,253.85,0.1300,137.40,0.1400,142.60,0.1500,1350.63,0.8900,402.47,0.8800,253.85,0.8700,137.40,0.8600,142.60,0.8500,1350.63,0.9000,740.63,0.9100,82.00,0.9200,301.83,0.9300,518.43,0.9400,565.24,2208.13,2286.95,4495.08,2286.95,2208.13,4495.08,0.0100,0.0100,-0.0175,0.0175,0.1065,0.8935,0.3725,0.2870,0.2870,0.3725,-109.4485,103.2360,103.2360,-109.4485
btc-updown-5m-1780095600,1780095692000,208,73329.32,73426.39,97.07,-0.0000,-0.0049,0.0426,0.7837,0.7300,0.1897,0.000974,0.1075,0.3963,73429.19,-0.0000,-0.0038,-0.0132,-0.0000,0.1000,728.39,0.0900,87.00,0.0800,301.83,0.0700,518.43,0.0600,565.24,0.1100,432.32,0.1200,234.00,0.1300,118.17,0.1400,142.60,0.1500,1350.63,0.8900,432.32,0.8800,234.00,0.8700,118.17,0.8600,142.60,0.8500,1350.63,0.9000,728.39,0.9100,87.00,0.9200,301.83,0.9300,518.43,0.9400,565.24,2200.89,2277.72,4478.61,2277.72,2200.89,4478.61,0.0100,0.0100,-0.0172,0.0172,0.1063,0.8937,0.3705,0.2925,0.2925,0.3705,-95.2542,87.0486,87.0647,-95.2718
btc-updown-5m-1780095600,1780095693000,207,73328.06,73426.40,98.34,0.0000,0.0000,0.0002,0.0656,0.0080,0.1900,0.000974,0.1074,0.0019,73429.19,0.0000,-0.0038,0.0134,0.0000,0.1000,728.39,0.0900,87.00,0.0800,301.83,0.0700,518.43,0.0600,565.24,0.1100,432.32,0.1200,234.00,0.1300,118.17,0.1400,142.60,0.1500,1350.63,0.8900,432.32,0.8800,234.00,0.8700,118.17,0.8600,142.60,0.8500,1350.63,0.9000,728.39,0.9100,87.00,0.9200,301.83,0.9300,518.43,0.9400,565.24,2200.89,2277.72,4478.61,2277.72,2200.89,4478.61,0.0100,0.0100,-0.0172,0.0172,0.1063,0.8937,0.3705,0.2925,0.2925,0.3705,-131.5300,103.5582,103.5581,-131.5300
btc-updown-5m-1780095600,1780095694000,206,73328.07,73426.39,98.32,-0.0000,0.0000,0.0682,0.1281,0.0080,0.1900,0.000974,0.1096,0.6222,73429.14,-0.0000,-0.0037,-0.0134,-0.0000,0.1000,1077.05,0.0900,141.06,0.0800,244.47,0.0700,518.43,0.0600,551.20,0.1100,269.81,0.1200,244.00,0.1300,97.63,0.1400,101.80,0.1500,1363.59,0.8900,269.81,0.8800,244.00,0.8700,97.63,0.8600,101.80,0.8500,1363.59,0.9000,1077.05,0.9100,141.06,0.9200,244.47,0.9300,518.43,0.9400,551.20,2532.21,2076.83,4609.04,2076.83,2532.21,4609.04,0.0100,0.0100,0.0988,-0.0988,0.1080,0.8920,0.4810,0.2474,0.2474,0.4810,114.4971,-49.7199,-49.7283,114.5165
btc-updown-5m-1780095600,1780095695000,205,73328.07,73426.39,98.32,0.0000,-0.0000,0.0000,0.1110,0.0060,0.1897,0.000974,0.1077,0.0000,73429.09,-0.0000,-0.0037,0.0000,0.0000,0.1000,1077.05,0.0900,141.06,0.0800,244.47,0.0700,518.43,0.0600,551.20,0.1100,269.81,0.1200,244.00,0.1300,97.63,0.1400,101.80,0.1500,1363.59,0.8900,269.81,0.8800,244.00,0.8700,97.63,0.8600,101.80,0.8500,1363.59,0.9000,1077.05,0.9100,141.06,0.9200,244.47,0.9300,518.43,0.9400,551.20,2532.21,2076.83,4609.04,2076.83,2532.21,4609.04,0.0100,0.0100,0.0988,-0.0988,0.1080,0.8920,0.4810,0.2474,0.2474,0.4810,80.2735,-64.6226,-64.6363,80.2906
btc-updown-5m-1780095600,1780095696000,204,73328.09,73426.40,98.31,0.0000,0.0000,0.0005,0.1115,0.0080,0.1297,0.000885,0.1076,0.0046,73429.08,0.0000,-0.0037,0.0134,0.0000,0.1000,968.73,0.0900,135.24,0.0800,261.16,0.0700,518.43,0.0600,551.20,0.1100,426.64,0.1200,244.00,0.1300,95.27,0.1400,101.80,0.1500,1357.37,0.8900,426.64,0.8800,244.00,0.8700,95.27,0.8600,101.80,0.8500,1357.37,0.9000,968.73,0.9100,135.24,0.9200,261.16,0.9300,518.43,0.9400,551.20,2434.76,2225.08,4659.84,2225.08,2434.76,4659.84,0.0100,0.0100,0.0450,-0.0450,0.1069,0.8931,0.4534,0.3014,0.3014,0.4534,45.2676,-10.8894,-10.8915,45.2760
btc-updown-5m-1780095600,1780095697000,203,73328.07,73426.40,98.33,0.0000,0.0000,0.0000,0.0689,0.0060,0.1260,0.000885,0.1043,0.0000,73429.05,0.0000,-0.0036,0.0000,0.0000,0.1000,963.73,0.0900,135.24,0.0800,271.16,0.0700,508.43,0.0600,551.20,0.1100,341.73,0.1200,218.61,0.1300,100.27,0.1400,119.39,0.1500,1357.37,0.8900,341.73,0.8800,218.61,0.8700,100.27,0.8600,119.39,0.8500,1357.37,0.9000,963.73,0.9100,135.24,0.9200,271.16,0.9300,508.43,0.9400,551.20,2429.76,2137.37,4567.13,2137.37,2429.76,4567.13,0.0100,0.0100,0.0640,-0.0640,0.1074,0.8926,0.4523,0.2622,0.2622,0.4523,38.3515,-26.8322,-26.8371,38.3586
btc-updown-5m-1780095600,1780095698000,202,73328.07,73426.39,98.32,-0.0000,-0.0000,0.0003,0.0689,0.0060,0.1263,0.000885,0.0887,0.0028,73428.88,-0.0000,-0.0034,-0.0134,-0.0000,0.1000,963.73,0.0900,135.24,0.0800,271.16,0.0700,508.43,0.0600,551.20,0.1100,341.73,0.1200,218.61,0.1300,100.27,0.1400,119.39,0.1500,1357.37,0.8900,341.73,0.8800,218.61,0.8700,100.27,0.8600,119.39,0.8500,1357.37,0.9000,963.73,0.9100,135.24,0.9200,271.16,0.9300,508.43,0.9400,551.20,2429.76,2137.37,4567.13,2137.37,2429.76,4567.13,0.0100,0.0100,0.0640,-0.0640,0.1074,0.8926,0.4523,0.2622,0.2622,0.4523,49.2707,-19.4160,-19.4215,49.2845
btc-updown-5m-1780095600,1780095699000,201,73328.11,73426.40,98.29,0.0000,0.0000,0.0099,0.0106,0.0060,0.1263,0.000885,0.0817,0.1209,73428.77,0.0000,-0.0032,0.0134,0.0000,0.1000,963.73,0.0900,135.24,0.0800,271.16,0.0700,508.43,0.0600,551.20,0.1100,341.73,0.1200,218.61,0.1300,100.27,0.1400,119.39,0.1500,1357.37,0.8900,341.73,0.8800,218.61,0.8700,100.27,0.8600,119.39,0.8500,1357.37,0.9000,963.73,0.9100,135.24,0.9200,271.16,0.9300,508.43,0.9400,551.20,2429.76,2137.37,4567.13,2137.37,2429.76,4567.13,0.0100,0.0100,0.0640,-0.0640,0.1074,0.8926,0.4523,0.2622,0.2622,0.4523,49.2707,-19.4160,-19.4215,49.2845
btc-updown-5m-1780095600,1780095700000,200,73328.12,73426.40,98.28,0.0000,0.0000,0.0000,0.0106,0.0060,0.1263,0.000885,0.0800,0.0000,73428.75,0.0000,-0.0032,0.0000,0.0000,0.1000,969.30,0.0900,135.24,0.0800,236.77,0.0700,508.43,0.0600,551.20,0.1100,373.95,0.1200,211.71,0.1300,105.09,0.1400,112.60,0.1500,1308.54,0.8900,373.95,0.8800,211.71,0.8700,105.09,0.8600,112.60,0.8500,1308.54,0.9000,969.30,0.9100,135.24,0.9200,236.77,0.9300,508.43,0.9400,551.20,2400.94,2111.89,4512.83,2111.89,2400.94,4512.83,0.0100,0.0100,0.0641,-0.0641,0.1072,0.8928,0.4600,0.2773,0.2773,0.4600,-22.5356,6.0189,6.0179,-22.5318
btc-updown-5m-1780095600,1780095701000,199,73328.27,73426.39,98.12,-0.0000,-0.0000,0.0016,0.0117,0.0060,0.1263,0.000885,0.0800,0.0195,73428.75,-0.0000,-0.0032,-0.0134,-0.0000,0.1000,939.75,0.0900,110.24,0.0800,236.77,0.0700,508.43,0.0600,551.20,0.1100,416.25,0.1200,221.95,0.1300,91.50,0.1400,575.27,0.1500,876.37,0.8900,416.25,0.8800,221.95,0.8700,91.50,0.8600,575.27,0.8500,876.37,0.9000,939.75,0.9100,110.24,0.9200,236.77,0.9300,508.43,0.9400,551.20,2346.39,2181.34,4527.73,2181.34,2346.39,4527.73,0.0100,0.0100,0.0365,-0.0365,0.1069,0.8931,0.4475,0.2926,0.2926,0.4475,-20.2362,-5.1048,-5.1048,-20.2362
btc-updown-5m-1780095600,1780095702000,198,73328.43,73426.40,97.97,0.0000,0.0000,0.0151,0.0268,0.0080,0.1263,0.000885,0.0579,0.2609,73428.23,0.0000,-0.0025,0.0133,0.0000,0.1000,329.27,0.0900,22.00,0.0800,225.27,0.0700,478.43,0.0600,513.34,0.1100,591.94,0.1200,237.68,0.1300,132.27,0.1400,592.60,0.1500,876.37,0.8900,591.94,0.8800,237.68,0.8700,132.27,0.8600,592.60,0.8500,876.37,0.9000,329.27,0.9100,22.00,0.9200,225.27,0.9300,478.43,0.9400,513.34,1568.31,2430.86,3999.17,2430.86,1568.31,3999.17,0.0100,0.0100,-0.2157,0.2157,0.1036,0.8964,0.2240,0.3413,0.3413,0.2240,-185.6573,63.2522,63.2385,-185.6173
btc-updown-5m-1780095600,1780095703000,197,73328.43,73426.39,97.96,-0.0000,0.0000,0.0167,0.0433,0.0080,0.1263,0.000885,0.0573,0.2921,73428.18,-0.0000,-0.0024,-0.0133,-0.0000,0.1000,91.27,0.0900,68.69,0.0800,255.27,0.0700,508.43,0.0600,513.34,0.1100,445.80,0.1200,350.14,0.1300,134.34,0.1400,592.60,0.1500,882.04,0.8900,445.80,0.8800,350.14,0.8700,134.34,0.8600,592.60,0.8500,882.04,0.9000,91.27,0.9100,68.69,0.9200,255.27,0.9300,508.43,0.9400,513.34,1437.00,2404.92,3841.92,2404.92,1437.00,3841.92,0.0100,0.0100,-0.2519,0.2519,0.1017,0.8983,0.1113,0.3310,0.3310,0.1113,-256.1823,82.2447,82.2447,-256.1824
btc-updown-5m-1780095600,1780095704000,196,73327.31,73426.40,99.09,0.0000,0.0000,0.0004,0.0338,0.0080,0.1263,0.000885,0.0558,0.0070,73428.13,0.0000,-0.0024,0.0135,0.0000,0.1000,360.56,0.0900,56.69,0.0800,267.77,0.0700,508.43,0.0600,543.19,0.1100,373.31,0.1200,387.29,0.1300,73.77,0.1400,592.60,0.1500,876.37,0.8900,373.31,0.8800,387.29,0.8700,73.77,0.8600,592.60,0.8500,876.37,0.9000,360.56,0.9100,56.69,0.9200,267.77,0.9300,508.43,0.9400,543.19,1736.64,2303.34,4039.98,2303.34,1736.64,4039.98,0.0100,0.0100,-0.1403,0.1403,0.1049,0.8951,0.2403,0.3302,0.3302,0.2403,-163.1228,51.0409,51.0409,-163.1228
btc-updown-5m-1780095600,1780095705000,195,73327.31,73426.40,99.09,0.0000,0.0000,0.0262,0.0600,0.0100,0.1267,0.000885,0.0566,0.4641,73428.10,0.0000,-0.0023,0.0000,0.0000,0.1000,140.50,0.0900,67.81,0.0800,267.77,0.0700,508.43,0.0600,513.34,0.1100,650.13,0.1200,246.01,0.1300,85.90,0.1400,600.60,0.1500,874.08,0.8900,650.13,0.8800,246.01,0.8700,85.90,0.8600,600.60,0.8500,874.08,0.9000,140.50,0.9100,67.81,0.9200,267.77,0.9300,508.43,0.9400,513.34,1497.85,2456.72,3954.57,2456.72,1497.85,3954.57,0.0100,0.0100,-0.2425,0.2425,0.1018,0.8982,0.1391,0.3648,0.3648,0.1391,-160.9028,64.4083,64.4083,-160.9028
btc-updown-5m-1780095600,1780095706000,194,73328.26,73426.40,98.14,0.0000,0.0000,0.0002,0.0587,0.0080,0.1263,0.000885,0.0566,0.0042,73428.10,0.0000,-0.0023,0.0000,0.0000,0.0900,98.45,0.0800,267.77,0.0700,518.43,0.0600,549.16,0.0500,1491.65,0.1000,452.47,0.1100,379.21,0.1200,206.64,0.1300,119.98,0.1400,599.05,0.9000,452.47,0.8900,379.21,0.8800,206.64,0.8700,119.98,0.8600,599.05,0.9100,98.45,0.9200,267.77,0.9300,518.43,0.9400,549.16,0.9500,1491.65,2925.46,1757.35,4682.81,1757.35,2925.46,4682.81,0.0100,0.0100,0.2494,-0.2494,0.0918,0.9082,0.1252,0.4733,0.4733,0.1252,87.3909,-59.0703,-59.0703,87.3909
btc-updown-5m-1780095600,1780095707000,193,73328.43,73426.40,97.97,0.0000,0.0000,0.0000,0.0436,0.0060,0.1263,0.000885,0.0565,0.0000,73428.10,0.0000,-0.0023,0.0000,0.0000,0.0900,98.45,0.0800,267.77,0.0700,518.43,0.0600,549.16,0.0500,1491.65,0.1000,452.47,0.1100,379.21,0.1200,206.64,0.1300,119.98,0.1400,599.05,0.9000,452.47,0.8900,379.21,0.8800,206.64,0.8700,119.98,0.8600,599.05,0.9100,98.45,0.9200,267.77,0.9300,518.43,0.9400,549.16,0.9500,1491.65,2925.46,1757.35,4682.81,1757.35,2925.46,4682.81,0.0100,0.0100,0.2494,-0.2494,0.0918,0.9082,0.1252,0.4733,0.4733,0.1252,142.8671,-88.2642,-88.2642,142.8671
btc-updown-5m-1780095600,1780095708000,192,73328.30,73426.40,98.10,0.0000,0.0000,0.0003,0.0272,0.0040,0.1263,0.000885,0.0566,0.0051,73428.10,0.0000,-0.0023,0.0000,0.0000,0.0900,86.76,0.0800,299.15,0.0700,518.43,0.0600,539.16,0.0500,1496.09,0.1000,575.42,0.1100,240.16,0.1200,196.64,0.1300,119.98,0.1400,604.05,0.9000,575.42,0.8900,240.16,0.8800,196.64,0.8700,119.98,0.8600,604.05,0.9100,86.76,0.9200,299.15,0.9300,518.43,0.9400,539.16,0.9500,1496.09,2939.59,1736.25,4675.84,1736.25,2939.59,4675.84,0.0100,0.0100,0.2574,-0.2574,0.0913,0.9087,0.1313,0.4697,0.4697,0.1313,353.4674,-157.2971,-157.2971,353.4674
btc-updown-5m-1780095600,1780095709000,191,73328.30,73426.40,98.10,0.0000,0.0000,0.0415,0.0683,0.0020,0.1263,0.000885,0.0577,0.7205,73428.05,-0.0000,-0.0022,0.0000,0.0000,0.0800,299.15,0.0700,518.43,0.0600,539.16,0.0500,1496.09,0.0400,870.01,0.0900,18.88,0.1000,608.22,0.1100,236.20,0.1200,174.38,0.1300,115.98,0.9100,18.88,0.9000,608.22,0.8900,236.20,0.8800,174.38,0.8700,115.98,0.9200,299.15,0.9300,518.43,0.9400,539.16,0.9500,1496.09,0.9600,870.01,3722.84,1153.66,4876.50,1153.66,3722.84,4876.50,0.0100,0.0100,0.5268,-0.5268,0.0894,0.9106,0.2196,0.5436,0.5436,0.2196,418.8822,-229.2945,-229.2945,418.8822
btc-updown-5m-1780095600,1780095710000,190,73328.30,73426.40,98.10,0.0000,0.0000,0.0048,0.0469,0.0000,0.1260,0.000885,0.0577,0.0833,73428.04,0.0000,-0.0022,0.0000,0.0000,0.0800,296.31,0.0700,571.12,0.0600,513.34,0.0500,1496.09,0.0400,870.01,0.0900,497.09,0.1000,193.87,0.1100,174.52,0.1200,204.38,0.1300,127.48,0.9100,497.09,0.9000,193.87,0.8900,174.52,0.8800,204.38,0.8700,127.48,0.9200,296.31,0.9300,571.12,0.9400,513.34,0.9500,1496.09,0.9600,870.01,3746.87,1197.34,4944.21,1197.34,3746.87,4944.21,0.0100,0.0100,0.5157,-0.5157,0.0837,0.9163,0.2315,0.5771,0.5771,0.2315,448.1670,-246.7583,-246.7583,448.1670
btc-updown-5m-1780095600,1780095711000,189,73328.53,73426.39,97.86,-0.0000,-0.0000,0.0273,0.0739,0.0020,0.1263,0.000885,0.0585,0.4663,73428.02,-0.0000,-0.0022,-0.0133,-0.0000,0.0800,327.52,0.0700,581.12,0.0600,518.34,0.0500,1481.65,0.0400,848.70,0.0900,456.31,0.1000,163.87,0.1100,174.52,0.1200,204.38,0.1300,127.48,0.9100,456.31,0.9000,163.87,0.8900,174.52,0.8800,204.38,0.8700,127.48,0.9200,327.52,0.9300,581.12,0.9400,518.34,0.9500,1481.65,0.9600,848.70,3757.33,1126.56,4883.89,1126.56,3757.33,4883.89,0.0100,0.0100,0.5387,-0.5387,0.0842,0.9158,0.2418,0.5505,0.5505,0.2418,396.6087,-233.4843,-233.4843,396.6088
btc-updown-5m-1780095600,1780095712000,188,73328.92,73418.35,89.43,-0.0109,-0.0110,0.7770,0.8509,1.6100,0.3943,0.002128,0.0836,9.2957,73425.12,-0.0010,-0.0092,-9.7920,-0.0001,0.0800,81.39,0.0700,507.54,0.0600,455.34,0.0500,1461.65,0.0400,836.18,0.0900,677.47,0.1000,253.35,0.1100,212.16,0.1200,206.00,0.1300,133.98,0.9100,677.47,0.9000,253.35,0.8900,212.16,0.8800,206.00,0.8700,133.98,0.9200,81.39,0.9300,507.54,0.9400,455.34,0.9500,1461.65,0.9600,836.18,3342.10,1482.96,4825.06,1482.96,3342.10,4825.06,0.0100,0.0100,0.3853,-0.3853,0.0811,0.9189,0.1762,0.6277,0.6277,0.1762,67.2108,-44.2636,-44.2636,67.2108
btc-updown-5m-1780095600,1780095713000,187,73329.05,73418.36,89.31,0.0000,-0.0109,0.0008,0.8514,1.6120,0.3943,0.002128,0.0836,0.0092,73425.12,-0.0009,-0.0092,0.0122,0.0000,0.0700,595.51,0.0600,400.34,0.0500,1432.65,0.0400,856.39,0.0300,2212.89,0.0800,569.09,0.0900,176.38,0.1000,208.50,0.1100,247.78,0.1200,282.29,0.9200,569.09,0.9100,176.38,0.9000,208.50,0.8900,247.78,0.8800,282.29,0.9300,595.51,0.9400,400.34,0.9500,1432.65,0.9600,856.39,0.9700,2212.89,5497.78,1484.04,6981.82,1484.04,5497.78,6981.82,0.0100,0.0100,0.5749,-0.5749,0.0751,0.9249,0.1811,0.5023,0.5023,0.1811,444.1302,-43.7865,-43.7865,444.1302
btc-updown-5m-1780095600,1780095714000,186,73324.32,73418.36,94.04,0.0000,-0.0109,0.0000,0.8099,1.6120,0.3940,0.002128,0.0823,0.0000,73425.04,-0.0009,-0.0091,0.0000,0.0000,0.0700,503.75,0.0600,420.34,0.0500,1474.27,0.0400,840.70,0.0300,2214.64,0.0800,634.09,0.0900,176.38,0.1000,200.27,0.1100,257.78,0.1200,288.91,0.9200,634.09,0.9100,176.38,0.9000,200.27,0.8900,257.78,0.8800,288.91,0.9300,503.75,0.9400,420.34,0.9500,1474.27,0.9600,840.70,0.9700,2214.64,5453.70,1557.43,7011.13,1557.43,5453.70,7011.13,0.0100,0.0100,0.5557,-0.5557,0.0744,0.9256,0.1694,0.5204,0.5204,0.1694,463.5341,-25.9523,-25.9571,463.6197
btc-updown-5m-1780095600,1780095715000,185,73324.32,73418.36,94.04,0.0000,-0.0109,0.0000,0.8051,1.6120,0.3940,0.002128,0.0648,0.0000,73423.69,-0.0004,-0.0073,0.0000,0.0000,0.0700,499.29,0.0600,446.34,0.0500,1449.34,0.0400,877.05,0.0300,2241.53,0.0800,666.09,0.0900,186.38,0.1000,233.81,0.1100,653.30,0.1200,882.29,0.9200,666.09,0.9100,186.38,0.9000,233.81,0.8900,653.30,0.8800,882.29,0.9300,499.29,0.9400,446.34,0.9500,1449.34,0.9600,877.05,0.9700,2241.53,5513.55,2621.87,8135.42,2621.87,5513.55,8135.42,0.0100,0.0100,0.3554,-0.3554,0.0743,0.9257,0.1715,0.3251,0.3251,0.1715,400.4261,322.8763,322.8762,400.4261
btc-updown-5m-1780095600,1780095716000,184,73324.85,73418.35,93.50,-0.0000,-0.0109,0.0051,0.7829,1.6120,0.3943,0.002128,0.0635,0.0807,73423.54,-0.0004,-0.0071,-0.0127,-0.0000,0.0700,504.29,0.0600,446.34,0.0500,1422.35,0.0400,866.15,0.0300,2134.53,0.0800,692.51,0.0900,161.38,0.1000,236.60,0.1100,830.56,0.1200,301.70,0.9200,692.51,0.9100,161.38,0.9000,236.60,0.8900,830.56,0.8800,301.70,0.9300,504.29,0.9400,446.34,0.9500,1422.35,0.9600,866.15,0.9700,2134.53,5373.66,2222.75,7596.41,2222.75,5373.66,7596.41,0.0100,0.0100,0.4148,-0.4148,0.0742,0.9258,0.1769,0.3842,0.3842,0.1769,279.3720,188.8840,188.8840,279.3720
btc-updown-5m-1780095600,1780095717000,183,73324.60,73418.35,93.75,0.0000,0.0000,0.0000,0.0059,0.0040,0.3940,0.002128,0.0574,0.0000,73422.85,-0.0000,-0.0061,0.0000,0.0000,0.0700,689.40,0.0600,488.00,0.0500,1453.06,0.0400,886.15,0.0300,2171.53,0.0800,569.93,0.0900,134.38,0.1000,189.08,0.1100,858.86,0.1200,289.59,0.9200,569.93,0.9100,134.38,0.9000,189.08,0.8900,858.86,0.8800,289.59,0.9300,689.40,0.9400,488.00,0.9500,1453.06,0.9600,886.15,0.9700,2171.53,5688.14,2041.84,7729.98,2041.84,5688.14,7729.98,0.0100,0.0100,0.4717,-0.4717,0.0755,0.9245,0.2070,0.3449,0.3449,0.2070,341.6148,164.8808,164.8808,341.6148
btc-updown-5m-1780095600,1780095718000,182,73324.34,73418.36,94.02,0.0000,0.0000,0.0014,0.0065,0.0040,0.2737,0.001966,0.0575,0.0244,73422.85,0.0000,-0.0061,0.0128,0.0000,0.0700,807.81,0.0600,498.00,0.0500,1437.92,0.0400,1015.85,0.0300,2154.64,0.0800,524.79,0.0900,108.38,0.1000,614.46,0.1100,845.56,0.1200,591.91,0.9200,524.79,0.9100,108.38,0.9000,614.46,0.8900,845.56,0.8800,591.91,0.9300,807.81,0.9400,498.00,0.9500,1437.92,0.9600,1015.85,0.9700,2154.64,5914.22,2685.10,8599.32,2685.10,5914.22,8599.32,0.0100,0.0100,0.3755,-0.3755,0.0761,0.9239,0.2208,0.2358,0.2358,0.2208,474.4855,221.6661,221.6660,474.4855
btc-updown-5m-1780095600,1780095719000,181,73324.59,73418.36,93.77,0.0000,0.0000,0.0124,0.0190,0.0040,0.2733,0.001966,0.0347,0.3583,73420.43,0.0000,-0.0028,0.0000,0.0000,0.0700,356.10,0.0600,388.34,0.0500,1210.66,0.0400,904.51,0.0300,1869.66,0.0800,791.87,0.0900,191.44,0.1000,649.08,0.1100,864.16,0.1200,589.59,0.9200,791.87,0.9100,191.44,0.9000,649.08,0.8900,864.16,0.8800,589.59,0.9300,356.10,0.9400,388.34,0.9500,1210.66,0.9600,904.51,0.9700,1869.66,4729.27,3086.14,7815.41,3086.14,4729.27,7815.41,0.0100,0.0100,0.2102,-0.2102,0.0731,0.9269,0.1574,0.3186,0.3186,0.1574,-131.7600,289.4503,289.4997,-131.7825
btc-updown-5m-1780095600,1780095720000,180,73324.33,73421.53,97.20,0.0043,0.0043,0.0170,0.0359,0.6400,0.3790,0.002138,0.0351,0.4839,73420.42,0.0023,0.0015,4.1968,0.0001,0.0800,949.55,0.0700,670.10,0.0600,345.34,0.0500,1263.06,0.0400,690.70,0.0900,48.17,0.1000,154.76,0.1100,191.15,0.1200,318.90,0.1300,108.00,0.9100,48.17,0.9000,154.76,0.8900,191.15,0.8800,318.90,0.8700,108.00,0.9200,949.55,0.9300,670.10,0.9400,345.34,0.9500,1263.06,0.9600,690.70,3918.75,820.98,4739.73,820.98,3918.75,4739.73,0.0100,0.0100,0.6536,-0.6536,0.0895,0.9105,0.4133,0.2472,0.2472,0.4133,-266.1993,-300.5992,-300.5992,-266.1993
btc-updown-5m-1780095600,1780095721000,179,73323.88,73421.52,97.64,-0.0000,0.0043,0.0123,0.0431,0.6400,0.3793,0.002138,0.0349,0.3533,73420.34,0.0017,0.0016,-0.0133,-0.0000,0.0800,295.90,0.0700,227.15,0.0600,315.34,0.0500,1238.06,0.0400,744.13,0.0900,604.77,0.1000,238.23,0.1100,245.38,0.1200,325.51,0.1300,124.00,0.9100,604.77,0.9000,238.23,0.8900,245.38,0.8800,325.51,0.8700,124.00,0.9200,295.90,0.9300,227.15,0.9400,315.34,0.9500,1238.06,0.9600,744.13,2820.58,1537.89,4358.47,1537.89,2820.58,4358.47,0.0100,0.0100,0.2943,-0.2943,0.0833,0.9167,0.1854,0.5482,0.5482,0.1854,-454.4328,-0.8298,-0.8298,-454.4328
btc-updown-5m-1780095600,1780095722000,178,73325.76,73421.52,95.76,0.0000,0.0043,0.1497,0.1928,0.6400,0.3790,0.002138,0.0397,3.7682,73420.48,0.0003,0.0014,0.0000,0.0000,0.0800,220.23,0.0700,232.15,0.0600,297.34,0.0500,1416.01,0.0400,719.13,0.0900,466.42,0.1000,262.85,0.1100,240.38,0.1200,311.29,0.1300,124.00,0.9100,466.42,0.9000,262.85,0.8900,240.38,0.8800,311.29,0.8700,124.00,0.9200,220.23,0.9300,232.15,0.9400,297.34,0.9500,1416.01,0.9600,719.13,2884.86,1404.94,4289.80,1404.94,2884.86,4289.80,0.0100,0.0100,0.3450,-0.3450,0.0832,0.9168,0.1568,0.5191,0.5191,0.1568,-420.4764,-138.1669,-138.1669,-420.4764
btc-updown-5m-1780095600,1780095723000,177,73328.18,73421.53,93.35,0.0000,0.0043,0.0036,0.1950,0.6400,0.3790,0.002138,0.0385,0.0933,73420.27,0.0003,0.0017,0.0127,0.0000,0.0800,220.23,0.0700,232.15,0.0600,297.34,0.0500,1416.01,0.0400,719.13,0.0900,466.42,0.1000,262.85,0.1100,240.38,0.1200,311.29,0.1300,124.00,0.9100,466.42,0.9000,262.85,0.8900,240.38,0.8800,311.29,0.8700,124.00,0.9200,220.23,0.9300,232.15,0.9400,297.34,0.9500,1416.01,0.9600,719.13,2884.86,1404.94,4289.80,1404.94,2884.86,4289.80,0.0100,0.0100,0.3450,-0.3450,0.0832,0.9168,0.1568,0.5191,0.5191,0.1568,-578.4730,-137.6187,-137.6186,-578.4729
btc-updown-5m-1780095600,1780095724000,176,73328.18,73421.53,93.35,0.0000,0.0043,0.0437,0.2263,0.6420,0.3790,0.002138,0.0399,1.0960,73420.32,0.0002,0.0017,0.0000,0.0000,0.0800,273.20,0.0700,237.15,0.0600,360.34,0.0500,1468.48,0.0400,797.25,0.0900,421.67,0.1000,421.24,0.1100,267.64,0.1200,770.93,0.1300,724.00,0.9100,421.67,0.9000,421.24,0.8900,267.64,0.8800,770.93,0.8700,724.00,0.9200,273.20,0.9300,237.15,0.9400,360.34,0.9500,1468.48,0.9600,797.25,3136.42,2605.48,5741.90,2605.48,3136.42,5741.90,0.0100,0.0100,0.0925,-0.0925,0.0839,0.9161,0.1627,0.3235,0.3235,0.1627,-469.3684,-12.8412,-12.8412,-469.3684
btc-updown-5m-1780095600,1780095725000,175,73327.08,73421.53,94.45,0.0000,0.0000,0.0031,0.2124,0.0080,0.3793,0.002138,0.0378,0.0813,73419.97,0.0000,0.0021,0.0000,0.0000,0.0800,273.20,0.0700,237.15,0.0600,360.34,0.0500,1468.48,0.0400,797.25,0.0900,421.67,0.1000,421.24,0.1100,267.64,0.1200,770.93,0.1300,724.00,0.9100,421.67,0.9000,421.24,0.8900,267.64,0.8800,770.93,0.8700,724.00,0.9200,273.20,0.9300,237.15,0.9400,360.34,0.9500,1468.48,0.9600,797.25,3136.42,2605.48,5741.90,2605.48,3136.42,5741.90,0.0100,0.0100,0.0925,-0.0925,0.0839,0.9161,0.1627,0.3235,0.3235,0.1627,-321.4445,-100.6083,-100.6083,-321.4445
btc-updown-5m-1780095600,1780095726000,174,73328.54,73421.53,92.99,0.0000,0.0000,0.0008,0.2009,0.0060,0.3790,0.002138,0.0378,0.0222,73419.97,0.0000,0.0021,0.0000,0.0000,0.0800,122.87,0.0700,242.15,0.0600,360.34,0.0500,1312.04,0.0400,797.25,0.0900,603.41,0.1000,296.12,0.1100,262.64,0.1200,770.97,0.1300,724.00,0.9100,603.41,0.9000,296.12,0.8900,262.64,0.8800,770.97,0.8700,724.00,0.9200,122.87,0.9300,242.15,0.9400,360.34,0.9500,1312.04,0.9600,797.25,2834.65,2657.14,5491.79,2657.14,2834.65,5491.79,0.0100,0.0100,0.0323,-0.0323,0.0817,0.9183,0.1288,0.3385,0.3385,0.1288,-198.0521,308.3392,308.3392,-198.0521
btc-updown-5m-1780095600,1780095727000,173,73325.89,73421.53,95.64,0.0000,0.0000,0.0009,0.0521,0.0060,0.3790,0.002138,0.0378,0.0243,73419.97,0.0000,0.0021,0.0000,0.0000,0.0800,112.87,0.0700,242.15,0.0600,360.34,0.0500,1312.04,0.0400,734.64,0.0900,605.44,0.1000,296.12,0.1100,262.64,0.1200,770.97,0.1300,724.00,0.9100,605.44,0.9000,296.12,0.8900,262.64,0.8800,770.97,0.8700,724.00,0.9200,112.87,0.9300,242.15,0.9400,360.34,0.9500,1312.04,0.9600,734.64,2762.04,2659.17,5421.21,2659.17,2762.04,5421.21,0.0100,0.0100,0.0190,-0.0190,0.0816,0.9184,0.1285,0.3390,0.3390,0.1285,-11.2490,215.4650,215.4650,-11.2490
btc-updown-5m-1780095600,1780095728000,172,73325.90,73421.53,95.63,0.0000,0.0000,0.0001,0.0487,0.0040,0.3787,0.002138,0.0378,0.0034,73419.97,0.0000,0.0021,0.0000,0.0000,0.0800,87.87,0.0700,237.15,0.0600,312.34,0.0500,1284.75,0.0400,823.34,0.0900,524.54,0.1000,379.12,0.1100,262.64,0.1200,770.97,0.1300,724.00,0.9100,524.54,0.9000,379.12,0.8900,262.64,0.8800,770.97,0.8700,724.00,0.9200,87.87,0.9300,237.15,0.9400,312.34,0.9500,1284.75,0.9600,823.34,2745.45,2661.27,5406.72,2661.27,2745.45,5406.72,0.0100,0.0100,0.0156,-0.0156,0.0814,0.9186,0.1184,0.3396,0.3396,0.1184,-112.9318,16.1150,16.1150,-112.9318
btc-updown-5m-1780095600,1780095729000,171,73325.90,73421.53,95.63,0.0000,0.0000,0.0881,0.0930,0.0040,0.3787,0.002138,0.0406,2.1666,73420.07,0.0000,0.0020,0.0000,0.0000,0.0700,76.04,0.0600,314.34,0.0500,1313.74,0.0400,745.73,0.0300,1620.17,0.0800,224.32,0.0900,317.13,0.1000,448.26,0.1100,231.30,0.1200,763.59,0.9200,224.32,0.9100,317.13,0.9000,448.26,0.8900,231.30,0.8800,763.59,0.9300,76.04,0.9400,314.34,0.9500,1313.74,0.9600,745.73,0.9700,1620.17,4070.02,1984.60,6054.62,1984.60,4070.02,6054.62,0.0100,0.0100,0.3444,-0.3444,0.0725,0.9275,0.0959,0.2728,0.2728,0.0959,185.4589,-123.3373,-123.3128,185.4221
btc-updown-5m-1780095600,1780095730000,170,73325.95,73421.53,95.58,0.0000,0.0000,0.0004,0.0904,0.0020,0.3787,0.002138,0.0403,0.0099,73420.03,0.0000,0.0020,0.0000,0.0000,0.0700,155.11,0.0600,364.34,0.0500,1303.74,0.0400,745.73,0.0300,1583.17,0.0800,291.71,0.0900,317.13,0.1000,304.49,0.1100,253.56,0.1200,763.59,0.9200,291.71,0.9100,317.13,0.9000,304.49,0.8900,253.56,0.8800,763.59,0.9300,155.11,0.9400,364.34,0.9500,1303.74,0.9600,745.73,0.9700,1583.17,4152.09,1930.48,6082.57,1930.48,4152.09,6082.57,0.0100,0.0100,0.3652,-0.3652,0.0735,0.9265,0.1251,0.3154,0.3154,0.1251,179.5422,-119.3212,-119.3212,179.5422
btc-updown-5m-1780095600,1780095731000,169,73325.89,73421.54,95.65,0.0000,0.0000,0.7370,0.8265,0.0060,0.3790,0.002138,0.0641,11.4947,73420.59,0.0000,0.0013,0.0130,0.0000,0.0700,1152.65,0.0600,363.34,0.0500,1302.57,0.0400,846.15,0.0300,1535.64,0.0800,37.82,0.0900,232.37,0.1000,282.06,0.1100,838.15,0.1200,266.29,0.9200,37.82,0.9100,232.37,0.9000,282.06,0.8900,838.15,0.8800,266.29,0.9300,1152.65,0.9400,363.34,0.9500,1302.57,0.9600,846.15,0.9700,1535.64,5200.35,1656.69,6857.04,1656.69,5200.35,6857.04,0.0100,0.0100,0.5168,-0.5168,0.0797,0.9203,0.2915,0.1631,0.1631,0.2915,426.2837,-179.4419,-179.4419,426.2838
btc-updown-5m-1780095600,1780095732000,168,73326.03,73421.54,95.51,0.0000,0.0000,0.0000,0.8256,0.0060,0.3787,0.002138,0.0641,0.0000,73420.58,0.0000,0.0013,0.0000,0.0000,0.0700,478.60,0.0600,350.34,0.0500,1321.70,0.0400,864.54,0.0300,1565.84,0.0800,47.82,0.0900,210.37,0.1000,330.81,0.1100,834.56,0.1200,268.74,0.9200,47.82,0.9100,210.37,0.9000,330.81,0.8900,834.56,0.8800,268.74,0.9300,478.60,0.9400,350.34,0.9500,1321.70,0.9600,864.54,0.9700,1565.84,4581.02,1692.30,6273.32,1692.30,4581.02,6273.32,0.0100,0.0100,0.4605,-0.4605,0.0791,0.9209,0.1810,0.1526,0.1526,0.1810,289.2782,-163.8083,-163.8083,289.2782
btc-updown-5m-1780095600,1780095733000,167,73326.03,73421.54,95.51,0.0000,0.0000,0.0000,0.8255,0.0060,0.3783,0.002138,0.0636,0.0000,73420.54,0.0000,0.0014,0.0000,0.0000,0.0700,455.60,0.0600,350.34,0.0500,1321.70,0.0400,864.54,0.0300,1565.84,0.0800,133.43,0.0900,200.37,0.1000,330.81,0.1100,834.56,0.1200,268.74,0.9200,133.43,0.9100,200.37,0.9000,330.81,0.8900,834.56,0.8800,268.74,0.9300,455.60,0.9400,350.34,0.9500,1321.70,0.9600,864.54,0.9700,1565.84,4558.02,1767.91,6325.93,1767.91,4558.02,6325.93,0.0100,0.0100,0.4411,-0.4411,0.0777,0.9223,0.1768,0.1888,0.1888,0.1768,385.8174,-190.1575,-190.2385,385.9817
btc-updown-5m-1780095600,1780095734000,166,73327.78,73421.54,93.76,0.0000,0.0000,0.0000,0.7374,0.0040,0.3780,0.002138,0.0630,0.0000,73420.49,0.0000,0.0014,0.0000,0.0000,0.0700,489.37,0.0600,355.34,0.0500,1287.05,0.0400,955.06,0.0300,1565.84,0.0800,138.43,0.0900,256.37,0.1000,759.00,0.1100,829.19,0.1200,291.72,0.9200,138.43,0.9100,256.37,0.9000,759.00,0.8900,829.19,0.8800,291.72,0.9300,489.37,0.9400,355.34,0.9500,1287.05,0.9600,955.06,0.9700,1565.84,4652.66,2274.71,6927.37,2274.71,4652.66,6927.37,0.0100,0.0100,0.3433,-0.3433,0.0778,0.9222,0.1816,0.1736,0.1736,0.1816,80.1374,85.7256,85.7256,80.1374
btc-updown-5m-1780095600,1780095735000,165,73330.34,73421.54,91.20,0.0000,0.0000,0.0011,0.7381,0.0040,0.3777,0.002138,0.0631,0.0170,73420.49,0.0000,0.0014,0.0000,0.0000,0.0700,406.28,0.0600,355.34,0.0500,1316.21,0.0400,846.15,0.0300,1481.64,0.0800,168.32,0.0900,258.37,0.1000,747.74,0.1100,843.62,0.1200,291.72,0.9200,168.32,0.9100,258.37,0.9000,747.74,0.8900,843.62,0.8800,291.72,0.9300,406.28,0.9400,355.34,0.9500,1316.21,0.9600,846.15,0.9700,1481.64,4405.62,2309.77,6715.39,2309.77,4405.62,6715.39,0.0100,0.0100,0.3121,-0.3121,0.0771,0.9229,0.1729,0.1847,0.1847,0.1729,34.6633,57.0494,57.0494,34.6633
btc-updown-5m-1780095600,1780095736000,164,73330.34,73421.53,91.19,-0.0000,-0.0000,0.0018,0.0028,0.0020,0.3780,0.002138,0.0623,0.0283,73420.41,-0.0000,0.0015,-0.0124,-0.0000,0.0700,442.78,0.0600,355.34,0.0500,1321.80,0.0400,894.88,0.0300,1512.41,0.0800,168.32,0.0900,129.99,0.1000,724.06,0.1100,867.45,0.1200,284.59,0.9200,168.32,0.9100,129.99,0.9000,724.06,0.8900,867.45,0.8800,284.59,0.9300,442.78,0.9400,355.34,0.9500,1321.80,0.9600,894.88,0.9700,1512.41,4527.21,2174.41,6701.62,2174.41,4527.21,6701.62,0.0100,0.0100,0.3511,-0.3511,0.0772,0.9228,0.1763,0.1372,0.1372,0.1763,45.9559,72.1321,72.1455,45.9645
btc-updown-5m-1780095600,1780095737000,163,73330.34,73421.54,91.20,0.0000,0.0000,0.0174,0.0203,0.0040,0.3783,0.002138,0.0628,0.2773,73420.42,0.0000,0.0015,0.0124,0.0000,0.0700,442.78,0.0600,355.34,0.0500,1321.80,0.0400,894.88,0.0300,1512.41,0.0800,168.32,0.0900,129.99,0.1000,724.06,0.1100,867.45,0.1200,284.59,0.9200,168.32,0.9100,129.99,0.9000,724.06,0.8900,867.45,0.8800,284.59,0.9300,442.78,0.9400,355.34,0.9500,1321.80,0.9600,894.88,0.9700,1512.41,4527.21,2174.41,6701.62,2174.41,4527.21,6701.62,0.0100,0.0100,0.3511,-0.3511,0.0772,0.9228,0.1763,0.1372,0.1372,0.1763,-146.0490,112.3281,112.3280,-146.0490
btc-updown-5m-1780095600,1780095738000,162,73330.49,73424.77,94.28,0.0044,0.0044,0.1334,0.1536,0.6500,0.4860,0.002293,0.0671,1.9870,73420.70,0.0006,0.0055,4.1478,0.0001,0.0700,415.08,0.0600,355.34,0.0500,1321.80,0.0400,879.88,0.0300,1502.41,0.0800,264.41,0.0900,93.99,0.1000,753.06,0.1100,865.14,0.1200,284.59,0.9200,264.41,0.9100,93.99,0.9000,753.06,0.8900,865.14,0.8800,284.59,0.9300,415.08,0.9400,355.34,0.9500,1321.80,0.9600,879.88,0.9700,1502.41,4474.51,2261.19,6735.70,2261.19,4474.51,6735.70,0.0100,0.0100,0.3286,-0.3286,0.0761,0.9239,0.1722,0.1585,0.1585,0.1722,-15.8463,93.6015,93.5483,-15.8373
btc-updown-5m-1780095600,1780095739000,161,73328.59,73424.77,96.18,0.0000,0.0044,0.0023,0.1560,0.6520,0.4863,0.002293,0.0672,0.0348,73420.70,0.0006,0.0055,0.0000,0.0000,0.0700,690.88,0.0600,444.17,0.0500,1292.66,0.0400,867.70,0.0300,1523.64,0.0800,11.33,0.0900,50.99,0.1000,288.06,0.1100,216.72,0.1200,288.07,0.9200,11.33,0.9100,50.99,0.9000,288.06,0.8900,216.72,0.8800,288.07,0.9300,690.88,0.9400,444.17,0.9500,1292.66,0.9600,867.70,0.9700,1523.64,4819.05,855.17,5674.22,855.17,4819.05,5674.22,0.0100,0.0100,0.6986,-0.6986,0.0798,0.9202,0.2355,0.0729,0.0729,0.2355,37.0326,-261.1813,-261.1317,37.0256
btc-updown-5m-1780095600,1780095740000,160,73329.89,73424.76,94.87,-0.0000,0.0044,0.0046,0.1596,0.6540,0.4867,0.002293,0.0660,0.0704,73420.59,0.0005,0.0057,-0.0129,-0.0000,0.0700,508.35,0.0600,382.34,0.0500,1464.58,0.0400,708.99,0.0300,1554.34,0.0800,9.50,0.0900,244.12,0.1000,308.16,0.1100,218.27,0.1200,745.65,0.9200,9.50,0.9100,244.12,0.9000,308.16,0.8900,218.27,0.8800,745.65,0.9300,508.35,0.9400,382.34,0.9500,1464.58,0.9600,708.99,0.9700,1554.34,4618.60,1525.70,6144.30,1525.70,4618.60,6144.30,0.0100,0.0100,0.5034,-0.5034,0.0798,0.9202,0.1928,0.1662,0.1662,0.1928,-5.6890,-125.1061,-125.1061,-5.6890
btc-updown-5m-1780095600,1780095741000,159,73330.18,73424.76,94.58,0.0000,0.0044,0.0003,0.1581,0.6520,0.4863,0.002293,0.0659,0.0043,73420.58,0.0005,0.0057,0.0000,0.0000,0.0600,180.66,0.0500,1208.35,0.0400,688.40,0.0300,1369.96,0.0200,3054.60,0.0700,118.68,0.0800,308.16,0.0900,143.99,0.1000,341.89,0.1100,207.55,0.9300,118.68,0.9200,308.16,0.9100,143.99,0.9000,341.89,0.8900,207.55,0.9400,180.66,0.9500,1208.35,0.9600,688.40,0.9700,1369.96,0.9800,3054.60,6501.97,1120.27,7622.24,1120.27,6501.97,7622.24,0.0100,0.0100,0.7061,-0.7061,0.0660,0.9340,0.2136,0.3810,0.3810,0.2136,347.9419,-197.4274,-197.4602,347.9997
btc-updown-5m-1780095600,1780095742000,158,73330.05,73424.76,94.71,0.0000,0.0044,0.0000,0.1407,0.6500,0.2183,0.001087,0.0650,0.0000,73420.50,0.0005,0.0058,0.0000,0.0000,0.0500,1323.52,0.0400,838.62,0.0300,1430.14,0.0200,3128.94,0.0100,8184.61,0.0600,258.59,0.0700,492.92,0.0800,216.61,0.0900,291.29,0.1000,367.53,0.9400,258.59,0.9300,492.92,0.9200,216.61,0.9100,291.29,0.9000,367.53,0.9500,1323.52,0.9600,838.62,0.9700,1430.14,0.9800,3128.94,0.9900,8184.61,14905.83,1626.94,16532.77,1626.94,14905.83,16532.77,0.0100,0.0100,0.8032,-0.8032,0.0584,0.9416,0.1451,0.4619,0.4619,0.1451,2136.3337,-136.0805,-136.0805,2136.3338
btc-updown-5m-1780095600,1780095743000,157,73327.43,73424.76,97.33,0.0000,-0.0000,0.0000,0.0073,0.0040,0.2180,0.001087,0.0399,0.0000,73421.85,-0.0000,0.0040,0.0000,0.0000,0.0500,1367.90,0.0400,833.62,0.0300,1435.14,0.0200,3158.94,0.0100,8153.06,0.0600,371.63,0.0700,446.46,0.0800,373.42,0.0900,151.38,0.1000,367.11,0.9400,371.63,0.9300,446.46,0.9200,373.42,0.9100,151.38,0.9000,367.11,0.9500,1367.90,0.9600,833.62,0.9700,1435.14,0.9800,3158.94,0.9900,8153.06,14948.66,1710.00,16658.66,1710.00,14948.66,16658.66,0.0100,0.0100,0.7947,-0.7947,0.0579,0.9421,0.1473,0.4784,0.4784,0.1473,1845.1018,-102.4578,-102.4398,1844.7778
btc-updown-5m-1780095600,1780095744000,156,73327.43,73424.77,97.34,0.0000,0.0000,0.0568,0.0618,0.0040,0.2183,0.001087,0.0417,1.3623,73421.98,0.0000,0.0038,0.0133,0.0000,0.0500,1367.90,0.0400,833.62,0.0300,1435.14,0.0200,3158.94,0.0100,8153.06,0.0600,371.63,0.0700,446.46,0.0800,373.42,0.0900,151.38,0.1000,367.11,0.9400,371.63,0.9300,446.46,0.9200,373.42,0.9100,151.38,0.9000,367.11,0.9500,1367.90,0.9600,833.62,0.9700,1435.14,0.9800,3158.94,0.9900,8153.06,14948.66,1710.00,16658.66,1710.00,14948.66,16658.66,0.0100,0.0100,0.7947,-0.7947,0.0579,0.9421,0.1473,0.4784,0.4784,0.1473,2100.8141,175.2506,175.2135,2100.3700
btc-updown-5m-1780095600,1780095745000,155,73325.74,73424.77,99.03,0.0000,0.0000,0.0030,0.0601,0.0020,0.2183,0.001087,0.0418,0.0708,73421.99,0.0000,0.0038,0.0000,0.0000,0.0500,1394.21,0.0400,666.70,0.0300,1581.84,0.0200,2348.94,0.0100,8153.06,0.0600,342.32,0.0700,575.74,0.0800,373.42,0.0900,155.66,0.1000,336.89,0.9400,342.32,0.9300,575.74,0.9200,373.42,0.9100,155.66,0.9000,336.89,0.9500,1394.21,0.9600,666.70,0.9700,1581.84,0.9800,2348.94,0.9900,8153.06,14144.75,1784.03,15928.78,1784.03,14144.75,15928.78,0.0100,0.0100,0.7760,-0.7760,0.0580,0.9420,0.1457,0.5146,0.5146,0.1457,1613.5014,135.1004,135.1004,1613.5015
btc-updown-5m-1780095600,1780095746000,154,73325.79,73424.77,98.98,0.0000,0.0000,0.0000,0.0598,0.0020,0.2180,0.001087,0.0418,0.0000,73421.99,0.0000,0.0038,0.0000,0.0000,0.0500,1372.90,0.0400,666.70,0.0300,1604.84,0.0200,3113.94,0.0100,8163.06,0.0600,352.32,0.0700,580.74,0.0800,373.42,0.0900,155.66,0.1000,336.89,0.9400,352.32,0.9300,580.74,0.9200,373.42,0.9100,155.66,0.9000,336.89,0.9500,1372.90,0.9600,666.70,0.9700,1604.84,0.9800,3113.94,0.9900,8163.06,14921.44,1799.03,16720.47,1799.03,14921.44,16720.47,0.0100,0.0100,0.7848,-0.7848,0.0580,0.9420,0.1367,0.5186,0.5186,0.1367,2037.8819,41.8839,41.8839,2037.8819
btc-updown-5m-1780095600,1780095747000,153,73325.94,73424.77,98.83,0.0000,0.0000,0.0000,0.0598,0.0020,0.2180,0.001087,0.0417,0.0000,73422.00,0.0000,0.0038,0.0000,0.0000,0.0500,1309.44,0.0400,666.70,0.0300,1440.14,0.0200,3177.94,0.0100,8153.06,0.0600,384.66,0.0700,592.44,0.0800,371.12,0.0900,155.66,0.1000,352.64,0.9400,384.66,0.9300,592.44,0.9200,371.12,0.9100,155.66,0.9000,352.64,0.9500,1309.44,0.9600,666.70,0.9700,1440.14,0.9800,3177.94,0.9900,8153.06,14747.28,1856.52,16603.80,1856.52,14747.28,16603.80,0.0100,0.0100,0.7764,-0.7764,0.0577,0.9423,0.1340,0.5263,0.5263,0.1340,1384.4431,1.5451,1.5451,1384.4431
btc-updown-5m-1780095600,1780095748000,152,73325.94,73424.77,98.83,0.0000,0.0000,0.0000,0.0598,0.0020,0.2177,0.001087,0.0417,0.0000,73422.00,0.0000,0.0038,0.0000,0.0000,0.0500,1309.44,0.0400,666.70,0.0300,1440.14,0.0200,3177.94,0.0100,8153.06,0.0600,384.66,0.0700,592.44,0.0800,371.12,0.0900,155.66,0.1000,352.64,0.9400,384.66,0.9300,592.44,0.9200,371.12,0.9100,155.66,0.9000,352.64,0.9500,1309.44,0.9600,666.70,0.9700,1440.14,0.9800,3177.94,0.9900,8153.06,14747.28,1856.52,16603.80,1856.52,14747.28,16603.80,0.0100,0.0100,0.7764,-0.7764,0.0577,0.9423,0.1340,0.5263,0.5263,0.1340,-32.3439,46.8339,46.8339,-32.3439
btc-updown-5m-1780095600,1780095749000,151,73325.88,73424.77,98.89,0.0000,0.0000,0.0005,0.0035,0.0000,0.2177,0.001087,0.0416,0.0127,73422.01,0.0000,0.0038,0.0000,0.0000,0.0500,1270.87,0.0400,832.73,0.0300,1440.14,0.0200,3177.94,0.0100,8148.06,0.0600,394.35,0.0700,579.07,0.0800,371.12,0.0900,113.40,0.1000,352.67,0.9400,394.35,0.9300,579.07,0.9200,371.12,0.9100,113.40,0.9000,352.67,0.9500,1270.87,0.9600,832.73,0.9700,1440.14,0.9800,3177.94,0.9900,8148.06,14869.74,1810.61,16680.35,1810.61,14869.74,16680.35,0.0100,0.0100,0.7829,-0.7829,0.0576,0.9424,0.1415,0.5376,0.5376,0.1415,-13.6484,3.6831,3.6900,-13.6737
btc-updown-5m-1780095600,1780095750000,150,73326.96,73424.77,97.81,0.0000,0.0000,0.0005,0.0010,0.0020,0.1120,0.000790,0.0412,0.0119,73422.05,0.0000,0.0037,0.0000,0.0000,0.0500,697.57,0.0400,832.73,0.0300,1440.14,0.0200,3177.94,0.0100,8158.06,0.0600,597.50,0.0700,864.79,0.0800,371.93,0.0900,135.66,0.1000,352.61,0.9400,597.50,0.9300,864.79,0.9200,371.93,0.9100,135.66,0.9000,352.61,0.9500,697.57,0.9600,832.73,0.9700,1440.14,0.9800,3177.94,0.9900,8158.06,14306.44,2322.49,16628.93,2322.49,14306.44,16628.93,0.0100,0.0100,0.7207,-0.7207,0.0554,0.9446,0.1070,0.6296,0.6296,0.1070,-113.4403,96.2224,96.3630,-113.6060
btc-updown-5m-1780095600,1780095751000,149,73326.01,73424.77,98.76,0.0000,0.0000,0.0000,0.0010,0.0020,0.1117,0.000790,0.0407,0.0000,73422.05,0.0000,0.0037,0.0000,0.0000,0.0500,618.84,0.0400,676.70,0.0300,1606.43,0.0200,3177.94,0.0100,8168.06,0.0600,379.96,0.0700,873.93,0.0800,371.93,0.0900,135.66,0.1000,352.66,0.9400,379.96,0.9300,873.93,0.9200,371.93,0.9100,135.66,0.9000,352.66,0.9500,618.84,0.9600,676.70,0.9700,1606.43,0.9800,3177.94,0.9900,8168.06,14247.97,2114.14,16362.11,2114.14,14247.97,16362.11,0.0100,0.0100,0.7416,-0.7416,0.0562,0.9438,0.0909,0.5931,0.5931,0.0909,17.9264,57.3307,57.3307,17.9264
btc-updown-5m-1780095600,1780095752000,148,73326.01,73424.77,98.76,0.0000,0.0000,0.0000,0.0010,0.0020,0.1117,0.000790,0.0403,0.0000,73422.06,0.0000,0.0037,0.0000,0.0000,0.0500,514.48,0.0400,676.70,0.0300,1639.77,0.0200,3180.94,0.0100,8158.06,0.0600,414.58,0.0700,860.93,0.0800,362.19,0.0900,185.66,0.1000,348.89,0.9400,414.58,0.9300,860.93,0.9200,362.19,0.9100,185.66,0.9000,348.89,0.9500,514.48,0.9600,676.70,0.9700,1639.77,0.9800,3180.94,0.9900,8158.06,14169.95,2172.25,16342.20,2172.25,14169.95,16342.20,0.0100,0.0100,0.7342,-0.7342,0.0555,0.9445,0.0841,0.5872,0.5872,0.0841,-105.8901,70.7682,70.7819,-105.9106
btc-updown-5m-1780095600,1780095753000,147,73325.88,73424.77,98.89,0.0000,0.0000,0.0018,0.0028,0.0020,0.1113,0.000790,0.0355,0.0493,73422.13,0.0000,0.0036,0.0000,0.0000,0.0500,473.65,0.0400,642.80,0.0300,1639.77,0.0200,3180.94,0.0100,8153.06,0.0600,442.03,0.0700,894.00,0.0800,195.38,0.0900,194.66,0.1000,353.89,0.9400,442.03,0.9300,894.00,0.9200,195.38,0.9100,194.66,0.9000,353.89,0.9500,473.65,0.9600,642.80,0.9700,1639.77,0.9800,3180.94,0.9900,8153.06,14090.22,2079.96,16170.18,2079.96,14090.22,16170.18,0.0100,0.0100,0.7427,-0.7427,0.0552,0.9448,0.0792,0.6423,0.6423,0.0792,-109.2732,37.1595,37.1657,-109.2914
btc-updown-5m-1780095600,1780095754000,146,73325.83,73424.77,98.94,0.0000,0.0000,0.0581,0.0604,0.0020,0.1110,0.000790,0.0373,1.5592,73422.27,0.0000,0.0034,0.0000,0.0000,0.0500,27.84,0.0400,642.80,0.0300,1681.77,0.0200,3307.26,0.0100,8153.06,0.0600,549.02,0.0700,967.29,0.0800,187.20,0.0900,194.66,0.1000,353.89,0.9400,549.02,0.9300,967.29,0.9200,187.20,0.9100,194.66,0.9000,353.89,0.9500,27.84,0.9600,642.80,0.9700,1681.77,0.9800,3307.26,0.9900,8153.06,13812.73,2252.06,16064.79,2252.06,13812.73,16064.79,0.0100,0.0100,0.7196,-0.7196,0.0505,0.9495,0.0486,0.6733,0.6733,0.0486,-213.0639,88.9841,88.9841,-213.0639
btc-updown-5m-1780095600,1780095755000,145,73325.83,73424.77,98.94,0.0000,0.0000,0.0021,0.0619,0.0000,0.1107,0.000790,0.0359,0.0570,73422.30,0.0000,0.0034,0.0000,0.0000,0.0500,21.00,0.0400,647.80,0.0300,1681.77,0.0200,3312.26,0.0100,8158.06,0.0600,502.02,0.0700,1239.50,0.0800,196.20,0.0900,170.66,0.1000,368.29,0.9400,502.02,0.9300,1239.50,0.9200,196.20,0.9100,170.66,0.9000,368.29,0.9500,21.00,0.9600,647.80,0.9700,1681.77,0.9800,3312.26,0.9900,8158.06,13820.89,2476.67,16297.56,2476.67,13820.89,16297.56,0.0100,0.0100,0.6961,-0.6961,0.0504,0.9496,0.0484,0.7032,0.7032,0.0484,-195.0870,115.7140,115.7140,-195.0870
btc-updown-5m-1780095600,1780095756000,144,73325.81,73424.77,98.96,0.0000,0.0000,0.0008,0.0627,0.0000,0.1107,0.000790,0.0359,0.0226,73422.31,0.0000,0.0034,0.0000,0.0000,0.0400,794.18,0.0300,1676.77,0.0200,3296.26,0.0100,8028.06,,,0.0500,444.88,0.0600,492.43,0.0700,1092.65,0.0800,196.20,0.0900,175.66,0.9500,444.88,0.9400,492.43,0.9300,1092.65,0.9200,196.20,0.9100,175.66,0.9600,794.18,0.9700,1676.77,0.9800,3296.26,0.9900,8028.06,,,13795.27,2401.82,16197.09,2401.82,13795.27,16197.09,0.0100,0.0100,0.7034,-0.7034,0.0464,0.9536,,0.3902,0.3902,,-85.0173,13.8632,13.0413,-85.0173
btc-updown-5m-1780095600,1780095757000,143,73326.15,73424.77,98.62,0.0000,0.0000,0.0000,0.0627,0.0000,0.1107,0.000790,0.0358,0.0000,73422.31,0.0000,0.0034,0.0000,0.0000,0.0400,780.64,0.0300,1686.77,0.0200,3301.26,0.0100,8003.06,,,0.0500,537.88,0.0600,334.90,0.0700,1026.29,0.0800,196.20,0.0900,170.66,0.9500,537.88,0.9400,334.90,0.9300,1026.29,0.9200,196.20,0.9100,170.66,0.9600,780.64,0.9700,1686.77,0.9800,3301.26,0.9900,8003.06,,,13771.73,2265.93,16037.66,2265.93,13771.73,16037.66,0.0100,0.0100,0.7174,-0.7174,0.0459,0.9541,,0.3852,0.3852,,-88.2439,27.6638,27.6589,-88.2285
btc-updown-5m-1780095600,1780095758000,142,73325.86,73424.77,98.91,0.0000,0.0000,0.0010,0.0620,0.0000,0.1107,0.000790,0.0358,0.0276,73422.31,0.0000,0.0034,0.0000,0.0000,0.0400,780.64,0.0300,1686.77,0.0200,3301.26,0.0100,8003.06,,,0.0500,537.88,0.0600,334.90,0.0700,1026.29,0.0800,196.20,0.0900,170.66,0.9500,537.88,0.9400,334.90,0.9300,1026.29,0.9200,196.20,0.9100,170.66,0.9600,780.64,0.9700,1686.77,0.9800,3301.26,0.9900,8003.06,,,13771.73,2265.93,16037.66,2265.93,13771.73,16037.66,0.0100,0.0100,0.7174,-0.7174,0.0459,0.9541,,0.3852,0.3852,,-84.2869,18.9253,18.9214,-84.2698
btc-updown-5m-1780095600,1780095759000,141,73326.34,73424.77,98.43,0.0000,0.0000,0.0007,0.0045,0.0000,0.1103,0.000790,0.0359,0.0190,73422.31,-0.0000,0.0033,0.0000,0.0000,0.0400,814.52,0.0300,1710.11,0.0200,3301.26,0.0100,7998.06,,,0.0500,517.73,0.0600,334.90,0.0700,868.93,0.0800,218.46,0.0900,107.25,0.9500,517.73,0.9400,334.90,0.9300,868.93,0.9200,218.46,0.9100,107.25,0.9600,814.52,0.9700,1710.11,0.9800,3301.26,0.9900,7998.06,,,13823.95,2047.27,15871.22,2047.27,13823.95,15871.22,0.0100,0.0100,0.7420,-0.7420,0.0461,0.9539,,0.4165,0.4165,,-43.7512,-5.3713,-5.3705,-43.7440
btc-updown-5m-1780095600,1780095760000,140,73326.37,73424.76,98.39,-0.0000,-0.0000,0.0009,0.0034,0.0020,0.1107,0.000790,0.0330,0.0275,73422.38,-0.0000,0.0032,-0.0134,-0.0000,0.0400,1252.40,0.0300,1834.32,0.0200,3075.94,0.0100,8169.08,,,0.0500,13.46,0.0600,273.97,0.0700,736.73,0.0800,223.76,0.0900,82.40,0.9500,13.46,0.9400,273.97,0.9300,736.73,0.9200,223.76,0.9100,82.40,0.9600,1252.40,0.9700,1834.32,0.9800,3075.94,0.9900,8169.08,,,14331.74,1330.32,15662.06,1330.32,14331.74,15662.06,0.0100,0.0100,0.8301,-0.8301,0.0499,0.9501,,0.2161,0.2161,,96.0786,-212.7309,-212.7309,96.0786
btc-updown-5m-1780095600,1780095761000,139,73326.36,73424.77,98.41,0.0000,0.0000,0.0015,0.0041,0.0040,0.1103,0.000790,0.0331,0.0450,73422.38,0.0000,0.0032,0.0134,0.0000,0.0500,570.82,0.0400,804.78,0.0300,1724.10,0.0200,2648.94,0.0100,8189.08,0.0600,273.53,0.0700,931.38,0.0800,182.89,0.0900,82.40,0.1000,383.09,0.9400,230.68,0.9300,903.75,0.9200,222.89,0.9100,82.40,0.9000,383.09,0.9500,588.82,0.9600,825.78,0.9700,1687.10,0.9800,2648.94,0.9900,8189.08,13937.72,1853.29,15791.01,1822.81,13939.72,15762.53,0.0100,0.0100,0.7653,-0.7687,0.0568,0.9428,0.0987,0.6501,0.6224,0.1015,27.8451,-65.9156,-76.5239,30.2084
btc-updown-5m-1780095600,1780095762000,138,73326.36,73424.77,98.41,0.0000,0.0000,0.0015,0.0056,0.0060,0.1107,0.000790,0.0094,0.1646,73424.54,0.0000,0.0003,0.0000,0.0000,0.0500,668.89,0.0400,773.78,0.0300,1678.12,0.0200,2789.48,0.0100,8032.68,0.0600,263.53,0.0700,731.73,0.0800,170.52,0.0900,103.40,0.1000,347.15,0.9400,263.53,0.9300,731.73,0.9200,170.52,0.9100,103.40,0.9000,347.15,0.9500,668.89,0.9600,773.78,0.9700,1678.12,0.9800,2789.48,0.9900,8032.68,13942.95,1616.33,15559.28,1616.33,13942.95,15559.28,0.0100,0.0100,0.7922,-0.7922,0.0572,0.9428,0.1035,0.6158,0.6158,0.1035,25.6688,-129.5204,-129.6280,25.6901
btc-updown-5m-1780095600,1780095763000,137,73330.27,73424.77,94.50,0.0000,0.0000,0.0000,0.0046,0.0060,0.1107,0.000790,0.0094,0.0000,73424.54,0.0000,0.0003,0.0000,0.0000,0.0500,557.72,0.0400,847.30,0.0300,1650.56,0.0200,3244.19,0.0100,7896.32,0.0600,190.19,0.0700,731.73,0.0800,141.48,0.0900,114.33,0.1000,788.89,0.9400,190.19,0.9300,731.73,0.9200,141.48,0.9100,114.33,0.9000,788.89,0.9500,557.72,0.9600,847.30,0.9700,1650.56,0.9800,3244.19,0.9900,7896.32,14196.09,1966.62,16162.71,1966.62,14196.09,16162.71,0.0100,0.0100,0.7566,-0.7566,0.0575,0.9425,0.0990,0.4688,0.4688,0.0990,69.0578,-48.7079,-48.7158,69.0690
btc-updown-5m-1780095600,1780095764000,136,73331.45,73424.77,93.32,0.0000,0.0000,0.0007,0.0046,0.0060,0.1107,0.000790,0.0094,0.0725,73424.54,0.0000,0.0003,0.0000,0.0000,0.0500,706.83,0.0400,853.05,0.0300,1650.56,0.0200,3234.19,0.0100,7901.32,0.0600,180.19,0.0700,726.73,0.0800,146.48,0.0900,83.33,0.1000,781.89,0.9400,180.19,0.9300,726.73,0.9200,146.48,0.9100,83.33,0.9000,781.89,0.9500,706.83,0.9600,853.05,0.9700,1650.56,0.9800,3234.19,0.9900,7901.32,14345.95,1918.62,16264.57,1918.62,14345.95,16264.57,0.0100,0.0100,0.7641,-0.7641,0.0580,0.9420,0.1087,0.4727,0.4727,0.1087,93.4981,-35.2782,-35.2782,93.4981
btc-updown-5m-1780095600,1780095765000,135,73331.54,73424.77,93.23,0.0000,0.0000,0.0002,0.0039,0.0040,0.1107,0.000790,0.0094,0.0192,73424.54,0.0000,0.0003,0.0000,0.0000,0.0500,680.78,0.0400,853.05,0.0300,1484.27,0.0200,3239.19,0.0100,7906.32,0.0600,184.88,0.0700,731.73,0.0800,146.48,0.0900,113.33,0.1000,767.89,0.9400,184.88,0.9300,731.73,0.9200,146.48,0.9100,113.33,0.9000,767.89,0.9500,680.78,0.9600,853.05,0.9700,1484.27,0.9800,3239.19,0.9900,7906.32,14163.61,1944.31,16107.92,1944.31,14163.61,16107.92,0.0100,0.0100,0.7586,-0.7586,0.0579,0.9421,0.1083,0.4714,0.4714,0.1083,60.8086,-12.6671,-12.6671,60.8086
btc-updown-5m-1780095600,1780095766000,134,73331.54,73424.77,93.23,0.0000,0.0000,0.0044,0.0068,0.0020,0.1103,0.000790,0.0095,0.4666,73424.56,-0.0000,0.0003,0.0000,0.0000,0.0500,667.00,0.0400,898.05,0.0300,1533.26,0.0200,3387.92,0.0100,7911.32,0.0600,184.88,0.0700,731.73,0.0800,173.48,0.0900,86.28,0.1000,767.89,0.9400,184.88,0.9300,731.73,0.9200,173.48,0.9100,86.28,0.9000,767.89,0.9500,667.00,0.9600,898.05,0.9700,1533.26,0.9800,3387.92,0.9900,7911.32,14397.55,1944.26,16341.81,1944.26,14397.55,16341.81,0.0100,0.0100,0.7621,-0.7621,0.0578,0.9422,0.1087,0.4714,0.4714,0.1087,275.6302,113.8988,113.8988,275.6302
btc-updown-5m-1780095600,1780095767000,133,73331.56,73424.77,93.21,0.0000,0.0000,0.0000,0.0053,0.0000,0.1100,0.000790,0.0094,0.0000,73424.58,0.0000,0.0003,0.0000,0.0000,0.0400,782.89,0.0300,1527.95,0.0200,3348.28,0.0100,7947.97,,,0.0600,401.70,0.0700,815.73,0.0800,230.91,0.0900,89.40,0.1000,806.56,0.9400,401.70,0.9300,815.73,0.9200,230.91,0.9100,89.40,0.9000,806.56,0.9600,782.89,0.9700,1527.95,0.9800,3348.28,0.9900,7947.97,,,13607.09,2344.30,15951.39,2344.30,13607.09,15951.39,0.0200,0.0200,0.7061,-0.7061,0.0532,0.9468,,0.5193,0.5193,,-55.4098,82.2876,82.3290,-55.4376
btc-updown-5m-1780095600,1780095768000,132,73331.51,73424.77,93.26,0.0000,0.0000,0.0000,0.0053,0.0000,0.0023,0.000005,0.0089,0.0000,73424.77,0.0000,0.0000,0.0000,0.0000,0.0400,1008.32,0.0300,1566.17,0.0200,3348.28,0.0100,7937.97,,,0.0500,147.10,0.0600,336.99,0.0700,695.73,0.0800,209.42,0.0900,94.40,0.9500,147.10,0.9400,336.99,0.9300,695.73,0.9200,209.42,0.9100,94.40,0.9600,1008.32,0.9700,1566.17,0.9800,3348.28,0.9900,7937.97,,,13860.74,1483.64,15344.38,1483.64,13860.74,15344.38,0.0100,0.0100,0.8066,-0.8066,0.0487,0.9513,,0.3263,0.3263,,-15.0320,-24.2622,-24.2622,-15.0320
btc-updown-5m-1780095600,1780095769000,131,73331.51,73424.77,93.26,0.0000,0.0000,0.0442,0.0488,0.0020,0.0023,0.000005,0.0060,7.3694,73424.77,0.0000,0.0000,0.0000,0.0000,0.0400,711.60,0.0300,1561.17,0.0200,3353.28,0.0100,8010.50,,,0.0500,130.74,0.0600,383.55,0.0700,697.28,0.0800,224.28,0.0900,94.40,0.9500,130.74,0.9400,383.55,0.9300,697.28,0.9200,224.28,0.9100,94.40,0.9600,711.60,0.9700,1561.17,0.9800,3353.28,0.9900,8010.50,,,13636.55,1530.25,15166.80,1530.25,13636.55,15166.80,0.0100,0.0100,0.7982,-0.7982,0.0484,0.9516,,0.3361,0.3361,,-92.5931,-72.2108,-72.2108,-92.5931
btc-updown-5m-1780095600,1780095770000,130,73330.81,73424.77,93.96,0.0000,0.0000,0.0278,0.0764,0.0040,0.0023,0.000004,0.0068,4.0730,73424.77,0.0000,0.0000,0.0000,0.0000,0.0400,662.72,0.0300,1629.16,0.0200,3353.28,0.0100,8005.50,,,0.0500,404.74,0.0600,345.87,0.0700,809.72,0.0800,234.28,0.0900,89.40,0.9500,404.74,0.9400,345.87,0.9300,809.72,0.9200,234.28,0.9100,89.40,0.9600,662.72,0.9700,1629.16,0.9800,3353.28,0.9900,8005.50,,,13650.66,1884.01,15534.67,1884.01,13650.66,15534.67,0.0100,0.0100,0.7574,-0.7574,0.0462,0.9538,,0.3984,0.3984,,-132.1091,-6.5761,-6.5748,-132.0840
btc-updown-5m-1780095600,1780095771000,129,73330.25,73424.76,94.51,-0.0000,-0.0000,0.4505,0.5225,0.0060,0.0027,0.000005,0.0212,21.2495,73424.76,-0.0000,-0.0000,-0.0129,-0.0000,0.0400,571.53,0.0300,1200.61,0.0200,3479.60,0.0100,8000.50,,,0.0500,430.06,0.0600,187.81,0.0700,805.15,0.0800,219.20,0.0900,89.40,0.9500,430.06,0.9400,187.81,0.9300,805.15,0.9200,219.20,0.9100,89.40,0.9600,571.53,0.9700,1200.61,0.9800,3479.60,0.9900,8000.50,,,13252.24,1731.62,14983.86,1731.62,13252.24,14983.86,0.0100,0.0100,0.7689,-0.7689,0.0457,0.9543,,0.3568,0.3568,,-154.6005,-36.0797,-36.0797,-154.6005
btc-updown-5m-1780095600,1780095772000,128,73330.34,73424.77,94.43,0.0000,0.0000,0.0002,0.5227,0.0080,0.0030,0.000006,0.0212,0.0113,73424.76,0.0000,0.0000,0.0129,0.0000,0.0400,552.53,0.0300,1235.61,0.0200,3229.28,0.0100,8149.50,,,0.0500,335.30,0.0600,347.20,0.0700,826.58,0.0800,198.20,0.0900,97.21,0.9500,335.30,0.9400,347.20,0.9300,826.58,0.9200,198.20,0.9100,97.21,0.9600,552.53,0.9700,1235.61,0.9800,3229.28,0.9900,8149.50,,,13166.92,1804.49,14971.41,1804.49,13166.92,14971.41,0.0100,0.0100,0.7589,-0.7589,0.0462,0.9538,,0.3782,0.3782,,-59.3196,-91.9538,-91.9538,-59.3196
btc-updown-5m-1780095600,1780095773000,127,73330.37,73424.77,94.40,0.0000,0.0000,0.0001,0.5228,0.0080,0.0030,0.000006,0.0212,0.0061,73424.76,0.0000,0.0000,0.0000,0.0000,0.0400,656.39,0.0300,1263.95,0.0200,3390.60,0.0100,8179.50,,,0.0500,300.21,0.0600,188.90,0.0700,838.58,0.0800,194.30,0.0900,120.66,0.9500,300.21,0.9400,188.90,0.9300,838.58,0.9200,194.30,0.9100,120.66,0.9600,656.39,0.9700,1263.95,0.9800,3390.60,0.9900,8179.50,,,13490.44,1642.65,15133.09,1642.65,13490.44,15133.09,0.0100,0.0100,0.7829,-0.7829,0.0469,0.9531,,0.2978,0.2978,,-13.5883,-120.0070,-120.1323,-13.6025
btc-updown-5m-1780095600,1780095774000,126,73330.37,73424.77,94.40,0.0000,0.0000,0.0996,0.5782,0.0060,0.0027,0.000005,0.0244,4.0783,73424.76,0.0000,0.0000,0.0000,0.0000,0.0400,656.39,0.0300,1263.95,0.0200,3390.60,0.0100,8179.50,,,0.0500,300.21,0.0600,188.90,0.0700,838.58,0.0800,194.30,0.0900,120.66,0.9500,300.21,0.9400,188.90,0.9300,838.58,0.9200,194.30,0.9100,120.66,0.9600,656.39,0.9700,1263.95,0.9800,3390.60,0.9900,8179.50,,,13490.44,1642.65,15133.09,1642.65,13490.44,15133.09,0.0100,0.0100,0.7829,-0.7829,0.0469,0.9531,,0.2978,0.2978,,-36.9765,32.0230,32.0230,-36.9765
btc-updown-5m-1780095600,1780095775000,125,73330.38,73424.77,94.39,0.0000,0.0000,0.0001,0.5505,0.0040,0.0027,0.000005,0.0226,0.0040,73424.76,0.0000,0.0000,0.0000,0.0000,0.0400,656.39,0.0300,1263.95,0.0200,3390.60,0.0100,8179.50,,,0.0500,300.21,0.0600,188.90,0.0700,838.58,0.0800,194.30,0.0900,120.66,0.9500,300.21,0.9400,188.90,0.9300,838.58,0.9200,194.30,0.9100,120.66,0.9600,656.39,0.9700,1263.95,0.9800,3390.60,0.9900,8179.50,,,13490.44,1642.65,15133.09,1642.65,13490.44,15133.09,0.0100,0.0100,0.7829,-0.7829,0.0469,0.9531,,0.2978,0.2978,,-41.3792,31.8323,31.8323,-41.3792
btc-updown-5m-1780095600,1780095776000,124,73330.39,73424.77,94.38,0.0000,0.0000,0.0014,0.1015,0.0040,0.0030,0.000005,0.0225,0.0643,73424.76,0.0000,0.0000,0.0000,0.0000,0.0400,586.48,0.0300,1358.16,0.0200,2334.28,0.0100,8474.50,,,0.0500,298.30,0.0600,198.90,0.0700,843.15,0.0800,188.20,0.0900,579.54,0.9500,298.30,0.9400,198.90,0.9300,843.15,0.9200,188.20,0.9100,579.54,0.9600,586.48,0.9700,1358.16,0.9800,2334.28,0.9900,8474.50,,,12753.42,2108.09,14861.51,2108.09,12753.42,14861.51,0.0100,0.0100,0.7163,-0.7163,0.0466,0.9534,,0.2359,0.2359,,-115.4140,37.0734,37.0801,-115.4347
btc-updown-5m-1780095600,1780095777000,123,73330.39,73424.77,94.38,0.0000,0.0000,0.0000,0.1012,0.0020,0.0030,0.000005,0.0225,0.0000,73424.76,0.0000,0.0000,0.0000,0.0000,0.0400,582.36,0.0300,1358.16,0.0200,2334.28,0.0100,8474.50,,,0.0500,303.30,0.0600,188.90,0.0700,843.15,0.0800,188.20,0.0900,579.54,0.9500,303.30,0.9400,188.90,0.9300,843.15,0.9200,188.20,0.9100,579.54,0.9600,582.36,0.9700,1358.16,0.9800,2334.28,0.9900,8474.50,,,12749.30,2103.09,14852.39,2103.09,12749.30,14852.39,0.0100,0.0100,0.7168,-0.7168,0.0466,0.9534,,0.2340,0.2340,,-97.5257,72.0322,72.0322,-97.5257
btc-updown-5m-1780095600,1780095778000,122,73330.36,73424.77,94.41,0.0000,0.0000,0.0006,0.1017,0.0020,0.0030,0.000005,0.0226,0.0244,73424.76,0.0000,0.0000,0.0000,0.0000,0.0400,771.48,0.0300,1257.96,0.0200,2460.60,0.0100,9047.50,,,0.0500,334.62,0.0600,325.58,0.0700,848.59,0.0800,197.20,0.0900,570.54,0.9500,334.62,0.9400,325.58,0.9300,848.59,0.9200,197.20,0.9100,570.54,0.9600,771.48,0.9700,1257.96,0.9800,2460.60,0.9900,9047.50,,,13537.54,2276.53,15814.07,2276.53,13537.54,15814.07,0.0100,0.0100,0.7121,-0.7121,0.0470,0.9530,,0.2900,0.2900,,47.0191,116.2796,116.2796,47.0191
btc-updown-5m-1780095600,1780095779000,121,73330.36,73424.77,94.41,0.0000,0.0000,0.0303,0.0324,0.0020,0.0030,0.000005,0.0235,1.2865,73424.76,0.0000,0.0000,0.0000,0.0000,0.0400,751.38,0.0300,1257.96,0.0200,2460.60,0.0100,9047.50,,,0.0500,302.40,0.0600,190.52,0.0700,853.59,0.0800,214.46,0.0900,548.28,0.9500,302.40,0.9400,190.52,0.9300,853.59,0.9200,214.46,0.9100,548.28,0.9600,751.38,0.9700,1257.96,0.9800,2460.60,0.9900,9047.50,,,13517.44,2109.25,15626.69,2109.25,13517.44,15626.69,0.0100,0.0100,0.7300,-0.7300,0.0471,0.9529,,0.2337,0.2337,,205.3339,-41.4830,-41.4715,205.2768
btc-updown-5m-1780095600,1780095780000,120,73330.36,73424.77,94.41,0.0000,0.0000,0.0094,0.0417,0.0020,0.0027,0.000005,0.0238,0.3943,73424.76,0.0000,0.0000,0.0000,0.0000,0.0400,760.79,0.0300,1217.30,0.0200,2496.09,0.0100,7507.18,,,0.0500,390.54,0.0600,222.63,0.0700,778.86,0.0800,222.62,0.0900,555.30,0.9500,390.54,0.9400,222.63,0.9300,778.86,0.9200,222.62,0.9100,555.30,0.9600,760.79,0.9700,1217.30,0.9800,2496.09,0.9900,7507.18,,,11981.36,2169.95,14151.31,2169.95,11981.36,14151.31,0.0100,0.0100,0.6933,-0.6933,0.0466,0.9534,,0.2826,0.2826,,-173.8802,-19.2571,-19.2571,-173.8802
btc-updown-5m-1780095600,1780095781000,119,73330.36,73424.76,94.40,-0.0000,-0.0000,0.0076,0.0478,0.0020,0.0030,0.000006,0.0240,0.3140,73424.76,-0.0000,-0.0000,-0.0129,-0.0000,0.0400,911.47,0.0300,970.30,0.0200,2451.59,0.0100,7293.11,,,0.0500,63.21,0.0600,224.81,0.0700,821.98,0.0800,240.32,0.0900,555.30,0.9500,63.21,0.9400,224.81,0.9300,821.98,0.9200,240.32,0.9100,555.30,0.9600,911.47,0.9700,970.30,0.9800,2451.59,0.9900,7293.11,,,11626.47,1905.62,13532.09,1905.62,11626.47,13532.09,0.0100,0.0100,0.7184,-0.7184,0.0494,0.9506,,0.1511,0.1511,,-202.1034,-61.8265,-61.8156,-202.0680
btc-updown-5m-1780095600,1780095782000,118,73330.36,73424.76,94.40,0.0000,-0.0000,0.0000,0.0478,0.0020,0.0030,0.000006,0.0240,0.0000,73424.76,-0.0000,-0.0000,0.0000,0.0000,0.0600,362.00,0.0500,143.04,0.0400,447.40,0.0300,971.64,0.0200,2374.58,0.0700,473.92,0.0800,277.16,0.0900,565.80,0.1000,977.87,0.1100,509.48,0.9300,473.92,0.9200,277.16,0.9100,565.80,0.9000,977.87,0.8900,509.48,0.9400,362.00,0.9500,143.04,0.9600,447.40,0.9700,971.64,0.9800,2374.58,4298.66,2804.23,7102.89,2804.23,4298.66,7102.89,0.0100,0.0100,0.2104,-0.2104,0.0643,0.9357,0.1175,0.2678,0.2678,0.1175,-1463.3143,121.4095,121.4095,-1463.3143
btc-updown-5m-1780095600,1780095783000,117,73329.97,73424.77,94.80,0.0000,0.0000,0.0005,0.0478,0.0040,0.0033,0.000006,0.0241,0.0224,73424.76,0.0000,0.0000,0.0129,0.0000,0.0600,324.42,0.0500,163.04,0.0400,457.40,0.0300,961.64,0.0200,2379.94,0.0700,450.64,0.0800,263.32,0.0900,546.80,0.1000,953.43,0.1100,509.48,0.9300,450.64,0.9200,263.32,0.9100,546.80,0.9000,953.43,0.8900,509.48,0.9400,324.42,0.9500,163.04,0.9600,457.40,0.9700,961.64,0.9800,2379.94,4286.44,2723.67,7010.11,2723.67,4286.44,7010.11,0.0100,0.0100,0.2229,-0.2229,0.0642,0.9358,0.1137,0.2621,0.2621,0.1137,-1823.9550,88.1585,88.1585,-1823.9551
btc-updown-5m-1780095600,1780095784000,116,73330.42,73424.77,94.35,0.0000,0.0000,0.0510,0.0684,0.0040,0.0033,0.000006,0.0256,1.9873,73424.76,0.0000,0.0000,0.0000,0.0000,0.0600,370.44,0.0500,163.04,0.0400,458.55,0.0300,961.64,0.0200,2379.94,0.0700,460.48,0.0800,243.32,0.0900,546.80,0.1000,947.85,0.1100,503.85,0.9300,460.48,0.9200,243.32,0.9100,546.80,0.9000,947.85,0.8900,503.85,0.9400,370.44,0.9500,163.04,0.9600,458.55,0.9700,961.64,0.9800,2379.94,4333.61,2702.30,7035.91,2702.30,4333.61,7035.91,0.0100,0.0100,0.2319,-0.2319,0.0645,0.9355,0.1231,0.2604,0.2604,0.1231,-1533.7327,70.9498,70.9498,-1533.7327
btc-updown-5m-1780095600,1780095785000,115,73330.42,73424.77,94.35,0.0000,0.0000,0.0076,0.0667,0.0040,0.0033,0.000006,0.0240,0.3164,73424.76,0.0000,0.0000,0.0000,0.0000,0.0600,66.29,0.0500,163.04,0.0400,471.55,0.0300,961.64,0.0200,2369.94,0.0700,467.39,0.0800,253.32,0.0900,546.80,0.1000,947.85,0.1100,503.85,0.9300,467.39,0.9200,253.32,0.9100,546.80,0.9000,947.85,0.8900,503.85,0.9400,66.29,0.9500,163.04,0.9600,471.55,0.9700,961.64,0.9800,2369.94,4032.46,2719.21,6751.67,2719.21,4032.46,6751.67,0.0100,0.0100,0.1945,-0.1945,0.0612,0.9388,0.0569,0.2650,0.2650,0.0569,-1654.1646,106.3760,106.3946,-1654.4532
btc-updown-5m-1780095600,1780095786000,114,73330.44,73431.91,101.47,0.0097,0.0097,1.8084,1.8676,1.4300,0.2413,0.001745,0.0823,21.9767,73429.83,0.0003,0.0028,9.8674,0.0001,0.0800,535.71,0.0700,89.18,0.0600,352.29,0.0500,95.00,0.0400,448.55,0.0900,199.42,0.1000,312.55,0.1100,160.15,0.1200,194.26,0.1300,628.00,0.9100,199.42,0.9000,312.55,0.8900,160.15,0.8800,194.26,0.8700,628.00,0.9200,535.71,0.9300,89.18,0.9400,352.29,0.9500,95.00,0.9600,448.55,1520.73,1494.38,3015.11,1494.38,1520.73,3015.11,0.0100,0.0100,0.0087,-0.0087,0.0873,0.9127,0.4109,0.3426,0.3426,0.4109,-1718.8022,-111.0039,-111.0039,-1718.8022
btc-updown-5m-1780095600,1780095787000,113,73330.51,73431.91,101.40,0.0000,0.0097,0.0000,1.8676,1.4300,0.2413,0.001745,0.0823,0.0000,73429.83,0.0003,0.0028,0.0000,0.0000,0.0800,535.71,0.0700,89.18,0.0600,352.29,0.0500,95.00,0.0400,448.55,0.0900,199.42,0.1000,312.55,0.1100,160.15,0.1200,194.26,0.1300,628.00,0.9100,199.42,0.9000,312.55,0.8900,160.15,0.8800,194.26,0.8700,628.00,0.9200,535.71,0.9300,89.18,0.9400,352.29,0.9500,95.00,0.9600,448.55,1520.73,1494.38,3015.11,1494.38,1520.73,3015.11,0.0100,0.0100,0.0087,-0.0087,0.0873,0.9127,0.4109,0.3426,0.3426,0.4109,-2032.9391,-82.7278,-82.7445,-2033.3481
btc-updown-5m-1780095600,1780095788000,112,73335.31,73431.91,96.60,0.0000,0.0097,0.0000,1.8670,1.4280,0.2413,0.001745,0.0823,0.0000,73429.83,0.0003,0.0028,0.0000,0.0000,0.0800,491.95,0.0700,102.18,0.0600,91.32,0.0500,137.40,0.0400,472.45,0.0900,402.61,0.1000,395.43,0.1100,172.85,0.1200,158.59,0.1300,178.00,0.9100,402.61,0.9000,395.43,0.8900,172.85,0.8800,158.59,0.8700,178.00,0.9200,491.95,0.9300,102.18,0.9400,91.32,0.9500,137.40,0.9600,472.45,1295.30,1307.48,2602.78,1307.48,1295.30,2602.78,0.0100,0.0100,-0.0047,0.0047,0.0855,0.9145,0.4587,0.6104,0.6104,0.4587,-531.1921,-264.7241,-264.6564,-520.3154
btc-updown-5m-1780095600,1780095789000,111,73335.31,73432.19,96.88,0.0004,0.0101,0.6441,2.4602,1.4900,0.2517,0.001744,0.1030,6.2529,73430.31,0.0005,0.0026,0.3694,0.0000,0.0800,480.14,0.0700,102.18,0.0600,101.32,0.0500,162.40,0.0400,485.45,0.0900,479.81,0.1000,412.43,0.1100,187.85,0.1200,159.26,0.1300,603.00,0.9100,479.81,0.9000,412.43,0.8900,187.85,0.8800,159.26,0.8700,603.00,0.9200,480.14,0.9300,102.18,0.9400,101.32,0.9500,162.40,0.9600,485.45,1331.49,1842.35,3173.84,1842.35,1331.49,3173.84,0.0100,0.0100,-0.1610,0.1610,0.0850,0.9150,0.4373,0.4843,0.4843,0.4373,-523.3589,-150.1141,-150.1141,-523.3589
btc-updown-5m-1780095600,1780095790000,110,73337.23,73440.55,103.32,0.0114,0.0215,0.3344,2.7870,3.1660,0.5307,0.002639,0.1138,2.9395,73431.28,0.0103,0.0126,11.7631,0.0002,0.0800,832.42,0.0700,68.58,0.0600,96.34,0.0500,134.80,0.0400,507.45,0.1000,163.25,0.1100,101.85,0.1200,88.99,0.1300,70.00,0.1500,452.23,0.9000,163.25,0.8900,101.85,0.8800,88.99,0.8700,70.00,0.8500,452.23,0.9200,832.42,0.9300,68.58,0.9400,96.34,0.9500,134.80,0.9600,507.45,1639.59,876.32,2515.91,876.32,1639.59,2515.91,0.0200,0.0200,0.3034,-0.3034,0.0967,0.9033,0.5495,0.3025,0.3025,0.5495,-434.2392,-294.3230,-294.3230,-434.2392
btc-updown-5m-1780095600,1780095791000,109,73337.26,73440.56,103.30,0.0000,0.0118,0.0021,0.9806,1.7400,0.5307,0.002639,0.1138,0.0184,73431.29,0.0103,0.0126,0.0141,0.0000,0.1100,222.00,0.1000,70.00,0.0900,147.99,0.0800,593.09,0.0700,88.58,0.1200,29.66,0.1300,70.00,0.1400,5.00,0.1500,457.23,0.1700,35.00,0.8800,29.66,0.8700,70.00,0.8600,5.00,0.8500,457.23,0.8300,35.00,0.8900,222.00,0.9000,70.00,0.9100,147.99,0.9200,593.09,0.9300,88.58,1121.66,596.89,1718.55,596.89,1121.66,1718.55,0.0100,0.0100,0.3054,-0.3054,0.1188,0.8812,0.2603,0.1670,0.1670,0.2603,-607.1482,-333.3983,-333.5244,-607.3780
btc-updown-5m-1780095600,1780095792000,108,73343.83,73440.56,96.73,0.0000,0.0118,0.0000,0.9806,1.7400,0.5303,0.002639,0.1138,0.0000,73431.29,0.0075,0.0126,0.0000,0.0000,0.1200,112.88,0.1100,242.00,0.1000,260.00,0.0900,44.15,0.0800,230.31,0.1400,34.21,0.1500,487.23,0.1600,5.00,0.1700,60.00,0.1800,93.80,0.8600,34.21,0.8500,487.23,0.8400,5.00,0.8300,60.00,0.8200,93.80,0.8800,112.88,0.8900,242.00,0.9000,260.00,0.9100,44.15,0.9200,230.31,889.34,680.24,1569.58,680.24,889.34,1569.58,0.0200,0.0200,0.1332,-0.1332,0.1353,0.8647,0.3990,0.7666,0.7666,0.3990,-104.7950,-135.1270,-135.1270,-104.7950
btc-updown-5m-1780095600,1780095793000,107,73346.84,73440.56,93.72,0.0000,0.0118,0.0000,0.9806,1.7400,0.5303,0.002639,0.1137,0.0000,73431.29,0.0075,0.0126,0.0000,0.0000,0.1300,37.78,0.1200,109.68,0.1100,157.71,0.1000,265.00,0.0900,88.14,0.1400,573.79,0.1500,549.39,0.1600,30.59,0.1700,69.19,0.1800,528.80,0.8600,573.79,0.8500,549.39,0.8400,30.59,0.8300,69.19,0.8200,528.80,0.8700,37.78,0.8800,109.68,0.8900,157.71,0.9000,265.00,0.9100,88.14,658.31,1751.76,2410.07,1751.76,658.31,2410.07,0.0100,0.0100,-0.4537,0.4537,0.1306,0.8694,0.2240,0.6412,0.6412,0.2240,-166.1763,123.3848,123.3425,-166.1193
btc-updown-5m-1780095600,1780095794000,106,73346.84,73440.56,93.72,0.0000,0.0114,0.0564,0.3930,1.6780,0.5303,0.002639,0.1155,0.4884,73431.44,0.0071,0.0124,0.0000,0.0000,0.1300,25.86,0.1200,92.68,0.1100,166.81,0.1000,295.00,0.0900,88.14,0.1400,416.75,0.1500,549.39,0.1600,30.59,0.1700,69.19,0.1800,528.80,0.8600,416.75,0.8500,549.39,0.8400,30.59,0.8300,69.19,0.8200,528.80,0.8700,25.86,0.8800,92.68,0.8900,166.81,0.9000,295.00,0.9100,88.14,668.49,1594.72,2263.21,1594.72,668.49,2263.21,0.0100,0.0100,-0.4093,0.4093,0.1306,0.8694,0.1773,0.6058,0.6058,0.1773,-117.8071,-35.2684,-35.2556,-117.7642
btc-updown-5m-1780095600,1780095795000,105,73348.39,73440.56,92.17,0.0000,0.0000,0.0072,0.0657,0.0040,0.5307,0.002639,0.1157,0.0618,73431.46,0.0000,0.0124,0.0000,0.0000,0.1200,66.68,0.1100,227.81,0.1000,285.00,0.0900,62.24,0.0800,244.01,0.1300,447.62,0.1400,271.04,0.1500,487.23,0.1600,41.85,0.1700,69.19,0.8700,447.62,0.8600,271.04,0.8500,487.23,0.8400,41.85,0.8300,69.19,0.8800,66.68,0.8900,227.81,0.9000,285.00,0.9100,62.24,0.9200,244.01,885.74,1316.93,2202.67,1316.93,885.74,2202.67,0.0100,0.0100,-0.1958,0.1958,0.1213,0.8787,0.3325,0.5457,0.5457,0.3325,-128.4287,69.7426,69.7426,-128.4287
btc-updown-5m-1780095600,1780095796000,104,73349.04,73440.56,91.52,0.0000,0.0000,0.0000,0.0636,0.0020,0.5307,0.002639,0.1157,0.0000,73431.46,0.0000,0.0124,0.0000,0.0000,0.1100,211.16,0.1000,285.00,0.0900,83.36,0.0800,255.01,0.0700,132.22,0.1200,340.74,0.1300,71.36,0.1400,67.73,0.1500,493.06,0.1600,41.85,0.8800,340.74,0.8700,71.36,0.8600,67.73,0.8500,493.06,0.8400,41.85,0.8900,211.16,0.9000,285.00,0.9100,83.36,0.9200,255.01,0.9300,132.22,966.75,1014.74,1981.49,1014.74,966.75,1981.49,0.0100,0.0100,-0.0242,0.0242,0.1138,0.8862,0.5132,0.4061,0.4061,0.5132,-114.8911,69.2621,69.2621,-114.8911
btc-updown-5m-1780095600,1780095797000,103,73349.37,73440.56,91.19,0.0000,0.0000,0.0014,0.0650,0.0020,0.5307,0.002639,0.1156,0.0118,73431.47,0.0000,0.0124,0.0000,0.0000,0.1100,122.90,0.1000,302.00,0.0900,77.24,0.0800,252.61,0.0700,132.22,0.1200,290.40,0.1300,71.36,0.1400,67.73,0.1500,503.25,0.1600,27.69,0.8800,290.40,0.8700,71.36,0.8600,67.73,0.8500,503.25,0.8400,27.69,0.8900,122.90,0.9000,302.00,0.9100,77.24,0.9200,252.61,0.9300,132.22,886.97,960.43,1847.40,960.43,886.97,1847.40,0.0100,0.0100,-0.0398,0.0398,0.1130,0.8870,0.4790,0.3767,0.3767,0.4790,-38.6512,58.2246,58.2055,-38.6385
btc-updown-5m-1780095600,1780095798000,102,73349.94,73440.56,90.62,0.0000,0.0000,0.0010,0.0660,0.0020,0.5307,0.002639,0.1157,0.0086,73431.47,0.0000,0.0124,0.0000,0.0000,0.1100,116.52,0.1000,312.00,0.0900,77.24,0.0800,186.61,0.0700,146.56,0.1200,486.68,0.1300,109.90,0.1400,70.73,0.1500,541.41,0.1600,45.38,0.8800,486.68,0.8700,109.90,0.8600,70.73,0.8500,541.41,0.8400,45.38,0.8900,116.52,0.9000,312.00,0.9100,77.24,0.9200,186.61,0.9300,146.56,838.93,1254.10,2093.03,1254.10,838.93,2093.03,0.0100,0.0100,-0.1984,0.1984,0.1119,0.8881,0.5108,0.4757,0.4757,0.5108,4.8593,97.5653,97.3371,-0.1637
btc-updown-5m-1780095600,1780095799000,101,73349.63,73440.56,90.93,0.0000,0.0000,0.0000,0.0095,0.0020,0.5303,0.002639,0.1157,0.0000,73431.47,0.0000,0.0124,0.0000,0.0000,0.1100,35.64,0.1000,312.00,0.0900,88.36,0.0800,186.61,0.0700,161.56,0.1200,499.34,0.1300,130.67,0.1400,87.37,0.1500,535.58,0.1600,45.38,0.8800,499.34,0.8700,130.67,0.8600,87.37,0.8500,535.58,0.8400,45.38,0.8900,35.64,0.9000,312.00,0.9100,88.36,0.9200,186.61,0.9300,161.56,784.17,1298.34,2082.51,1298.34,784.17,2082.51,0.0100,0.0100,-0.2469,0.2469,0.1107,0.8893,0.4433,0.4852,0.4852,0.4433,21.5329,-77.5740,-77.5740,21.5329
btc-updown-5m-1780095600,1780095800000,100,73349.83,73440.56,90.73,0.0000,0.0000,0.0005,0.0029,0.0000,0.5300,0.002639,0.1143,0.0047,73431.56,0.0000,0.0123,0.0000,0.0000,0.1000,170.43,0.0900,79.33,0.0800,196.94,0.0700,184.58,0.0600,217.41,0.1100,1431.24,0.1200,153.74,0.1300,67.24,0.1400,62.49,0.1500,545.77,0.8900,1431.24,0.8800,153.74,0.8700,67.24,0.8600,62.49,0.8500,545.77,0.9000,170.43,0.9100,79.33,0.9200,196.94,0.9300,184.58,0.9400,217.41,848.69,2260.48,3109.17,2260.48,848.69,3109.17,0.0100,0.0100,-0.4541,0.4541,0.1011,0.8989,0.2943,0.7012,0.7012,0.2943,3.5611,109.7052,109.7052,3.5611
btc-updown-5m-1780095600,1780095801000,99,73349.73,73440.56,90.83,0.0000,0.0000,0.0003,0.0032,0.0000,0.5297,0.002639,0.1134,0.0025,73431.61,-0.0000,0.0122,0.0000,0.0000,0.1000,49.29,0.0900,79.33,0.0800,201.94,0.0700,200.29,0.0600,151.15,0.1100,1398.92,0.1200,147.41,0.1300,62.24,0.1400,62.49,0.1500,523.61,0.8900,1398.92,0.8800,147.41,0.8700,62.24,0.8600,62.49,0.8500,523.61,0.9000,49.29,0.9100,79.33,0.9200,201.94,0.9300,200.29,0.9400,151.15,682.00,2194.67,2876.67,2194.67,682.00,2876.67,0.0100,0.0100,-0.5258,0.5258,0.1003,0.8997,0.1886,0.7046,0.7046,0.1886,-34.9109,150.4010,150.4010,-34.9109
btc-updown-5m-1780095600,1780095802000,98,73349.41,73440.56,91.15,0.0000,0.0000,0.0006,0.0024,0.0000,0.5293,0.002639,0.0989,0.0060,73432.62,-0.0000,0.0108,0.0000,0.0000,0.1000,56.00,0.0900,79.33,0.0800,201.94,0.0700,121.00,0.0600,205.89,0.1100,1307.43,0.1200,158.04,0.1300,62.24,0.1400,36.80,0.1500,545.77,0.8900,1307.43,0.8800,158.04,0.8700,62.24,0.8600,36.80,0.8500,545.77,0.9000,56.00,0.9100,79.33,0.9200,201.94,0.9300,121.00,0.9400,205.89,664.16,2110.28,2774.44,2110.28,664.16,2774.44,0.0100,0.0100,-0.5212,0.5212,0.1004,0.8996,0.2038,0.6944,0.6944,0.2038,-56.8338,195.7795,195.7795,-56.8337
btc-updown-5m-1780095600,1780095803000,97,73349.38,73440.56,91.18,0.0000,0.0000,0.0002,0.0016,0.0000,0.5293,0.002639,0.0989,0.0019,73432.62,0.0000,0.0108,0.0000,0.0000,0.1000,14.00,0.0900,49.33,0.0800,201.94,0.0700,123.00,0.0600,159.48,0.1100,1386.52,0.1200,180.96,0.1300,62.24,0.1400,36.80,0.1500,545.77,0.8900,1386.52,0.8800,180.96,0.8700,62.24,0.8600,36.80,0.8500,545.77,0.9000,14.00,0.9100,49.33,0.9200,201.94,0.9300,123.00,0.9400,159.48,547.75,2212.29,2760.04,2212.29,547.75,2760.04,0.0100,0.0100,-0.6031,0.6031,0.1001,0.8999,0.1156,0.7085,0.7085,0.1156,-56.1716,207.2959,207.2959,-56.1716
btc-updown-5m-1780095600,1780095804000,96,73349.61,73440.56,90.95,0.0000,0.0000,0.0857,0.0873,0.0020,0.5297,0.002639,0.1016,0.8431,73432.84,0.0000,0.0105,0.0000,0.0000,0.0600,35.50,0.0500,152.80,0.0400,459.26,0.0300,900.96,0.0200,2616.60,0.0700,183.17,0.0800,74.68,0.0900,125.19,0.1000,71.52,0.1100,1004.04,0.9300,183.17,0.9200,74.68,0.9100,125.19,0.9000,71.52,0.8900,1004.04,0.9400,35.50,0.9500,152.80,0.9600,459.26,0.9700,900.96,0.9800,2616.60,4165.12,1458.60,5623.72,1458.60,4165.12,5623.72,0.0100,0.0100,0.4813,-0.4813,0.0616,0.9384,0.0452,0.1768,0.1768,0.0452,545.4708,34.4289,34.4289,545.4708
btc-updown-5m-1780095600,1780095805000,95,73348.85,73440.56,91.71,0.0000,0.0000,0.0000,0.0867,0.0020,0.5297,0.002639,0.0984,0.0000,73433.10,0.0000,0.0102,0.0000,0.0000,0.0600,95.45,0.0500,159.18,0.0400,459.26,0.0300,890.96,0.0200,1726.60,0.0700,105.16,0.0800,43.42,0.0900,135.19,0.1000,61.00,0.1100,1020.85,0.9300,105.16,0.9200,43.42,0.9100,135.19,0.9000,61.00,0.8900,1020.85,0.9400,95.45,0.9500,159.18,0.9600,459.26,0.9700,890.96,0.9800,1726.60,3331.45,1365.62,4697.07,1365.62,3331.45,4697.07,0.0100,0.0100,0.4185,-0.4185,0.0648,0.9352,0.0764,0.1088,0.1088,0.0764,412.7028,8.6064,8.6064,412.7028
btc-updown-5m-1780095600,1780095806000,94,73348.15,73452.00,103.85,0.0156,0.0156,0.2236,0.3100,2.2900,0.9107,0.003746,0.1056,2.1168,73434.39,0.0044,0.0240,16.1763,0.0002,0.0600,636.13,0.0500,193.51,0.0400,703.77,0.0300,914.64,0.0200,2716.60,0.0700,51.62,0.0800,21.42,0.0900,72.19,0.1000,31.00,0.1100,955.85,0.9300,51.62,0.9200,21.42,0.9100,72.19,0.9000,31.00,0.8900,955.85,0.9400,636.13,0.9500,193.51,0.9600,703.77,0.9700,914.64,0.9800,2716.60,5164.65,1132.08,6296.73,1132.08,5164.65,6296.73,0.0100,0.0100,0.6404,-0.6404,0.0692,0.9308,0.1606,0.0645,0.0645,0.1606,768.9887,-202.6945,-202.6945,768.9887
btc-updown-5m-1780095600,1780095807000,93,73346.45,73459.76,113.31,0.0106,0.0261,0.0976,0.4070,3.8420,1.1693,0.004094,0.1087,0.8976,73435.13,0.0113,0.0335,11.9712,0.0002,0.1200,50.43,0.1000,158.00,0.0900,384.22,0.0800,248.78,0.0700,625.80,0.1500,286.13,0.1900,74.00,0.2000,18.76,0.2100,10.00,0.2200,19.23,0.8500,286.13,0.8100,74.00,0.8000,18.76,0.7900,10.00,0.7800,19.23,0.8800,50.43,0.9000,158.00,0.9100,384.22,0.9200,248.78,0.9300,625.80,1467.23,408.12,1875.35,408.12,1467.23,1875.35,0.0300,0.0300,0.5648,-0.5648,0.1245,0.8755,0.1421,0.8824,0.8824,0.1421,140.8653,-315.2617,-315.3185,140.8906
btc-updown-5m-1780095600,1780095808000,92,73355.81,73459.75,103.94,-0.0000,0.0261,0.0019,0.4088,3.8440,1.1697,0.004094,0.1088,0.0176,73435.15,0.0113,0.0335,-0.0141,-0.0000,0.2000,112.00,0.1900,478.29,0.1800,67.02,0.1700,25.00,0.1600,15.00,0.2300,9.40,0.2400,5.72,0.2500,66.34,0.2600,35.00,0.2700,105.41,0.7700,9.40,0.7600,5.72,0.7500,66.34,0.7400,35.00,0.7300,105.41,0.8000,112.00,0.8100,478.29,0.8200,67.02,0.8300,25.00,0.8400,15.00,697.31,221.87,919.18,221.87,697.31,919.18,0.0300,0.0300,0.5172,-0.5172,0.2277,0.7723,0.8465,0.0681,0.0681,0.8465,5.4087,-308.1106,-308.1106,5.4087
btc-updown-5m-1780095600,1780095809000,91,73355.81,73459.75,103.94,0.0000,0.0261,0.0000,0.3231,3.8420,1.1697,0.004094,0.1088,0.0000,73435.15,0.0112,0.0335,0.0000,0.0000,0.2300,399.34,0.2200,48.00,0.2100,26.00,0.2000,26.00,0.1900,74.91,0.2400,150.49,0.2500,53.00,0.2600,22.00,0.2700,68.24,0.2800,85.45,0.7600,150.49,0.7500,53.00,0.7400,22.00,0.7300,68.24,0.7200,85.45,0.7700,399.34,0.7800,48.00,0.7900,26.00,0.8000,26.00,0.8100,74.91,574.25,379.18,953.43,379.18,574.25,953.43,0.0100,0.0100,0.2046,-0.2046,0.2373,0.7627,0.7790,0.5367,0.5367,0.7790,-18.5461,-317.8105,-317.8105,-18.5461
btc-updown-5m-1780095600,1780095810000,90,73364.59,73459.75,95.16,0.0000,0.0261,0.2097,0.5328,3.8420,1.1697,0.004094,0.1146,1.8310,73436.69,0.0044,0.0314,0.0000,0.0000,0.2300,356.17,0.2200,56.00,0.2100,16.00,0.2000,16.00,0.1900,70.56,0.2400,115.88,0.2500,33.00,0.2600,50.00,0.2700,49.24,0.2800,85.45,0.7600,115.88,0.7500,33.00,0.7400,50.00,0.7300,49.24,0.7200,85.45,0.7700,356.17,0.7800,56.00,0.7900,16.00,0.8000,16.00,0.8100,70.56,514.73,333.57,848.30,333.57,514.73,848.30,0.0100,0.0100,0.2136,-0.2136,0.2375,0.7625,0.8007,0.4463,0.4463,0.8007,-612.8227,-180.1925,-180.1925,-612.8227
btc-updown-5m-1780095600,1780095811000,89,73365.34,73459.76,94.42,0.0000,0.0106,0.0036,0.3129,1.5560,1.1697,0.004094,0.1144,0.0317,73436.74,0.0044,0.0313,0.0129,0.0000,0.1200,14.10,0.1100,64.30,0.1000,475.80,0.0900,126.26,0.0800,239.81,0.1300,10.76,0.2100,21.74,0.2400,394.98,0.2500,228.00,0.2600,174.70,0.8700,10.76,0.7900,21.74,0.7600,394.98,0.7500,228.00,0.7400,174.70,0.8800,14.10,0.8900,64.30,0.9000,475.80,0.9100,126.26,0.9200,239.81,920.27,830.18,1750.45,830.18,920.27,1750.45,0.0100,0.0100,0.0515,-0.0515,0.1257,0.8743,0.0852,0.0391,0.0391,0.0852,-637.5993,-100.1102,-100.1102,-637.5993
btc-updown-5m-1780095600,1780095812000,88,73365.39,73459.76,94.37,0.0000,0.0000,0.0024,0.2177,0.0040,1.1697,0.004094,0.1142,0.0210,73436.79,0.0000,0.0313,0.0000,0.0000,0.1300,40.00,0.1200,24.49,0.1100,75.65,0.1000,475.80,0.0900,126.15,0.1400,40.28,0.1500,200.00,0.1600,27.10,0.1700,16.00,0.1800,42.98,0.8600,40.28,0.8500,200.00,0.8400,27.10,0.8300,16.00,0.8200,42.98,0.8700,40.00,0.8800,24.49,0.8900,75.65,0.9000,475.80,0.9100,126.15,742.09,326.36,1068.45,326.36,742.09,1068.45,0.0100,0.0100,0.3891,-0.3891,0.1350,0.8650,0.0869,0.7362,0.7362,0.0869,-295.0116,-158.6339,-158.6339,-295.0116
btc-updown-5m-1780095600,1780095813000,87,73363.02,73459.75,96.73,-0.0000,0.0000,0.0005,0.2163,0.0040,1.1697,0.004094,0.1142,0.0044,73436.79,-0.0000,0.0313,-0.0132,-0.0000,0.1200,223.77,0.1100,66.55,0.1000,502.82,0.0900,142.27,0.0800,122.31,0.1300,330.45,0.1400,160.34,0.1500,210.85,0.1600,81.00,0.1700,98.00,0.8700,330.45,0.8600,160.34,0.8500,210.85,0.8400,81.00,0.8300,98.00,0.8800,223.77,0.8900,66.55,0.9000,502.82,0.9100,142.27,0.9200,122.31,1057.72,880.64,1938.36,880.64,1057.72,1938.36,0.0100,0.0100,0.0914,-0.0914,0.1240,0.8760,0.2745,0.5573,0.5573,0.2745,-63.7508,-32.8560,-32.8560,-63.7508
btc-updown-5m-1780095600,1780095814000,86,73361.27,73459.76,98.49,0.0000,0.0000,0.0012,0.2175,0.0060,1.1700,0.004094,0.1142,0.0105,73436.80,0.0000,0.0313,0.0134,0.0000,0.1200,372.92,0.1100,118.67,0.1000,527.82,0.0900,192.27,0.0800,207.31,0.1300,16.59,0.1400,121.11,0.1500,168.00,0.1600,46.00,0.1700,26.00,0.8700,16.59,0.8600,121.11,0.8500,168.00,0.8400,46.00,0.8300,26.00,0.8800,372.92,0.8900,118.67,0.9000,527.82,0.9100,192.27,0.9200,207.31,1418.99,377.70,1796.69,377.70,1418.99,1796.69,0.0100,0.0100,0.5796,-0.5796,0.1296,0.8704,0.3464,0.3646,0.3646,0.3464,189.1583,44.8109,44.8182,189.1893
btc-updown-5m-1780095600,1780095815000,85,73360.85,73459.75,98.90,-0.0000,0.0000,0.0002,0.0079,0.0080,1.1703,0.004094,0.1126,0.0017,73436.98,-0.0000,0.0310,-0.0135,-0.0000,0.1200,300.29,0.1100,124.03,0.1000,527.82,0.0900,202.27,0.0800,177.31,0.1400,114.11,0.1500,168.00,0.1600,51.91,0.1700,26.00,0.1800,58.57,0.8600,114.11,0.8500,168.00,0.8400,51.91,0.8300,26.00,0.8200,58.57,0.8800,300.29,0.8900,124.03,0.9000,527.82,0.9100,202.27,0.9200,177.31,1331.72,418.59,1750.31,418.59,1331.72,1750.31,0.0200,0.0200,0.5217,-0.5217,0.1345,0.8655,0.3186,0.6740,0.6740,0.3186,133.2338,14.5746,14.5746,133.2338
btc-updown-5m-1780095600,1780095816000,84,73360.53,73459.75,99.22,0.0000,-0.0000,0.0000,0.0043,0.0060,0.9323,0.003813,0.1124,0.0000,73437.00,-0.0000,0.0310,0.0000,0.0000,0.1200,300.29,0.1100,124.03,0.1000,527.82,0.0900,202.27,0.0800,177.31,0.1400,114.11,0.1500,168.00,0.1600,51.91,0.1700,26.00,0.1800,58.57,0.8600,114.11,0.8500,168.00,0.8400,51.91,0.8300,26.00,0.8200,58.57,0.8800,300.29,0.8900,124.03,0.9000,527.82,0.9100,202.27,0.9200,177.31,1331.72,418.59,1750.31,418.59,1331.72,1750.31,0.0200,0.0200,0.5217,-0.5217,0.1345,0.8655,0.3186,0.6740,0.6740,0.3186,193.1418,20.0993,20.0993,193.1418
btc-updown-5m-1780095600,1780095817000,83,73360.54,73459.76,99.22,0.0000,0.0000,0.0008,0.0027,0.0080,0.9327,0.003812,0.0540,0.0154,73442.51,0.0000,0.0235,0.0135,0.0000,0.1300,173.57,0.1200,193.38,0.1100,118.23,0.1000,591.24,0.0900,125.16,0.1400,191.34,0.1500,167.00,0.1600,56.00,0.1700,51.98,0.1800,52.13,0.8600,191.34,0.8500,167.00,0.8400,56.00,0.8300,51.98,0.8200,52.13,0.8700,173.57,0.8800,193.38,0.8900,118.23,0.9000,591.24,0.9100,125.16,1201.58,518.45,1720.03,518.45,1201.58,1720.03,0.0100,0.0100,0.3972,-0.3972,0.1348,0.8652,0.3054,0.6912,0.6912,0.3054,44.0581,-58.9721,-58.9721,44.0581
btc-updown-5m-1780095600,1780095818000,82,73360.54,73459.75,99.21,-0.0000,0.0000,0.0091,0.0113,0.0080,0.9330,0.003813,0.0543,0.1678,73442.60,-0.0000,0.0233,-0.0135,-0.0000,0.1300,89.22,0.1200,302.94,0.1100,60.08,0.1000,571.68,0.0900,116.26,0.1400,12.15,0.1500,168.57,0.1600,53.91,0.1700,51.98,0.1800,53.00,0.8600,12.15,0.8500,168.57,0.8400,53.91,0.8300,51.98,0.8200,53.00,0.8700,89.22,0.8800,302.94,0.8900,60.08,0.9000,571.68,0.9100,116.26,1140.18,339.61,1479.79,339.61,1140.18,1479.79,0.0100,0.0100,0.5410,-0.5410,0.1388,0.8612,0.3439,0.5321,0.5321,0.3439,57.3998,-1.7198,-1.7198,57.3998
btc-updown-5m-1780095600,1780095819000,81,73361.77,73459.76,97.99,0.0000,0.0000,0.0279,0.0381,0.0080,0.9230,0.003816,0.0552,0.5052,73442.88,0.0000,0.0230,0.0133,0.0000,0.1400,175.67,0.1300,132.06,0.1200,408.53,0.1100,53.30,0.1000,547.28,0.1500,30.00,0.1600,74.98,0.1700,61.98,0.1800,59.04,0.1900,36.00,0.8500,30.00,0.8400,74.98,0.8300,61.98,0.8200,59.04,0.8100,36.00,0.8600,175.67,0.8700,132.06,0.8800,408.53,0.8900,53.30,0.9000,547.28,1316.84,262.00,1578.84,262.00,1316.84,1578.84,0.0100,0.0100,0.6681,-0.6681,0.1485,0.8515,0.2337,0.4007,0.4007,0.2337,44.4492,-99.3885,-99.3885,44.4492
btc-updown-5m-1780095600,1780095820000,80,73361.84,73459.76,97.92,0.0000,0.0000,0.0000,0.0379,0.0060,0.6437,0.003324,0.0345,0.0000,73449.33,0.0000,0.0142,0.0000,0.0000,0.1500,332.05,0.1400,119.00,0.1300,138.01,0.1200,113.75,0.1100,122.13,0.1600,15.50,0.1700,73.98,0.1800,39.00,0.1900,54.32,0.2000,26.00,0.8400,15.50,0.8300,73.98,0.8200,39.00,0.8100,54.32,0.8000,26.00,0.8500,332.05,0.8600,119.00,0.8700,138.01,0.8800,113.75,0.8900,122.13,824.94,208.80,1033.74,208.80,824.94,1033.74,0.0100,0.0100,0.5960,-0.5960,0.1596,0.8404,0.5468,0.4285,0.4285,0.5468,-94.6969,-28.8696,-28.8696,-94.6969
btc-updown-5m-1780095600,1780095821000,79,73360.76,73459.75,98.99,-0.0000,0.0000,0.0062,0.0440,0.0080,0.6437,0.003324,0.0239,0.2584,73453.38,-0.0000,0.0087,-0.0135,-0.0000,0.1500,134.90,0.1400,89.00,0.1300,95.01,0.1200,140.40,0.1100,87.02,0.1600,8.75,0.1700,71.98,0.1800,57.10,0.1900,46.00,0.2000,51.00,0.8400,8.75,0.8300,71.98,0.8200,57.10,0.8100,46.00,0.8000,51.00,0.8500,134.90,0.8600,89.00,0.8700,95.01,0.8800,140.40,0.8900,87.02,546.33,234.83,781.16,234.83,546.33,781.16,0.0100,0.0100,0.3988,-0.3988,0.1594,0.8406,0.4098,0.3438,0.3438,0.4098,-59.5563,-102.5993,-102.5993,-59.5563
btc-updown-5m-1780095600,1780095822000,78,73360.84,73459.75,98.91,0.0000,-0.0000,0.0027,0.0459,0.0060,0.6437,0.003324,0.0239,0.1138,73453.44,-0.0000,0.0086,0.0000,0.0000,0.1600,92.17,0.1500,18.82,0.1400,69.00,0.1300,95.01,0.1200,84.49,0.1700,45.88,0.1800,85.14,0.1900,46.00,0.2000,51.00,0.2100,113.46,0.8300,45.88,0.8200,85.14,0.8100,46.00,0.8000,51.00,0.7900,113.46,0.8400,92.17,0.8500,18.82,0.8600,69.00,0.8700,95.01,0.8800,84.49,359.49,341.48,700.97,341.48,359.49,700.97,0.0100,0.0100,0.0257,-0.0257,0.1667,0.8333,0.3087,0.3837,0.3837,0.3087,-82.7271,-68.7853,-68.7853,-82.7271
btc-updown-5m-1780095600,1780095823000,77,73361.03,73459.75,98.72,0.0000,0.0000,0.0000,0.0368,0.0040,0.6437,0.003324,0.0239,0.0000,73453.44,-0.0000,0.0086,0.0000,0.0000,0.1600,33.87,0.1500,35.33,0.1400,57.00,0.1300,64.00,0.1200,84.49,0.1700,110.46,0.1800,205.02,0.1900,36.00,0.2000,51.00,0.2100,108.46,0.8300,110.46,0.8200,205.02,0.8100,36.00,0.8000,51.00,0.7900,108.46,0.8400,33.87,0.8500,35.33,0.8600,57.00,0.8700,64.00,0.8800,84.49,274.69,510.94,785.63,510.94,274.69,785.63,0.0100,0.0100,-0.3007,0.3007,0.1623,0.8377,0.2519,0.6175,0.6175,0.2519,-155.3921,-2.1658,-2.1654,-155.3664
btc-updown-5m-1780095600,1780095824000,76,73361.24,73457.58,96.34,-0.0030,-0.0030,0.5286,0.5375,0.4380,0.7163,0.003391,0.0409,12.9099,73455.17,-0.0002,0.0033,-2.8460,-0.0000,0.1400,81.52,0.1300,84.00,0.1200,82.68,0.1100,68.30,0.1000,546.69,0.1700,80.12,0.1800,72.10,0.1900,67.11,0.2000,61.00,0.2100,76.30,0.8300,80.12,0.8200,72.10,0.8100,67.11,0.8000,61.00,0.7900,76.30,0.8600,81.52,0.8700,84.00,0.8800,82.68,0.8900,68.30,0.9000,546.69,863.19,356.63,1219.82,356.63,863.19,1219.82,0.0300,0.0300,0.4153,-0.4153,0.1551,0.8449,0.1918,0.4268,0.4268,0.1918,-49.0587,-0.4025,-0.4025,-49.0587
btc-updown-5m-1780095600,1780095825000,75,73361.33,73457.58,96.25,0.0000,-0.0030,0.0186,0.5560,0.4400,0.7163,0.003391,0.0397,0.4670,73455.87,-0.0000,0.0023,0.0000,0.0000,0.1000,416.43,0.0900,54.46,0.0800,155.28,0.0700,48.58,0.0600,158.46,0.1100,191.23,0.1200,92.55,0.1300,101.30,0.1400,76.81,0.1500,350.80,0.8900,191.23,0.8800,92.55,0.8700,101.30,0.8600,76.81,0.8500,350.80,0.9000,416.43,0.9100,54.46,0.9200,155.28,0.9300,48.58,0.9400,158.46,833.21,812.69,1645.90,812.69,833.21,1645.90,0.0100,0.0100,0.0125,-0.0125,0.1069,0.8931,0.5652,0.3492,0.3492,0.5652,-75.7438,74.9419,74.9298,-75.7316
btc-updown-5m-1780095600,1780095826000,74,73361.21,73457.57,96.36,-0.0000,-0.0030,0.0010,0.5509,0.4400,0.7167,0.003391,0.0395,0.0253,73455.96,-0.0001,0.0022,-0.0131,-0.0000,0.1000,416.43,0.0900,74.46,0.0800,118.47,0.0700,252.23,0.0600,183.82,0.1100,134.22,0.1200,116.66,0.1300,118.07,0.1400,238.92,0.1500,164.80,0.8900,134.22,0.8800,116.66,0.8700,118.07,0.8600,238.92,0.8500,164.80,0.9000,416.43,0.9100,74.46,0.9200,118.47,0.9300,252.23,0.9400,183.82,1045.41,772.67,1818.08,772.67,1045.41,1818.08,0.0100,0.0100,0.1500,-0.1500,0.1076,0.8924,0.4696,0.3247,0.3247,0.4696,40.3717,103.2540,103.2540,40.3717
btc-updown-5m-1780095600,1780095827000,73,73359.68,73457.58,97.90,0.0000,-0.0030,0.0001,0.5482,0.4420,0.7170,0.003391,0.0395,0.0018,73455.96,-0.0000,0.0022,0.0133,0.0000,0.1000,420.11,0.0900,86.46,0.0800,93.45,0.0700,77.60,0.0600,183.82,0.1100,119.22,0.1200,106.98,0.1300,101.30,0.1400,76.81,0.1500,169.80,0.8900,119.22,0.8800,106.98,0.8700,101.30,0.8600,76.81,0.8500,169.80,0.9000,420.11,0.9100,86.46,0.9200,93.45,0.9300,77.60,0.9400,183.82,861.44,574.11,1435.55,574.11,861.44,1435.55,0.0100,0.0100,0.2002,-0.2002,0.1078,0.8922,0.5881,0.3940,0.3940,0.5881,43.7561,54.2218,54.2218,43.7561
btc-updown-5m-1780095600,1780095828000,72,73358.05,73457.58,99.53,0.0000,-0.0030,0.0001,0.5483,0.4420,0.7170,0.003391,0.0395,0.0025,73455.98,0.0000,0.0022,0.0000,0.0000,0.1000,405.11,0.0900,86.46,0.0800,104.92,0.0700,328.41,0.0600,198.46,0.1100,59.11,0.1200,106.98,0.1300,261.74,0.1400,89.00,0.1500,189.99,0.8900,59.11,0.8800,106.98,0.8700,261.74,0.8600,89.00,0.8500,189.99,0.9000,405.11,0.9100,86.46,0.9200,104.92,0.9300,328.41,0.9400,198.46,1123.36,706.82,1830.18,706.82,1123.36,1830.18,0.0100,0.0100,0.2276,-0.2276,0.1087,0.8913,0.4376,0.2350,0.2350,0.4376,124.7104,57.7842,57.7937,124.7310
btc-updown-5m-1780095600,1780095829000,71,73357.73,73457.58,99.85,0.0000,0.0000,0.0836,0.1033,0.0060,0.7170,0.003391,0.0422,1.9833,73456.09,0.0000,0.0020,0.0000,0.0000,0.1000,399.55,0.0900,86.46,0.0800,120.28,0.0700,296.60,0.0600,207.94,0.1100,53.00,0.1200,106.98,0.1300,284.75,0.1400,94.16,0.1500,189.99,0.8900,53.00,0.8800,106.98,0.8700,284.75,0.8600,94.16,0.8500,189.99,0.9000,399.55,0.9100,86.46,0.9200,120.28,0.9300,296.60,0.9400,207.94,1110.83,728.88,1839.71,728.88,1110.83,1839.71,0.0100,0.0100,0.2076,-0.2076,0.1088,0.8912,0.4375,0.2195,0.2195,0.4375,140.5277,36.6286,36.6347,140.5514
btc-updown-5m-1780095600,1780095830000,70,73357.75,73457.57,99.82,-0.0000,-0.0000,0.0026,0.0874,0.0060,0.7173,0.003391,0.0422,0.0616,73456.10,-0.0000,0.0020,-0.0136,-0.0000,0.1000,324.57,0.0900,113.70,0.0800,104.92,0.0700,370.59,0.0600,167.01,0.1100,34.80,0.1200,112.55,0.1300,284.75,0.1400,105.98,0.1500,212.15,0.8900,34.80,0.8800,112.55,0.8700,284.75,0.8600,105.98,0.8500,212.15,0.9000,324.57,0.9100,113.70,0.9200,104.92,0.9300,370.59,0.9400,167.01,1080.79,750.23,1831.02,750.23,1080.79,1831.02,0.0100,0.0100,0.1805,-0.1805,0.1090,0.8910,0.4055,0.1964,0.1964,0.4055,35.6604,64.5034,64.5034,35.6604
btc-updown-5m-1780095600,1780095831000,69,73357.79,73457.57,99.78,0.0000,0.0000,0.0000,0.0864,0.0040,0.7173,0.003391,0.0422,0.0000,73456.10,-0.0000,0.0020,0.0000,0.0000,0.1000,328.22,0.0900,81.70,0.0800,104.92,0.0700,293.60,0.0600,157.01,0.1100,39.03,0.1200,190.95,0.1300,278.74,0.1400,94.70,0.1500,207.15,0.8900,39.03,0.8800,190.95,0.8700,278.74,0.8600,94.70,0.8500,207.15,0.9000,328.22,0.9100,81.70,0.9200,104.92,0.9300,293.60,0.9400,157.01,965.45,810.57,1776.02,810.57,965.45,1776.02,0.0100,0.0100,0.0872,-0.0872,0.1089,0.8911,0.4246,0.2837,0.2837,0.4246,23.7117,-0.3801,-0.3802,23.7159
btc-updown-5m-1780095600,1780095832000,68,73357.84,73457.57,99.73,0.0000,-0.0000,0.0044,0.0907,0.0020,0.7173,0.003391,0.0424,0.1046,73456.11,-0.0000,0.0020,0.0000,0.0000,0.1100,3.00,0.1000,355.12,0.0900,54.46,0.0800,68.91,0.0700,133.60,0.1200,290.10,0.1300,111.12,0.1400,111.69,0.1500,207.15,0.1600,106.10,0.8800,290.10,0.8700,111.12,0.8600,111.69,0.8500,207.15,0.8400,106.10,0.8900,3.00,0.9000,355.12,0.9100,54.46,0.9200,68.91,0.9300,133.60,615.09,826.16,1441.25,826.16,615.09,1441.25,0.0100,0.0100,-0.1464,0.1464,0.1101,0.8899,0.5822,0.4856,0.4856,0.5822,-46.7513,39.9980,40.0060,-46.7606
btc-updown-5m-1780095600,1780095833000,67,73357.84,73457.57,99.73,0.0000,-0.0000,0.0010,0.0916,0.0020,0.7173,0.003391,0.0424,0.0236,73456.12,-0.0000,0.0020,0.0000,0.0000,0.1100,103.69,0.1000,314.39,0.0900,101.63,0.0800,63.91,0.0700,335.59,0.1200,144.92,0.1300,290.25,0.1400,111.00,0.1500,185.18,0.1600,106.10,0.8800,144.92,0.8700,290.25,0.8600,111.00,0.8500,185.18,0.8400,106.10,0.8900,103.69,0.9000,314.39,0.9100,101.63,0.9200,63.91,0.9300,335.59,919.21,837.45,1756.66,837.45,919.21,1756.66,0.0100,0.0100,0.0465,-0.0465,0.1142,0.8858,0.4548,0.5196,0.5196,0.4548,11.6406,36.1481,36.1542,11.6426
btc-updown-5m-1780095600,1780095834000,66,73357.70,73457.58,99.88,0.0000,0.0000,0.0037,0.0117,0.0040,0.7173,0.003391,0.0425,0.0864,73456.13,0.0000,0.0020,0.0136,0.0000,0.1100,147.99,0.1000,358.85,0.0900,54.46,0.0800,68.91,0.0700,132.60,0.1200,130.71,0.1300,119.30,0.1400,130.85,0.1500,195.18,0.1600,106.10,0.8800,130.71,0.8700,119.30,0.8600,130.85,0.8500,195.18,0.8400,106.10,0.8900,147.99,0.9000,358.85,0.9100,54.46,0.9200,68.91,0.9300,132.60,762.81,682.14,1444.95,682.14,762.81,1444.95,0.0100,0.0100,0.0558,-0.0558,0.1153,0.8847,0.6644,0.3665,0.3665,0.6644,-62.6934,-4.2914,-1.8193,-54.0972
btc-updown-5m-1780095600,1780095835000,65,73357.91,73457.58,99.67,0.0000,0.0000,0.0014,0.0105,0.0020,0.7173,0.003391,0.0398,0.0342,73457.21,0.0000,0.0005,0.0000,0.0000,0.1100,127.09,0.1000,370.85,0.0900,54.46,0.0800,56.41,0.0700,134.02,0.1200,143.11,0.1300,130.80,0.1400,120.85,0.1500,195.18,0.1600,106.10,0.8800,143.11,0.8700,130.80,0.8600,120.85,0.8500,195.18,0.8400,106.10,0.8900,127.09,0.9000,370.85,0.9100,54.46,0.9200,56.41,0.9300,134.02,742.83,696.04,1438.87,696.04,742.83,1438.87,0.0100,0.0100,0.0325,-0.0325,0.1147,0.8853,0.6703,0.3935,0.3935,0.6703,-68.3507,-6.0996,-6.0996,-68.3507
btc-updown-5m-1780095600,1780095836000,64,73357.95,73457.58,99.63,0.0000,0.0000,0.0000,0.0105,0.0020,0.3360,0.001987,0.0398,0.0000,73457.21,0.0000,0.0005,0.0000,0.0000,0.1100,127.09,0.1000,370.85,0.0900,54.46,0.0800,56.41,0.0700,134.02,0.1200,143.11,0.1300,130.80,0.1400,120.85,0.1500,195.18,0.1600,106.10,0.8800,143.11,0.8700,130.80,0.8600,120.85,0.8500,195.18,0.8400,106.10,0.8900,127.09,0.9000,370.85,0.9100,54.46,0.9200,56.41,0.9300,134.02,742.83,696.04,1438.87,696.04,742.83,1438.87,0.0100,0.0100,0.0325,-0.0325,0.1147,0.8853,0.6703,0.3935,0.3935,0.6703,-87.3241,-12.1041,-12.1041,-87.3241
btc-updown-5m-1780095600,1780095837000,63,73358.04,73457.58,99.54,0.0000,0.0000,0.0712,0.0772,0.0040,0.0777,0.000530,0.0348,2.0432,73458.31,0.0000,-0.0010,0.0000,0.0000,0.1100,147.07,0.1000,338.79,0.0900,54.46,0.0800,68.91,0.0700,126.00,0.1200,56.82,0.1300,171.63,0.1400,123.27,0.1500,201.13,0.1600,100.38,0.8800,56.82,0.8700,171.63,0.8600,123.27,0.8500,201.13,0.8400,100.38,0.8900,147.07,0.9000,338.79,0.9100,54.46,0.9200,68.91,0.9300,126.00,735.23,653.23,1388.46,653.23,735.23,1388.46,0.0100,0.0100,0.0591,-0.0591,0.1172,0.8828,0.6608,0.3497,0.3497,0.6608,-30.7896,-22.5624,-22.5624,-30.7896
btc-updown-5m-1780095600,1780095838000,62,73358.04,73457.58,99.54,0.0000,0.0000,0.0000,0.0762,0.0040,0.0773,0.000530,0.0317,0.0000,73458.17,0.0000,-0.0008,0.0000,0.0000,0.1000,338.79,0.0900,54.46,0.0800,51.41,0.0700,135.29,0.0600,90.79,0.1200,555.90,0.1300,154.63,0.1400,113.27,0.1500,201.13,0.1600,92.38,0.8800,555.90,0.8700,154.63,0.8600,113.27,0.8500,201.13,0.8400,92.38,0.9000,338.79,0.9100,54.46,0.9200,51.41,0.9300,135.29,0.9400,90.79,670.74,1117.31,1788.05,1117.31,670.74,1788.05,0.0200,0.0200,-0.2498,0.2498,0.1076,0.8924,0.5863,0.6359,0.6359,0.5863,0.6372,64.3736,64.3736,0.6372
btc-updown-5m-1780095600,1780095839000,61,73358.07,73457.57,99.50,-0.0000,-0.0000,0.0003,0.0728,0.0040,0.0777,0.000530,0.0316,0.0092,73458.17,-0.0000,-0.0008,-0.0135,-0.0000,0.1000,352.89,0.0900,54.46,0.0800,81.41,0.0700,130.29,0.0600,62.86,0.1100,267.42,0.1200,230.84,0.1300,123.41,0.1400,104.60,0.1500,174.92,0.8900,267.42,0.8800,230.84,0.8700,123.41,0.8600,104.60,0.8500,174.92,0.9000,352.89,0.9100,54.46,0.9200,81.41,0.9300,130.29,0.9400,62.86,681.91,901.19,1583.10,901.19,681.91,1583.10,0.0100,0.0100,-0.1385,0.1385,0.1057,0.8943,0.5974,0.5529,0.5529,0.5974,-40.3160,10.8291,10.8291,-40.3160
btc-updown-5m-1780095600,1780095840000,60,73358.08,73457.58,99.50,0.0000,0.0000,0.0034,0.0748,0.0060,0.0780,0.000530,0.0317,0.1058,73458.16,0.0000,-0.0008,0.0135,0.0000,0.1000,381.06,0.0900,54.46,0.0800,51.41,0.0700,74.29,0.0600,32.86,0.1100,153.70,0.1200,245.73,0.1300,111.91,0.1400,102.66,0.1500,174.92,0.8900,153.70,0.8800,245.73,0.8700,111.91,0.8600,102.66,0.8500,174.92,0.9000,381.06,0.9100,54.46,0.9200,51.41,0.9300,74.29,0.9400,32.86,594.08,788.92,1383.00,788.92,594.08,1383.00,0.0100,0.0100,-0.1409,0.1409,0.1071,0.8929,0.7331,0.5063,0.5063,0.7331,-27.3237,17.0610,17.0610,-27.3237
btc-updown-5m-1780095600,1780095841000,59,73358.09,73457.58,99.49,0.0000,0.0000,0.0049,0.0797,0.0060,0.0777,0.000530,0.0251,0.1929,73457.73,0.0000,-0.0002,0.0000,0.0000,0.1000,351.95,0.0900,54.46,0.0800,63.91,0.0700,74.29,0.0600,32.86,0.1100,153.82,0.1200,201.98,0.1300,56.80,0.1400,41.60,0.1500,129.18,0.8900,153.82,0.8800,201.98,0.8700,56.80,0.8600,41.60,0.8500,129.18,0.9000,351.95,0.9100,54.46,0.9200,63.91,0.9300,74.29,0.9400,32.86,577.47,583.38,1160.85,583.38,577.47,1160.85,0.0100,0.0100,-0.0051,0.0051,0.1070,0.8930,0.7038,0.6099,0.6099,0.7038,-17.4055,-81.2699,-81.2699,-17.4055
btc-updown-5m-1780095600,1780095842000,58,73357.80,73457.58,99.78,0.0000,0.0000,0.0000,0.0085,0.0040,0.0777,0.000530,0.0250,0.0000,73457.72,0.0000,-0.0002,0.0000,0.0000,0.2000,320.76,0.1900,41.00,0.1800,26.00,0.1700,26.00,0.1600,100.00,0.2100,88.90,0.2200,30.20,0.2300,214.60,0.2400,14.20,0.2500,18.80,0.7900,88.90,0.7800,30.20,0.7700,214.60,0.7600,14.20,0.7500,18.80,0.8000,320.76,0.8100,41.00,0.8200,26.00,0.8300,26.00,0.8400,100.00,513.76,366.70,880.46,366.70,513.76,880.46,0.0100,0.0100,0.1670,-0.1670,0.2078,0.7922,0.7041,0.3248,0.3248,0.7041,-25.5676,-105.2921,-105.3288,-25.5765
btc-updown-5m-1780095600,1780095843000,57,73358.70,73457.57,98.87,-0.0000,-0.0000,0.0047,0.0132,0.0060,0.0777,0.000530,0.0251,0.1889,73457.72,-0.0000,-0.0002,-0.0135,-0.0000,0.2000,122.14,0.1900,41.00,0.1800,49.64,0.1700,36.00,0.1600,100.00,0.2100,456.44,0.2200,35.20,0.2300,214.60,0.2400,14.20,0.2500,18.80,0.7900,456.44,0.7800,35.20,0.7700,214.60,0.7600,14.20,0.7500,18.80,0.8000,122.14,0.8100,41.00,0.8200,49.64,0.8300,36.00,0.8400,100.00,348.78,739.24,1088.02,739.24,348.78,1088.02,0.0100,0.0100,-0.3589,0.3589,0.2021,0.7979,0.4677,0.6651,0.6651,0.4677,-63.8685,9.0455,9.0455,-63.8685
btc-updown-5m-1780095600,1780095844000,56,73358.70,73457.58,98.88,0.0000,0.0000,0.0570,0.0700,0.0060,0.0777,0.000530,0.0269,2.1173,73457.71,0.0000,-0.0002,0.0135,0.0000,0.2000,111.13,0.1900,31.00,0.1800,44.64,0.1700,26.00,0.1600,100.00,0.2100,419.49,0.2200,30.20,0.2300,220.98,0.2400,14.20,0.2500,28.80,0.7900,419.49,0.7800,30.20,0.7700,220.98,0.7600,14.20,0.7500,28.80,0.8000,111.13,0.8100,31.00,0.8200,44.64,0.8300,26.00,0.8400,100.00,312.77,713.67,1026.44,713.67,312.77,1026.44,0.0100,0.0100,-0.3906,0.3906,0.2021,0.7979,0.4544,0.6301,0.6301,0.4544,-57.7464,-65.1137,-65.1137,-57.7464
btc-updown-5m-1780095600,1780095845000,55,73359.58,73457.58,98.00,0.0000,0.0000,0.0033,0.0699,0.0040,0.0773,0.000530,0.0270,0.1230,73457.70,0.0000,-0.0002,0.0000,0.0000,0.2000,128.86,0.1900,31.00,0.1800,31.00,0.1700,26.00,0.1600,100.00,0.2100,302.95,0.2200,24.60,0.2300,213.68,0.2400,14.20,0.2500,28.80,0.7900,302.95,0.7800,24.60,0.7700,213.68,0.7600,14.20,0.7500,28.80,0.8000,128.86,0.8100,31.00,0.8200,31.00,0.8300,26.00,0.8400,100.00,316.86,584.23,901.09,584.23,316.86,901.09,0.0100,0.0100,-0.2967,0.2967,0.2030,0.7970,0.5045,0.5607,0.5607,0.5045,-49.1783,-64.9236,-64.9236,-49.1782
btc-updown-5m-1780095600,1780095846000,54,73359.73,73457.58,97.85,0.0000,0.0000,0.0131,0.0782,0.0060,0.0777,0.000530,0.0274,0.4784,73457.70,0.0000,-0.0002,0.0000,0.0000,0.2500,317.32,0.2400,16.00,0.2300,82.00,0.2200,84.00,0.2100,57.46,0.2600,70.20,0.2700,5.00,0.2800,10.00,0.3100,10.37,0.3200,17.00,0.7400,70.20,0.7300,5.00,0.7200,10.00,0.6900,10.37,0.6800,17.00,0.7500,317.32,0.7600,16.00,0.7700,82.00,0.7800,84.00,0.7900,57.46,556.78,112.57,669.35,112.57,556.78,669.35,0.0100,0.0100,0.6636,-0.6636,0.2582,0.7418,0.5987,0.6680,0.6680,0.5987,-6.5063,-105.8991,-105.8991,-6.5063
btc-updown-5m-1780095600,1780095847000,53,73359.97,73457.58,97.61,0.0000,0.0000,0.0017,0.0798,0.0060,0.0773,0.000530,0.0275,0.0608,73457.70,0.0000,-0.0002,0.0000,0.0000,0.1300,8.48,0.1200,55.00,0.1100,12.00,0.1000,432.14,0.0900,130.93,0.2600,431.91,0.2700,30.00,0.2800,31.40,0.2900,6.30,0.3000,126.20,0.7400,431.91,0.7300,30.00,0.7200,31.40,0.7100,6.30,0.7000,126.20,0.8700,8.48,0.8800,55.00,0.8900,12.00,0.9000,432.14,0.9100,130.93,638.55,625.81,1264.36,625.81,638.55,1264.36,0.1300,0.1300,0.0101,-0.0101,0.1325,0.8675,0.0994,0.7381,0.7381,0.0994,10.1394,7.0435,7.0435,10.1394
btc-updown-5m-1780095600,1780095848000,52,73361.49,73457.58,96.09,0.0000,0.0000,0.0000,0.0751,0.0040,0.0770,0.000530,0.0274,0.0000,73457.70,0.0000,-0.0002,0.0000,0.0000,0.1800,202.41,0.1700,5.00,0.1600,24.52,0.1200,55.00,0.1000,461.14,0.1900,218.75,0.2000,157.07,0.2100,6.19,0.2400,23.00,0.2500,11.90,0.8100,218.75,0.8000,157.07,0.7900,6.19,0.7600,23.00,0.7500,11.90,0.8200,202.41,0.8300,5.00,0.8400,24.52,0.8800,55.00,0.9000,461.14,748.07,416.91,1164.98,416.91,748.07,1164.98,0.0100,0.0100,0.2843,-0.2843,0.1848,0.8152,0.2773,0.9014,0.9014,0.2773,26.2229,8.5433,8.5405,26.2144
btc-updown-5m-1780095600,1780095849000,51,73362.19,73457.57,95.38,-0.0000,-0.0000,0.0107,0.0288,0.0040,0.0770,0.000530,0.0275,0.3904,73457.67,-0.0000,-0.0001,-0.0130,-0.0000,0.1300,10.00,0.1200,20.00,0.1100,5.00,0.1000,431.14,0.0900,31.74,0.1400,389.41,0.1500,130.33,0.1600,10.00,0.1700,56.17,0.1800,30.00,0.8600,379.83,0.8500,130.33,0.8400,10.00,0.8300,56.17,0.8200,30.00,0.8700,10.00,0.8800,20.00,0.8900,5.00,0.9000,431.14,0.9100,31.74,497.88,615.91,1113.79,606.33,497.88,1104.21,0.0100,0.0100,-0.1060,0.0982,0.1303,0.8697,0.0603,0.8439,0.8414,0.0603,24.8045,-20.5174,-27.1101,24.1893
btc-updown-5m-1780095600,1780095850000,50,73363.57,73457.58,94.01,0.0000,0.0000,0.0013,0.0268,0.0060,0.0773,0.000530,0.0266,0.0499,73457.60,0.0000,-0.0000,0.0128,0.0000,0.1200,5.28,0.1000,408.14,0.0900,57.74,0.0800,18.91,0.0700,89.50,0.1300,375.96,0.1400,115.39,0.1500,10.00,0.1700,15.88,0.1800,5.00,0.8700,375.96,0.8600,115.39,0.8500,10.00,0.8300,15.88,0.8200,5.00,0.8800,5.28,0.9000,408.14,0.9100,57.74,0.9200,18.91,0.9300,89.50,579.57,522.23,1101.80,522.23,579.57,1101.80,0.0100,0.0100,0.0520,-0.0520,0.1201,0.8799,0.7133,0.9409,0.9409,0.7133,38.7441,-27.3725,-27.3725,38.7441
btc-updown-5m-1780095600,1780095851000,49,73363.57,73457.58,94.01,0.0000,0.0000,0.0000,0.0137,0.0040,0.0770,0.000530,0.0266,0.0000,73457.60,0.0000,-0.0000,0.0000,0.0000,0.1000,433.68,0.0900,58.22,0.0800,51.96,0.0700,84.90,0.0600,112.22,0.1100,242.04,0.1200,10.00,0.1300,122.59,0.1400,5.00,0.1500,5.00,0.8900,242.04,0.8800,10.00,0.8700,122.59,0.8600,5.00,0.8500,5.00,0.9000,433.68,0.9100,58.22,0.9200,51.96,0.9300,84.90,0.9400,112.22,740.98,384.63,1125.61,384.63,740.98,1125.61,0.0100,0.0100,0.3166,-0.3166,0.1064,0.8936,0.6639,0.6553,0.6553,0.6639,28.7707,-36.5616,-36.5616,28.7707
btc-updown-5m-1780095600,1780095852000,48,73362.31,73457.58,95.27,0.0000,0.0000,0.0000,0.0121,0.0040,0.0770,0.000530,0.0264,0.0000,73457.59,0.0000,-0.0000,0.0000,0.0000,0.1000,389.78,0.0900,63.22,0.0800,51.96,0.0700,64.90,0.0600,167.49,0.1100,236.72,0.1200,10.00,0.1300,122.59,0.1400,5.00,0.1500,35.00,0.8900,236.72,0.8800,10.00,0.8700,122.59,0.8600,5.00,0.8500,35.00,0.9000,389.78,0.9100,63.22,0.9200,51.96,0.9300,64.90,0.9400,167.49,737.35,409.31,1146.66,409.31,737.35,1146.66,0.0100,0.0100,0.2861,-0.2861,0.1062,0.8938,0.6144,0.6028,0.6028,0.6144,55.0617,61.9901,61.9901,55.0617
btc-updown-5m-1780095600,1780095853000,47,73362.26,73457.57,95.31,-0.0000,-0.0000,0.0007,0.0128,0.0060,0.0773,0.000530,0.0264,0.0281,73457.58,-0.0000,-0.0000,-0.0130,-0.0000,0.1000,357.55,0.0900,78.22,0.0800,50.69,0.0700,70.80,0.0600,100.86,0.1100,707.79,0.1200,22.05,0.1300,10.00,0.1500,40.00,0.1600,5.00,0.8900,707.79,0.8800,22.05,0.8700,10.00,0.8500,40.00,0.8400,5.00,0.9000,357.55,0.9100,78.22,0.9200,50.69,0.9300,70.80,0.9400,100.86,658.12,784.84,1442.96,784.84,658.12,1442.96,0.0100,0.0100,-0.0878,0.0878,0.1034,0.8966,0.6621,0.9299,0.9299,0.6621,73.0795,29.4865,29.4865,73.0795
btc-updown-5m-1780095600,1780095854000,46,73362.66,73457.58,94.92,0.0000,0.0000,0.0664,0.0684,0.0060,0.0050,0.000009,0.0285,2.3283,73457.58,0.0000,0.0000,0.0129,0.0000,0.1000,355.32,0.0900,42.22,0.0800,74.69,0.0700,39.52,0.0600,93.86,0.1100,717.77,0.1200,22.05,0.1300,10.00,0.1500,40.00,0.1600,15.00,0.8900,717.77,0.8800,22.05,0.8700,10.00,0.8500,40.00,0.8400,15.00,0.9000,355.32,0.9100,42.22,0.9200,74.69,0.9300,39.52,0.9400,93.86,605.61,804.82,1410.43,804.82,605.61,1410.43,0.0100,0.0100,-0.1412,0.1412,0.1033,0.8967,0.6564,0.9192,0.9192,0.6564,-35.2276,103.7356,103.7356,-35.2276
btc-updown-5m-1780095600,1780095855000,45,73362.66,73457.58,94.92,0.0000,0.0000,0.0006,0.0677,0.0040,0.0047,0.000009,0.0115,0.0549,73457.58,0.0000,0.0000,0.0000,0.0000,0.1000,248.05,0.0900,32.22,0.0800,74.16,0.0700,14.52,0.0600,65.86,0.1100,582.97,0.1200,123.62,0.1300,21.39,0.1400,30.00,0.1500,40.00,0.8900,582.97,0.8800,123.62,0.8700,21.39,0.8600,30.00,0.8500,40.00,0.9000,248.05,0.9100,32.22,0.9200,74.16,0.9300,14.52,0.9400,65.86,434.81,797.98,1232.79,797.98,434.81,1232.79,0.0100,0.0100,-0.2946,0.2946,0.1030,0.8970,0.6446,0.8855,0.8855,0.6446,-10.3956,30.0099,31.5941,-10.3973
btc-updown-5m-1780095600,1780095856000,44,73362.04,73457.58,95.54,0.0000,0.0000,0.0023,0.0700,0.0040,0.0043,0.000008,0.0110,0.2091,73457.58,0.0000,0.0000,0.0000,0.0000,0.1000,224.72,0.0900,32.22,0.0800,74.16,0.0700,50.80,0.0600,40.86,0.1100,424.51,0.1200,206.40,0.1300,51.39,0.1400,11.66,0.1500,20.00,0.8900,424.51,0.8800,206.40,0.8700,51.39,0.8600,11.66,0.8500,20.00,0.9000,224.72,0.9100,32.22,0.9200,74.16,0.9300,50.80,0.9400,40.86,422.76,713.96,1136.72,713.96,422.76,1136.72,0.0100,0.0100,-0.2562,0.2562,0.1035,0.8965,0.6078,0.8837,0.8837,0.6078,-26.9757,32.9830,32.9830,-26.9757
btc-updown-5m-1780095600,1780095857000,43,73362.04,73457.58,95.54,0.0000,0.0000,0.0033,0.0733,0.0040,0.0040,0.000008,0.0110,0.2966,73457.58,0.0000,0.0000,0.0000,0.0000,0.1000,199.70,0.0900,32.22,0.0800,50.69,0.0700,86.28,0.0600,40.86,0.1100,516.74,0.1200,22.05,0.1300,21.39,0.1400,30.00,0.1500,50.00,0.8900,516.74,0.8800,22.05,0.8700,21.39,0.8600,30.00,0.8500,50.00,0.9000,199.70,0.9100,32.22,0.9200,50.69,0.9300,86.28,0.9400,40.86,409.75,640.18,1049.93,640.18,409.75,1049.93,0.0100,0.0100,-0.2195,0.2195,0.1028,0.8972,0.5660,0.8416,0.8416,0.5660,-60.2165,44.7095,44.7095,-60.2165
btc-updown-5m-1780095600,1780095858000,42,73361.92,73457.58,95.66,0.0000,0.0000,0.1395,0.2121,0.0040,0.0043,0.000008,0.0155,8.9888,73457.58,0.0000,0.0000,0.0000,0.0000,0.1000,181.35,0.0900,32.22,0.0800,50.69,0.0700,80.00,0.0600,44.14,0.1100,479.82,0.1200,22.05,0.1300,21.39,0.1400,40.00,0.1500,65.00,0.8900,479.82,0.8800,22.05,0.8700,21.39,0.8600,40.00,0.8500,65.00,0.9000,181.35,0.9100,32.22,0.9200,50.69,0.9300,80.00,0.9400,44.14,388.40,628.26,1016.66,628.26,388.40,1016.66,0.0100,0.0100,-0.2359,0.2359,0.1027,0.8973,0.5499,0.7988,0.7988,0.5499,-48.1015,-34.2708,-34.2708,-48.1015
btc-updown-5m-1780095600,1780095859000,41,73361.92,73457.58,95.66,0.0000,0.0000,0.0010,0.1467,0.0020,0.0043,0.000008,0.0156,0.0669,73457.58,0.0000,0.0000,0.0000,0.0000,0.1000,174.12,0.0900,32.22,0.0800,50.69,0.0700,45.00,0.0600,49.14,0.1100,484.82,0.1200,32.05,0.1300,21.39,0.1400,40.00,0.1500,65.00,0.8900,484.82,0.8800,32.05,0.8700,21.39,0.8600,40.00,0.8500,65.00,0.9000,174.12,0.9100,32.22,0.9200,50.69,0.9300,45.00,0.9400,49.14,351.17,643.26,994.43,643.26,351.17,994.43,0.0100,0.0100,-0.2937,0.2937,0.1026,0.8974,0.5876,0.8035,0.8035,0.5876,-50.9389,-32.3443,-32.3443,-50.9389
btc-updown-5m-1780095600,1780095860000,40,73361.83,73457.58,95.75,0.0000,0.0000,0.0135,0.1596,0.0040,0.0043,0.000007,0.0133,1.0165,73457.58,0.0000,0.0000,0.0000,0.0000,0.1000,141.85,0.0900,32.22,0.0800,50.69,0.0700,62.14,0.0600,42.86,0.1100,603.73,0.1200,52.05,0.1300,61.39,0.1400,36.66,0.1500,35.00,0.8900,603.73,0.8800,52.05,0.8700,61.39,0.8600,36.66,0.8500,35.00,0.9000,141.85,0.9100,32.22,0.9200,50.69,0.9300,62.14,0.9400,42.86,329.76,788.83,1118.59,788.83,329.76,1118.59,0.0100,0.0100,-0.4104,0.4104,0.1019,0.8981,0.5279,0.8313,0.8313,0.5279,-52.5098,-0.5302,-0.5305,-52.5305
btc-updown-5m-1780095600,1780095861000,39,73362.30,73457.58,95.28,0.0000,0.0000,0.0010,0.1583,0.0040,0.0043,0.000007,0.0132,0.0748,73457.58,0.0000,0.0000,0.0000,0.0000,0.1000,123.27,0.0900,32.22,0.0800,50.69,0.0700,17.14,0.0600,42.86,0.1100,580.78,0.1200,52.05,0.1300,61.39,0.1400,36.66,0.1500,35.00,0.8900,580.78,0.8800,52.05,0.8700,61.39,0.8600,36.66,0.8500,35.00,0.9000,123.27,0.9100,32.22,0.9200,50.69,0.9300,17.14,0.9400,42.86,266.18,765.88,1032.06,765.88,266.18,1032.06,0.0100,0.0100,-0.4842,0.4842,0.1018,0.8982,0.5842,0.8263,0.8263,0.5842,-53.8234,-4.1714,-4.1728,-53.8409
btc-updown-5m-1780095600,1780095862000,38,73362.41,73457.57,95.16,-0.0000,-0.0000,0.0026,0.1577,0.0060,0.0047,0.000008,0.0133,0.1974,73457.58,-0.0000,-0.0000,-0.0130,-0.0000,0.1000,83.20,0.0900,32.22,0.0800,50.69,0.0700,17.14,0.0600,67.86,0.1100,555.52,0.1200,17.95,0.1300,61.39,0.1400,55.00,0.1500,65.00,0.8900,555.52,0.8800,17.95,0.8700,61.39,0.8600,55.00,0.8500,65.00,0.9000,83.20,0.9100,32.22,0.9200,50.69,0.9300,17.14,0.9400,67.86,251.11,754.86,1005.97,754.86,251.11,1005.97,0.0100,0.0100,-0.5008,0.5008,0.1013,0.8987,0.4596,0.7597,0.7597,0.4596,-28.7040,6.8395,6.8395,-28.7040
btc-updown-5m-1780095600,1780095863000,37,73362.41,73457.58,95.17,0.0000,0.0000,0.0027,0.0208,0.0060,0.0050,0.000008,0.0133,0.1998,73457.58,0.0000,0.0000,0.0130,0.0000,0.1000,74.35,0.0900,32.22,0.0800,50.69,0.0700,17.14,0.0600,12.86,0.1100,572.22,0.1200,47.95,0.1300,61.39,0.1400,36.66,0.1500,45.19,0.8900,572.22,0.8800,47.95,0.8700,61.39,0.8600,36.66,0.8500,45.19,0.9000,74.35,0.9100,32.22,0.9200,50.69,0.9300,17.14,0.9400,12.86,187.26,763.41,950.67,763.41,187.26,950.67,0.0100,0.0100,-0.6060,0.6060,0.1011,0.8989,0.5691,0.8124,0.8124,0.5691,-30.2544,33.8367,33.8427,-30.2597
btc-updown-5m-1780095600,1780095864000,36,73362.38,73457.58,95.20,0.0000,0.0000,0.0001,0.0199,0.0060,0.0047,0.000008,0.0132,0.0068,73457.58,0.0000,0.0000,0.0000,0.0000,0.1000,72.12,0.0900,32.22,0.0800,50.69,0.0700,17.14,0.0600,27.86,0.1100,530.78,0.1200,69.95,0.1300,76.39,0.1400,36.66,0.1500,65.48,0.8900,530.78,0.8800,69.95,0.8700,76.39,0.8600,36.66,0.8500,65.48,0.9000,72.12,0.9100,32.22,0.9200,50.69,0.9300,17.14,0.9400,27.86,200.03,779.26,979.29,779.26,200.03,979.29,0.0100,0.0100,-0.5915,0.5915,0.1012,0.8988,0.5216,0.7709,0.7709,0.5216,-35.0847,28.1244,28.1297,-35.0913
btc-updown-5m-1780095600,1780095865000,35,73362.38,73457.57,95.19,-0.0000,-0.0000,0.0066,0.0130,0.0060,0.0050,0.000008,0.0133,0.4980,73457.58,-0.0000,-0.0000,-0.0130,-0.0000,0.1000,84.77,0.0900,32.22,0.0800,45.16,0.0700,22.67,0.0600,27.86,0.1100,218.08,0.1200,27.95,0.1300,11.39,0.1400,10.80,0.1500,55.48,0.8900,218.08,0.8800,27.95,0.8700,11.39,0.8600,10.80,0.8500,55.48,0.9000,84.77,0.9100,32.22,0.9200,45.16,0.9300,22.67,0.9400,27.86,212.68,323.70,536.38,323.70,212.68,536.38,0.0100,0.0100,-0.2070,0.2070,0.1028,0.8972,0.5501,0.7601,0.7601,0.5501,-18.4023,-58.1034,-58.1034,-18.4023
btc-updown-5m-1780095600,1780095866000,34,73362.36,73457.57,95.21,0.0000,-0.0000,0.0000,0.0120,0.0060,0.0050,0.000008,0.0133,0.0000,73457.58,-0.0000,-0.0000,0.0000,0.0000,0.1000,87.25,0.0900,32.22,0.0800,67.83,0.0600,12.86,0.0500,88.40,0.1100,214.31,0.1200,40.61,0.1300,21.39,0.1400,45.29,0.1500,35.19,0.8900,214.31,0.8800,40.61,0.8700,21.39,0.8600,45.29,0.8500,35.19,0.9000,87.25,0.9100,32.22,0.9200,67.83,0.9400,12.86,0.9500,88.40,288.56,356.79,645.35,356.79,288.56,645.35,0.0100,0.0100,-0.1057,0.1057,0.1029,0.8971,0.4140,0.7145,0.7145,0.4140,-7.1511,-61.1913,-61.1913,-7.1511
btc-updown-5m-1780095600,1780095867000,33,73362.54,73457.57,95.03,0.0000,0.0000,0.0012,0.0106,0.0040,0.0047,0.000008,0.0133,0.0900,73457.58,-0.0000,-0.0000,0.0000,0.0000,0.0800,37.06,0.0600,43.66,0.0500,88.40,0.0400,481.14,0.0300,536.33,0.0900,171.95,0.1000,35.62,0.1100,10.00,0.1200,17.95,0.1300,10.00,0.9100,171.95,0.9000,35.62,0.8900,10.00,0.8800,17.95,0.8700,10.00,0.9200,37.06,0.9400,43.66,0.9500,88.40,0.9600,481.14,0.9700,536.33,1186.59,245.52,1432.11,245.52,1186.59,1432.11,0.0100,0.0100,0.6571,-0.6571,0.0818,0.9182,0.0680,0.8454,0.8454,0.0680,157.4427,-89.0113,-88.9961,157.4158
btc-updown-5m-1780095600,1780095868000,32,73363.99,73457.58,93.59,0.0000,0.0000,0.0085,0.0164,0.0040,0.0050,0.000009,0.0113,0.7493,73457.58,0.0000,0.0000,0.0127,0.0000,0.0800,195.96,0.0700,10.00,0.0600,23.66,0.0500,157.12,0.0400,395.55,0.0900,377.15,0.1000,22.52,0.1100,10.00,0.1200,17.95,0.1300,20.00,0.9100,377.15,0.9000,22.52,0.8900,10.00,0.8800,17.95,0.8700,20.00,0.9200,195.96,0.9300,10.00,0.9400,23.66,0.9500,157.12,0.9600,395.55,782.29,447.62,1229.91,447.62,782.29,1229.91,0.0100,0.0100,0.2721,-0.2721,0.0834,0.9166,0.2633,0.8929,0.8929,0.2633,91.7251,-53.0547,-53.0731,91.7568
btc-updown-5m-1780095600,1780095869000,31,73364.02,73459.13,95.11,0.0021,0.0021,0.8600,0.8764,0.3160,0.0567,0.000379,0.0390,22.0254,73458.68,0.0000,0.0006,2.0068,0.0000,0.1000,347.35,0.0900,15.80,0.0800,381.18,0.0600,54.01,0.0500,170.10,0.1100,35.41,0.1200,57.95,0.1400,20.29,0.1600,10.00,0.1700,15.88,0.8900,35.41,0.8800,57.95,0.8600,20.29,0.8400,10.00,0.8300,15.88,0.9000,347.35,0.9100,15.80,0.9200,381.18,0.9400,54.01,0.9500,170.10,968.44,139.53,1107.97,139.53,968.44,1107.97,0.0100,0.0100,0.7481,-0.7481,0.1091,0.8909,0.3750,0.6691,0.6691,0.3750,134.6906,-112.1350,-112.1350,134.6906
btc-updown-5m-1780095600,1780095870000,30,73364.01,73459.13,95.12,0.0000,0.0021,0.0056,0.8753,0.3160,0.0567,0.000379,0.0392,0.1428,73458.68,0.0000,0.0006,0.0000,0.0000,0.1300,7.33,0.1100,22.02,0.1000,100.00,0.0900,5.00,0.0800,16.18,0.1400,354.40,0.1600,20.77,0.1700,49.40,0.1800,38.80,0.1900,8.40,0.8600,354.40,0.8400,20.77,0.8300,49.40,0.8200,38.80,0.8100,8.40,0.8700,7.33,0.8900,22.02,0.9000,100.00,0.9100,5.00,0.9200,16.18,150.53,471.77,622.30,471.77,150.53,622.30,0.0100,0.0100,-0.5162,0.5162,0.1302,0.8698,0.1950,0.7952,0.7952,0.1950,-36.1280,3.8278,3.8271,-36.1216
btc-updown-5m-1780095600,1780095871000,29,73364.38,73459.13,94.75,0.0000,0.0021,0.0530,0.9283,0.3160,0.0567,0.000379,0.0408,1.2991,73458.71,0.0000,0.0006,0.0000,0.0000,0.1200,317.53,0.1000,164.37,0.0800,53.88,0.0700,45.00,0.0600,55.86,0.1300,152.34,0.1400,70.40,0.1600,5.00,0.1700,33.59,0.1800,23.80,0.8700,152.34,0.8600,70.40,0.8400,5.00,0.8300,33.59,0.8200,23.80,0.8800,317.53,0.9000,164.37,0.9200,53.88,0.9300,45.00,0.9400,55.86,636.64,285.13,921.77,285.13,636.64,921.77,0.0100,0.0100,0.3813,-0.3813,0.1268,0.8732,0.7569,0.7812,0.7812,0.7569,68.9366,-14.4179,-14.4155,68.9254
btc-updown-5m-1780095600,1780095872000,28,73365.51,73459.13,93.62,0.0000,0.0021,0.0136,0.9408,0.3160,0.0567,0.000379,0.0411,0.3311,73458.71,0.0000,0.0006,0.0000,0.0000,0.1200,7.72,0.1000,188.58,0.0800,11.18,0.0700,5.00,0.0600,30.86,0.1300,495.44,0.1400,10.00,0.1500,30.00,0.1600,9.69,0.1700,43.59,0.8700,495.44,0.8600,10.00,0.8500,30.00,0.8400,9.69,0.8300,43.59,0.8800,7.72,0.9000,188.58,0.9200,11.18,0.9300,5.00,0.9400,30.86,243.34,588.72,832.06,588.72,243.34,832.06,0.0100,0.0100,-0.4151,0.4151,0.1202,0.8798,0.8067,0.8585,0.8585,0.8067,-7.2630,40.9135,40.9135,-7.2630
btc-updown-5m-1780095600,1780095873000,27,73366.11,73459.12,93.01,-0.0000,0.0021,0.1293,1.0616,0.3160,0.0567,0.000379,0.0453,2.8561,73458.75,0.0000,0.0005,-0.0127,-0.0000,0.1000,151.15,0.0900,12.00,0.0800,57.67,0.0600,12.86,0.0500,81.00,0.1100,611.65,0.1200,22.42,0.1500,40.19,0.1600,34.69,0.1700,25.07,0.8900,611.65,0.8800,22.42,0.8500,40.19,0.8400,34.69,0.8300,25.07,0.9000,151.15,0.9100,12.00,0.9200,57.67,0.9400,12.86,0.9500,81.00,314.68,734.02,1048.70,734.02,314.68,1048.70,0.0100,0.0100,-0.3999,0.3999,0.1020,0.8980,0.5185,0.8638,0.8638,0.5185,-144.6913,81.0654,81.0788,-144.7154
btc-updown-5m-1780095600,1780095874000,26,73366.36,73459.12,92.76,0.0000,-0.0000,0.0000,0.2016,0.0040,0.0563,0.000379,0.0451,0.0000,73458.76,-0.0000,0.0005,0.0000,0.0000,0.1000,153.00,0.0900,10.00,0.0800,30.69,0.0600,12.86,0.0500,108.40,0.1100,561.76,0.1200,22.00,0.1400,25.00,0.1500,40.19,0.1600,67.90,0.8900,561.76,0.8800,22.00,0.8600,25.00,0.8500,40.19,0.8400,67.90,0.9000,153.00,0.9100,10.00,0.9200,30.69,0.9400,12.86,0.9500,108.40,314.95,716.85,1031.80,716.85,314.95,1031.80,0.0100,0.0100,-0.3895,0.3895,0.1021,0.8979,0.5175,0.8143,0.8143,0.5175,-196.8556,47.8096,47.8096,-196.8556
btc-updown-5m-1780095600,1780095875000,25,73366.30,73459.13,92.83,0.0000,0.0000,0.0013,0.1973,0.0040,0.0567,0.000379,0.0433,0.0300,73458.81,0.0000,0.0004,0.0126,0.0000,0.1000,128.93,0.0900,17.03,0.0800,30.69,0.0700,23.41,0.0600,12.86,0.1100,663.30,0.1200,35.00,0.1300,25.00,0.1400,25.00,0.1500,40.19,0.8900,663.30,0.8800,35.00,0.8700,25.00,0.8600,25.00,0.8500,40.19,0.9000,128.93,0.9100,17.03,0.9200,30.69,0.9300,23.41,0.9400,12.86,212.92,788.49,1001.41,788.49,212.92,1001.41,0.0100,0.0100,-0.5748,0.5748,0.1016,0.8984,0.6855,0.8856,0.8856,0.6855,-121.9755,108.9842,108.9471,-121.9340
btc-updown-5m-1780095600,1780095876000,24,73366.44,73459.13,92.69,0.0000,0.0000,0.0074,0.1517,0.0040,0.0563,0.000379,0.0435,0.1712,73458.81,0.0000,0.0004,0.0000,0.0000,0.0500,29.03,0.0400,348.06,0.0300,529.35,0.0200,870.77,0.0100,4976.82,0.0700,175.84,0.1000,10.00,0.1100,106.54,0.1200,25.00,0.1300,36.50,0.9300,175.84,0.9000,10.00,0.8900,106.54,0.8800,25.00,0.8700,36.50,0.9500,29.03,0.9600,348.06,0.9700,529.35,0.9800,870.77,0.9900,4976.82,6754.03,353.88,7107.91,353.88,6754.03,7107.91,0.0200,0.0200,0.9004,-0.9004,0.0528,0.9472,0.0558,0.5251,0.5251,0.0558,933.2185,42.2257,42.2188,933.0661
btc-updown-5m-1780095600,1780095877000,23,73366.42,73459.13,92.71,0.0000,0.0000,0.0003,0.1383,0.0040,0.0563,0.000379,0.0430,0.0065,73458.82,0.0000,0.0004,0.0000,0.0000,0.0500,4.03,0.0400,324.65,0.0300,452.96,0.0200,1203.73,0.0100,4971.14,0.0600,323.74,0.0700,42.49,0.0800,152.98,0.0900,19.00,0.1000,20.00,0.9400,323.74,0.9300,42.49,0.9200,152.98,0.9100,19.00,0.9000,20.00,0.9500,4.03,0.9600,324.65,0.9700,452.96,0.9800,1203.73,0.9900,4971.14,6956.51,558.21,7514.72,558.21,6956.51,7514.72,0.0100,0.0100,0.8514,-0.8514,0.0501,0.9499,0.0472,0.6561,0.6561,0.0472,1079.8942,37.8952,37.8828,1079.5427
btc-updown-5m-1780095600,1780095878000,22,73366.50,73459.13,92.63,0.0000,0.0000,0.0000,0.0090,0.0020,0.0563,0.000379,0.0430,0.0000,73458.82,0.0000,0.0004,0.0000,0.0000,0.0300,451.42,0.0200,1081.39,0.0100,5195.82,,,,,0.0400,38.07,0.0500,331.31,0.0600,12.00,0.0900,19.00,0.1000,10.00,0.9600,38.07,0.9500,331.31,0.9400,12.00,0.9100,19.00,0.9000,10.00,0.9700,451.42,0.9800,1081.39,0.9900,5195.82,,,,,6728.63,410.38,7139.01,410.38,6728.63,7139.01,0.0100,0.0100,0.8850,-0.8850,0.0392,0.9608,,0.9001,0.9001,,1054.0045,-28.9842,-28.9748,1053.6621
btc-updown-5m-1780095600,1780095879000,21,73366.55,73459.13,92.58,0.0000,0.0000,0.0000,0.0090,0.0020,0.0560,0.000379,0.0430,0.0000,73458.82,0.0000,0.0004,0.0000,0.0000,0.0300,400.22,0.0200,1078.42,0.0100,4940.60,,,,,0.0400,292.35,0.0500,25.00,0.0600,19.73,0.0700,160.94,0.0900,19.00,0.9600,292.35,0.9500,25.00,0.9400,19.73,0.9300,160.94,0.9100,19.00,0.9700,400.22,0.9800,1078.42,0.9900,4940.60,,,,,6419.24,517.02,6936.26,517.02,6419.24,6936.26,0.0100,0.0100,0.8509,-0.8509,0.0358,0.9642,,0.6138,0.6138,,1063.5122,-37.8049,-37.7917,1063.1418
btc-updown-5m-1780095600,1780095880000,20,73366.55,73459.12,92.57,-0.0000,-0.0000,0.0031,0.0108,0.0020,0.0560,0.000379,0.0427,0.0718,73458.83,-0.0000,0.0004,-0.0126,-0.0000,0.0300,400.22,0.0200,1078.42,0.0100,4940.60,,,,,0.0400,292.35,0.0500,25.00,0.0600,19.73,0.0700,160.94,0.0900,19.00,0.9600,292.35,0.9500,25.00,0.9400,19.73,0.9300,160.94,0.9100,19.00,0.9700,400.22,0.9800,1078.42,0.9900,4940.60,,,,,6419.24,517.02,6936.26,517.02,6419.24,6936.26,0.0100,0.0100,0.8509,-0.8509,0.0358,0.9642,,0.6138,0.6138,,1307.1330,-30.8648,-30.8648,1307.1331
btc-updown-5m-1780095600,1780095881000,19,73366.00,73459.13,93.13,0.0000,0.0000,0.0056,0.0090,0.0040,0.0563,0.000379,0.0429,0.1313,73458.84,0.0000,0.0004,0.0127,0.0000,0.0300,400.22,0.0200,1078.42,0.0100,4940.60,,,,,0.0400,292.35,0.0500,25.00,0.0600,19.73,0.0700,160.94,0.0900,19.00,0.9600,292.35,0.9500,25.00,0.9400,19.73,0.9300,160.94,0.9100,19.00,0.9700,400.22,0.9800,1078.42,0.9900,4940.60,,,,,6419.24,517.02,6936.26,517.02,6419.24,6936.26,0.0100,0.0100,0.8509,-0.8509,0.0358,0.9642,,0.6138,0.6138,,1850.4819,-106.7311,-106.6994,1849.9317
btc-updown-5m-1780095600,1780095882000,18,73365.30,73459.13,93.83,0.0000,0.0000,0.0000,0.0087,0.0040,0.0563,0.000379,0.0429,0.0000,73458.84,0.0000,0.0004,0.0000,0.0000,,,,,,,,,,,,,,,,,,,,,,,,,,,,,,,,,,,,,,,,,-0.00,-0.00,-0.00,-0.00,-0.00,-0.00,,,,,,,,,,,,,,
btc-updown-5m-1780095600,1780095883000,17,73363.32,73459.13,95.81,0.0000,0.0000,0.0000,0.0087,0.0040,0.0560,0.000379,0.0429,0.0000,73458.84,0.0000,0.0004,0.0000,0.0000,,,,,,,,,,,,,,,,,,,,,,,,,,,,,,,,,,,,,,,,,-0.00,-0.00,-0.00,-0.00,-0.00,-0.00,,,,,,,,,,,,,,
btc-updown-5m-1780095600,1780095884000,16,73363.32,73459.13,95.81,0.0000,0.0000,0.0477,0.0564,0.0040,0.0557,0.000379,0.0444,1.0753,73458.85,0.0000,0.0004,0.0000,0.0000,,,,,,,,,,,,,,,,,,,,,,,,,,,,,,,,,,,,,,,,,-0.00,-0.00,-0.00,-0.00,-0.00,-0.00,,,,,,,,,,,,,,
btc-updown-5m-1780095600,1780095885000,15,73362.53,73459.13,96.60,0.0000,0.0000,0.0000,0.0534,0.0020,0.0557,0.000379,0.0423,0.0000,73458.91,0.0000,0.0003,0.0000,0.0000,,,,,,,,,,,,,,,,,,,,,,,,,,,,,,,,,,,,,,,,,-0.00,-0.00,-0.00,-0.00,-0.00,-0.00,,,,,,,,,,,,,,
btc-updown-5m-1780095600,1780095886000,14,73362.53,73459.13,96.60,0.0000,0.0000,0.0003,0.0480,0.0000,0.0557,0.000379,0.0422,0.0066,73458.91,0.0000,0.0003,0.0000,0.0000,,,,,,,,,,,,,,,,,,,,,,,,,,,,,,,,,,,,,,,,,-0.00,-0.00,-0.00,-0.00,-0.00,-0.00,,,,,,,,,,,,,,
btc-updown-5m-1780095600,1780095887000,13,73362.70,73459.13,96.43,0.0000,0.0000,0.0000,0.0480,0.0000,0.0557,0.000379,0.0422,0.0000,73458.92,0.0000,0.0003,0.0000,0.0000,,,,,,,,,,,,,,,,,,,,,,,,,,,,,,,,,,,,,,,,,-0.00,-0.00,-0.00,-0.00,-0.00,-0.00,,,,,,,,,,,,,,
btc-updown-5m-1780095600,1780095888000,12,73362.58,73459.12,96.54,-0.0000,-0.0000,0.0005,0.0485,0.0020,0.0557,0.000379,0.0421,0.0114,73458.92,-0.0000,0.0003,-0.0131,-0.0000,,,,,,,,,,,,,,,,,,,,,,,,,,,,,,,,,,,,,,,,,-0.00,-0.00,-0.00,-0.00,-0.00,-0.00,,,,,,,,,,,,,,
btc-updown-5m-1780095600,1780095889000,11,73362.48,73459.13,96.65,0.0000,0.0000,0.0002,0.0009,0.0040,0.0560,0.000379,0.0376,0.0051,73459.08,0.0000,0.0001,0.0132,0.0000,,,,,,,,,,,,,,,,,,,,,,,,,,,,,,,,,,,,,,,,,-0.00,-0.00,-0.00,-0.00,-0.00,-0.00,,,,,,,,,,,,,,
btc-updown-5m-1780095600,1780095890000,10,73362.48,73459.13,96.65,0.0000,0.0000,0.0118,0.0128,0.0040,0.0557,0.000379,0.0379,0.3124,73459.08,0.0000,0.0001,0.0000,0.0000,,,,,,,,,,,,,,,,,,,,,,,,,,,,,,,,,,,,,,,,,-0.00,-0.00,-0.00,-0.00,-0.00,-0.00,,,,,,,,,,,,,,
btc-updown-5m-1780095600,1780095891000,9,73361.95,73459.13,97.18,0.0000,0.0000,0.0002,0.0127,0.0040,0.0557,0.000379,0.0375,0.0051,73459.10,0.0000,0.0000,0.0000,0.0000,,,,,,,,,,,,,,,,,,,,,,,,,,,,,,,,,,,,,,,,,-0.00,-0.00,-0.00,-0.00,-0.00,-0.00,,,,,,,,,,,,,,
btc-updown-5m-1780095600,1780095892000,8,73362.19,73459.12,96.93,-0.0000,-0.0000,0.0059,0.0186,0.0060,0.0557,0.000379,0.0377,0.1558,73459.10,-0.0000,0.0000,-0.0132,-0.0000,,,,,,,,,,,,,,,,,,,,,,,,,,,,,,,,,,,,,,,,,-0.00,-0.00,-0.00,-0.00,-0.00,-0.00,,,,,,,,,,,,,,
btc-updown-5m-1780095600,1780095893000,7,73362.43,73459.13,96.70,0.0000,0.0000,0.0071,0.0252,0.0060,0.0557,0.000379,0.0378,0.1873,73459.10,0.0000,0.0000,0.0132,0.0000,,,,,,,,,,,,,,,,,,,,,,,,,,,,,,,,,,,,,,,,,-0.00,-0.00,-0.00,-0.00,-0.00,-0.00,,,,,,,,,,,,,,
btc-updown-5m-1780095600,1780095894000,6,73362.60,73459.13,96.53,0.0000,0.0000,0.0721,0.0971,0.0060,0.0560,0.000379,0.0400,1.8010,73459.11,0.0000,0.0000,0.0000,0.0000,,,,,,,,,,,,,,,,,,,,,,,,,,,,,,,,,,,,,,,,,-0.00,-0.00,-0.00,-0.00,-0.00,-0.00,,,,,,,,,,,,,,
btc-updown-5m-1780095600,1780095895000,5,73362.66,73459.12,96.46,-0.0000,-0.0000,0.0023,0.0876,0.0080,0.0560,0.000379,0.0401,0.0581,73459.11,-0.0000,0.0000,-0.0131,-0.0000,,,,,,,,,,,,,,,,,,,,,,,,,,,,,,,,,,,,,,,,,-0.00,-0.00,-0.00,-0.00,-0.00,-0.00,,,,,,,,,,,,,,
btc-updown-5m-1780095600,1780095896000,4,73362.53,73459.12,96.59,0.0000,-0.0000,0.0000,0.0874,0.0080,0.0560,0.000379,0.0399,0.0000,73459.12,-0.0000,0.0000,0.0000,0.0000,,,,,,,,,,,,,,,,,,,,,,,,,,,,,,,,,,,,,,,,,-0.00,-0.00,-0.00,-0.00,-0.00,-0.00,,,,,,,,,,,,,,
btc-updown-5m-1780095600,1780095897000,3,73362.67,73463.84,101.17,0.0064,0.0064,0.0613,0.1429,0.9500,0.2133,0.001202,0.0419,1.4644,73459.34,0.0038,0.0061,6.5006,0.0001,,,,,,,,,,,,,,,,,,,,,,,,,,,,,,,,,,,,,,,,,-0.00,-0.00,-0.00,-0.00,-0.00,-0.00,,,,,,,,,,,,,,
btc-updown-5m-1780095600,1780095898000,2,73362.67,73463.84,101.17,0.0000,0.0064,0.0010,0.1368,0.9480,0.2130,0.001202,0.0419,0.0239,73459.34,0.0036,0.0061,0.0000,0.0000,,,,,,,,,,,,,,,,,,,,,,,,,,,,,,,,,,,,,,,,,-0.00,-0.00,-0.00,-0.00,-0.00,-0.00,,,,,,,,,,,,,,
btc-updown-5m-1780095600,1780095899000,1,73363.59,73463.83,100.24,-0.0000,0.0064,0.0001,0.0648,0.9480,0.1613,0.001154,0.0416,0.0029,73459.36,0.0035,0.0061,-0.0136,-0.0000,,,,,,,,,,,,,,,,,,,,,,,,,,,,,,,,,,,,,,,,,-0.00,-0.00,-0.00,-0.00,-0.00,-0.00,,,,,,,,,,,,,,
btc-updown-5m-1780095600,1780095900000,0,73370.44,73463.84,93.40,0.0000,0.0064,0.0026,0.0650,0.9480,0.1613,0.001153,0.0140,0.1849,73459.84,0.0002,0.0055,0.0127,0.0000,,,,,,,,,,,,,,,,,,,,,,,,,,,,,,,,,,,,,,,,,-0.00,-0.00,-0.00,-0.00,-0.00,-0.00,,,,,,,,,,,,,,
btc-updown-5m-1780095600,1780095901000,-1,73371.10,73469.99,98.89,0.0084,0.0148,0.0920,0.1570,2.1780,0.3663,0.001863,0.0167,5.4973,73461.64,0.0035,0.0114,8.2782,0.0001,,,,,,,,,,,,,,,,,,,,,,,,,,,,,,,,,,,,,,,,,-0.00,-0.00,-0.00,-0.00,-0.00,-0.00,,,,,,,,,,,,,,
