market_slug,timestamp_ms,seconds_till_end,oracle_btc_price,binance_btc_price,lag,binance_ret1s_x100,binance_ret5s_x100,binance_volume_1s,binance_volume_5s,binance_atr_5s,binance_atr_30s,binance_rvol_30s,binance_volma_30s,binance_volume_spike,binance_vwap_30s,binance_p_vwap_5s,binance_p_vwap_30s,lat_dir_raw_x1000,lat_dir_norm_x1000,up_bid_1_price,up_bid_1_size,up_bid_2_price,up_bid_2_size,up_bid_3_price,up_bid_3_size,up_bid_4_price,up_bid_4_size,up_bid_5_price,up_bid_5_size,up_ask_1_price,up_ask_1_size,up_ask_2_price,up_ask_2_size,up_ask_3_price,up_ask_3_size,up_ask_4_price,up_ask_4_size,up_ask_5_price,up_ask_5_size,down_bid_1_price,down_bid_1_size,down_bid_2_price,down_bid_2_size,down_bid_3_price,down_bid_3_size,down_bid_4_price,down_bid_4_size,down_bid_5_price,down_bid_5_size,down_ask_1_price,down_ask_1_size,down_ask_2_price,down_ask_2_size,down_ask_3_price,down_ask_3_size,down_ask_4_price,down_ask_4_size,down_ask_5_price,down_ask_5_size,pm_up_bid_depth5,pm_up_ask_depth5,pm_up_total_depth5,pm_down_bid_depth5,pm_down_ask_depth5,pm_down_total_depth5,pm_up_spread,pm_down_spread,pm_up_imbalance,pm_down_imbalance,pm_up_microprice,pm_down_microprice,pm_up_bid_slope,pm_up_ask_slope,pm_down_bid_slope,pm_down_ask_slope,pm_up_bid_eatflow,pm_up_ask_eatflow,pm_down_bid_eatflow,pm_down_ask_eatflow
btc-updown-5m-1780096200,1780096202000,298,73360.48,73456.48,96.00,0.0000,-0.0000,0.0000,0.0191,0.0040,0.0967,0.000689,0.0181,0.0000,73454.08,-0.0000,0.0033,0.0000,0.0000,,,,,,,,,,,,,,,,,,,,,,,,,,,,,,,,,,,,,,,,,-0.00,-0.00,-0.00,-0.00,-0.00,-0.00,,,,,,,,,,,,,,
btc-updown-5m-1780096200,1780096203000,297,73360.49,73456.49,96.00,0.0000,0.0000,0.0349,0.0540,0.0060,0.0970,0.000689,0.0076,4.6076,73455.09,0.0000,0.0019,0.0131,0.0000,0.4800,141.40,0.4700,161.99,0.4600,247.00,0.4500,244.00,0.4400,168.12,0.4900,233.03,0.5000,106.00,0.5100,166.45,0.5200,161.72,0.5300,168.03,0.5100,233.03,0.5000,106.00,0.4900,166.45,0.4800,161.72,0.4700,168.03,0.5200,141.40,0.5300,161.99,0.5400,247.00,0.5500,244.00,0.5600,168.12,962.51,835.23,1797.74,835.23,962.51,1797.74,0.0100,0.0100,0.0708,-0.0708,0.4838,0.5162,0.3152,0.4059,0.4059,0.3152,96.7671,-427.5342,-428.7087,97.0329
btc-updown-5m-1780096200,1780096204000,296,73360.49,73456.49,96.00,0.0000,0.0000,0.0780,0.1297,0.0040,0.0970,0.000689,0.0099,7.8512,73455.47,0.0000,0.0014,0.0000,0.0000,0.4800,58.05,0.4700,171.99,0.4600,316.09,0.4500,244.00,0.4400,168.12,0.4900,399.44,0.5000,131.00,0.5100,161.45,0.5200,161.72,0.5300,174.03,0.5100,399.44,0.5000,131.00,0.4900,161.45,0.4800,161.72,0.4700,174.03,0.5200,58.05,0.5300,171.99,0.5400,316.09,0.5500,244.00,0.5600,168.12,958.25,1027.64,1985.89,1027.64,958.25,1985.89,0.0100,0.0100,-0.0349,0.0349,0.4813,0.5187,0.2401,0.5162,0.5162,0.2401,27.2456,31.8947,31.9227,27.2695
btc-updown-5m-1780096200,1780096205000,295,73360.34,73456.49,96.15,0.0000,0.0000,0.0000,0.1140,0.0020,0.0970,0.000689,0.0099,0.0000,73455.47,0.0000,0.0014,0.0000,0.0000,0.4800,72.95,0.4700,196.99,0.4600,335.09,0.4500,238.00,0.4400,168.12,0.4900,335.63,0.5000,131.00,0.5100,166.45,0.5200,78.00,0.5300,174.03,0.5100,335.63,0.5000,131.00,0.4900,166.45,0.4800,78.00,0.4700,174.03,0.5200,72.95,0.5300,196.99,0.5400,335.09,0.5500,238.00,0.5600,168.12,1011.15,885.11,1896.26,885.11,1011.15,1896.26,0.0100,0.0100,0.0665,-0.0665,0.4818,0.5182,0.2670,0.5272,0.5272,0.2670,42.5114,-53.7570,-53.7842,42.5329
btc-updown-5m-1780096200,1780096206000,294,73360.31,73456.49,96.18,0.0000,0.0000,0.0001,0.1129,0.0020,0.0970,0.000689,0.0099,0.0091,73455.47,0.0000,0.0014,0.0000,0.0000,0.5000,259.11,0.4900,157.75,0.4800,104.17,0.4700,157.99,0.4600,198.06,0.5100,109.54,0.5200,167.00,0.5300,241.33,0.5400,243.00,0.5500,208.09,0.4900,109.54,0.4800,167.00,0.4700,241.33,0.4600,243.00,0.4500,208.09,0.5000,259.11,0.5100,157.75,0.5200,104.17,0.5300,157.99,0.5400,198.06,877.08,968.96,1846.04,968.96,877.08,1846.04,0.0100,0.0100,-0.0498,0.0498,0.5070,0.4930,0.4753,0.2854,0.2854,0.4753,-14.7166,-6.5551,-6.5570,-14.7209
btc-updown-5m-1780096200,1780096207000,293,73360.32,73456.49,96.17,0.0000,0.0000,0.0000,0.1129,0.0020,0.0970,0.000689,0.0099,0.0000,73455.47,0.0000,0.0014,0.0000,0.0000,0.5000,283.09,0.4900,164.98,0.4800,104.17,0.4700,157.99,0.4600,198.06,0.5100,61.76,0.5200,167.00,0.5300,241.33,0.5400,243.00,0.5500,208.09,0.4900,61.76,0.4800,167.00,0.4700,241.33,0.4600,243.00,0.4500,208.09,0.5000,283.09,0.5100,164.98,0.5200,104.17,0.5300,157.99,0.5400,198.06,908.29,921.18,1829.47,921.18,908.29,1829.47,0.0100,0.0100,-0.0070,0.0070,0.5082,0.4918,0.4933,0.2483,0.2483,0.4933,-5.2632,-19.5210,-19.5210,-5.2632
btc-updown-5m-1780096200,1780096208000,292,73360.96,73456.49,95.53,0.0000,0.0000,0.0010,0.0791,0.0000,0.0970,0.000689,0.0098,0.1034,73455.51,0.0000,0.0013,0.0000,0.0000,0.5000,204.09,0.4900,81.69,0.4800,73.00,0.4700,168.11,0.4600,230.50,0.5100,154.19,0.5200,212.41,0.5300,279.99,0.5400,303.45,0.5500,253.00,0.4900,154.19,0.4800,212.41,0.4700,279.99,0.4600,303.45,0.4500,253.00,0.5000,204.09,0.5100,81.69,0.5200,73.00,0.5300,168.11,0.5400,230.50,757.39,1203.04,1960.43,1203.04,757.39,1960.43,0.0100,0.0100,-0.2273,0.2273,0.5057,0.4943,0.3773,0.3047,0.3047,0.3773,-34.6248,43.1811,43.1899,-34.6319
btc-updown-5m-1780096200,1780096209000,291,73360.96,73456.49,95.53,0.0000,0.0000,0.0000,0.0011,0.0000,0.0970,0.000689,0.0098,0.0000,73455.51,0.0000,0.0013,0.0000,0.0000,0.5000,217.09,0.4900,70.69,0.4800,118.00,0.4700,276.51,0.4600,225.50,0.5100,203.99,0.5200,212.41,0.5300,260.99,0.5400,281.06,0.5500,253.00,0.4900,188.99,0.4800,212.41,0.4700,260.99,0.4600,281.06,0.4500,253.00,0.5000,217.09,0.5100,70.69,0.5200,118.00,0.5300,276.51,0.5400,225.50,907.79,1211.45,2119.24,1196.45,907.79,2104.24,0.0100,0.0100,-0.1433,0.1372,0.5052,0.4947,0.3170,0.3437,0.3355,0.3170,7.8223,61.4518,59.0470,7.8236
btc-updown-5m-1780096200,1780096210000,290,73360.95,73456.48,95.53,-0.0000,-0.0000,0.0001,0.0012,0.0020,0.0970,0.000689,0.0098,0.0092,73455.51,-0.0000,0.0013,-0.0130,-0.0000,0.5000,50.09,0.4900,65.69,0.4800,73.00,0.4700,200.26,0.4600,285.75,0.5100,445.26,0.5200,230.26,0.5300,295.99,0.5400,281.06,0.5500,253.00,0.4900,445.26,0.4800,230.26,0.4700,295.99,0.4600,281.06,0.4500,253.00,0.5000,50.09,0.5100,65.69,0.5200,73.00,0.5300,200.26,0.5400,285.75,674.79,1505.57,2180.36,1505.57,674.79,2180.36,0.0100,0.0100,-0.3810,0.3810,0.5010,0.4990,0.1716,0.4487,0.4487,0.1716,-61.9686,91.9290,91.9455,-61.9798
btc-updown-5m-1780096200,1780096211000,289,73361.02,73456.48,95.46,0.0000,-0.0000,0.0000,0.0011,0.0020,0.0970,0.000689,0.0095,0.0000,73455.56,-0.0000,0.0013,0.0000,0.0000,0.4200,318.28,0.4100,214.88,0.4000,231.00,0.3900,166.00,0.3800,206.00,0.4300,367.53,0.4400,48.00,0.4500,166.00,0.4600,56.00,0.4700,136.00,0.5700,367.53,0.5600,48.00,0.5500,166.00,0.5400,56.00,0.5300,136.00,0.5800,318.28,0.5900,214.88,0.6000,231.00,0.6100,166.00,0.6200,206.00,1136.16,773.53,1909.69,773.53,1136.16,1909.69,0.0100,0.0100,0.1899,-0.1899,0.4246,0.5754,0.4693,0.5372,0.5372,0.4693,21.6056,13.2564,13.2542,21.6020
btc-updown-5m-1780096200,1780096212000,288,73361.02,73456.48,95.46,0.0000,-0.0000,0.0020,0.0031,0.0040,0.0973,0.000689,0.0096,0.2102,73455.57,-0.0000,0.0012,0.0000,0.0000,0.4200,589.61,0.4100,232.53,0.4000,246.40,0.3900,231.00,0.3800,221.66,0.4300,195.03,0.4400,65.00,0.4500,116.00,0.4600,140.00,0.4700,136.00,0.5700,195.03,0.5600,65.00,0.5500,116.00,0.5400,140.00,0.5300,136.00,0.5800,589.61,0.5900,232.53,0.6000,246.40,0.6100,231.00,0.6200,221.66,1521.20,652.03,2173.23,652.03,1521.20,2173.23,0.0100,0.0100,0.3999,-0.3999,0.4275,0.5725,0.5405,0.3988,0.3988,0.5405,95.0394,-59.4614,-59.4517,95.0238
btc-updown-5m-1780096200,1780096213000,287,73358.47,73456.49,98.02,0.0000,0.0000,0.0010,0.0031,0.0060,0.0973,0.000689,0.0096,0.1063,73455.57,0.0000,0.0013,0.0133,0.0000,0.4500,633.10,0.4400,262.99,0.4300,323.23,0.4200,300.16,0.4100,161.00,0.4600,8.90,0.4700,105.00,0.4800,365.00,0.4900,97.70,0.5000,91.00,0.5400,8.90,0.5300,105.00,0.5200,365.00,0.5100,97.70,0.5000,91.00,0.5500,633.10,0.5600,262.99,0.5700,323.23,0.5800,300.16,0.5900,161.00,1680.48,667.60,2348.08,667.60,1680.48,2348.08,0.0100,0.0100,0.4314,-0.4314,0.4599,0.5401,0.5332,0.1706,0.1706,0.5332,169.5437,-45.5475,-45.5475,169.5437
btc-updown-5m-1780096200,1780096214000,286,73358.08,73456.49,98.41,0.0000,0.0000,0.0015,0.0046,0.0060,0.0973,0.000689,0.0095,0.1577,73455.60,0.0000,0.0012,0.0000,0.0000,0.4600,525.15,0.4500,289.06,0.4400,359.15,0.4300,266.87,0.4200,282.90,0.4700,90.24,0.4800,160.00,0.4900,155.00,0.5000,61.00,0.5100,71.00,0.5300,90.24,0.5200,160.00,0.5100,155.00,0.5000,61.00,0.4900,71.00,0.5400,525.15,0.5500,289.06,0.5600,359.15,0.5700,266.87,0.5800,282.90,1723.13,537.24,2260.37,537.24,1723.13,2260.37,0.0100,0.0100,0.5246,-0.5246,0.4685,0.5315,0.4725,0.4658,0.4658,0.4725,148.3319,-101.5103,-101.5632,148.4091
btc-updown-5m-1780096200,1780096215000,285,73358.08,73456.48,98.40,-0.0000,0.0000,0.0002,0.0048,0.0060,0.0977,0.000689,0.0068,0.0325,73456.39,-0.0000,0.0001,-0.0134,-0.0000,0.4600,479.80,0.4500,416.02,0.4400,267.99,0.4300,326.54,0.4200,216.00,0.4700,162.10,0.4800,167.85,0.4900,185.00,0.5000,76.00,0.5100,144.50,0.5300,162.10,0.5200,167.85,0.5100,185.00,0.5000,76.00,0.4900,144.50,0.5400,479.80,0.5500,416.02,0.5600,267.99,0.5700,326.54,0.5800,216.00,1706.35,735.45,2441.80,735.45,1706.35,2441.80,0.0100,0.0100,0.3976,-0.3976,0.4675,0.5325,0.5250,0.4486,0.4486,0.5250,135.8095,-80.9524,-78.4014,135.8095
btc-updown-5m-1780096200,1780096216000,284,73357.73,73456.48,98.75,0.0000,0.0000,0.0003,0.0051,0.0060,0.0977,0.000689,0.0067,0.0464,73456.43,-0.0000,0.0001,0.0000,0.0000,0.4600,328.30,0.4500,358.15,0.4400,337.99,0.4300,266.54,0.4200,276.00,0.4700,172.10,0.4800,172.78,0.4900,175.00,0.5000,76.00,0.5100,179.50,0.5300,172.10,0.5200,172.78,0.5100,175.00,0.5000,76.00,0.4900,179.50,0.5400,328.30,0.5500,358.15,0.5600,337.99,0.5700,266.54,0.5800,276.00,1566.98,775.38,2342.36,775.38,1566.98,2342.36,0.0100,0.0100,0.3379,-0.3379,0.4666,0.5334,0.4381,0.4448,0.4448,0.4381,227.5004,-159.4055,-159.4055,227.5004
btc-updown-5m-1780096200,1780096217000,283,73357.69,73456.48,98.79,0.0000,0.0000,0.0000,0.0031,0.0040,0.0973,0.000689,0.0067,0.0000,73456.43,-0.0000,0.0001,0.0000,0.0000,0.4600,307.59,0.4500,328.99,0.4400,262.99,0.4300,266.54,0.4200,201.00,0.4700,31.82,0.4800,184.78,0.4900,100.00,0.5000,76.00,0.5100,104.50,0.5300,31.82,0.5200,184.78,0.5100,100.00,0.5000,76.00,0.4900,104.50,0.5400,307.59,0.5500,328.99,0.5600,262.99,0.5700,266.54,0.5800,201.00,1367.11,497.10,1864.21,497.10,1367.11,1864.21,0.0100,0.0100,0.4667,-0.4667,0.4691,0.5309,0.4656,0.4357,0.4357,0.4656,80.4036,-71.9672,-71.3438,103.3385
btc-updown-5m-1780096200,1780096218000,282,73357.69,73456.48,98.79,0.0000,-0.0000,0.0000,0.0020,0.0020,0.0973,0.000689,0.0066,0.0000,73456.45,-0.0000,0.0000,0.0000,0.0000,0.4600,677.28,0.4500,311.99,0.4400,379.15,0.4300,266.54,0.4200,297.40,0.4700,30.81,0.4800,184.78,0.4900,175.00,0.5000,76.00,0.5100,149.50,0.5300,30.81,0.5200,184.78,0.5100,175.00,0.5000,76.00,0.4900,149.50,0.5400,677.28,0.5500,311.99,0.5600,379.15,0.5700,266.54,0.5800,297.40,1932.36,616.09,2548.45,616.09,1932.36,2548.45,0.0100,0.0100,0.5165,-0.5165,0.4696,0.5304,0.5119,0.3499,0.3499,0.5119,91.6048,1.5817,1.5815,91.5897
btc-updown-5m-1780096200,1780096219000,281,73357.59,73456.49,98.90,0.0000,0.0000,0.0482,0.0487,0.0040,0.0977,0.000689,0.0082,5.8814,73456.46,0.0000,0.0000,0.0135,0.0000,0.4600,726.10,0.4500,341.15,0.4400,319.99,0.4300,266.54,0.4200,267.40,0.4700,30.81,0.4800,184.78,0.4900,145.00,0.5000,76.00,0.5100,119.50,0.5300,30.81,0.5200,184.78,0.5100,145.00,0.5000,76.00,0.4900,119.50,0.5400,726.10,0.5500,341.15,0.5600,319.99,0.5700,266.54,0.5800,267.40,1921.18,556.09,2477.27,556.09,1921.18,2477.27,0.0100,0.0100,0.5510,-0.5510,0.4696,0.5304,0.5555,0.3877,0.3877,0.5555,43.1207,-19.9767,-19.9803,43.1285
btc-updown-5m-1780096200,1780096220000,280,73357.59,73456.48,98.89,-0.0000,0.0000,0.0019,0.0504,0.0040,0.0980,0.000689,0.0083,0.2276,73456.46,-0.0000,0.0000,-0.0135,-0.0000,0.4600,555.09,0.4500,382.56,0.4400,292.99,0.4300,266.54,0.4200,252.40,0.4700,25.83,0.4800,177.78,0.4900,130.00,0.5000,76.00,0.5100,98.50,0.5300,25.83,0.5200,177.78,0.5100,130.00,0.5000,76.00,0.4900,98.50,0.5400,555.09,0.5500,382.56,0.5600,292.99,0.5700,266.54,0.5800,252.40,1749.58,508.11,2257.69,508.11,1749.58,2257.69,0.0100,0.0100,0.5499,-0.5499,0.4696,0.5304,0.5359,0.4007,0.4007,0.5359,4.8266,-5.3157,-5.3167,4.8275
btc-updown-5m-1780096200,1780096221000,279,73357.58,73456.49,98.91,0.0000,0.0000,0.0866,0.1367,0.0060,0.0980,0.000689,0.0111,7.8330,73456.46,0.0000,0.0000,0.0135,0.0000,0.4600,606.04,0.4500,389.56,0.4400,322.15,0.4300,266.54,0.4200,242.40,0.4700,25.83,0.4800,187.78,0.4900,120.00,0.5000,76.00,0.5100,136.50,0.5300,25.83,0.5200,187.78,0.5100,120.00,0.5000,76.00,0.4900,136.50,0.5400,606.04,0.5500,389.56,0.5600,322.15,0.5700,266.54,0.5800,242.40,1826.69,546.11,2372.80,546.11,1826.69,2372.80,0.0100,0.0100,0.5397,-0.5397,0.4696,0.5304,0.5450,0.3911,0.3911,0.5450,22.3763,-35.2064,-35.2064,22.3763
btc-updown-5m-1780096200,1780096222000,278,73357.85,73456.48,98.63,-0.0000,0.0000,0.0011,0.1378,0.0080,0.0983,0.000689,0.0110,0.1043,73456.48,-0.0000,-0.0000,-0.0134,-0.0000,0.5100,42.33,0.5000,20.00,0.4900,40.00,0.4700,600.80,0.4600,368.59,0.5400,62.46,0.5500,101.00,0.5600,116.00,0.5700,50.00,0.5800,71.24,0.4600,62.46,0.4500,101.00,0.4400,116.00,0.4300,50.00,0.4200,71.24,0.4900,42.33,0.5000,20.00,0.5100,40.00,0.5300,600.80,0.5400,368.59,1071.72,400.70,1472.42,400.70,1071.72,1472.42,0.0300,0.0300,0.4557,-0.4557,0.5221,0.4779,0.0582,0.4079,0.4079,0.0582,-80.9453,-62.4038,-62.4038,-80.9453
btc-updown-5m-1780096200,1780096223000,277,73357.85,73456.48,98.63,0.0000,0.0000,0.0061,0.1439,0.0100,0.0043,0.000008,0.0112,0.5416,73456.49,-0.0000,-0.0000,0.0000,0.0000,0.5200,527.09,0.5100,195.31,0.5000,156.00,0.4900,201.00,0.4800,151.00,0.5300,45.51,0.5400,60.07,0.5500,128.39,0.5600,135.00,0.5700,91.00,0.4700,45.51,0.4600,60.07,0.4500,128.39,0.4400,135.00,0.4300,91.00,0.4800,527.09,0.4900,195.31,0.5000,156.00,0.5100,201.00,0.5200,151.00,1230.40,459.97,1690.37,459.97,1230.40,1690.37,0.0100,0.0100,0.4558,-0.4558,0.5292,0.4708,0.5871,0.2295,0.2295,0.5871,-96.4356,-14.9528,-14.9528,-96.4356
btc-updown-5m-1780096200,1780096224000,276,73360.95,73456.49,95.54,0.0000,0.0000,0.0575,0.1532,0.0100,0.0047,0.000008,0.0121,4.7512,73456.49,0.0000,0.0000,0.0130,0.0000,0.5200,798.25,0.5100,190.99,0.5000,177.00,0.4900,191.00,0.4800,146.00,0.5300,31.62,0.5400,60.07,0.5500,106.08,0.5600,172.39,0.5700,136.20,0.4700,31.62,0.4600,60.07,0.4500,106.08,0.4400,172.39,0.4300,136.20,0.4800,798.25,0.4900,190.99,0.5000,177.00,0.5100,191.00,0.5200,146.00,1503.24,506.36,2009.60,506.36,1503.24,2009.60,0.0100,0.0100,0.4961,-0.4961,0.5296,0.4704,0.6581,0.1811,0.1811,0.6581,-69.1237,-17.6756,-17.6784,-69.1348
btc-updown-5m-1780096200,1780096225000,275,73360.95,73456.49,95.54,0.0000,0.0000,0.0005,0.1518,0.0080,0.0047,0.000008,0.0121,0.0413,73456.49,0.0000,0.0000,0.0000,0.0000,0.5200,910.49,0.5100,180.99,0.5000,266.00,0.4900,211.00,0.4800,151.00,0.5500,106.08,0.5600,177.39,0.5700,201.20,0.5800,111.00,0.5900,101.00,0.4500,106.08,0.4400,177.39,0.4300,201.20,0.4200,111.00,0.4100,101.00,0.4800,910.49,0.4900,180.99,0.5000,266.00,0.5100,211.00,0.5200,151.00,1719.48,696.67,2416.15,696.67,1719.48,2416.15,0.0300,0.0300,0.4233,-0.4233,0.5469,0.4531,0.6348,0.4069,0.4069,0.6348,-9.2367,33.7649,33.7587,-9.2350
btc-updown-5m-1780096200,1780096226000,274,73361.33,73456.49,95.16,0.0000,0.0000,0.0013,0.0665,0.0060,0.0047,0.000008,0.0122,0.1028,73456.49,0.0000,0.0000,0.0000,0.0000,0.5400,552.19,0.5300,118.00,0.5200,254.02,0.5100,181.99,0.5000,266.00,0.5500,119.18,0.5600,199.39,0.5700,226.73,0.5800,116.00,0.5900,71.00,0.4500,119.18,0.4400,199.39,0.4300,226.73,0.4200,116.00,0.4100,71.00,0.4600,552.19,0.4700,118.00,0.4800,254.02,0.4900,181.99,0.5000,266.00,1372.20,732.30,2104.50,732.30,1372.20,2104.50,0.0100,0.0100,0.3041,-0.3041,0.5482,0.4518,0.4884,0.4350,0.4350,0.4884,-80.5833,33.0124,33.0183,-80.5976
btc-updown-5m-1780096200,1780096227000,273,73362.31,73459.04,96.73,0.0035,0.0035,0.8115,0.8768,0.5140,0.0893,0.000623,0.0383,21.1693,73458.23,0.0003,0.0011,3.3579,0.0000,0.5900,432.90,0.5800,347.21,0.5700,194.27,0.5600,166.00,0.5500,236.11,0.6000,30.87,0.6100,352.48,0.6200,168.52,0.6300,388.81,0.6400,106.81,0.4000,30.87,0.3900,352.48,0.3800,168.52,0.3700,388.81,0.3600,106.81,0.4100,432.90,0.4200,347.21,0.4300,194.27,0.4400,166.00,0.4500,236.11,1376.49,1047.49,2423.98,1047.49,1376.49,2423.98,0.0100,0.0100,0.1357,-0.1357,0.5993,0.4007,0.5667,0.3660,0.3660,0.5667,-96.0216,121.5603,121.6027,-96.0551
btc-updown-5m-1780096200,1780096228000,272,73363.43,73459.03,95.60,-0.0000,0.0035,0.0921,0.9628,0.5140,0.0897,0.000623,0.0402,2.2928,73458.34,0.0002,0.0009,-0.0130,-0.0000,0.6000,221.57,0.5900,150.55,0.5800,197.61,0.5700,132.00,0.5600,216.00,0.6100,365.85,0.6200,257.42,0.6300,296.26,0.6400,127.00,0.6500,178.08,0.3900,374.74,0.3800,257.42,0.3700,296.26,0.3600,127.00,0.3500,178.08,0.4000,221.57,0.4100,150.55,0.4200,197.61,0.4300,132.00,0.4400,216.00,917.73,1224.61,2142.34,1233.50,917.73,2151.23,0.0100,0.0100,-0.1432,0.1468,0.6038,0.3963,0.4055,0.5090,0.5125,0.4055,-44.5476,134.9771,136.4630,-44.5401
btc-updown-5m-1780096200,1780096229000,271,73364.57,73459.03,94.46,0.0000,0.0035,0.0000,0.9053,0.5120,0.0893,0.000623,0.0402,0.0000,73458.34,0.0002,0.0009,0.0000,0.0000,0.6000,139.94,0.5900,124.55,0.5800,127.61,0.5700,92.00,0.5600,121.00,0.6100,667.12,0.6200,264.36,0.6300,296.06,0.6400,136.00,0.6500,87.15,0.3900,667.12,0.3800,264.36,0.3700,296.06,0.3600,136.00,0.3500,87.15,0.4000,139.94,0.4100,124.55,0.4200,127.61,0.4300,92.00,0.4400,121.00,605.10,1450.69,2055.79,1450.69,605.10,2055.79,0.0100,0.0100,-0.4113,0.4113,0.6017,0.3983,0.4371,0.6421,0.6421,0.4371,-104.9337,166.2561,166.2561,-104.9337
btc-updown-5m-1780096200,1780096230000,270,73365.84,73459.04,93.20,0.0000,0.0035,0.0075,0.9123,0.5140,0.0893,0.000623,0.0403,0.1867,73458.35,0.0000,0.0009,0.0127,0.0000,0.6000,118.36,0.5900,124.55,0.5800,170.61,0.5700,112.00,0.5600,198.00,0.6100,522.54,0.6200,185.65,0.6300,371.06,0.6400,144.00,0.6500,106.00,0.3900,522.54,0.3800,185.65,0.3700,371.06,0.3600,144.00,0.3500,106.00,0.4000,118.36,0.4100,124.55,0.4200,170.61,0.4300,112.00,0.4400,198.00,723.52,1329.25,2052.77,1329.25,723.52,2052.77,0.0100,0.0100,-0.2951,0.2951,0.6018,0.3982,0.3357,0.5328,0.5328,0.3357,-124.3087,140.8624,140.8624,-124.3087
btc-updown-5m-1780096200,1780096231000,269,73366.40,73459.03,92.63,-0.0000,0.0035,0.0064,0.9175,0.5160,0.0897,0.000623,0.0400,0.1606,73458.37,-0.0000,0.0009,-0.0126,-0.0000,0.6000,242.33,0.5900,124.55,0.5800,146.32,0.5700,102.00,0.5600,158.93,0.6100,362.06,0.6200,183.65,0.6300,296.83,0.6400,154.00,0.6500,126.92,0.3900,362.06,0.3800,183.65,0.3700,296.83,0.3600,154.00,0.3500,126.92,0.4000,242.33,0.4100,124.55,0.4200,146.32,0.4300,102.00,0.4400,158.93,774.13,1123.46,1897.59,1123.46,774.13,1897.59,0.0100,0.0100,-0.1841,0.1841,0.6040,0.3960,0.4739,0.4857,0.4857,0.4739,-97.6014,81.4914,81.4914,-97.6014
btc-updown-5m-1780096200,1780096232000,268,73366.22,73459.04,92.82,0.0000,0.0000,0.0003,0.1063,0.0080,0.0900,0.000623,0.0400,0.0065,73458.38,0.0000,0.0009,0.0126,0.0000,0.6000,121.62,0.5900,129.55,0.5800,181.32,0.5700,127.00,0.5600,156.00,0.6100,404.52,0.6200,354.68,0.6300,251.80,0.6400,144.82,0.6500,121.00,0.3900,404.52,0.3800,354.68,0.3700,251.80,0.3600,144.82,0.3500,121.00,0.4000,121.62,0.4100,129.55,0.4200,181.32,0.4300,127.00,0.4400,156.00,715.49,1276.82,1992.31,1276.82,715.49,1992.31,0.0100,0.0100,-0.2817,0.2817,0.6023,0.3977,0.3510,0.5946,0.5946,0.3510,-107.5340,89.1633,89.1341,-107.4988
btc-updown-5m-1780096200,1780096233000,267,73366.22,73459.04,92.82,0.0000,0.0000,0.0001,0.0144,0.0060,0.0897,0.000623,0.0400,0.0035,73458.38,0.0000,0.0009,0.0000,0.0000,0.6000,121.62,0.5900,129.55,0.5800,181.61,0.5700,187.04,0.5600,156.00,0.6100,486.54,0.6200,352.96,0.6300,241.00,0.6400,159.82,0.6500,129.00,0.3900,486.54,0.3800,352.96,0.3700,241.00,0.3600,159.82,0.3500,129.00,0.4000,121.62,0.4100,129.55,0.4200,181.61,0.4300,187.04,0.4400,156.00,775.82,1369.32,2145.14,1369.32,775.82,2145.14,0.0100,0.0100,-0.2767,0.2767,0.6020,0.3980,0.3237,0.6131,0.6131,0.3237,-110.3159,59.1056,59.0839,-110.2754
btc-updown-5m-1780096200,1780096234000,266,73365.76,73459.04,93.28,0.0000,0.0000,0.0066,0.0209,0.0060,0.0897,0.000623,0.0391,0.1681,73458.43,0.0000,0.0008,0.0000,0.0000,0.6000,300.00,0.5900,175.55,0.5800,196.61,0.5700,182.00,0.5600,161.00,0.6100,248.12,0.6200,149.18,0.6300,266.86,0.6400,189.82,0.6500,121.00,0.3900,248.12,0.3800,149.18,0.3700,266.86,0.3600,189.82,0.3500,121.00,0.4000,300.00,0.4100,175.55,0.4200,196.61,0.4300,182.00,0.4400,161.00,1015.16,974.98,1990.14,974.98,1015.16,1990.14,0.0100,0.0100,0.0202,-0.0202,0.6055,0.3945,0.4684,0.4075,0.4075,0.4684,-6.1653,-44.1928,-44.1847,-6.1642
btc-updown-5m-1780096200,1780096235000,265,73365.74,73459.03,93.29,-0.0000,-0.0000,0.0002,0.0136,0.0060,0.0900,0.000623,0.0366,0.0055,73458.57,-0.0000,0.0006,-0.0127,-0.0000,0.5700,56.19,0.5600,156.00,0.5500,188.02,0.5400,116.00,0.5300,211.02,0.6000,15.00,0.6100,350.37,0.6200,160.72,0.6300,266.86,0.6400,287.27,0.4000,15.00,0.3900,350.37,0.3800,160.72,0.3700,266.86,0.3600,287.27,0.4300,56.19,0.4400,156.00,0.4500,188.02,0.4600,116.00,0.4700,211.02,727.23,1080.22,1807.45,1080.22,727.23,1807.45,0.0300,0.0300,-0.1953,0.1953,0.5937,0.4063,0.2918,0.3382,0.3382,0.2918,16.0933,-57.6541,-57.6541,16.0933
btc-updown-5m-1780096200,1780096236000,264,73365.76,73459.03,93.27,0.0000,0.0000,0.0021,0.0092,0.0060,0.0903,0.000623,0.0366,0.0568,73458.57,-0.0000,0.0006,0.0000,0.0000,0.5700,56.19,0.5600,156.00,0.5500,188.02,0.5400,116.00,0.5300,211.02,0.6000,15.00,0.6100,350.37,0.6200,160.72,0.6300,266.86,0.6400,287.27,0.4000,15.00,0.3900,350.37,0.3800,160.72,0.3700,266.86,0.3600,287.27,0.4300,56.19,0.4400,156.00,0.4500,188.02,0.4600,116.00,0.4700,211.02,727.23,1080.22,1807.45,1080.22,727.23,1807.45,0.0300,0.0300,-0.1953,0.1953,0.5937,0.4063,0.2918,0.3382,0.3382,0.2918,6.2650,-75.5098,-75.5098,6.2650
btc-updown-5m-1780096200,1780096237000,263,73365.82,73459.03,93.21,0.0000,-0.0000,0.0000,0.0090,0.0040,0.0903,0.000623,0.0366,0.0000,73458.57,-0.0000,0.0006,0.0000,0.0000,0.5800,283.44,0.5700,87.96,0.5600,71.00,0.5500,181.99,0.5400,86.00,0.5900,67.92,0.6000,114.50,0.6100,191.80,0.6200,134.68,0.6300,276.60,0.4100,67.92,0.4000,114.50,0.3900,191.80,0.3800,134.68,0.3700,276.60,0.4200,283.44,0.4300,87.96,0.4400,71.00,0.4500,181.99,0.4600,86.00,710.39,785.50,1495.89,785.50,710.39,1495.89,0.0100,0.0100,-0.0502,0.0502,0.5881,0.4119,0.5228,0.2322,0.2322,0.5228,-25.0436,-82.8291,-82.9346,-25.0756
btc-updown-5m-1780096200,1780096238000,262,73365.82,73459.04,93.22,0.0000,0.0000,0.0001,0.0090,0.0060,0.0907,0.000623,0.0367,0.0038,73458.57,0.0000,0.0006,0.0127,0.0000,0.5800,303.05,0.5700,72.96,0.5600,76.00,0.5500,184.06,0.5400,96.00,0.5900,60.40,0.6000,129.87,0.6100,191.80,0.6200,134.68,0.6300,296.66,0.4100,60.40,0.4000,129.87,0.3900,191.80,0.3800,134.68,0.3700,296.66,0.4200,303.05,0.4300,72.96,0.4400,76.00,0.4500,184.06,0.4600,96.00,732.07,813.41,1545.48,813.41,732.07,1545.48,0.0100,0.0100,-0.0526,0.0526,0.5883,0.4117,0.5136,0.2339,0.2339,0.5136,3.2664,-91.2943,-91.2943,3.2664
btc-updown-5m-1780096200,1780096239000,261,73366.04,73459.04,93.00,0.0000,0.0000,0.0681,0.0705,0.0060,0.0907,0.000623,0.0388,1.7535,73458.60,0.0000,0.0006,0.0000,0.0000,0.5800,253.05,0.5700,148.96,0.5600,66.00,0.5500,236.99,0.5400,96.00,0.6000,70.46,0.6100,191.80,0.6200,134.68,0.6300,282.09,0.6400,217.42,0.4000,70.46,0.3900,191.80,0.3800,134.68,0.3700,282.09,0.3600,217.42,0.4200,253.05,0.4300,148.96,0.4400,66.00,0.4500,236.99,0.4600,96.00,801.00,896.45,1697.45,896.45,801.00,1697.45,0.0200,0.0200,-0.0562,0.0562,0.5956,0.4044,0.5019,0.2926,0.2926,0.5019,-20.6627,-23.3575,-23.3575,-20.6627
btc-updown-5m-1780096200,1780096240000,260,73366.05,73459.04,92.99,0.0000,0.0000,0.0000,0.0703,0.0040,0.0903,0.000623,0.0388,0.0000,73458.60,0.0000,0.0006,0.0000,0.0000,0.5900,191.53,0.5800,115.00,0.5700,125.96,0.5600,156.00,0.5500,143.76,0.6000,109.45,0.6100,191.80,0.6200,134.15,0.6300,389.24,0.6400,151.60,0.4000,109.45,0.3900,191.80,0.3800,134.15,0.3700,389.24,0.3600,151.60,0.4100,191.53,0.4200,115.00,0.4300,125.96,0.4400,156.00,0.4500,143.76,732.25,976.24,1708.49,976.24,732.25,1708.49,0.0100,0.0100,-0.1428,0.1428,0.5964,0.4036,0.4186,0.3086,0.3086,0.4186,-40.3743,-14.9791,-14.9791,-40.3743
btc-updown-5m-1780096200,1780096241000,259,73366.07,73459.04,92.97,0.0000,0.0000,0.0481,0.1163,0.0040,0.0907,0.000623,0.0404,1.1915,73458.61,0.0000,0.0006,0.0000,0.0000,0.5900,370.09,0.5800,112.20,0.5700,108.96,0.5600,161.00,0.5500,111.00,0.6000,152.42,0.6100,178.80,0.6200,147.15,0.6300,449.24,0.6400,136.60,0.4000,152.42,0.3900,178.80,0.3800,147.15,0.3700,449.24,0.3600,136.60,0.4100,370.09,0.4200,112.20,0.4300,108.96,0.4400,161.00,0.4500,111.00,863.25,1064.21,1927.46,1064.21,863.25,1927.46,0.0100,0.0100,-0.1043,0.1043,0.5971,0.4029,0.5587,0.3112,0.3112,0.5587,49.9311,39.9061,39.9144,49.9416
btc-updown-5m-1780096200,1780096242000,258,73366.08,73443.72,77.64,-0.0209,-0.0208,1.9833,2.0996,3.0680,0.6010,0.003817,0.1043,19.0082,73449.48,-0.0012,-0.0078,-16.1930,-0.0002,0.4600,2.00,0.3800,21.67,0.3700,10.00,0.3600,70.00,0.3500,60.00,0.4900,25.09,0.5100,132.64,0.5400,70.00,0.5500,269.00,0.5600,61.00,0.5100,25.09,0.4900,132.64,0.4600,70.00,0.4500,269.00,0.4400,61.00,0.5400,2.00,0.6200,21.67,0.6300,10.00,0.6400,70.00,0.6500,60.00,163.67,557.73,721.40,557.73,163.67,721.40,0.0300,0.0300,-0.5462,0.5462,0.4622,0.5378,0.1446,0.2828,0.2828,0.1446,-78.3773,-53.6778,-53.6870,-78.3907
btc-updown-5m-1780096200,1780096243000,257,73366.39,73443.72,77.33,0.0000,-0.0209,0.0000,2.0995,3.0660,0.6007,0.003817,0.1043,0.0000,73449.48,-0.0012,-0.0078,0.0000,0.0000,0.3400,33.39,0.3300,195.29,0.3200,55.00,0.3100,20.00,0.3000,78.00,0.3500,341.41,0.3600,165.81,0.3700,55.00,0.3800,136.70,0.3900,55.00,0.6500,341.41,0.6400,165.81,0.6300,55.00,0.6200,136.70,0.6100,55.00,0.6600,33.39,0.6700,195.29,0.6800,55.00,0.6900,20.00,0.7000,78.00,381.68,753.92,1135.60,753.92,381.68,1135.60,0.0100,0.0100,-0.3278,0.3278,0.3409,0.6591,0.5991,0.6728,0.6728,0.5991,-60.6841,-10.3031,-10.3049,-60.6946
btc-updown-5m-1780096200,1780096244000,256,73356.56,73443.72,87.16,0.0000,-0.0209,0.0007,2.0321,3.0660,0.6007,0.003817,0.1043,0.0063,73449.47,-0.0012,-0.0078,0.0000,0.0000,0.3400,234.76,0.3300,214.16,0.3200,96.70,0.3100,25.00,0.3000,178.00,0.3500,220.19,0.3600,133.00,0.3700,96.00,0.3800,86.00,0.3900,118.00,0.6500,220.19,0.6400,133.00,0.6300,96.00,0.6200,86.00,0.6100,118.00,0.6600,234.76,0.6700,214.16,0.6800,96.70,0.6900,25.00,0.7000,178.00,748.62,653.19,1401.81,653.19,748.62,1401.81,0.0100,0.0100,0.0681,-0.0681,0.3452,0.6548,0.5997,0.5407,0.5407,0.5997,-10.4301,-48.4389,-48.4389,-10.4301
btc-updown-5m-1780096200,1780096245000,255,73345.49,73443.72,98.23,0.0000,-0.0209,0.0054,2.0374,3.0680,0.6007,0.003817,0.1044,0.0515,73449.46,-0.0005,-0.0078,0.0000,0.0000,0.3400,234.76,0.3300,214.16,0.3200,96.70,0.3100,25.00,0.3000,178.00,0.3500,220.19,0.3600,133.00,0.3700,96.00,0.3800,86.00,0.3900,118.00,0.6500,220.19,0.6400,133.00,0.6300,96.00,0.6200,86.00,0.6100,118.00,0.6600,234.76,0.6700,214.16,0.6800,96.70,0.6900,25.00,0.7000,178.00,748.62,653.19,1401.81,653.19,748.62,1401.81,0.0100,0.0100,0.0681,-0.0681,0.3452,0.6548,0.5997,0.5407,0.5407,0.5997,-10.4301,-48.4389,-48.4389,-10.4301
btc-updown-5m-1780096200,1780096246000,254,73345.04,73443.73,98.69,0.0000,-0.0208,0.0136,2.0030,3.0680,0.6010,0.003817,0.1048,0.1298,73449.44,-0.0005,-0.0078,0.0134,0.0000,0.3800,8.87,0.3700,642.63,0.3600,156.73,0.3500,165.00,0.3400,237.69,0.3900,52.19,0.4000,40.00,0.4100,65.10,0.4200,45.00,0.4300,65.00,0.6100,52.19,0.6000,40.00,0.5900,65.10,0.5800,45.00,0.5700,65.00,0.6200,8.87,0.6300,642.63,0.6400,156.73,0.6500,165.00,0.6600,237.69,1210.92,267.29,1478.21,267.29,1210.92,1478.21,0.0100,0.0100,0.6384,-0.6384,0.3815,0.6185,0.5380,0.3449,0.3449,0.5380,77.0557,-114.1259,-114.1259,77.0557
btc-updown-5m-1780096200,1780096247000,253,73346.44,73443.73,97.29,0.0000,0.0000,0.0000,0.0197,0.0040,0.6010,0.003817,0.1048,0.0000,73449.44,0.0000,-0.0078,0.0000,0.0000,0.3900,511.91,0.3800,265.94,0.3700,282.09,0.3600,181.13,0.3500,208.00,0.4000,5.00,0.4100,85.10,0.4300,35.00,0.4400,96.12,0.4500,38.78,0.6000,5.00,0.5900,85.10,0.5700,35.00,0.5600,96.12,0.5500,38.78,0.6100,511.91,0.6200,265.94,0.6300,282.09,0.6400,181.13,0.6500,208.00,1449.07,260.00,1709.07,260.00,1449.07,1709.07,0.0100,0.0100,0.6957,-0.6957,0.3999,0.6001,0.5368,0.3465,0.3465,0.5368,97.6855,-134.1021,-134.1244,97.7018
btc-updown-5m-1780096200,1780096248000,252,73347.52,73443.73,96.21,0.0000,0.0000,0.0000,0.0197,0.0040,0.6010,0.003817,0.1048,0.0000,73449.44,0.0000,-0.0078,0.0000,0.0000,0.3900,809.09,0.3800,174.96,0.3700,189.31,0.3600,131.52,0.3500,153.00,0.4000,5.48,0.4100,50.00,0.4200,5.00,0.4300,84.86,0.4400,126.12,0.6000,5.48,0.5900,50.00,0.5800,5.00,0.5700,84.86,0.5600,126.12,0.6100,809.09,0.6200,174.96,0.6300,189.31,0.6400,131.52,0.6500,153.00,1457.88,271.46,1729.34,271.46,1457.88,1729.34,0.0100,0.0100,0.6861,-0.6861,0.3999,0.6001,0.6750,0.2044,0.2044,0.6750,213.2596,-21.7816,-21.7816,213.2596
btc-updown-5m-1780096200,1780096249000,251,73347.52,73443.72,96.20,-0.0000,0.0000,0.0017,0.0207,0.0060,0.6010,0.003817,0.1049,0.0163,73449.43,-0.0000,-0.0078,-0.0131,-0.0000,0.3900,643.90,0.3800,246.14,0.3700,189.31,0.3600,131.52,0.3500,153.00,0.4100,28.27,0.4200,15.00,0.4300,84.86,0.4400,126.12,0.4500,95.30,0.5900,28.27,0.5800,15.00,0.5700,84.86,0.5600,126.12,0.5500,95.30,0.6100,674.90,0.6200,246.14,0.6300,189.31,0.6400,131.52,0.6500,153.00,1363.87,349.55,1713.42,349.55,1394.87,1744.42,0.0200,0.0200,0.5920,-0.5992,0.4092,0.5908,0.6526,0.1238,0.1238,0.6603,153.5833,-37.9729,-37.9668,158.5569
btc-updown-5m-1780096200,1780096250000,250,73347.60,73443.72,96.12,0.0000,0.0000,0.0000,0.0153,0.0040,0.6007,0.003817,0.1033,0.0000,73449.33,-0.0000,-0.0076,0.0000,0.0000,0.4100,483.84,0.4000,86.47,0.3900,104.48,0.3800,116.13,0.3700,194.18,0.4200,9.04,0.4300,69.86,0.4400,124.60,0.4500,131.83,0.4600,180.20,0.5800,9.04,0.5700,69.86,0.5600,124.60,0.5500,131.83,0.5400,180.20,0.5900,483.84,0.6000,86.47,0.6100,104.48,0.6200,116.13,0.6300,194.18,985.10,515.53,1500.63,515.53,985.10,1500.63,0.0100,0.0100,0.3129,-0.3129,0.4198,0.5802,0.5789,0.1530,0.1530,0.5789,96.4267,-22.1388,-22.1388,96.4267
btc-updown-5m-1780096200,1780096251000,249,73347.54,73443.72,96.18,0.0000,-0.0000,0.0009,0.0026,0.0020,0.6003,0.003817,0.1033,0.0087,73449.32,-0.0000,-0.0076,0.0000,0.0000,0.4200,426.66,0.4100,56.00,0.4000,95.33,0.3900,109.00,0.3800,71.00,0.4300,170.83,0.4400,100.00,0.4500,136.53,0.4600,245.20,0.4700,200.20,0.5700,170.83,0.5600,100.00,0.5500,136.53,0.5400,245.20,0.5300,200.20,0.5800,426.66,0.5900,56.00,0.6000,95.33,0.6100,109.00,0.6200,71.00,757.99,852.76,1610.75,852.76,757.99,1610.75,0.0100,0.0100,-0.0588,0.0588,0.4271,0.5729,0.6368,0.3176,0.3176,0.6368,-3.7945,114.6607,114.6607,-3.7945
btc-updown-5m-1780096200,1780096252000,248,73347.54,73443.72,96.18,0.0000,-0.0000,0.0679,0.0706,0.0040,0.6003,0.003817,0.1027,0.6618,73449.01,0.0000,-0.0072,0.0000,0.0000,0.4200,564.91,0.4100,56.00,0.4000,67.99,0.3900,109.00,0.3800,71.00,0.4300,42.55,0.4400,20.00,0.4500,56.53,0.4600,155.00,0.4700,108.00,0.5700,42.55,0.5600,20.00,0.5500,56.53,0.5400,155.00,0.5300,108.00,0.5800,564.91,0.5900,56.00,0.6000,67.99,0.6100,109.00,0.6200,71.00,868.90,382.08,1250.98,382.08,868.90,1250.98,0.0100,0.0100,0.3892,-0.3892,0.4293,0.5707,0.7146,0.1637,0.1637,0.7146,-96.7533,36.9357,36.9357,-96.7533
btc-updown-5m-1780096200,1780096253000,247,73347.68,73443.73,96.05,0.0000,0.0000,0.0046,0.0752,0.0060,0.6003,0.003817,0.1028,0.0451,73449.00,0.0000,-0.0072,0.0131,0.0000,0.4400,396.39,0.4300,113.00,0.4200,99.58,0.4100,71.21,0.4000,66.00,0.4500,73.15,0.4600,170.20,0.4700,146.48,0.4800,150.20,0.4900,156.20,0.5500,73.15,0.5400,170.20,0.5300,146.48,0.5200,150.20,0.5100,156.20,0.5600,396.39,0.5700,113.00,0.5800,99.58,0.5900,71.21,0.6000,66.00,746.18,696.23,1442.41,696.23,746.18,1442.41,0.0100,0.0100,0.0346,-0.0346,0.4484,0.5516,0.6827,0.3495,0.3495,0.6827,-115.6449,71.7720,71.7602,-115.6259
btc-updown-5m-1780096200,1780096254000,246,73347.68,73443.73,96.05,0.0000,0.0000,0.0000,0.0735,0.0040,0.6000,0.003817,0.1026,0.0000,73448.98,0.0000,-0.0072,0.0000,0.0000,0.4500,646.14,0.4400,80.34,0.4300,88.00,0.4200,90.99,0.4100,66.00,0.4600,143.28,0.4700,136.04,0.4800,95.20,0.4900,60.20,0.5000,98.20,0.5400,143.28,0.5300,136.04,0.5200,95.20,0.5100,60.20,0.5000,98.20,0.5500,646.14,0.5600,80.34,0.5700,88.00,0.5800,90.99,0.5900,66.00,971.47,532.92,1504.39,532.92,971.47,1504.39,0.0100,0.0100,0.2915,-0.2915,0.4582,0.5418,0.7478,0.5241,0.5241,0.7478,-97.8501,40.4891,40.5105,-97.9018
btc-updown-5m-1780096200,1780096255000,245,73347.69,73443.73,96.04,0.0000,0.0000,0.0009,0.0744,0.0040,0.6000,0.003817,0.1008,0.0091,73448.84,0.0000,-0.0070,0.0000,0.0000,0.4500,603.19,0.4400,92.34,0.4300,83.00,0.4200,70.99,0.4100,66.00,0.4600,144.18,0.4700,105.20,0.4800,90.20,0.4900,66.45,0.5000,101.20,0.5400,144.18,0.5300,105.20,0.5200,90.20,0.5100,66.45,0.5000,101.20,0.5500,603.19,0.5600,92.34,0.5700,83.00,0.5800,70.99,0.5900,66.00,915.52,507.23,1422.75,507.23,915.52,1422.75,0.0100,0.0100,0.2870,-0.2870,0.4581,0.5419,0.7597,0.4917,0.4917,0.7597,-69.8501,40.5405,40.5405,-69.8501
btc-updown-5m-1780096200,1780096256000,244,73348.03,73443.73,95.70,0.0000,0.0000,0.0000,0.0735,0.0040,0.6000,0.003817,0.1008,0.0000,73448.84,0.0000,-0.0070,0.0000,0.0000,0.4600,209.99,0.4500,171.49,0.4400,90.34,0.4300,88.00,0.4200,65.99,0.4700,204.16,0.4800,176.24,0.4900,159.20,0.5000,166.20,0.5100,426.20,0.5300,204.16,0.5200,176.24,0.5100,159.20,0.5000,166.20,0.4900,426.20,0.5400,209.99,0.5500,171.49,0.5600,90.34,0.5700,88.00,0.5800,65.99,625.81,1132.00,1757.81,1132.00,625.81,1757.81,0.0100,0.0100,-0.2880,0.2880,0.4651,0.5349,0.6096,0.3360,0.3360,0.6096,-62.9837,76.6788,76.6655,-62.9728
btc-updown-5m-1780096200,1780096257000,243,73348.31,73443.73,95.42,0.0000,0.0000,0.0028,0.0084,0.0020,0.5150,0.003744,0.1008,0.0279,73448.83,0.0000,-0.0069,0.0000,0.0000,0.4600,346.85,0.4500,121.43,0.4400,100.34,0.4300,66.00,0.4200,65.99,0.4700,315.06,0.4800,263.38,0.4900,151.20,0.5000,163.20,0.5100,431.23,0.5300,315.06,0.5200,263.38,0.5100,151.20,0.5000,163.20,0.4900,431.23,0.5400,346.85,0.5500,121.43,0.5600,100.34,0.5700,66.00,0.5800,65.99,700.61,1324.07,2024.68,1324.07,700.61,2024.68,0.0100,0.0100,-0.3079,0.3079,0.4652,0.5348,0.6684,0.4369,0.4369,0.6684,-30.4377,170.3726,170.3726,-30.4377
btc-updown-5m-1780096200,1780096258000,242,73348.27,73443.73,95.46,0.0000,0.0000,0.0003,0.0040,0.0000,0.5147,0.003744,0.0746,0.0035,73445.25,0.0000,-0.0021,0.0000,0.0000,0.4600,311.58,0.4500,121.43,0.4400,85.34,0.4300,66.00,0.4200,65.99,0.4700,328.25,0.4800,259.21,0.4900,187.24,0.5000,163.20,0.5100,401.54,0.5300,328.25,0.5200,259.21,0.5100,187.24,0.5000,163.20,0.4900,401.54,0.5400,311.58,0.5500,121.43,0.5600,85.34,0.5700,66.00,0.5800,65.99,650.34,1339.44,1989.78,1339.44,650.34,1989.78,0.0100,0.0100,-0.3463,0.3463,0.4649,0.5351,0.6658,0.4386,0.4386,0.6658,-22.0175,156.3827,156.3827,-22.0175
btc-updown-5m-1780096200,1780096259000,241,73348.27,73443.73,95.46,0.0000,0.0000,0.0000,0.0040,0.0000,0.5147,0.003744,0.0717,0.0000,73444.68,0.0000,-0.0013,0.0000,0.0000,0.4600,299.70,0.4500,121.43,0.4400,80.34,0.4300,66.00,0.4200,65.99,0.4700,405.67,0.4800,247.39,0.4900,156.20,0.5000,171.20,0.5100,401.54,0.5300,405.67,0.5200,247.39,0.5100,156.20,0.5000,171.20,0.4900,401.54,0.5400,299.70,0.5500,121.43,0.5600,80.34,0.5700,66.00,0.5800,65.99,633.46,1382.00,2015.46,1382.00,633.46,2015.46,0.0100,0.0100,-0.3714,0.3714,0.4642,0.5358,0.6648,0.4725,0.4725,0.6648,-4.3800,115.8950,115.9530,-4.3822
btc-updown-5m-1780096200,1780096260000,240,73348.27,73443.73,95.46,0.0000,0.0000,0.0014,0.0045,0.0020,0.5147,0.003744,0.0717,0.0201,73444.68,0.0000,-0.0013,0.0000,0.0000,0.4600,257.82,0.4500,111.43,0.4400,125.34,0.4300,66.00,0.4200,115.99,0.4700,265.78,0.4800,117.39,0.4900,61.20,0.5000,132.24,0.5100,381.54,0.5300,265.78,0.5200,117.39,0.5100,61.20,0.5000,132.24,0.4900,381.54,0.5400,257.82,0.5500,111.43,0.5600,125.34,0.5700,66.00,0.5800,115.99,676.58,958.15,1634.73,958.15,676.58,1634.73,0.0100,0.0100,-0.1722,0.1722,0.4649,0.5351,0.5458,0.3999,0.3999,0.5458,-47.2027,89.0794,89.0794,-47.2027
btc-updown-5m-1780096200,1780096261000,239,73348.33,73443.73,95.40,0.0000,0.0000,0.0177,0.0222,0.0020,0.5143,0.003744,0.0720,0.2461,73444.63,0.0000,-0.0012,0.0000,0.0000,0.4900,189.63,0.4800,133.00,0.4700,188.00,0.4600,126.00,0.4500,116.00,0.5000,86.41,0.5100,217.28,0.5200,61.24,0.5300,40.20,0.5400,116.09,0.5000,86.41,0.4900,217.28,0.4800,61.24,0.4700,40.20,0.4600,116.09,0.5100,189.63,0.5200,133.00,0.5300,188.00,0.5400,126.00,0.5500,116.00,752.63,521.22,1273.85,521.22,752.63,1273.85,0.0100,0.0100,0.1817,-0.1817,0.4969,0.5031,0.4287,0.5827,0.5827,0.4287,-27.0402,2.3224,2.3224,-27.0402
btc-updown-5m-1780096200,1780096262000,238,73348.36,73443.73,95.37,0.0000,0.0000,0.0077,0.0271,0.0020,0.5140,0.003744,0.0721,0.1068,73444.58,0.0000,-0.0012,0.0000,0.0000,0.4900,385.73,0.4800,138.00,0.4700,133.00,0.4600,136.31,0.4500,111.00,0.5000,305.65,0.5100,223.82,0.5200,71.24,0.5300,45.32,0.5400,116.09,0.5000,305.65,0.4900,223.82,0.4800,71.24,0.4700,45.32,0.4600,116.09,0.5100,385.73,0.5200,138.00,0.5300,133.00,0.5400,136.31,0.5500,111.00,904.04,762.12,1666.16,762.12,904.04,1666.16,0.0100,0.0100,0.0852,-0.0852,0.4956,0.5044,0.5793,0.6947,0.6947,0.5793,35.8031,-60.5158,-60.5158,35.8031
btc-updown-5m-1780096200,1780096263000,237,73349.21,73443.73,94.52,0.0000,0.0000,0.0000,0.0269,0.0020,0.5140,0.003744,0.0721,0.0000,73444.58,0.0000,-0.0012,0.0000,0.0000,0.4900,399.66,0.4800,143.00,0.4700,133.00,0.4600,136.00,0.4500,111.00,0.5000,309.90,0.5100,239.04,0.5200,86.24,0.5300,55.32,0.5400,116.09,0.5000,309.90,0.4900,239.04,0.4800,86.24,0.4700,55.32,0.4600,116.09,0.5100,399.66,0.5200,143.00,0.5300,133.00,0.5400,136.00,0.5500,111.00,922.66,806.59,1729.25,806.59,922.66,1729.25,0.0100,0.0100,0.0671,-0.0671,0.4956,0.5044,0.5881,0.6806,0.6806,0.5881,38.5983,-81.5054,-81.5054,38.5983
btc-updown-5m-1780096200,1780096264000,236,73349.21,73443.73,94.52,0.0000,0.0000,0.0480,0.0748,0.0020,0.5140,0.003744,0.0736,0.6516,73444.56,0.0000,-0.0011,0.0000,0.0000,0.4900,162.48,0.4800,138.00,0.4700,148.20,0.4600,136.00,0.4500,111.00,0.5000,317.48,0.5100,245.49,0.5200,60.20,0.5300,55.32,0.5400,124.09,0.5000,317.48,0.4900,245.49,0.4800,60.20,0.4700,55.32,0.4600,124.09,0.5100,162.48,0.5200,138.00,0.5300,148.20,0.5400,136.00,0.5500,111.00,695.68,802.58,1498.26,802.58,695.68,1498.26,0.0100,0.0100,-0.0713,0.0713,0.4934,0.5066,0.4319,0.7015,0.7015,0.4319,2.0923,-84.6906,-84.6906,2.0923
btc-updown-5m-1780096200,1780096265000,235,73350.88,73443.72,92.84,-0.0000,-0.0000,0.0062,0.0796,0.0020,0.5140,0.003744,0.0736,0.0838,73444.52,-0.0000,-0.0011,-0.0126,-0.0000,0.4900,63.28,0.4800,88.00,0.4700,98.20,0.4600,86.00,0.4500,61.00,0.5000,647.17,0.5100,316.01,0.5200,121.20,0.5300,157.56,0.5400,192.29,0.5000,647.17,0.4900,316.01,0.4800,121.20,0.4700,157.56,0.4600,192.29,0.5100,63.28,0.5200,88.00,0.5300,98.20,0.5400,86.00,0.5500,61.00,396.48,1434.23,1830.71,1434.23,396.48,1830.71,0.0100,0.0100,-0.5669,0.5669,0.4909,0.5091,0.3816,0.6716,0.6716,0.3816,-40.7532,8.9819,8.9804,-40.7462
btc-updown-5m-1780096200,1780096266000,234,73351.94,73443.72,91.78,0.0000,-0.0000,0.0000,0.0618,0.0020,0.5137,0.003744,0.0736,0.0000,73444.52,-0.0000,-0.0011,0.0000,0.0000,0.4900,50.00,0.4800,88.00,0.4700,98.20,0.4600,86.00,0.4500,61.00,0.5000,509.60,0.5100,337.10,0.5200,116.40,0.5300,167.56,0.5400,202.29,0.5000,509.60,0.4900,337.10,0.4800,116.40,0.4700,167.56,0.4600,202.29,0.5100,50.00,0.5200,88.00,0.5300,98.20,0.5400,86.00,0.5500,61.00,383.20,1332.95,1716.15,1332.95,383.20,1716.15,0.0100,0.0100,-0.5534,0.5534,0.4909,0.5091,0.3601,0.6352,0.6352,0.3601,-52.5052,65.0243,65.0130,-52.4961
btc-updown-5m-1780096200,1780096267000,233,73351.94,73443.72,91.78,0.0000,-0.0000,0.0000,0.0541,0.0020,0.5137,0.003744,0.0735,0.0000,73444.50,-0.0000,-0.0011,0.0000,0.0000,0.4700,75.76,0.4600,86.00,0.4500,56.00,0.4400,56.00,0.4300,126.00,0.4900,141.41,0.5000,419.96,0.5100,291.36,0.5200,111.40,0.5300,157.56,0.5100,141.41,0.5000,419.96,0.4900,291.36,0.4800,111.40,0.4700,157.56,0.5300,75.76,0.5400,86.00,0.5500,56.00,0.5600,56.00,0.5700,126.00,399.76,1121.69,1521.45,1121.69,399.76,1521.45,0.0200,0.0200,-0.4745,0.4745,0.4770,0.5230,0.4046,0.5005,0.5005,0.4046,-59.2263,100.7838,100.7838,-59.2263
btc-updown-5m-1780096200,1780096268000,232,73351.94,73453.66,101.72,0.0135,0.0135,0.1571,0.2113,1.9900,0.8447,0.004533,0.0786,1.9992,73445.09,0.0035,0.0117,13.7663,0.0002,0.4800,36.07,0.4700,755.38,0.4600,226.00,0.4500,126.00,0.4400,146.00,0.5000,4.31,0.5100,95.00,0.5500,45.44,0.5600,25.30,0.5700,5.30,0.5000,4.31,0.4900,95.00,0.4500,45.44,0.4400,25.30,0.4300,5.30,0.5200,36.07,0.5300,755.38,0.5400,226.00,0.5500,126.00,0.5600,146.00,1289.45,175.35,1464.80,175.35,1289.45,1464.80,0.0200,0.0200,0.7606,-0.7606,0.4979,0.5021,0.6138,0.5664,0.5664,0.6138,56.0581,-100.2871,-100.2871,56.0581
btc-updown-5m-1780096200,1780096269000,231,73351.05,73453.66,102.61,0.0000,0.0135,0.0000,0.1633,1.9900,0.8447,0.004533,0.0786,0.0000,73445.09,0.0035,0.0117,0.0000,0.0000,0.5400,99.72,0.5300,106.60,0.5200,50.00,0.5100,115.00,0.5000,79.14,0.5500,79.44,0.5600,40.96,0.5700,23.34,0.5800,8.83,0.5900,102.11,0.4500,79.44,0.4400,40.96,0.4300,23.34,0.4200,8.83,0.4100,102.11,0.4600,99.72,0.4700,106.60,0.4800,50.00,0.4900,115.00,0.5000,79.14,450.46,254.68,705.14,254.68,450.46,705.14,0.0100,0.0100,0.2776,-0.2776,0.5456,0.4544,0.4580,0.4728,0.4728,0.4580,-81.1958,-97.5895,-96.7125,-81.1818
btc-updown-5m-1780096200,1780096270000,230,73357.12,73453.66,96.54,0.0000,0.0135,0.0011,0.1582,1.9880,0.8447,0.004533,0.0764,0.0144,73444.70,0.0005,0.0122,0.0000,0.0000,0.5400,676.87,0.5300,161.00,0.5200,161.00,0.5100,171.00,0.5000,202.00,0.5500,17.13,0.5600,30.00,0.5700,43.64,0.5800,9.05,0.5900,117.51,0.4500,17.13,0.4400,30.00,0.4300,43.64,0.4200,9.05,0.4100,117.51,0.4600,676.87,0.4700,161.00,0.4800,161.00,0.4900,171.00,0.5000,202.00,1371.87,217.33,1589.20,217.33,1371.87,1589.20,0.0100,0.0100,0.7265,-0.7265,0.5498,0.4502,0.6108,0.2169,0.2169,0.6108,113.6190,-105.0817,-105.0817,113.6190
btc-updown-5m-1780096200,1780096271000,229,73361.22,73453.65,92.43,-0.0000,0.0135,0.0322,0.1905,1.9900,0.8447,0.004533,0.0775,0.4159,73444.82,-0.0000,0.0120,-0.0126,-0.0000,0.5500,392.95,0.5400,222.77,0.5300,168.20,0.5200,166.49,0.5100,206.00,0.5600,57.44,0.5700,293.66,0.5800,39.05,0.5900,147.51,0.6000,125.84,0.4400,57.44,0.4300,293.66,0.4200,39.05,0.4100,147.51,0.4000,125.84,0.4500,392.95,0.4600,222.77,0.4700,168.20,0.4800,166.49,0.4900,206.00,1156.41,663.50,1819.91,663.50,1156.41,1819.91,0.0100,0.0100,0.2708,-0.2708,0.5587,0.4413,0.5324,0.5292,0.5292,0.5324,136.5565,-116.4236,-116.4236,136.5565
btc-updown-5m-1780096200,1780096272000,228,73361.51,73453.66,92.15,0.0000,0.0135,0.0060,0.1965,1.9920,0.3343,0.002429,0.0761,0.0792,73444.55,0.0000,0.0124,0.0125,0.0000,0.5600,391.34,0.5500,141.44,0.5400,259.97,0.5300,166.00,0.5200,214.00,0.5700,37.13,0.5800,29.13,0.5900,158.47,0.6000,111.84,0.6100,309.93,0.4300,37.13,0.4200,29.13,0.4100,158.47,0.4000,111.84,0.3900,309.93,0.4400,391.34,0.4500,141.44,0.4600,259.97,0.4700,166.00,0.4800,214.00,1172.75,646.50,1819.25,646.50,1172.75,1819.25,0.0100,0.0100,0.2893,-0.2893,0.5691,0.4309,0.4543,0.1025,0.1025,0.4543,174.1052,-140.3782,-140.3782,174.1052
btc-updown-5m-1780096200,1780096273000,227,73361.57,73457.68,96.11,0.0055,0.0055,0.0262,0.0655,0.8080,0.4683,0.002589,0.0130,2.0162,73449.48,0.0048,0.0112,5.2599,0.0001,0.5600,355.80,0.5500,148.50,0.5400,177.97,0.5300,176.00,0.5200,173.80,0.5700,76.37,0.5800,247.86,0.5900,90.80,0.6000,111.84,0.6100,321.82,0.4300,76.37,0.4200,247.86,0.4100,90.80,0.4000,111.84,0.3900,321.82,0.4400,355.80,0.4500,148.50,0.4600,177.97,0.4700,176.00,0.4800,173.80,1032.07,848.69,1880.76,848.69,1032.07,1880.76,0.0100,0.0100,0.0975,-0.0975,0.5682,0.4318,0.4886,0.3820,0.3820,0.4886,132.8176,-90.7210,-90.7545,132.8666
btc-updown-5m-1780096200,1780096274000,226,73362.61,73457.68,95.07,0.0000,0.0055,0.0913,0.1568,0.8080,0.4683,0.002589,0.0159,5.7314,73451.00,0.0014,0.0091,0.0000,0.0000,0.5600,341.74,0.5500,151.44,0.5400,202.97,0.5300,227.72,0.5200,186.00,0.5700,12.48,0.5800,8.75,0.5900,31.16,0.6000,25.00,0.6100,268.32,0.4300,12.48,0.4200,8.75,0.4100,31.16,0.4000,25.00,0.3900,268.32,0.4400,341.74,0.4500,151.44,0.4600,202.97,0.4700,227.72,0.4800,186.00,1109.87,345.71,1455.58,345.71,1109.87,1455.58,0.0100,0.0100,0.5250,-0.5250,0.5696,0.4304,0.4444,0.0614,0.0614,0.4444,-30.2584,24.3130,24.3169,-30.2633
btc-updown-5m-1780096200,1780096275000,225,73362.61,73457.68,95.07,0.0000,0.0055,0.0105,0.1662,0.8080,0.4680,0.002589,0.0162,0.6457,73451.15,0.0013,0.0089,0.0000,0.0000,0.5700,427.30,0.5600,187.87,0.5500,201.44,0.5400,250.77,0.5300,277.49,0.5800,48.61,0.5900,20.00,0.6000,56.29,0.6100,304.86,0.6200,76.00,0.4200,48.61,0.4100,20.00,0.4000,56.29,0.3900,304.86,0.3800,76.00,0.4300,427.30,0.4400,187.87,0.4500,201.44,0.4600,250.77,0.4700,277.49,1344.87,505.76,1850.63,505.76,1344.87,1850.63,0.0100,0.0100,0.4534,-0.4534,0.5790,0.4210,0.4574,0.1357,0.1357,0.4574,130.8544,34.1860,34.1860,130.8544
btc-updown-5m-1780096200,1780096276000,224,73363.54,73457.68,94.14,0.0000,0.0055,0.0050,0.1391,0.8060,0.4677,0.002589,0.0162,0.3110,73451.29,0.0012,0.0087,0.0000,0.0000,0.5700,434.85,0.5600,188.00,0.5500,161.44,0.5400,242.97,0.5300,288.49,0.5800,46.88,0.5900,5.00,0.6000,72.33,0.6100,304.86,0.6200,76.00,0.4200,46.88,0.4100,5.00,0.4000,72.33,0.3900,304.86,0.3800,76.00,0.4300,434.85,0.4400,188.00,0.4500,161.44,0.4600,242.97,0.4700,288.49,1315.75,505.07,1820.82,505.07,1315.75,1820.82,0.0100,0.0100,0.4452,-0.4452,0.5790,0.4210,0.4734,0.1027,0.1027,0.4734,-31.4048,51.9581,51.9489,-31.3992
btc-updown-5m-1780096200,1780096277000,223,73363.45,73459.04,95.59,0.0019,0.0073,0.0733,0.2064,1.0760,0.5130,0.002595,0.0182,4.0384,73452.48,0.0014,0.0089,1.7698,0.0000,0.5700,603.63,0.5600,157.00,0.5500,228.21,0.5400,197.97,0.5300,171.00,0.5800,7.98,0.6000,30.33,0.6100,91.82,0.6200,55.00,0.6300,56.20,0.4200,7.98,0.4000,30.33,0.3900,91.82,0.3800,55.00,0.3700,56.20,0.4300,603.63,0.4400,157.00,0.4500,228.21,0.4600,197.97,0.4700,171.00,1357.81,241.33,1599.14,241.33,1357.81,1599.14,0.0100,0.0100,0.6982,-0.6982,0.5799,0.4201,0.5602,0.1587,0.1587,0.5602,23.6614,-34.8646,-34.8589,23.6576
btc-updown-5m-1780096200,1780096278000,222,73363.57,73459.04,95.47,0.0000,0.0019,0.1314,0.3116,0.2720,0.5130,0.002595,0.0224,5.8648,73453.72,0.0007,0.0072,0.0000,0.0000,0.5900,546.27,0.5800,148.08,0.5700,143.76,0.5600,131.00,0.5500,200.77,0.6100,14.77,0.6200,50.00,0.6300,10.76,0.6400,40.96,0.6500,30.00,0.3900,14.77,0.3800,50.00,0.3700,10.76,0.3600,40.96,0.3500,30.00,0.4100,546.27,0.4200,148.08,0.4300,143.76,0.4400,131.00,0.4500,200.77,1169.88,146.49,1316.37,146.49,1169.88,1316.37,0.0200,0.0200,0.7774,-0.7774,0.6095,0.3905,0.5935,0.4421,0.4421,0.5935,-0.4610,-80.3100,-80.3100,-0.4610
btc-updown-5m-1780096200,1780096279000,221,73363.57,73459.04,95.47,0.0000,0.0019,0.0000,0.2203,0.2720,0.5127,0.002595,0.0224,0.0000,73453.72,0.0006,0.0072,0.0000,0.0000,0.6000,141.91,0.5900,105.26,0.5800,44.32,0.5700,115.24,0.5600,103.13,0.6100,261.69,0.6200,135.46,0.6300,105.60,0.6400,108.60,0.6500,70.70,0.3900,261.69,0.3800,135.46,0.3700,105.60,0.3600,108.60,0.3500,70.70,0.4000,141.91,0.4100,105.26,0.4200,44.32,0.4300,115.24,0.4400,103.13,509.86,682.05,1191.91,682.05,509.86,1191.91,0.0100,0.0100,-0.1445,0.1445,0.6035,0.3965,0.4848,0.5823,0.5823,0.4848,-85.6540,-31.4388,-31.4388,-85.6540
btc-updown-5m-1780096200,1780096280000,220,73364.87,73459.04,94.17,0.0000,0.0019,0.0000,0.2098,0.2720,0.5127,0.002595,0.0223,0.0000,73453.75,0.0001,0.0072,0.0000,0.0000,0.4600,43.45,0.4500,15.30,0.4400,111.30,0.4300,142.30,0.4200,76.30,0.5000,324.79,0.5100,10.00,0.5200,68.89,0.5300,92.86,0.5400,102.00,0.5000,324.79,0.4900,10.00,0.4800,68.89,0.4700,92.86,0.4600,102.00,0.5400,43.45,0.5500,15.30,0.5600,111.30,0.5700,142.30,0.5800,76.30,388.65,598.54,987.19,598.54,388.65,987.19,0.0400,0.0400,-0.2126,0.2126,0.4647,0.5353,0.1512,0.5593,0.5593,0.1512,-89.1032,-38.9873,-38.9873,-89.1032
btc-updown-5m-1780096200,1780096281000,219,73364.87,73459.05,94.18,0.0000,0.0019,0.0259,0.2306,0.2740,0.5130,0.002595,0.0232,1.1160,73453.94,0.0001,0.0070,0.0128,0.0000,0.4900,75.88,0.4800,5.00,0.4700,92.16,0.4600,88.80,0.4500,62.45,0.5000,683.90,0.5100,138.51,0.5200,97.81,0.5300,179.82,0.5400,155.64,0.5000,683.90,0.4900,138.51,0.4800,97.81,0.4700,179.82,0.4600,155.64,0.5100,75.88,0.5200,5.00,0.5300,92.16,0.5400,88.80,0.5500,62.45,324.29,1255.68,1579.97,1255.68,324.29,1579.97,0.0100,0.0100,-0.5895,0.5895,0.4910,0.5090,0.2494,0.6550,0.6550,0.2494,-173.3028,127.3425,127.3425,-173.3028
btc-updown-5m-1780096200,1780096282000,218,73361.58,73459.04,97.46,-0.0000,0.0000,0.0006,0.1579,0.0040,0.5130,0.002595,0.0232,0.0263,73453.96,-0.0000,0.0069,-0.0133,-0.0000,0.4900,126.95,0.4800,89.49,0.4700,63.20,0.4600,109.24,0.4500,81.00,0.5000,527.14,0.5100,136.00,0.5200,102.81,0.5300,217.50,0.5400,167.00,0.5000,527.14,0.4900,136.00,0.4800,102.81,0.4700,217.50,0.4600,167.00,0.5100,126.95,0.5200,89.49,0.5300,63.20,0.5400,109.24,0.5500,81.00,469.88,1150.45,1620.33,1150.45,469.88,1620.33,0.0100,0.0100,-0.4200,0.4200,0.4919,0.5081,0.4606,0.5764,0.5764,0.4606,-151.3710,124.4775,124.4775,-151.3710
btc-updown-5m-1780096200,1780096283000,217,73360.51,73459.04,98.53,0.0000,0.0000,0.0000,0.0265,0.0040,0.5127,0.002595,0.0210,0.0000,73455.03,-0.0000,0.0055,0.0000,0.0000,0.4900,115.74,0.4800,111.69,0.4700,71.20,0.4600,51.00,0.4500,109.24,0.5000,433.46,0.5100,131.00,0.5200,126.45,0.5300,168.86,0.5400,142.00,0.5000,433.46,0.4900,131.00,0.4800,126.45,0.4700,168.86,0.4600,142.00,0.5100,115.74,0.5200,111.69,0.5300,71.20,0.5400,51.00,0.5500,109.24,458.87,1001.77,1460.64,1001.77,458.87,1460.64,0.0100,0.0100,-0.3717,0.3717,0.4921,0.5079,0.4956,0.5635,0.5635,0.4956,-155.7189,114.9161,114.9161,-155.7189
btc-updown-5m-1780096200,1780096284000,216,73360.63,73459.05,98.42,0.0000,0.0000,0.0041,0.0306,0.0060,0.5130,0.002595,0.0210,0.1946,73455.13,0.0000,0.0053,0.0134,0.0000,0.4600,314.69,0.4500,45.00,0.4400,163.30,0.4300,171.30,0.4200,106.30,0.4700,301.36,0.4800,103.26,0.4900,145.26,0.5000,95.23,0.5100,156.00,0.5300,301.36,0.5200,103.26,0.5100,145.26,0.5000,95.23,0.4900,156.00,0.5400,314.69,0.5500,45.00,0.5600,163.30,0.5700,171.30,0.5800,106.30,800.59,801.11,1601.70,801.11,800.59,1601.70,0.0100,0.0100,-0.0003,0.0003,0.4651,0.5349,0.4493,0.5051,0.5051,0.4493,-64.1515,107.4966,107.4966,-64.1515
btc-updown-5m-1780096200,1780096285000,215,73360.68,73459.05,98.37,0.0000,0.0000,0.0000,0.0306,0.0060,0.5130,0.002595,0.0210,0.0000,73455.13,0.0000,0.0053,0.0000,0.0000,0.4600,340.98,0.4500,109.06,0.4400,141.00,0.4300,247.30,0.4200,111.30,0.4700,136.07,0.4800,17.00,0.4900,85.26,0.5000,29.50,0.5100,76.00,0.5300,136.07,0.5200,17.00,0.5100,85.26,0.5000,29.50,0.4900,76.00,0.5400,340.98,0.5500,109.06,0.5600,141.00,0.5700,247.30,0.5800,111.30,949.64,343.83,1293.47,343.83,949.64,1293.47,0.0100,0.0100,0.4684,-0.4684,0.4671,0.5329,0.4739,0.4452,0.4452,0.4739,71.7305,-55.1656,-55.1656,71.7306
btc-updown-5m-1780096200,1780096286000,214,73360.77,73459.05,98.28,0.0000,0.0000,0.0033,0.0080,0.0040,0.5130,0.002595,0.0210,0.1588,73455.17,0.0000,0.0053,0.0000,0.0000,0.4800,79.98,0.4700,120.90,0.4600,213.99,0.4500,26.00,0.4400,136.17,0.4900,369.17,0.5000,73.50,0.5100,133.87,0.5200,147.67,0.5300,194.05,0.5100,369.17,0.5000,73.50,0.4900,133.87,0.4800,147.67,0.4700,194.05,0.5200,79.98,0.5300,120.90,0.5400,213.99,0.5500,26.00,0.5600,136.17,577.04,918.26,1495.30,918.26,577.04,1495.30,0.0100,0.0100,-0.2282,0.2282,0.4818,0.5182,0.3481,0.4821,0.4821,0.3481,59.3566,34.9708,34.9708,59.3565
btc-updown-5m-1780096200,1780096287000,213,73360.85,73459.04,98.19,-0.0000,0.0000,0.0014,0.0088,0.0040,0.5133,0.002595,0.0211,0.0659,73455.18,-0.0000,0.0053,-0.0134,-0.0000,0.4800,139.60,0.4700,75.13,0.4600,81.00,0.4500,126.00,0.4400,131.00,0.4900,385.68,0.5000,89.50,0.5100,131.00,0.5200,140.86,0.5300,179.00,0.5100,385.68,0.5000,89.50,0.4900,131.00,0.4800,140.86,0.4700,179.00,0.5200,139.60,0.5300,75.13,0.5400,81.00,0.5500,126.00,0.5600,131.00,552.73,926.04,1478.77,926.04,552.73,1478.77,0.0100,0.0100,-0.2524,0.2524,0.4827,0.5173,0.3885,0.5131,0.5131,0.3885,33.3222,-46.9823,-46.9741,33.3164
btc-updown-5m-1780096200,1780096288000,212,73360.85,73459.05,98.20,0.0000,0.0000,0.0001,0.0089,0.0060,0.5137,0.002595,0.0210,0.0029,73455.23,0.0000,0.0052,0.0134,0.0000,0.4800,213.49,0.4700,90.25,0.4600,71.00,0.4500,131.13,0.4400,131.00,0.4900,315.68,0.5000,101.50,0.5100,126.00,0.5200,148.34,0.5300,174.00,0.5100,315.68,0.5000,101.50,0.4900,126.00,0.4800,148.34,0.4700,174.00,0.5200,213.49,0.5300,90.25,0.5400,71.00,0.5500,131.13,0.5600,131.00,636.87,865.52,1502.39,865.52,636.87,1502.39,0.0100,0.0100,-0.1522,0.1522,0.4840,0.5160,0.4769,0.4820,0.4820,0.4769,27.1220,-19.7378,-19.7106,27.0846
btc-updown-5m-1780096200,1780096289000,211,73360.85,73459.05,98.20,0.0000,0.0000,0.0481,0.0529,0.0040,0.5137,0.002595,0.0225,2.1353,73455.49,0.0000,0.0048,0.0000,0.0000,0.4800,191.33,0.4700,113.34,0.4600,81.00,0.4500,131.13,0.4400,161.00,0.4900,472.61,0.5000,111.50,0.5100,126.00,0.5200,148.34,0.5300,174.00,0.5100,472.61,0.5000,111.50,0.4900,126.00,0.4800,148.34,0.4700,174.00,0.5200,191.33,0.5300,113.34,0.5400,81.00,0.5500,131.13,0.5600,161.00,677.80,1032.45,1710.25,1032.45,677.80,1710.25,0.0100,0.0100,-0.2074,0.2074,0.4829,0.5171,0.4495,0.5658,0.5658,0.4495,37.7726,5.2933,5.2933,37.7726
btc-updown-5m-1780096200,1780096290000,210,73360.85,73459.05,98.20,0.0000,0.0000,0.0000,0.0529,0.0040,0.5133,0.002595,0.0225,0.0000,73455.49,0.0000,0.0048,0.0000,0.0000,0.4800,198.58,0.4700,138.36,0.4600,106.00,0.4500,131.13,0.4400,161.00,0.4900,469.61,0.5000,111.50,0.5100,126.00,0.5200,140.86,0.5300,174.00,0.5100,469.61,0.5000,111.50,0.4900,126.00,0.4800,140.86,0.4700,174.00,0.5200,198.58,0.5300,138.36,0.5400,106.00,0.5500,131.13,0.5600,161.00,735.07,1021.97,1757.04,1021.97,735.07,1757.04,0.0100,0.0100,-0.1633,0.1633,0.4830,0.5170,0.4584,0.5686,0.5686,0.4584,-9.7174,36.8037,36.8349,-9.7257
btc-updown-5m-1780096200,1780096291000,209,73361.01,73459.05,98.04,0.0000,0.0000,0.0000,0.0496,0.0040,0.5133,0.002595,0.0225,0.0000,73455.52,0.0000,0.0048,0.0000,0.0000,0.4800,178.96,0.4700,138.62,0.4600,106.00,0.4500,156.13,0.4400,131.00,0.4900,460.61,0.5000,111.50,0.5100,126.00,0.5200,146.75,0.5300,179.00,0.5100,460.61,0.5000,111.50,0.4900,126.00,0.4800,146.75,0.4700,179.00,0.5200,178.96,0.5300,138.62,0.5400,106.00,0.5500,156.13,0.5600,131.00,710.71,1023.86,1734.57,1023.86,710.71,1734.57,0.0100,0.0100,-0.1805,0.1805,0.4828,0.5172,0.4468,0.5588,0.5588,0.4468,-43.3001,123.2385,123.2385,-43.3001
btc-updown-5m-1780096200,1780096292000,208,73361.01,73459.04,98.03,-0.0000,0.0000,0.0002,0.0484,0.0040,0.5137,0.002595,0.0219,0.0100,73455.83,-0.0000,0.0044,-0.0133,-0.0000,0.4800,178.96,0.4700,105.22,0.4600,133.16,0.4500,156.13,0.4400,131.00,0.4900,463.35,0.5000,111.50,0.5100,126.00,0.5200,146.75,0.5300,212.64,0.5100,463.35,0.5000,111.50,0.4900,126.00,0.4800,146.75,0.4700,212.64,0.5200,178.96,0.5300,105.22,0.5400,133.16,0.5500,156.13,0.5600,131.00,704.47,1060.24,1764.71,1060.24,704.47,1764.71,0.0100,0.0100,-0.2016,0.2016,0.4828,0.5172,0.4034,0.5422,0.5422,0.4034,45.4696,27.1463,27.1463,45.4696
btc-updown-5m-1780096200,1780096293000,207,73361.18,73459.04,97.86,0.0000,-0.0000,0.0000,0.0483,0.0020,0.5137,0.002595,0.0217,0.0000,73455.97,-0.0000,0.0042,0.0000,0.0000,0.4800,24.37,0.4700,189.95,0.4600,96.00,0.4500,161.00,0.4400,161.00,0.4900,532.08,0.5000,101.28,0.5100,156.00,0.5200,135.86,0.5300,189.00,0.5100,532.08,0.5000,101.28,0.4900,156.00,0.4800,135.86,0.4700,189.00,0.5200,24.37,0.5300,189.95,0.5400,96.00,0.5500,161.00,0.5600,161.00,632.32,1114.22,1746.54,1114.22,632.32,1746.54,0.0100,0.0100,-0.2759,0.2759,0.4804,0.5196,0.3389,0.5684,0.5684,0.3389,13.1793,31.1608,31.1711,13.1837
btc-updown-5m-1780096200,1780096294000,206,73361.18,73459.04,97.86,0.0000,-0.0000,0.0003,0.0005,0.0020,0.5137,0.002595,0.0217,0.0134,73455.97,-0.0000,0.0042,0.0000,0.0000,0.4600,109.30,0.4500,166.00,0.4400,136.00,0.4300,221.00,0.4200,111.30,0.4700,73.43,0.4800,54.02,0.4900,241.53,0.5000,46.73,0.5100,81.00,0.5300,73.43,0.5200,54.02,0.5100,241.53,0.5000,46.73,0.4900,81.00,0.5400,109.30,0.5500,166.00,0.5600,136.00,0.5700,221.00,0.5800,111.30,743.60,496.71,1240.31,496.71,743.60,1240.31,0.0100,0.0100,0.1991,-0.1991,0.4660,0.5340,0.3702,0.2566,0.2566,0.3702,15.8812,-83.3934,-83.3934,15.8812
btc-updown-5m-1780096200,1780096295000,205,73361.20,73459.05,97.85,0.0000,0.0000,0.0018,0.0023,0.0040,0.5137,0.002595,0.0202,0.0871,73456.91,0.0000,0.0029,0.0133,0.0000,0.4600,75.73,0.4500,131.00,0.4400,111.00,0.4300,156.00,0.4200,116.30,0.4700,403.58,0.4800,118.00,0.4900,131.00,0.5000,144.50,0.5100,156.00,0.5300,403.58,0.5200,118.00,0.5100,131.00,0.5000,144.50,0.4900,156.00,0.5400,75.73,0.5500,131.00,0.5600,111.00,0.5700,156.00,0.5800,116.30,590.03,953.08,1543.11,953.08,590.03,1543.11,0.0100,0.0100,-0.2353,0.2353,0.4616,0.5384,0.3504,0.5473,0.5473,0.3504,-7.9864,-8.3852,-8.3837,-7.9850
btc-updown-5m-1780096200,1780096296000,204,73361.16,73459.04,97.88,-0.0000,-0.0000,0.0035,0.0058,0.0060,0.5140,0.002595,0.0201,0.1750,73457.06,-0.0000,0.0027,-0.0133,-0.0000,0.4400,180.20,0.4300,133.30,0.4200,116.60,0.4100,162.40,0.4000,132.91,0.4500,310.64,0.4600,184.17,0.4700,121.00,0.4800,116.00,0.4900,131.00,0.5500,310.64,0.5400,184.17,0.5300,121.00,0.5200,116.00,0.5100,131.00,0.5600,180.20,0.5700,133.30,0.5800,116.60,0.5900,162.40,0.6000,132.91,725.41,862.81,1588.22,862.81,725.41,1588.22,0.0100,0.0100,-0.0865,0.0865,0.4437,0.5563,0.4322,0.5735,0.5735,0.4322,-1.5841,-26.1004,-26.1089,-1.5846
btc-updown-5m-1780096200,1780096297000,203,73361.13,73459.05,97.92,0.0000,0.0000,0.0054,0.0110,0.0060,0.5143,0.002595,0.0203,0.2681,73457.07,0.0000,0.0027,0.0133,0.0000,0.4400,424.65,0.4300,133.30,0.4200,116.60,0.4100,196.40,0.4000,147.91,0.4500,195.77,0.4600,206.17,0.4700,121.00,0.4800,111.00,0.4900,126.00,0.5500,195.77,0.5400,206.17,0.5300,121.00,0.5200,111.00,0.5100,126.00,0.5600,424.65,0.5700,133.30,0.5800,116.60,0.5900,196.40,0.6000,147.91,1018.86,759.94,1778.80,759.94,1018.86,1778.80,0.0100,0.0100,0.1456,-0.1456,0.4468,0.5532,0.5476,0.5289,0.5289,0.5476,57.8702,-47.8719,-47.8800,57.8800
btc-updown-5m-1780096200,1780096298000,202,73361.12,73459.05,97.93,0.0000,0.0000,0.0006,0.0116,0.0060,0.1830,0.001026,0.0203,0.0291,73457.07,0.0000,0.0027,0.0000,0.0000,0.4400,437.73,0.4300,138.30,0.4200,142.60,0.4100,151.40,0.4000,132.91,0.4500,210.35,0.4600,208.17,0.4700,111.00,0.4800,111.00,0.4900,126.00,0.5500,210.35,0.5400,208.17,0.5300,111.00,0.5200,111.00,0.5100,126.00,0.5600,437.73,0.5700,138.30,0.5800,142.60,0.5900,151.40,0.6000,132.91,1002.94,766.52,1769.46,766.52,1002.94,1769.46,0.0100,0.0100,0.1336,-0.1336,0.4468,0.5532,0.5743,0.5460,0.5460,0.5743,57.7470,-33.4474,-33.4346,58.6800
btc-updown-5m-1780096200,1780096299000,201,73360.95,73459.05,98.10,0.0000,0.0000,0.0000,0.0113,0.0060,0.1830,0.001026,0.0152,0.0000,73458.21,0.0000,0.0011,0.0000,0.0000,0.4400,577.72,0.4300,206.00,0.4200,196.60,0.4100,226.40,0.4000,242.91,0.4600,95.27,0.4700,10.00,0.4800,31.00,0.4900,36.00,0.5000,56.00,0.5400,95.27,0.5300,10.00,0.5200,31.00,0.5100,36.00,0.5000,56.00,0.5600,577.72,0.5700,206.00,0.5800,196.60,0.5900,226.40,0.6000,242.91,1449.63,228.27,1677.90,228.27,1449.63,1677.90,0.0200,0.0200,0.7279,-0.7279,0.4572,0.5428,0.5406,0.4612,0.4612,0.5406,125.6721,-119.6979,-119.6377,126.4475
btc-updown-5m-1780096200,1780096300000,200,73360.93,73459.05,98.12,0.0000,0.0000,0.0004,0.0100,0.0040,0.1830,0.001026,0.0153,0.0262,73458.21,0.0000,0.0011,0.0000,0.0000,0.4400,577.72,0.4300,206.00,0.4200,196.60,0.4100,226.40,0.4000,242.91,0.4600,95.27,0.4700,10.00,0.4800,31.00,0.4900,36.00,0.5000,56.00,0.5400,95.27,0.5300,10.00,0.5200,31.00,0.5100,36.00,0.5000,56.00,0.5600,577.72,0.5700,206.00,0.5800,196.60,0.5900,226.40,0.6000,242.91,1449.63,228.27,1677.90,228.27,1449.63,1677.90,0.0200,0.0200,0.7279,-0.7279,0.4572,0.5428,0.5406,0.4612,0.4612,0.5406,144.3234,-54.8733,-174.1334,165.6658
btc-updown-5m-1780096200,1780096301000,199,73360.94,73459.04,98.10,-0.0000,0.0000,0.0719,0.0783,0.0040,0.1830,0.001026,0.0175,4.0993,73458.33,-0.0000,0.0010,-0.0134,-0.0000,0.4500,461.80,0.4400,279.10,0.4300,206.00,0.4200,181.63,0.4100,196.40,0.4600,145.27,0.4700,15.00,0.4800,15.00,0.4900,66.00,0.5000,56.00,0.5400,145.27,0.5300,15.00,0.5200,15.00,0.5100,66.00,0.5000,56.00,0.5500,461.80,0.5600,279.10,0.5700,206.00,0.5800,181.63,0.5900,196.40,1324.93,297.27,1622.20,297.27,1324.93,1622.20,0.0100,0.0100,0.6335,-0.6335,0.4576,0.5424,0.5592,0.5391,0.5391,0.5592,141.8922,-107.5686,-107.2844,141.5173
btc-updown-5m-1780096200,1780096302000,198,73361.07,73455.60,94.53,-0.0047,-0.0047,1.7301,1.8030,0.6900,0.2973,0.001355,0.0723,23.9278,73456.29,-0.0002,-0.0009,-4.4265,-0.0001,0.4100,100.00,0.4000,83.83,0.3900,112.89,0.3800,95.00,0.3700,28.60,0.4200,12.12,0.4300,52.01,0.4400,309.00,0.4500,163.97,0.4600,330.91,0.5800,12.12,0.5700,52.01,0.5600,309.00,0.5500,163.97,0.5400,330.91,0.5900,100.00,0.6000,83.83,0.6100,112.89,0.6200,95.00,0.6300,28.60,420.32,868.01,1288.33,868.01,420.32,1288.33,0.0100,0.0100,-0.3475,0.3475,0.4189,0.5811,0.4374,0.0739,0.0739,0.4374,-55.3556,20.1978,20.2044,-55.3737
btc-updown-5m-1780096200,1780096303000,197,73361.07,73455.60,94.53,0.0000,-0.0047,0.0000,1.8024,0.6900,0.1633,0.000915,0.0721,0.0000,73456.30,-0.0002,-0.0009,0.0000,0.0000,0.4200,21.52,0.4100,144.41,0.4000,130.93,0.3900,94.56,0.3800,176.00,0.4300,268.41,0.4400,190.00,0.4500,143.13,0.4600,173.89,0.4700,144.90,0.5700,268.41,0.5600,190.00,0.5500,143.13,0.5400,173.89,0.5300,144.90,0.5800,21.52,0.5900,144.41,0.6000,130.93,0.6100,94.56,0.6200,176.00,567.42,920.33,1487.75,920.33,567.42,1487.75,0.0100,0.0100,-0.2372,0.2372,0.4207,0.5793,0.2924,0.4981,0.4981,0.2924,-58.8113,23.7339,23.7379,-58.8210
btc-updown-5m-1780096200,1780096304000,196,73359.66,73455.60,95.94,0.0000,-0.0047,0.0000,1.8024,0.6900,0.1633,0.000915,0.0713,0.0000,73456.28,-0.0002,-0.0009,0.0000,0.0000,0.4200,29.64,0.4100,156.41,0.4000,154.45,0.3900,130.23,0.3800,151.86,0.4300,256.39,0.4400,202.00,0.4500,137.50,0.4600,184.67,0.4700,155.54,0.5700,256.39,0.5600,202.00,0.5500,137.50,0.5400,184.67,0.5300,155.54,0.5800,29.64,0.5900,156.41,0.6000,154.45,0.6100,130.23,0.6200,151.86,622.59,936.10,1558.69,936.10,622.59,1558.69,0.0100,0.0100,-0.2011,0.2011,0.4210,0.5790,0.2988,0.4897,0.4897,0.2988,-74.5219,31.2100,31.2153,-74.5345
btc-updown-5m-1780096200,1780096305000,195,73357.97,73455.60,97.63,0.0000,-0.0047,0.0002,1.8022,0.6900,0.1633,0.000915,0.0683,0.0028,73456.22,-0.0002,-0.0008,0.0000,0.0000,0.4300,67.10,0.4200,84.74,0.4100,86.00,0.4000,159.08,0.3900,165.23,0.4400,72.82,0.4500,126.50,0.4600,151.00,0.4700,149.89,0.4800,166.20,0.5600,72.82,0.5500,126.50,0.5400,151.00,0.5300,149.89,0.5200,166.20,0.5700,67.10,0.5800,84.74,0.5900,86.00,0.6000,159.08,0.6100,165.23,562.15,666.41,1228.56,666.41,562.15,1228.56,0.0100,0.0100,-0.0849,0.0849,0.4348,0.5652,0.2701,0.2991,0.2991,0.2701,-159.7111,77.2906,77.5016,-160.1470
btc-updown-5m-1780096200,1780096306000,194,73357.99,73455.60,97.61,0.0000,-0.0047,0.0000,1.7303,0.6880,0.1633,0.000915,0.0680,0.0000,73456.21,-0.0002,-0.0008,0.0000,0.0000,0.4400,311.23,0.4300,162.74,0.4200,152.74,0.4100,221.11,0.4000,233.35,0.4500,6.09,0.4600,67.00,0.4700,77.43,0.4800,50.00,0.4900,113.20,0.5500,6.09,0.5400,67.00,0.5300,77.43,0.5200,50.00,0.5100,113.20,0.5600,311.23,0.5700,162.74,0.5800,152.74,0.5900,221.11,0.6000,233.35,1081.17,313.72,1394.89,313.72,1081.17,1394.89,0.0100,0.0100,0.5502,-0.5502,0.4498,0.5502,0.4384,0.2330,0.2330,0.4384,-44.3039,2.9898,2.9969,-44.4088
btc-updown-5m-1780096200,1780096307000,193,73356.11,73443.71,87.60,-0.0162,-0.0162,0.6052,0.6054,2.3780,0.5143,0.002997,0.0873,6.9284,73453.42,-0.0120,-0.0132,-14.1791,-0.0002,0.3500,21.83,0.3400,30.00,0.3300,18.00,0.3200,61.00,0.3100,52.00,0.3600,95.46,0.4000,120.00,0.4100,10.00,0.4200,122.61,0.4300,1.04,0.6400,95.46,0.6000,120.00,0.5900,10.00,0.5800,122.61,0.5700,1.04,0.6500,21.83,0.6600,30.00,0.6700,18.00,0.6800,61.00,0.6900,52.00,182.83,349.11,531.94,349.11,182.83,531.94,0.0100,0.0100,-0.3126,0.3126,0.3519,0.6481,0.2835,0.6172,0.6172,0.2835,-44.9507,-33.2125,-33.2001,-44.9340
btc-updown-5m-1780096200,1780096308000,192,73356.11,73443.71,87.60,0.0000,-0.0162,0.0201,0.6255,2.3780,0.5143,0.002997,0.0856,0.2346,73453.19,-0.0000,-0.0129,0.0000,0.0000,0.3500,8.68,0.3400,60.00,0.3300,20.00,0.3200,55.00,0.3100,20.00,0.3600,438.96,0.3700,111.77,0.3800,164.31,0.3900,159.85,0.4000,81.00,0.6400,438.96,0.6300,111.77,0.6200,164.31,0.6100,159.85,0.6000,81.00,0.6500,8.68,0.6600,60.00,0.6700,20.00,0.6800,55.00,0.6900,20.00,163.68,955.89,1119.57,955.89,163.68,1119.57,0.0100,0.0100,-0.7076,0.7076,0.3502,0.6498,0.4196,0.5761,0.5761,0.4196,-12.4902,21.0261,21.0261,-12.4902
btc-updown-5m-1780096200,1780096309000,191,73353.02,73443.72,90.70,0.0000,-0.0162,0.0718,0.6972,2.3800,0.5147,0.002997,0.0837,0.8573,73452.63,0.0000,-0.0121,0.0124,0.0000,0.3200,33.53,0.3100,101.00,0.3000,124.00,0.2900,66.00,0.2800,38.67,0.3300,558.68,0.3400,125.36,0.3500,181.30,0.3600,180.31,0.3700,116.00,0.6700,558.68,0.6600,125.36,0.6500,181.30,0.6400,180.31,0.6300,116.00,0.6800,33.53,0.6900,101.00,0.7000,124.00,0.7100,66.00,0.7200,38.67,363.20,1161.65,1524.85,1161.65,363.20,1524.85,0.0100,0.0100,-0.5236,0.5236,0.3206,0.6794,0.3704,0.5889,0.5889,0.3704,-33.6331,39.7431,39.7365,-33.6275
btc-updown-5m-1780096200,1780096310000,190,73347.46,73443.72,96.26,0.0000,-0.0162,0.0000,0.6970,2.3800,0.5147,0.002997,0.0837,0.0000,73452.63,0.0000,-0.0121,0.0000,0.0000,0.3200,453.68,0.3100,201.00,0.3000,232.00,0.2900,151.00,0.2800,128.67,0.3300,124.46,0.3400,15.00,0.3500,15.00,0.3600,87.31,0.3700,23.60,0.6700,124.46,0.6600,15.00,0.6500,15.00,0.6400,87.31,0.6300,23.60,0.6800,432.68,0.6900,201.00,0.7000,232.00,0.7100,151.00,0.7200,128.67,1166.35,265.37,1431.72,265.37,1145.35,1410.72,0.0100,0.0100,0.6293,-0.6238,0.3278,0.6722,0.5613,0.5255,0.5255,0.5533,88.5026,-109.1683,-109.1505,85.0708
btc-updown-5m-1780096200,1780096311000,189,73345.31,73443.72,98.41,0.0000,-0.0162,0.0005,0.6975,2.3800,0.5143,0.002997,0.0837,0.0055,73452.63,0.0000,-0.0121,0.0000,0.0000,0.3200,408.76,0.3100,201.00,0.3000,232.00,0.2900,151.00,0.2800,128.67,0.3300,124.46,0.3400,15.00,0.3500,15.00,0.3600,87.31,0.3700,23.60,0.6700,124.46,0.6600,15.00,0.6500,15.00,0.6400,87.31,0.6300,23.60,0.6800,408.76,0.6900,201.00,0.7000,232.00,0.7100,151.00,0.7200,128.67,1121.43,265.37,1386.80,265.37,1121.43,1386.80,0.0100,0.0100,0.6173,-0.6173,0.3277,0.6723,0.5437,0.5255,0.5255,0.5437,97.1309,-71.6238,-71.6114,97.1141
btc-updown-5m-1780096200,1780096312000,188,73345.31,73443.72,98.41,0.0000,0.0000,0.0000,0.0923,0.0020,0.5140,0.002997,0.0829,0.0000,73452.56,0.0000,-0.0120,0.0000,0.0000,0.3500,57.30,0.3400,379.78,0.3300,194.70,0.3200,161.68,0.3100,210.04,0.3600,7.00,0.3700,5.00,0.3900,54.31,0.4000,70.00,0.4100,69.51,0.6400,7.00,0.6300,5.00,0.6100,54.31,0.6000,70.00,0.5900,69.51,0.6500,57.30,0.6600,379.78,0.6700,194.70,0.6800,161.68,0.6900,210.04,1003.50,205.82,1209.32,205.82,1003.50,1209.32,0.0100,0.0100,0.6596,-0.6596,0.3589,0.6411,0.4356,0.0583,0.0583,0.4356,34.4285,-55.0229,-55.0042,34.4168
btc-updown-5m-1780096200,1780096313000,187,73344.32,73443.72,99.40,0.0000,0.0000,0.0000,0.0722,0.0020,0.5140,0.002997,0.0829,0.0000,73452.56,0.0000,-0.0120,0.0000,0.0000,0.3400,7.48,0.3300,25.41,0.3200,120.00,0.3100,66.00,0.3000,33.13,0.3500,578.58,0.3600,145.58,0.3700,93.00,0.3800,76.00,0.3900,131.50,0.6500,578.58,0.6400,145.58,0.6300,93.00,0.6200,76.00,0.6100,131.50,0.6600,7.48,0.6700,25.41,0.6800,120.00,0.6900,66.00,0.7000,33.13,252.02,1024.66,1276.68,1024.66,252.02,1276.68,0.0100,0.0100,-0.6052,0.6052,0.3401,0.6599,0.1305,0.7067,0.7067,0.1305,16.8753,9.1962,9.1947,16.8725
btc-updown-5m-1780096200,1780096314000,186,73344.32,73443.72,99.40,0.0000,0.0000,0.0002,0.0007,0.0000,0.5137,0.002997,0.0829,0.0025,73452.56,0.0000,-0.0120,0.0000,0.0000,0.3300,1.14,0.3200,95.00,0.3100,157.67,0.3000,40.00,0.2900,66.74,0.3400,414.67,0.3500,189.15,0.3600,140.58,0.3700,111.26,0.3800,86.00,0.6600,414.67,0.6500,189.15,0.6400,140.58,0.6300,111.26,0.6200,86.00,0.6700,1.14,0.6800,95.00,0.6900,157.67,0.7000,40.00,0.7100,66.74,360.55,941.66,1302.21,941.66,360.55,1302.21,0.0100,0.0100,-0.4462,0.4462,0.3300,0.6700,0.2666,0.6412,0.6412,0.2666,30.8531,-9.9903,-9.9887,30.8481
btc-updown-5m-1780096200,1780096315000,185,73344.35,73443.72,99.37,0.0000,0.0000,0.0238,0.0244,0.0020,0.5140,0.002997,0.0835,0.2844,73452.47,0.0000,-0.0119,0.0000,0.0000,0.3400,232.16,0.3300,113.13,0.3200,173.96,0.3100,221.82,0.3000,86.00,0.3500,59.00,0.3600,100.58,0.3700,26.00,0.3800,51.00,0.3900,66.00,0.6500,59.00,0.6400,100.58,0.6300,26.00,0.6200,51.00,0.6100,66.00,0.6600,232.16,0.6700,113.13,0.6800,173.96,0.6900,221.82,0.7000,86.00,827.07,302.58,1129.65,302.58,827.07,1129.65,0.0100,0.0100,0.4643,-0.4643,0.3480,0.6520,0.4175,0.5274,0.5274,0.4175,77.3503,-131.4107,-131.4107,77.3503
btc-updown-5m-1780096200,1780096316000,184,73344.37,73443.72,99.35,0.0000,0.0000,0.0000,0.0240,0.0020,0.5140,0.002997,0.0835,0.0000,73452.47,0.0000,-0.0119,0.0000,0.0000,0.3400,464.03,0.3300,81.00,0.3200,199.52,0.3100,101.00,0.3000,107.00,0.3500,56.42,0.3600,79.58,0.3700,45.29,0.3800,30.00,0.3900,101.09,0.6500,56.42,0.6400,79.58,0.6300,45.29,0.6200,30.00,0.6100,101.09,0.6600,464.03,0.6700,81.00,0.6800,199.52,0.6900,101.00,0.7000,107.00,952.55,312.38,1264.93,312.38,952.55,1264.93,0.0100,0.0100,0.5061,-0.5061,0.3489,0.6511,0.5722,0.4354,0.4354,0.5722,-34.1114,6.7186,6.7186,-34.1114
btc-updown-5m-1780096200,1780096317000,183,73344.57,73443.71,99.14,-0.0000,-0.0000,0.0045,0.0285,0.0040,0.5140,0.002997,0.0835,0.0540,73452.45,-0.0000,-0.0119,-0.0135,-0.0000,0.3400,310.57,0.3300,103.00,0.3200,204.52,0.3100,101.00,0.3000,112.00,0.3500,41.55,0.3600,89.58,0.3700,45.29,0.3800,46.00,0.3900,106.59,0.6500,41.55,0.6400,89.58,0.6300,45.29,0.6200,46.00,0.6100,106.59,0.6600,310.57,0.6700,103.00,0.6800,204.52,0.6900,101.00,0.7000,112.00,831.09,329.01,1160.10,329.01,831.09,1160.10,0.0100,0.0100,0.4328,-0.4328,0.3488,0.6512,0.4976,0.3986,0.3986,0.4976,-39.7446,10.7645,10.7645,-39.7446
btc-updown-5m-1780096200,1780096318000,182,73344.65,73443.72,99.07,0.0000,0.0000,0.0005,0.0290,0.0060,0.5140,0.002997,0.0835,0.0063,73452.44,0.0000,-0.0119,0.0135,0.0000,0.3400,254.68,0.3300,103.00,0.3200,204.52,0.3100,106.00,0.3000,167.00,0.3500,20.54,0.3600,101.58,0.3700,45.29,0.3800,149.70,0.3900,101.09,0.6500,20.54,0.6400,101.58,0.6300,45.29,0.6200,149.70,0.6100,101.09,0.6600,254.68,0.6700,103.00,0.6800,204.52,0.6900,106.00,0.7000,167.00,835.20,418.20,1253.40,418.20,835.20,1253.40,0.0100,0.0100,0.3327,-0.3327,0.3493,0.6507,0.4283,0.2920,0.2920,0.4283,-22.1395,23.0000,23.0038,-22.1432
btc-updown-5m-1780096200,1780096319000,181,73344.65,73443.72,99.07,0.0000,0.0000,0.0001,0.0289,0.0060,0.5140,0.002997,0.0835,0.0011,73452.44,0.0000,-0.0119,0.0000,0.0000,0.4400,377.52,0.4300,106.26,0.4200,88.00,0.4100,51.00,0.4000,81.00,0.4500,341.16,0.4600,140.68,0.4700,230.27,0.4800,146.20,0.4900,146.20,0.5500,341.16,0.5400,140.68,0.5300,230.27,0.5200,146.20,0.5100,146.20,0.5600,377.52,0.5700,106.26,0.5800,88.00,0.5900,51.00,0.6000,81.00,703.78,1004.51,1708.29,1004.51,703.78,1708.29,0.0100,0.0100,-0.1760,0.1760,0.4453,0.5547,0.6874,0.4797,0.4797,0.6874,75.5218,-8.6642,-8.6642,75.5218
btc-updown-5m-1780096200,1780096320000,180,73345.64,73443.72,98.08,0.0000,0.0000,0.0014,0.0065,0.0040,0.5140,0.002997,0.0820,0.0171,73452.31,0.0000,-0.0117,0.0000,0.0000,0.4400,303.67,0.4300,74.00,0.4200,88.00,0.4100,82.16,0.4000,81.00,0.4500,472.75,0.4600,200.68,0.4700,235.27,0.4800,178.62,0.4900,181.20,0.5500,472.75,0.5400,200.68,0.5300,235.27,0.5200,178.62,0.5100,181.20,0.5600,303.67,0.5700,74.00,0.5800,88.00,0.5900,82.16,0.6000,81.00,628.83,1268.52,1897.35,1268.52,628.83,1897.35,0.0100,0.0100,-0.3371,0.3371,0.4439,0.5561,0.6006,0.5309,0.5309,0.6006,50.4760,61.4977,61.5208,50.4950
btc-updown-5m-1780096200,1780096321000,179,73347.89,73443.71,95.82,-0.0000,-0.0000,0.0130,0.0196,0.0060,0.5143,0.002997,0.0824,0.1581,73452.27,-0.0000,-0.0116,-0.0130,-0.0000,0.4400,251.21,0.4300,78.00,0.4200,84.02,0.4100,61.00,0.4000,81.00,0.4500,500.91,0.4600,217.74,0.4700,288.92,0.4800,196.20,0.4900,171.20,0.5500,500.91,0.5400,217.74,0.5300,288.92,0.5200,196.20,0.5100,171.20,0.5600,251.21,0.5700,78.00,0.5800,84.02,0.5900,61.00,0.6000,81.00,555.23,1374.97,1930.20,1374.97,555.23,1930.20,0.0100,0.0100,-0.4247,0.4247,0.4433,0.5567,0.5929,0.5227,0.5227,0.5929,-63.6620,172.9775,172.9775,-63.6620
btc-updown-5m-1780096200,1780096322000,178,73347.89,73443.71,95.82,0.0000,0.0000,0.0007,0.0157,0.0060,0.5143,0.002997,0.0825,0.0084,73452.26,-0.0000,-0.0116,0.0000,0.0000,0.4400,297.73,0.4300,37.00,0.4200,68.02,0.4100,61.00,0.4000,81.00,0.4500,566.46,0.4600,219.74,0.4700,288.92,0.4800,203.61,0.4900,171.20,0.5500,566.46,0.5400,219.74,0.5300,288.92,0.5200,203.61,0.5100,171.20,0.5600,297.73,0.5700,37.00,0.5800,68.02,0.5900,61.00,0.6000,81.00,544.75,1449.93,1994.68,1449.93,544.75,1994.68,0.0100,0.0100,-0.4538,0.4538,0.4434,0.5566,0.6145,0.5422,0.5422,0.6145,-99.0483,191.4385,191.4385,-99.0483
btc-updown-5m-1780096200,1780096323000,177,73347.94,73443.72,95.78,0.0000,0.0000,0.0047,0.0199,0.0060,0.5147,0.002997,0.0826,0.0564,73452.25,0.0000,-0.0116,0.0130,0.0000,0.4400,367.14,0.4300,47.00,0.4200,84.02,0.4100,61.00,0.4000,86.00,0.4500,304.33,0.4600,166.83,0.4700,233.92,0.4800,148.61,0.4900,135.27,0.5500,304.33,0.5400,166.83,0.5300,233.92,0.5200,148.61,0.5100,135.27,0.5600,367.14,0.5700,47.00,0.5800,84.02,0.5900,61.00,0.6000,86.00,645.16,988.96,1634.12,988.96,645.16,1634.12,0.0100,0.0100,-0.2104,0.2104,0.4455,0.5545,0.6419,0.4764,0.4764,0.6419,-30.8700,109.5716,109.5898,-30.8751
btc-updown-5m-1780096200,1780096324000,176,73347.98,73443.71,95.73,-0.0000,-0.0000,0.0552,0.0750,0.0080,0.5150,0.002997,0.0844,0.6538,73452.07,-0.0000,-0.0114,-0.0130,-0.0000,0.4400,416.23,0.4300,105.00,0.4200,88.00,0.4100,76.00,0.4000,86.00,0.4500,280.32,0.4600,166.83,0.4700,233.92,0.4800,148.61,0.4900,135.27,0.5500,280.32,0.5400,166.83,0.5300,233.92,0.5200,148.61,0.5100,135.27,0.5600,416.23,0.5700,105.00,0.5800,88.00,0.5900,76.00,0.6000,86.00,771.23,964.95,1736.18,964.95,771.23,1736.18,0.0100,0.0100,-0.1116,0.1116,0.4460,0.5540,0.6758,0.4634,0.4634,0.6758,-10.4373,89.2070,89.2362,-10.4407
btc-updown-5m-1780096200,1780096325000,175,73348.00,73444.01,96.01,0.0004,0.0004,0.0469,0.1204,0.0680,0.5247,0.003001,0.0859,0.5455,73451.92,0.0003,-0.0108,0.3922,0.0000,0.4400,467.59,0.4300,91.00,0.4200,101.00,0.4100,196.31,0.4000,116.00,0.4500,138.45,0.4600,23.48,0.4700,97.72,0.4800,91.00,0.4900,66.20,0.5500,138.45,0.5400,23.48,0.5300,97.72,0.5200,91.00,0.5100,66.20,0.5600,467.59,0.5700,91.00,0.5800,101.00,0.5900,196.31,0.6000,116.00,971.90,416.85,1388.75,416.85,971.90,1388.75,0.0100,0.0100,0.3997,-0.3997,0.4477,0.5523,0.5747,0.3885,0.3885,0.5747,37.1574,-56.0160,-56.0160,37.1574
btc-updown-5m-1780096200,1780096326000,174,73348.51,73444.01,95.50,0.0000,0.0004,0.0024,0.1098,0.0660,0.5243,0.003001,0.0859,0.0284,73451.91,0.0002,-0.0108,0.0000,0.0000,0.4400,114.52,0.4300,65.86,0.4200,121.00,0.4100,126.00,0.4000,101.00,0.4500,447.65,0.4600,109.48,0.4700,191.07,0.4800,151.00,0.4900,151.40,0.5500,447.65,0.5400,109.48,0.5300,191.07,0.5200,151.00,0.5100,151.40,0.5600,114.52,0.5700,65.86,0.5800,121.00,0.5900,126.00,0.6000,101.00,528.38,1050.60,1578.98,1050.60,528.38,1578.98,0.0100,0.0100,-0.3307,0.3307,0.4420,0.5580,0.3414,0.5303,0.5303,0.3414,2.2259,-36.3024,-36.3024,2.2259
btc-updown-5m-1780096200,1780096327000,173,73348.51,73444.00,95.49,-0.0000,0.0004,0.0031,0.1122,0.0660,0.5243,0.003001,0.0859,0.0357,73451.89,0.0002,-0.0107,-0.0130,-0.0000,0.4400,96.42,0.4300,55.86,0.4200,106.00,0.4100,126.00,0.4000,127.00,0.4500,466.01,0.4600,156.62,0.4700,190.51,0.4800,151.00,0.4900,151.40,0.5500,466.01,0.5400,156.62,0.5300,190.51,0.5200,151.00,0.5100,151.40,0.5600,96.42,0.5700,55.86,0.5800,106.00,0.5900,126.00,0.6000,127.00,511.28,1115.54,1626.82,1115.54,511.28,1626.82,0.0100,0.0100,-0.3714,0.3714,0.4417,0.5583,0.2978,0.5581,0.5581,0.2978,-5.0197,-49.1302,-49.1390,-5.0206
btc-updown-5m-1780096200,1780096328000,172,73348.65,73444.00,95.35,0.0000,0.0004,0.0000,0.1075,0.0640,0.5243,0.003001,0.0857,0.0000,73451.88,0.0002,-0.0107,0.0000,0.0000,0.4400,26.07,0.4300,55.68,0.4200,86.00,0.4100,126.00,0.4000,137.00,0.4500,656.08,0.4600,230.05,0.4700,188.72,0.4800,161.20,0.4900,158.75,0.5500,656.08,0.5400,230.05,0.5300,188.72,0.5200,161.20,0.5100,158.75,0.5600,26.07,0.5700,55.68,0.5800,86.00,0.5900,126.00,0.6000,137.00,430.75,1394.80,1825.55,1394.80,430.75,1825.55,0.0100,0.0100,-0.5281,0.5281,0.4404,0.5596,0.1898,0.6353,0.6353,0.1898,-18.9274,-9.1532,-9.1532,-18.9274
btc-updown-5m-1780096200,1780096329000,171,73348.74,73444.01,95.27,0.0000,0.0004,0.0092,0.0615,0.0640,0.5247,0.003001,0.0860,0.1068,73451.85,0.0002,-0.0107,0.0130,0.0000,0.4300,88.32,0.4200,86.00,0.4100,126.00,0.4000,137.00,0.3900,121.00,0.4400,594.26,0.4500,160.87,0.4600,142.66,0.4700,193.72,0.4800,161.20,0.5600,594.26,0.5500,160.87,0.5400,142.66,0.5300,193.72,0.5200,161.20,0.5700,88.32,0.5800,86.00,0.5900,126.00,0.6000,137.00,0.6100,121.00,558.32,1252.71,1811.03,1252.71,558.32,1811.03,0.0100,0.0100,-0.3834,0.3834,0.4313,0.5687,0.3122,0.6028,0.6028,0.3122,-16.3356,49.6144,49.6050,-16.3325
btc-updown-5m-1780096200,1780096330000,170,73348.78,73444.01,95.23,0.0000,0.0000,0.0005,0.0152,0.0040,0.5247,0.003001,0.0860,0.0055,73451.85,0.0000,-0.0107,0.0000,0.0000,0.4300,465.72,0.4200,106.62,0.4100,131.00,0.4000,137.00,0.3900,121.00,0.4500,46.53,0.4600,60.48,0.4700,133.72,0.4800,111.40,0.4900,66.40,0.5500,46.53,0.5400,60.48,0.5300,133.72,0.5200,111.40,0.5100,66.40,0.5700,465.72,0.5800,106.62,0.5900,131.00,0.6000,137.00,0.6100,121.00,961.34,418.53,1379.87,418.53,961.34,1379.87,0.0200,0.0200,0.3934,-0.3934,0.4482,0.5518,0.5954,0.2557,0.2557,0.5954,26.0498,-89.6035,-89.5891,26.0456
btc-updown-5m-1780096200,1780096331000,169,73348.78,73444.01,95.23,0.0000,0.0000,0.0000,0.0127,0.0040,0.5243,0.003001,0.0860,0.0000,73451.85,0.0000,-0.0107,0.0000,0.0000,0.4400,390.64,0.4300,66.00,0.4200,111.00,0.4100,158.15,0.4000,111.00,0.4500,246.14,0.4600,70.48,0.4700,45.00,0.4800,118.76,0.4900,66.40,0.5500,246.14,0.5400,70.48,0.5300,45.00,0.5200,118.76,0.5100,66.40,0.5600,390.64,0.5700,66.00,0.5800,111.00,0.5900,158.15,0.6000,111.00,836.79,546.78,1383.57,546.78,836.79,1383.57,0.0100,0.0100,0.2096,-0.2096,0.4461,0.5539,0.5457,0.5791,0.5791,0.5457,-5.1251,8.8851,8.8851,-5.1251
btc-updown-5m-1780096200,1780096332000,168,73348.77,73444.01,95.24,0.0000,0.0000,0.0000,0.0097,0.0020,0.4097,0.002909,0.0837,0.0000,73451.65,0.0000,-0.0104,0.0000,0.0000,0.4400,368.92,0.4300,88.00,0.4200,102.00,0.4100,127.00,0.4000,111.00,0.4500,258.48,0.4600,125.48,0.4700,116.00,0.4800,178.76,0.4900,126.40,0.5500,258.48,0.5400,125.48,0.5300,116.00,0.5200,178.76,0.5100,126.40,0.5600,368.92,0.5700,88.00,0.5800,102.00,0.5900,127.00,0.6000,111.00,796.92,805.12,1602.04,805.12,796.92,1602.04,0.0100,0.0100,-0.0051,0.0051,0.4459,0.5541,0.5734,0.4769,0.4769,0.5734,47.2420,-48.6303,-48.6630,47.2738
btc-updown-5m-1780096200,1780096333000,167,73349.18,73444.01,94.83,0.0000,0.0000,0.0002,0.0099,0.0020,0.4097,0.002909,0.0279,0.0072,73443.74,0.0000,0.0004,0.0000,0.0000,0.4400,263.27,0.4300,88.00,0.4200,102.00,0.4100,137.00,0.4000,106.00,0.4500,346.72,0.4600,132.05,0.4700,121.00,0.4800,176.40,0.4900,145.47,0.5500,346.72,0.5400,132.05,0.5300,121.00,0.5200,176.40,0.5100,145.47,0.5600,263.27,0.5700,88.00,0.5800,102.00,0.5900,137.00,0.6000,106.00,696.27,921.64,1617.91,921.64,696.27,1617.91,0.0100,0.0100,-0.1393,0.1393,0.4443,0.5557,0.5045,0.5195,0.5195,0.5045,32.3480,-66.1384,-66.1263,32.3421
btc-updown-5m-1780096200,1780096334000,166,73349.82,73444.01,94.19,0.0000,0.0000,0.1010,0.1017,0.0000,0.4097,0.002909,0.0311,3.2459,73443.76,0.0000,0.0003,0.0000,0.0000,0.4400,325.27,0.4300,88.00,0.4200,102.00,0.4100,137.00,0.4000,111.00,0.4500,207.91,0.4600,132.05,0.4700,121.00,0.4800,176.40,0.4900,147.87,0.5500,207.91,0.5400,132.05,0.5300,121.00,0.5200,176.40,0.5100,147.87,0.5600,325.27,0.5700,88.00,0.5800,102.00,0.5900,137.00,0.6000,111.00,763.27,785.23,1548.50,785.23,763.27,1548.50,0.0100,0.0100,-0.0142,0.0142,0.4461,0.5539,0.5414,0.4329,0.4329,0.5414,58.2449,-106.7735,-106.7735,58.2449
btc-updown-5m-1780096200,1780096335000,165,73347.18,73444.00,96.82,-0.0000,-0.0000,0.0052,0.1064,0.0020,0.4100,0.002909,0.0313,0.1646,73443.77,-0.0000,0.0003,-0.0132,-0.0000,0.4400,302.27,0.4300,83.00,0.4200,102.00,0.4100,127.00,0.4000,102.30,0.4500,207.96,0.4600,125.48,0.4700,145.27,0.4800,176.40,0.4900,136.40,0.5500,207.96,0.5400,125.48,0.5300,145.27,0.5200,176.40,0.5100,136.40,0.5600,302.27,0.5700,83.00,0.5800,102.00,0.5900,127.00,0.6000,102.30,716.57,791.51,1508.08,791.51,716.57,1508.08,0.0100,0.0100,-0.0497,0.0497,0.4459,0.5541,0.5377,0.4213,0.4213,0.5377,39.5917,-55.7792,-55.7685,39.5841
btc-updown-5m-1780096200,1780096336000,164,73347.18,73444.00,96.82,0.0000,-0.0000,0.0042,0.1106,0.0040,0.4103,0.002909,0.0314,0.1349,73443.76,-0.0000,0.0003,0.0000,0.0000,0.4400,193.32,0.4300,58.00,0.4200,72.00,0.4100,97.00,0.4000,56.00,0.4500,409.70,0.4600,167.15,0.4700,145.27,0.4800,178.72,0.4900,136.40,0.5500,409.70,0.5400,167.15,0.5300,145.27,0.5200,178.72,0.5100,136.40,0.5600,193.32,0.5700,58.00,0.5800,72.00,0.5900,97.00,0.6000,56.00,476.32,1037.24,1513.56,1037.24,476.32,1513.56,0.0100,0.0100,-0.3706,0.3706,0.4432,0.5568,0.5276,0.5561,0.5561,0.5276,-5.4137,-9.3526,-9.3511,-5.4128
btc-updown-5m-1780096200,1780096337000,163,73348.59,73444.01,95.42,0.0000,0.0000,0.0131,0.1238,0.0060,0.0143,0.000074,0.0318,0.4126,73443.77,0.0000,0.0003,0.0130,0.0000,0.4200,70.12,0.4100,108.15,0.4000,61.00,0.3900,66.00,0.3800,92.00,0.4300,484.06,0.4400,174.34,0.4500,135.11,0.4600,205.13,0.4700,121.20,0.5700,484.06,0.5600,174.34,0.5500,135.11,0.5400,205.13,0.5300,121.20,0.5800,70.12,0.5900,108.15,0.6000,61.00,0.6100,66.00,0.6200,92.00,397.27,1119.84,1517.11,1119.84,397.27,1517.11,0.0100,0.0100,-0.4763,0.4763,0.4213,0.5787,0.4487,0.5879,0.5879,0.4487,-73.7697,96.1833,96.1833,-73.7697
btc-updown-5m-1780096200,1780096338000,162,73348.54,73444.01,95.47,0.0000,0.0000,0.0014,0.1250,0.0060,0.0143,0.000074,0.0124,0.1115,73443.86,0.0000,0.0002,0.0000,0.0000,0.4100,111.46,0.4000,53.00,0.3900,91.00,0.3800,52.63,0.3700,112.82,0.4200,521.20,0.4300,179.54,0.4400,121.00,0.4500,126.00,0.4600,205.13,0.5800,521.20,0.5700,179.54,0.5600,121.00,0.5500,126.00,0.5400,205.13,0.5900,111.46,0.6000,53.00,0.6100,91.00,0.6200,52.63,0.6300,112.82,420.91,1152.87,1573.78,1152.87,420.91,1573.78,0.0100,0.0100,-0.4651,0.4651,0.4118,0.5882,0.3907,0.6078,0.6078,0.3907,-64.7181,47.9645,47.9475,-64.6951
btc-updown-5m-1780096200,1780096339000,161,73348.42,73444.01,95.59,0.0000,0.0000,0.0031,0.0271,0.0080,0.0143,0.000074,0.0118,0.2655,73443.87,0.0000,0.0002,0.0000,0.0000,0.4100,210.74,0.4000,79.30,0.3900,126.00,0.3800,76.00,0.3700,127.82,0.4200,116.93,0.4300,113.54,0.4400,50.00,0.4500,61.00,0.4600,150.13,0.5800,116.93,0.5700,113.54,0.5600,50.00,0.5500,61.00,0.5400,150.13,0.5900,210.74,0.6000,79.30,0.6100,126.00,0.6200,76.00,0.6300,127.82,619.86,491.60,1111.46,491.60,619.86,1111.46,0.0100,0.0100,0.1154,-0.1154,0.4164,0.5836,0.4679,0.4688,0.4688,0.4679,-20.3882,-57.1486,-57.1486,-20.3882
btc-updown-5m-1780096200,1780096340000,160,73348.42,73444.01,95.59,0.0000,0.0000,0.0333,0.0552,0.0060,0.0143,0.000074,0.0106,3.1437,73443.92,0.0000,0.0001,0.0000,0.0000,0.4100,219.66,0.4000,84.30,0.3900,146.00,0.3800,86.00,0.3700,127.82,0.4200,286.58,0.4300,181.19,0.4400,113.00,0.4500,116.00,0.4600,131.38,0.5800,286.58,0.5700,181.19,0.5600,113.00,0.5500,116.00,0.5400,131.38,0.5900,219.66,0.6000,84.30,0.6100,146.00,0.6200,86.00,0.6300,127.82,663.78,828.15,1491.93,828.15,663.78,1491.93,0.0100,0.0100,-0.1102,0.1102,0.4143,0.5857,0.4579,0.5648,0.5648,0.4579,-21.2592,8.7056,8.7070,-21.2628
btc-updown-5m-1780096200,1780096341000,159,73348.56,73444.01,95.45,0.0000,0.0000,0.0078,0.0587,0.0040,0.0143,0.000074,0.0108,0.7163,73443.92,0.0000,0.0001,0.0000,0.0000,0.4100,15.00,0.4000,46.30,0.3900,151.00,0.3800,76.00,0.3700,102.82,0.4200,723.31,0.4300,167.19,0.4400,121.00,0.4500,116.00,0.4600,119.48,0.5800,723.31,0.5700,167.19,0.5600,121.00,0.5500,116.00,0.5400,119.48,0.5900,15.00,0.6000,46.30,0.6100,151.00,0.6200,76.00,0.6300,102.82,391.12,1246.98,1638.10,1246.98,391.12,1638.10,0.0100,0.0100,-0.5225,0.5225,0.4102,0.5898,0.1567,0.7141,0.7141,0.1567,-54.4231,76.1656,76.1783,-54.4322
btc-updown-5m-1780096200,1780096342000,158,73348.54,73444.01,95.47,0.0000,0.0000,0.0000,0.0456,0.0020,0.0143,0.000074,0.0108,0.0000,73443.92,0.0000,0.0001,0.0000,0.0000,0.4100,3.71,0.4000,51.30,0.3900,116.00,0.3800,46.00,0.3700,102.82,0.4200,738.59,0.4300,184.19,0.4400,126.00,0.4500,116.00,0.4600,130.71,0.5800,738.59,0.5700,184.19,0.5600,126.00,0.5500,116.00,0.5400,130.71,0.5900,3.71,0.6000,51.30,0.6100,116.00,0.6200,46.00,0.6300,102.82,319.83,1295.49,1615.32,1295.49,319.83,1615.32,0.0100,0.0100,-0.6040,0.6040,0.4100,0.5900,0.1720,0.7123,0.7123,0.1720,-34.3447,41.8046,41.8046,-34.3447
btc-updown-5m-1780096200,1780096343000,157,73348.52,73444.01,95.49,0.0000,0.0000,0.0000,0.0442,0.0020,0.0143,0.000074,0.0108,0.0000,73443.92,0.0000,0.0001,0.0000,0.0000,0.4000,264.26,0.3900,154.46,0.3800,76.00,0.3700,117.82,0.3600,127.00,0.4100,264.78,0.4200,99.58,0.4300,81.19,0.4400,56.00,0.4500,61.00,0.5900,264.78,0.5800,99.58,0.5700,81.19,0.5600,56.00,0.5500,61.00,0.6000,264.26,0.6100,154.46,0.6200,76.00,0.6300,117.82,0.6400,127.00,739.54,562.55,1302.09,562.55,739.54,1302.09,0.0100,0.0100,0.1359,-0.1359,0.4050,0.5950,0.5662,0.6477,0.6477,0.5662,63.5551,-129.0664,-129.0888,63.5662
btc-updown-5m-1780096200,1780096344000,156,73348.52,73444.01,95.49,0.0000,0.0000,0.0200,0.0610,0.0020,0.0147,0.000074,0.0115,1.7414,73443.92,-0.0000,0.0001,0.0000,0.0000,0.4000,68.09,0.3900,148.00,0.3800,82.63,0.3700,102.82,0.3600,102.00,0.4100,683.56,0.4200,178.99,0.4300,152.19,0.4400,111.00,0.4500,116.00,0.5900,683.56,0.5800,178.99,0.5700,152.19,0.5600,111.00,0.5500,116.00,0.6000,68.09,0.6100,148.00,0.6200,82.63,0.6300,102.82,0.6400,102.00,503.54,1241.74,1745.28,1241.74,503.54,1745.28,0.0100,0.0100,-0.4230,0.4230,0.4009,0.5991,0.4291,0.6946,0.6946,0.4291,-44.9727,136.4639,136.4639,-44.9727
btc-updown-5m-1780096200,1780096345000,155,73348.60,73444.01,95.41,0.0000,0.0000,0.0061,0.0338,0.0020,0.0143,0.000074,0.0117,0.5218,73443.92,0.0000,0.0001,0.0000,0.0000,0.4000,294.41,0.3900,150.00,0.3800,88.00,0.3700,100.82,0.3600,138.97,0.4100,130.51,0.4200,120.58,0.4300,97.19,0.4400,56.00,0.4500,61.00,0.5900,130.51,0.5800,120.58,0.5700,97.19,0.5600,56.00,0.5500,61.00,0.6000,294.41,0.6100,150.00,0.6200,88.00,0.6300,100.82,0.6400,138.97,772.20,465.28,1237.48,465.28,772.20,1237.48,0.0100,0.0100,0.2480,-0.2480,0.4069,0.5931,0.5755,0.5397,0.5397,0.5755,1.2783,-10.9000,-10.9000,1.2783
btc-updown-5m-1780096200,1780096346000,154,73348.65,73444.01,95.36,0.0000,0.0000,0.0000,0.0260,0.0020,0.0143,0.000074,0.0109,0.0000,73443.94,0.0000,0.0001,0.0000,0.0000,0.4000,147.37,0.3900,140.00,0.3800,88.00,0.3700,95.82,0.3600,119.00,0.4100,421.32,0.4200,188.58,0.4300,152.19,0.4400,111.00,0.4500,111.00,0.5900,421.32,0.5800,188.58,0.5700,152.19,0.5600,111.00,0.5500,111.00,0.6000,147.37,0.6100,140.00,0.6200,88.00,0.6300,95.82,0.6400,119.00,590.19,984.09,1574.28,984.09,590.19,1574.28,0.0100,0.0100,-0.2502,0.2502,0.4026,0.5974,0.4869,0.6198,0.6198,0.4869,-12.7252,26.9652,26.9606,-12.7230
btc-updown-5m-1780096200,1780096347000,153,73348.79,73444.00,95.21,-0.0000,-0.0000,0.0073,0.0334,0.0040,0.0143,0.000074,0.0111,0.6608,73443.94,-0.0000,0.0001,-0.0130,-0.0000,0.4000,199.26,0.3900,198.01,0.3800,76.00,0.3700,100.82,0.3600,119.00,0.4100,47.83,0.4200,113.19,0.4300,97.19,0.4400,75.07,0.4500,56.30,0.5900,47.83,0.5800,113.19,0.5700,97.19,0.5600,75.07,0.5500,56.30,0.6000,199.26,0.6100,198.01,0.6200,76.00,0.6300,100.82,0.6400,119.00,693.09,389.58,1082.67,389.58,693.09,1082.67,0.0100,0.0100,0.2803,-0.2803,0.4081,0.5919,0.5732,0.4133,0.4133,0.5732,49.9454,-141.8128,-141.7893,49.9372
btc-updown-5m-1780096200,1780096348000,152,73350.40,73444.00,93.60,0.0000,-0.0000,0.0001,0.0335,0.0040,0.0140,0.000074,0.0110,0.0109,73443.94,-0.0000,0.0001,0.0000,0.0000,0.4000,199.26,0.3900,198.01,0.3800,76.00,0.3700,100.82,0.3600,119.00,0.4100,47.83,0.4200,113.19,0.4300,97.19,0.4400,75.07,0.4500,56.30,0.5900,47.83,0.5800,113.19,0.5700,97.19,0.5600,75.07,0.5500,56.30,0.6000,199.26,0.6100,198.01,0.6200,76.00,0.6300,100.82,0.6400,119.00,693.09,389.58,1082.67,389.58,693.09,1082.67,0.0100,0.0100,0.2803,-0.2803,0.4081,0.5919,0.5732,0.4133,0.4133,0.5732,-44.9861,-33.8265,-33.8265,-44.9861
btc-updown-5m-1780096200,1780096349000,151,73350.47,73444.01,93.54,0.0000,0.0000,0.0934,0.1069,0.0040,0.0143,0.000074,0.0140,6.6820,73443.96,0.0000,0.0001,0.0127,0.0000,0.4000,271.77,0.3900,212.00,0.3800,112.32,0.3700,95.82,0.3600,113.00,0.4100,122.88,0.4200,170.26,0.4300,64.11,0.4400,56.00,0.4500,70.07,0.5900,122.88,0.5800,170.26,0.5700,64.11,0.5600,56.00,0.5500,70.07,0.6000,271.77,0.6100,212.00,0.6200,112.32,0.6300,95.82,0.6400,113.00,804.91,483.32,1288.23,483.32,804.91,1288.23,0.0100,0.0100,0.2496,-0.2496,0.4069,0.5931,0.6010,0.6065,0.6065,0.6010,10.6919,-12.9588,-12.9588,10.6919
btc-updown-5m-1780096200,1780096350000,150,73349.82,73444.01,94.19,0.0000,0.0000,0.0004,0.1013,0.0060,0.0147,0.000074,0.0140,0.0293,73443.96,0.0000,0.0001,0.0000,0.0000,0.4000,203.67,0.3900,212.00,0.3800,99.64,0.3700,115.50,0.3600,113.00,0.4100,193.54,0.4200,170.26,0.4300,64.11,0.4400,56.00,0.4500,75.37,0.5900,193.54,0.5800,170.26,0.5700,64.11,0.5600,56.00,0.5500,75.37,0.6000,203.67,0.6100,212.00,0.6200,99.64,0.6300,115.50,0.6400,113.00,743.81,559.28,1303.09,559.28,743.81,1303.09,0.0100,0.0100,0.1416,-0.1416,0.4051,0.5949,0.5588,0.6505,0.6505,0.5588,39.9451,-113.4597,-113.4408,39.9385
btc-updown-5m-1780096200,1780096351000,149,73349.82,73444.01,94.19,0.0000,0.0000,0.0022,0.1034,0.0080,0.0147,0.000074,0.0140,0.1542,73443.96,0.0000,0.0001,0.0000,0.0000,0.4000,230.33,0.3900,182.00,0.3800,99.64,0.3700,115.50,0.3600,113.00,0.4100,189.34,0.4200,157.26,0.4300,64.11,0.4400,56.00,0.4500,70.07,0.5900,189.34,0.5800,157.26,0.5700,64.11,0.5600,56.00,0.5500,70.07,0.6000,230.33,0.6100,182.00,0.6200,99.64,0.6300,115.50,0.6400,113.00,740.47,536.78,1277.25,536.78,740.47,1277.25,0.0100,0.0100,0.1595,-0.1595,0.4055,0.5945,0.5568,0.6457,0.6457,0.5568,-5.2551,11.8417,11.8417,-5.2551
btc-updown-5m-1780096200,1780096352000,148,73349.80,73444.01,94.21,0.0000,0.0000,0.0000,0.0961,0.0060,0.0143,0.000074,0.0136,0.0000,73443.97,0.0000,0.0001,0.0000,0.0000,0.4200,123.11,0.4100,22.15,0.4000,73.00,0.3900,207.00,0.3800,76.00,0.4300,227.73,0.4400,126.07,0.4500,116.30,0.4600,134.68,0.4700,111.65,0.5700,227.73,0.5600,126.07,0.5500,116.30,0.5400,134.68,0.5300,111.65,0.5800,123.11,0.5900,22.15,0.6000,73.00,0.6100,207.00,0.6200,76.00,501.26,716.43,1217.69,716.43,501.26,1217.69,0.0100,0.0100,-0.1767,0.1767,0.4235,0.5765,0.2898,0.4938,0.4938,0.2898,-40.2072,-30.3811,-30.3811,-40.2072
btc-updown-5m-1780096200,1780096353000,147,73349.41,73444.00,94.59,-0.0000,0.0000,0.0537,0.1497,0.0080,0.0143,0.000074,0.0153,3.5113,73443.97,-0.0000,0.0000,-0.0129,-0.0000,0.4200,123.11,0.4100,22.15,0.4000,73.00,0.3900,207.00,0.3800,76.00,0.4300,227.73,0.4400,126.07,0.4500,116.30,0.4600,134.68,0.4700,111.65,0.5700,227.73,0.5600,126.07,0.5500,116.30,0.5400,134.68,0.5300,111.65,0.5800,123.11,0.5900,22.15,0.6000,73.00,0.6100,207.00,0.6200,76.00,501.26,716.43,1217.69,716.43,501.26,1217.69,0.0100,0.0100,-0.1767,0.1767,0.4235,0.5765,0.2898,0.4938,0.4938,0.2898,-41.1479,62.2579,62.2579,-41.1479
btc-updown-5m-1780096200,1780096354000,146,73349.58,73444.00,94.42,0.0000,-0.0000,0.3583,0.4146,0.0060,0.0140,0.000074,0.0267,13.4140,73443.98,-0.0000,0.0000,0.0000,0.0000,0.2900,36.95,0.2800,35.00,0.2700,162.60,0.2600,35.00,0.2500,75.00,0.3100,433.29,0.3200,89.69,0.3300,72.64,0.3400,93.17,0.3500,95.00,0.6900,433.29,0.6800,89.69,0.6700,72.64,0.6600,93.17,0.6500,95.00,0.7100,36.95,0.7200,35.00,0.7300,162.60,0.7400,35.00,0.7500,75.00,344.55,783.79,1128.34,783.79,344.55,1128.34,0.0200,0.0200,-0.3893,0.3893,0.2916,0.7084,0.2088,0.6672,0.6672,0.2088,-90.6469,61.6339,61.6339,-90.6469
btc-updown-5m-1780096200,1780096355000,145,73347.47,73436.53,89.06,-0.0102,-0.0102,0.2781,0.6923,1.5000,0.2533,0.001826,0.0339,8.2042,73442.03,-0.0061,-0.0075,-9.0579,-0.0001,0.2200,150.49,0.2100,17.61,0.2000,25.50,0.1900,15.00,0.1800,10.00,0.2500,120.00,0.2600,96.00,0.2800,62.00,0.2900,179.41,0.3000,536.69,0.7500,120.00,0.7400,96.00,0.7200,62.00,0.7100,179.41,0.7000,536.69,0.7800,150.49,0.7900,17.61,0.8000,25.50,0.8100,15.00,0.8200,10.00,218.60,994.10,1212.70,994.10,218.60,1212.70,0.0300,0.0300,-0.6395,0.6395,0.2367,0.7633,0.7690,0.2173,0.2173,0.7690,-93.8267,83.7244,83.7378,-93.8417
btc-updown-5m-1780096200,1780096356000,144,73346.12,73436.53,90.41,0.0000,-0.0102,0.0000,0.6901,1.4980,0.2533,0.001826,0.0324,0.0000,73441.93,-0.0061,-0.0074,0.0000,0.0000,0.2200,326.73,0.2100,57.61,0.2000,43.09,0.1900,15.00,0.1800,10.00,0.2300,366.10,0.2400,102.00,0.2500,218.19,0.2600,66.00,0.2700,60.00,0.7700,366.10,0.7600,102.00,0.7500,218.19,0.7400,66.00,0.7300,60.00,0.7800,326.73,0.7900,57.61,0.8000,43.09,0.8100,15.00,0.8200,10.00,452.43,812.29,1264.72,812.29,452.43,1264.72,0.0100,0.0100,-0.2845,0.2845,0.2247,0.7753,0.8495,0.5763,0.5763,0.8495,-47.2253,41.0065,41.0131,-47.2329
btc-updown-5m-1780096200,1780096357000,143,73339.64,73436.53,96.89,0.0000,-0.0102,0.0131,0.7032,1.5000,0.2533,0.001826,0.0327,0.3987,73441.86,-0.0060,-0.0073,0.0000,0.0000,0.2200,317.21,0.2100,62.61,0.2000,30.50,0.1900,10.00,0.1800,10.00,0.2300,380.52,0.2400,112.00,0.2500,103.50,0.2600,83.00,0.2700,76.00,0.7700,380.52,0.7600,112.00,0.7500,103.50,0.7400,83.00,0.7300,76.00,0.7800,317.21,0.7900,62.61,0.8000,30.50,0.8100,10.00,0.8200,10.00,430.32,755.02,1185.34,755.02,430.32,1185.34,0.0100,0.0100,-0.2739,0.2739,0.2245,0.7755,0.8826,0.6523,0.6523,0.8826,-50.6201,35.2398,35.2398,-50.6201
btc-updown-5m-1780096200,1780096358000,142,73338.48,73436.53,98.05,0.0000,-0.0102,0.0000,0.6494,1.4980,0.2533,0.001826,0.0326,0.0000,73441.85,-0.0060,-0.0072,0.0000,0.0000,0.2200,84.01,0.2100,102.61,0.2000,80.50,0.1900,63.53,0.1800,79.20,0.2300,265.34,0.2400,158.00,0.2500,129.50,0.2600,111.00,0.2700,182.00,0.7700,265.34,0.7600,158.00,0.7500,129.50,0.7400,111.00,0.7300,182.00,0.7800,84.01,0.7900,102.61,0.8000,80.50,0.8100,63.53,0.8200,79.20,409.85,845.84,1255.69,845.84,409.85,1255.69,0.0100,0.0100,-0.3472,0.3472,0.2224,0.7776,0.4553,0.5005,0.5005,0.4553,-14.4720,22.4748,22.4670,-14.4670
btc-updown-5m-1780096200,1780096359000,141,73337.98,73436.53,98.55,0.0000,-0.0102,0.0009,0.2921,1.4980,0.2530,0.001826,0.0327,0.0272,73441.85,-0.0056,-0.0072,0.0000,0.0000,0.2200,141.11,0.2100,207.67,0.2000,63.66,0.1900,63.26,0.1800,40.00,0.2300,458.78,0.2400,170.00,0.2500,129.50,0.2600,111.00,0.2700,227.00,0.7700,458.78,0.7600,170.00,0.7500,129.50,0.7400,111.00,0.7300,227.00,0.7800,141.11,0.7900,207.67,0.8000,63.66,0.8100,63.26,0.8200,40.00,515.70,1096.28,1611.98,1096.28,515.70,1611.98,0.0100,0.0100,-0.3602,0.3602,0.2224,0.7776,0.6763,0.5736,0.5736,0.6763,72.3357,1.3892,1.3892,72.3357
btc-updown-5m-1780096200,1780096360000,140,73337.67,73436.52,98.85,-0.0000,-0.0000,0.0025,0.0165,0.0040,0.2533,0.001826,0.0324,0.0780,73441.81,-0.0000,-0.0072,-0.0135,-0.0000,0.2200,125.39,0.2100,213.93,0.2000,50.50,0.1900,78.67,0.1800,45.00,0.2300,438.82,0.2400,155.00,0.2500,161.90,0.2600,111.00,0.2700,233.13,0.7700,438.82,0.7600,155.00,0.7500,161.90,0.7400,111.00,0.7300,233.13,0.7800,125.39,0.7900,213.93,0.8000,50.50,0.8100,78.67,0.8200,45.00,513.49,1099.85,1613.34,1099.85,513.49,1613.34,0.0100,0.0100,-0.3634,0.3634,0.2222,0.7778,0.6608,0.5399,0.5399,0.6608,58.2177,120.8371,120.8371,58.2177
btc-updown-5m-1780096200,1780096361000,139,73337.67,73436.53,98.86,0.0000,0.0000,0.0040,0.0204,0.0060,0.2537,0.001826,0.0326,0.1219,73441.79,0.0000,-0.0072,0.0135,0.0000,0.2200,175.52,0.2100,245.62,0.2000,50.50,0.1900,30.27,0.1800,31.00,0.2300,296.12,0.2400,111.00,0.2500,93.50,0.2600,81.00,0.2700,172.00,0.7700,291.12,0.7600,111.00,0.7500,93.50,0.7400,81.00,0.7300,172.00,0.7800,175.52,0.7900,245.62,0.8000,50.50,0.8100,30.27,0.8200,31.00,532.91,753.62,1286.53,748.62,532.91,1281.53,0.0100,0.0100,-0.1716,0.1683,0.2237,0.7762,0.7903,0.5402,0.5371,0.7903,13.7082,-26.0182,-26.8671,13.7105
btc-updown-5m-1780096200,1780096362000,138,73337.66,73436.53,98.87,0.0000,0.0000,0.0072,0.0145,0.0060,0.2540,0.001826,0.0328,0.2184,73441.76,0.0000,-0.0071,0.0000,0.0000,0.2200,52.66,0.2100,155.58,0.2000,50.50,0.1900,44.93,0.1800,36.05,0.2300,374.60,0.2400,127.09,0.2500,100.80,0.2600,86.00,0.2700,142.15,0.7700,374.60,0.7600,127.09,0.7500,100.80,0.7400,86.00,0.7300,142.15,0.7800,52.66,0.7900,155.58,0.8000,50.50,0.8100,44.93,0.8200,36.05,339.72,830.64,1170.36,830.64,339.72,1170.36,0.0100,0.0100,-0.4195,0.4195,0.2212,0.7788,0.6130,0.6040,0.6040,0.6130,-10.7791,-9.9965,-9.9965,-10.7791
btc-updown-5m-1780096200,1780096363000,137,73337.32,73436.52,99.20,-0.0000,-0.0000,0.0002,0.0148,0.0080,0.2543,0.001826,0.0328,0.0070,73441.75,-0.0000,-0.0071,-0.0135,-0.0000,0.2200,46.24,0.2100,155.58,0.2000,50.50,0.1900,44.93,0.1800,36.05,0.2300,339.86,0.2400,142.09,0.2500,100.80,0.2600,86.00,0.2700,117.15,0.7700,339.86,0.7600,142.09,0.7500,100.80,0.7400,86.00,0.7300,117.15,0.7800,46.24,0.7900,155.58,0.8000,50.50,0.8100,44.93,0.8200,36.05,333.30,785.90,1119.20,785.90,333.30,1119.20,0.0100,0.0100,-0.4044,0.4044,0.2212,0.7788,0.6055,0.6132,0.6132,0.6055,-20.9477,19.5478,19.5478,-20.9477
btc-updown-5m-1780096200,1780096364000,136,73337.32,73436.53,99.21,0.0000,0.0000,0.0903,0.1042,0.0100,0.2547,0.001826,0.0357,2.5304,73441.33,0.0000,-0.0065,0.0135,0.0000,0.2200,101.56,0.2100,183.97,0.2000,66.50,0.1900,167.51,0.1800,36.00,0.2300,186.71,0.2400,114.00,0.2500,88.29,0.2600,61.00,0.2700,113.20,0.7700,186.71,0.7600,114.00,0.7500,88.29,0.7400,61.00,0.7300,113.20,0.7800,101.56,0.7900,183.97,0.8000,66.50,0.8100,167.51,0.8200,36.00,555.54,563.20,1118.74,563.20,555.54,1118.74,0.0100,0.0100,-0.0068,0.0068,0.2235,0.7765,0.5140,0.5339,0.5339,0.5140,31.0328,-77.2705,-77.2971,31.0434
btc-updown-5m-1780096200,1780096365000,135,73337.32,73436.52,99.20,-0.0000,0.0000,0.0001,0.1018,0.0100,0.2547,0.001826,0.0324,0.0022,73441.06,-0.0000,-0.0062,-0.0135,-0.0000,0.2200,91.49,0.2100,149.48,0.2000,61.50,0.1900,45.00,0.1800,41.08,0.2300,137.91,0.2400,129.00,0.2500,93.29,0.2600,61.00,0.2700,113.20,0.7700,137.91,0.7600,129.00,0.7500,93.29,0.7400,61.00,0.7300,113.20,0.7800,91.49,0.7900,149.48,0.8000,61.50,0.8100,45.00,0.8200,41.08,388.55,534.40,922.95,534.40,388.55,922.95,0.0100,0.0100,-0.1580,0.1580,0.2240,0.7760,0.6202,0.4995,0.4995,0.6202,-21.7313,-96.0314,-96.0479,-21.7350
btc-updown-5m-1780096200,1780096366000,134,73337.92,73436.52,98.60,0.0000,-0.0000,0.0000,0.0978,0.0080,0.2543,0.001826,0.0323,0.0000,73441.04,-0.0000,-0.0062,0.0000,0.0000,0.2200,104.33,0.2100,181.48,0.2000,61.50,0.1900,40.00,0.1800,46.08,0.2300,91.88,0.2400,129.00,0.2500,93.29,0.2600,61.00,0.2700,113.20,0.7700,91.88,0.7600,129.00,0.7500,93.29,0.7400,61.00,0.7300,113.20,0.7800,104.33,0.7900,181.48,0.8000,61.50,0.8100,40.00,0.8200,46.08,433.39,488.37,921.76,488.37,433.39,921.76,0.0100,0.0100,-0.0596,0.0596,0.2253,0.7747,0.6595,0.4523,0.4523,0.6595,-13.9304,-106.3443,-106.3443,-13.9304
btc-updown-5m-1780096200,1780096367000,133,73337.98,73436.52,98.54,0.0000,-0.0000,0.0000,0.0906,0.0060,0.2540,0.001826,0.0321,0.0000,73441.03,-0.0000,-0.0061,0.0000,0.0000,0.2200,104.33,0.2100,181.48,0.2000,61.50,0.1900,40.00,0.1800,46.08,0.2300,91.88,0.2400,129.00,0.2500,93.29,0.2600,61.00,0.2700,113.20,0.7700,91.88,0.7600,129.00,0.7500,93.29,0.7400,61.00,0.7300,113.20,0.7800,104.33,0.7900,181.48,0.8000,61.50,0.8100,40.00,0.8200,46.08,433.39,488.37,921.76,488.37,433.39,921.76,0.0100,0.0100,-0.0596,0.0596,0.2253,0.7747,0.6595,0.4523,0.4523,0.6595,-25.5293,-48.3585,-48.3479,-25.5237
btc-updown-5m-1780096200,1780096368000,132,73338.07,73435.26,97.19,-0.0017,-0.0017,0.1592,0.2497,0.2580,0.2963,0.001841,0.0369,4.3202,73440.19,-0.0006,-0.0067,-1.6675,-0.0000,0.2000,1.16,0.1900,18.50,0.1800,25.56,0.1700,80.01,0.1600,81.00,0.2200,359.29,0.2300,263.44,0.2400,176.00,0.2500,180.66,0.2600,146.00,0.7800,359.29,0.7700,263.44,0.7600,176.00,0.7500,180.66,0.7400,146.00,0.8000,1.16,0.8100,18.50,0.8200,25.56,0.8300,80.01,0.8400,81.00,206.23,1125.39,1331.62,1125.39,206.23,1331.62,0.0200,0.0200,-0.6903,0.6903,0.2001,0.7999,0.0953,0.5533,0.5533,0.0953,-21.2741,53.1977,53.2155,-21.2812
btc-updown-5m-1780096200,1780096369000,131,73338.07,73435.26,97.19,0.0000,-0.0017,0.0020,0.1613,0.2560,0.2960,0.001841,0.0369,0.0553,73440.18,-0.0006,-0.0067,0.0000,0.0000,0.1700,99.95,0.1600,106.00,0.1500,109.43,0.1400,231.53,0.1300,156.02,0.1800,109.32,0.1900,51.00,0.2000,164.00,0.2100,103.00,0.2200,92.00,0.8200,109.32,0.8100,51.00,0.8000,164.00,0.7900,103.00,0.7800,92.00,0.8300,99.95,0.8400,106.00,0.8500,109.43,0.8600,231.53,0.8700,156.02,702.93,519.32,1222.25,519.32,702.93,1222.25,0.0100,0.0100,0.1502,-0.1502,0.1748,0.8252,0.2930,0.3087,0.3087,0.2930,23.8110,-28.3281,-28.3281,23.8110
btc-updown-5m-1780096200,1780096370000,130,73337.57,73435.27,97.70,0.0000,-0.0017,0.0017,0.1630,0.2560,0.2963,0.001841,0.0368,0.0459,73440.16,0.0000,-0.0067,0.0133,0.0000,0.1700,5.36,0.1600,122.00,0.1500,279.50,0.1400,99.57,0.1300,161.02,0.1800,274.84,0.1900,66.00,0.2000,138.86,0.2100,78.00,0.2200,66.00,0.8200,274.84,0.8100,66.00,0.8000,138.86,0.7900,78.00,0.7800,66.00,0.8300,5.36,0.8400,122.00,0.8500,279.50,0.8600,99.57,0.8700,161.02,667.45,623.70,1291.15,623.70,667.45,1291.15,0.0100,0.0100,0.0339,-0.0339,0.1702,0.8298,0.1908,0.5465,0.5465,0.1908,37.7665,-0.9147,-0.9142,37.7477
btc-updown-5m-1780096200,1780096371000,129,73335.60,73435.27,99.67,0.0000,-0.0017,0.0003,0.1632,0.2560,0.2963,0.001841,0.0358,0.0073,73440.04,0.0000,-0.0065,0.0000,0.0000,0.1700,64.23,0.1600,177.09,0.1500,100.89,0.1400,81.00,0.1300,202.52,0.1800,28.23,0.1900,50.00,0.2000,56.00,0.2100,31.00,0.2200,72.00,0.8200,28.23,0.8100,50.00,0.8000,56.00,0.7900,31.00,0.7800,72.00,0.8300,64.23,0.8400,177.09,0.8500,100.89,0.8600,81.00,0.8700,202.52,625.73,237.23,862.96,237.23,625.73,862.96,0.0100,0.0100,0.4502,-0.4502,0.1769,0.8231,0.3857,0.3298,0.3298,0.3857,35.4036,-48.2750,-48.2750,35.4036
btc-updown-5m-1780096200,1780096372000,128,73335.60,73435.27,99.67,0.0000,-0.0017,0.0008,0.1641,0.2580,0.2967,0.001841,0.0355,0.0236,73440.01,0.0000,-0.0065,0.0000,0.0000,0.1700,295.84,0.1600,166.69,0.1500,110.89,0.1400,305.05,0.1300,232.52,0.1800,6.16,0.1900,50.00,0.2000,51.00,0.2100,37.28,0.2200,82.00,0.8200,6.16,0.8100,50.00,0.8000,51.00,0.7900,37.28,0.7800,82.00,0.8300,295.84,0.8400,166.69,0.8500,110.89,0.8600,305.05,0.8700,232.52,1110.99,226.44,1337.43,226.44,1110.99,1337.43,0.0100,0.0100,0.6614,-0.6614,0.1798,0.8202,0.4163,0.2480,0.2480,0.4163,154.0623,-77.2159,-77.2159,154.0623
btc-updown-5m-1780096200,1780096373000,127,73333.53,73435.26,101.73,-0.0000,0.0000,0.0005,0.0053,0.0060,0.2970,0.001841,0.0356,0.0129,73440.01,-0.0000,-0.0065,-0.0139,-0.0000,0.1900,261.44,0.1800,52.29,0.1700,27.55,0.1600,143.44,0.1500,99.22,0.2000,14.20,0.2100,37.00,0.2200,87.00,0.2300,114.12,0.2400,97.17,0.8000,14.20,0.7900,37.00,0.7800,87.00,0.7700,114.12,0.7600,97.17,0.8100,261.44,0.8200,52.29,0.8300,27.55,0.8400,143.44,0.8500,99.22,583.94,349.49,933.43,349.49,583.94,933.43,0.0100,0.0100,0.2512,-0.2512,0.1995,0.8005,0.5373,0.1465,0.1465,0.5373,32.8569,-40.8555,-40.8555,32.8569
btc-updown-5m-1780096200,1780096374000,126,73333.48,73435.26,101.78,0.0000,0.0000,0.0000,0.0033,0.0060,0.2967,0.001841,0.0356,0.0000,73440.01,-0.0000,-0.0065,0.0000,0.0000,0.2000,63.79,0.1900,56.68,0.1800,26.00,0.1700,31.00,0.1600,143.44,0.2100,245.57,0.2200,238.56,0.2300,132.39,0.2400,97.17,0.2500,109.96,0.7900,245.57,0.7800,238.56,0.7700,132.39,0.7600,97.17,0.7500,109.96,0.8000,63.79,0.8100,56.68,0.8200,26.00,0.8300,31.00,0.8400,143.44,320.91,823.65,1144.56,823.65,320.91,1144.56,0.0100,0.0100,-0.4392,0.4392,0.2021,0.7979,0.3754,0.5878,0.5878,0.3754,21.1915,-108.9513,-108.9334,21.1881
btc-updown-5m-1780096200,1780096375000,125,73333.48,73435.27,101.79,0.0000,0.0000,0.0014,0.0029,0.0060,0.2970,0.001841,0.0350,0.0386,73439.93,0.0000,-0.0063,0.0139,0.0000,0.2100,608.24,0.2000,116.97,0.1900,26.00,0.1800,26.00,0.1700,56.00,0.2200,29.31,0.2300,107.19,0.2400,91.00,0.2500,51.06,0.2600,49.80,0.7800,29.31,0.7700,107.19,0.7600,91.00,0.7500,51.06,0.7400,49.80,0.7900,608.24,0.8000,116.97,0.8100,26.00,0.8200,26.00,0.8300,56.00,833.21,328.36,1161.57,328.36,833.21,1161.57,0.0100,0.0100,0.4346,-0.4346,0.2195,0.7805,0.8704,0.4157,0.4157,0.8704,19.2647,-65.2373,-65.2591,19.2711
btc-updown-5m-1780096200,1780096376000,124,73333.47,73435.27,101.80,0.0000,0.0000,0.0000,0.0027,0.0060,0.2970,0.001841,0.0348,0.0000,73439.91,0.0000,-0.0063,0.0000,0.0000,0.2100,543.41,0.2000,87.22,0.1900,41.00,0.1800,41.00,0.1700,96.00,0.2200,100.14,0.2300,92.19,0.2400,61.64,0.2500,61.06,0.2600,41.80,0.7800,100.14,0.7700,92.19,0.7600,61.64,0.7500,61.06,0.7400,41.80,0.7900,543.41,0.8000,87.22,0.8100,41.00,0.8200,41.00,0.8300,96.00,808.63,356.83,1165.46,356.83,808.63,1165.46,0.0100,0.0100,0.3877,-0.3877,0.2184,0.7816,0.7799,0.5390,0.5390,0.7799,24.2369,-45.8146,-45.8225,24.2411
btc-updown-5m-1780096200,1780096377000,123,73335.60,73435.27,99.67,0.0000,0.0000,0.0000,0.0018,0.0040,0.2967,0.001841,0.0348,0.0000,73439.91,0.0000,-0.0063,0.0000,0.0000,0.2100,433.69,0.2000,86.00,0.1900,43.00,0.1800,71.00,0.1700,31.00,0.2200,69.68,0.2300,93.12,0.2400,115.07,0.2500,77.06,0.2600,57.80,0.7800,69.68,0.7700,93.12,0.7600,115.07,0.7500,77.06,0.7400,57.80,0.7900,433.69,0.8000,86.00,0.8100,43.00,0.8200,71.00,0.8300,31.00,664.69,412.73,1077.42,412.73,664.69,1077.42,0.0100,0.0100,0.2339,-0.2339,0.2186,0.7814,0.7819,0.3944,0.3944,0.7819,6.4047,28.8509,28.8509,6.4047
btc-updown-5m-1780096200,1780096378000,122,73336.59,73435.27,98.68,0.0000,0.0000,0.0000,0.0014,0.0020,0.2967,0.001841,0.0345,0.0000,73439.88,0.0000,-0.0063,0.0000,0.0000,0.2300,215.36,0.2200,205.04,0.2100,139.72,0.2000,66.00,0.1900,44.00,0.2400,85.00,0.2500,133.26,0.2600,27.42,0.2700,61.96,0.2800,100.82,0.7600,85.00,0.7500,133.26,0.7400,27.42,0.7300,61.96,0.7200,100.82,0.7700,215.36,0.7800,205.04,0.7900,139.72,0.8000,66.00,0.8100,44.00,670.12,408.46,1078.58,408.46,670.12,1078.58,0.0100,0.0100,0.2426,-0.2426,0.2372,0.7628,0.6274,0.5343,0.5343,0.6274,-72.2382,29.8247,29.8198,-72.2264
btc-updown-5m-1780096200,1780096379000,121,73337.79,73435.27,97.48,0.0000,0.0000,0.0000,0.0014,0.0020,0.2963,0.001841,0.0345,0.0000,73439.88,0.0000,-0.0063,0.0000,0.0000,0.2300,299.54,0.2200,149.28,0.2100,115.00,0.2000,103.04,0.1900,61.00,0.2400,134.78,0.2500,123.26,0.2600,27.76,0.2700,74.26,0.2800,80.20,0.7600,134.78,0.7500,123.26,0.7400,27.76,0.7300,74.26,0.7200,80.20,0.7700,299.54,0.7800,149.28,0.7900,115.00,0.8000,103.04,0.8100,61.00,727.86,440.26,1168.12,440.26,727.86,1168.12,0.0100,0.0100,0.2462,-0.2462,0.2369,0.7631,0.6166,0.5861,0.5861,0.6166,34.6891,15.4213,15.4240,34.6950
btc-updown-5m-1780096200,1780096380000,120,73337.79,73435.26,97.47,-0.0000,-0.0000,0.0016,0.0016,0.0020,0.2963,0.001841,0.0316,0.0504,73439.48,-0.0000,-0.0057,-0.0133,-0.0000,0.2500,501.02,0.2400,149.87,0.2300,106.00,0.2200,79.31,0.2100,116.00,0.2600,114.34,0.2700,42.76,0.2800,27.80,0.2900,21.30,0.3000,37.64,0.7400,114.34,0.7300,42.76,0.7200,27.80,0.7100,21.30,0.7000,37.64,0.7500,501.02,0.7600,149.87,0.7700,106.00,0.7800,79.31,0.7900,116.00,952.20,243.84,1196.04,243.84,952.20,1196.04,0.0100,0.0100,0.5923,-0.5923,0.2581,0.7419,0.6836,0.6443,0.6443,0.6836,103.5353,-91.9308,-91.9308,103.5353
btc-updown-5m-1780096200,1780096381000,119,73337.57,73435.26,97.69,0.0000,-0.0000,0.0000,0.0016,0.0020,0.2960,0.001841,0.0315,0.0000,73439.48,0.0000,-0.0057,0.0000,0.0000,0.2500,231.53,0.2400,67.61,0.2300,48.00,0.2200,49.00,0.2100,101.00,0.2600,620.17,0.2700,160.36,0.2800,143.80,0.2900,122.30,0.3000,148.64,0.7400,620.17,0.7300,160.36,0.7200,143.80,0.7100,122.30,0.7000,148.64,0.7500,231.53,0.7600,67.61,0.7700,48.00,0.7800,49.00,0.7900,101.00,497.14,1195.27,1692.41,1195.27,497.14,1692.41,0.0100,0.0100,-0.4125,0.4125,0.2527,0.7473,0.6017,0.6530,0.6530,0.6017,-42.4673,138.6559,138.6559,-35.5910
btc-updown-5m-1780096200,1780096382000,118,73337.71,73417.18,79.47,-0.0246,-0.0246,1.0407,1.0423,3.6220,0.8993,0.004720,0.0650,15.9984,73427.96,-0.0000,-0.0147,-19.5667,-0.0003,0.2500,265.19,0.2400,67.61,0.2300,73.00,0.2200,64.00,0.2100,82.99,0.2600,580.66,0.2700,141.32,0.2800,143.80,0.2900,122.30,0.3000,148.64,0.7400,580.66,0.7300,141.32,0.7200,143.80,0.7100,122.30,0.7000,148.64,0.7500,265.19,0.7600,67.61,0.7700,73.00,0.7800,64.00,0.7900,82.99,552.79,1136.72,1689.51,1136.72,552.79,1689.51,0.0100,0.0100,-0.3456,0.3456,0.2531,0.7469,0.6020,0.6351,0.6351,0.6020,-13.3227,161.2193,161.2193,-13.3227
btc-updown-5m-1780096200,1780096383000,117,73337.71,73417.18,79.47,0.0000,-0.0246,0.0010,1.0432,3.6220,0.8990,0.004720,0.0651,0.0149,73427.96,-0.0000,-0.0147,0.0000,0.0000,0.1200,4.65,0.1000,52.00,0.0900,16.56,0.0800,50.62,0.0700,117.30,0.1500,42.31,0.1600,18.55,0.1700,53.19,0.1900,17.00,0.2000,6.60,0.8500,42.31,0.8400,18.55,0.8300,53.19,0.8100,17.00,0.8000,6.60,0.8800,4.65,0.9000,52.00,0.9100,16.56,0.9200,50.62,0.9300,117.30,241.13,137.65,378.78,137.65,241.13,378.78,0.0300,0.0300,0.2732,-0.2732,0.1230,0.8770,0.2349,0.4421,0.4421,0.2349,-70.2887,-45.6489,-45.6489,-70.2887
btc-updown-5m-1780096200,1780096384000,116,73331.98,73417.18,85.20,0.0000,-0.0246,0.0868,1.1301,3.6220,0.8990,0.004720,0.0661,1.3129,73427.08,-0.0000,-0.0135,0.0000,0.0000,0.0900,70.75,0.0800,30.00,0.0700,189.44,0.0600,309.71,0.0500,753.91,0.1000,496.77,0.1100,158.12,0.1200,134.11,0.1300,116.00,0.1400,176.00,0.9000,496.77,0.8900,158.12,0.8800,134.11,0.8700,116.00,0.8600,176.00,0.9100,70.75,0.9200,30.00,0.9300,189.44,0.9400,309.71,0.9500,753.91,1353.81,1081.00,2434.81,1081.00,1353.81,2434.81,0.0100,0.0100,0.1120,-0.1120,0.0912,0.9088,0.0744,0.6058,0.6058,0.0744,85.7771,197.9386,197.8982,115.3343
btc-updown-5m-1780096200,1780096385000,115,73320.35,73417.17,96.82,-0.0000,-0.0246,0.0100,1.1385,3.6220,0.6500,0.004420,0.0549,0.1821,73423.46,-0.0000,-0.0086,-0.0132,-0.0000,0.0700,188.72,0.0600,347.00,0.0500,739.82,0.0400,670.08,0.0300,1971.31,0.0800,19.50,0.0900,30.00,0.1000,548.06,0.1100,194.12,0.1200,162.99,0.9200,19.50,0.9100,30.00,0.9000,548.06,0.8900,194.12,0.8800,162.99,0.9300,188.72,0.9400,347.00,0.9500,739.82,0.9600,670.08,0.9700,1971.31,3916.93,954.67,4871.60,954.67,3916.93,4871.60,0.0100,0.0100,0.6081,-0.6081,0.0791,0.9209,0.1368,0.0519,0.0519,0.1368,610.7050,144.8309,144.8014,610.5806
btc-updown-5m-1780096200,1780096386000,114,73319.99,73417.18,97.19,0.0000,-0.0246,0.0057,1.1442,3.6240,0.6503,0.004420,0.0461,0.1229,73420.90,0.0000,-0.0051,0.0132,0.0000,0.0700,188.72,0.0600,347.00,0.0500,739.82,0.0400,670.08,0.0300,1971.31,0.0800,19.50,0.0900,30.00,0.1000,548.06,0.1100,194.12,0.1200,162.99,0.9200,19.50,0.9100,30.00,0.9000,548.06,0.8900,194.12,0.8800,162.99,0.9300,188.72,0.9400,347.00,0.9500,739.82,0.9600,670.08,0.9700,1971.31,3916.93,954.67,4871.60,954.67,3916.93,4871.60,0.0100,0.0100,0.6081,-0.6081,0.0791,0.9209,0.1368,0.0519,0.0519,0.1368,610.7050,144.8309,144.8014,610.5806
btc-updown-5m-1780096200,1780096387000,113,73319.99,73417.18,97.19,0.0000,0.0000,0.0000,0.1035,0.0040,0.6500,0.004420,0.0461,0.0000,73420.90,0.0000,-0.0051,0.0000,0.0000,0.0700,221.83,0.0600,476.42,0.0500,795.79,0.0400,696.13,0.0300,2276.31,0.0800,154.48,0.0900,35.00,0.1000,262.67,0.1100,150.53,0.1200,68.30,0.9200,154.48,0.9100,35.00,0.9000,262.67,0.8900,150.53,0.8800,68.30,0.9300,221.83,0.9400,476.42,0.9500,795.79,0.9600,696.13,0.9700,2276.31,4466.48,670.98,5137.46,670.98,4466.48,5137.46,0.0100,0.0100,0.7388,-0.7388,0.0759,0.9241,0.1563,0.2824,0.2824,0.1563,671.3695,-82.1327,-95.8646,672.6752
btc-updown-5m-1780096200,1780096388000,112,73319.98,73417.18,97.20,0.0000,0.0000,0.0000,0.1025,0.0040,0.6500,0.004420,0.0457,0.0000,73420.75,0.0000,-0.0049,0.0000,0.0000,0.0700,274.43,0.0600,522.09,0.0500,848.47,0.0400,682.40,0.0300,2269.64,0.0800,67.51,0.0900,40.00,0.1000,294.07,0.1100,175.55,0.1200,87.37,0.9200,67.51,0.9100,40.00,0.9000,294.07,0.8900,175.55,0.8800,87.37,0.9300,274.43,0.9400,522.09,0.9500,848.47,0.9600,682.40,0.9700,2269.64,4597.03,664.50,5261.53,664.50,4597.03,5261.53,0.0100,0.0100,0.7474,-0.7474,0.0780,0.9220,0.1733,0.1618,0.1618,0.1733,799.5160,-178.3104,-178.2786,799.3732
btc-updown-5m-1780096200,1780096389000,111,73319.98,73417.18,97.20,0.0000,0.0000,0.0000,0.0157,0.0040,0.6500,0.004420,0.0457,0.0000,73420.75,0.0000,-0.0049,0.0000,0.0000,0.0800,71.61,0.0700,82.87,0.0600,549.99,0.0500,828.59,0.0400,676.15,0.0900,82.90,0.1000,327.07,0.1100,160.07,0.1200,112.37,0.1300,84.00,0.9100,82.90,0.9000,327.07,0.8900,160.07,0.8800,112.37,0.8700,84.00,0.9200,71.61,0.9300,82.87,0.9400,549.99,0.9500,828.59,0.9600,676.15,2209.21,766.41,2975.62,766.41,2209.21,2975.62,0.0100,0.0100,0.4849,-0.4849,0.0846,0.9154,0.0699,0.5349,0.5349,0.0699,335.0323,64.4468,64.4468,335.0323
btc-updown-5m-1780096200,1780096390000,110,73319.98,73417.17,97.19,-0.0000,0.0000,0.0003,0.0060,0.0040,0.6500,0.004420,0.0457,0.0066,73420.74,-0.0000,-0.0049,-0.0132,-0.0000,0.0800,315.61,0.0700,83.46,0.0600,513.02,0.0500,587.59,0.0400,588.25,0.1000,153.58,0.1100,40.53,0.1200,45.00,0.1300,40.00,0.1400,50.00,0.9000,153.58,0.8900,40.53,0.8800,45.00,0.8700,40.00,0.8600,50.00,0.9200,315.61,0.9300,83.46,0.9400,513.02,0.9500,587.59,0.9600,588.25,2087.93,329.11,2417.04,329.11,2087.93,2417.04,0.0200,0.0200,0.7277,-0.7277,0.0935,0.9065,0.1911,0.5898,0.5898,0.1911,145.6352,-31.4205,-31.4205,145.6352
btc-updown-5m-1780096200,1780096391000,109,73319.98,73417.17,97.19,0.0000,-0.0000,0.0000,0.0003,0.0020,0.6497,0.004420,0.0456,0.0000,73420.71,-0.0000,-0.0048,0.0000,0.0000,0.0900,30.73,0.0800,272.90,0.0700,72.87,0.0600,502.13,0.0500,575.71,0.1000,215.47,0.1100,35.00,0.1200,60.00,0.1300,40.00,0.1400,76.00,0.9000,215.47,0.8900,35.00,0.8800,60.00,0.8700,40.00,0.8600,76.00,0.9100,30.73,0.9200,272.90,0.9300,72.87,0.9400,502.13,0.9500,575.71,1454.34,426.47,1880.81,426.47,1454.34,1880.81,0.0100,0.0100,0.5465,-0.5465,0.0912,0.9088,0.2088,0.5873,0.5873,0.2088,-573.3586,-97.8345,-97.8345,-573.3586
btc-updown-5m-1780096200,1780096392000,108,73319.98,73399.52,79.54,-0.0240,-0.0241,3.0421,3.0424,3.5340,1.2380,0.006063,0.1436,21.1832,73406.22,-0.0000,-0.0091,-19.1221,-0.0003,0.0400,312.89,0.0300,760.44,0.0200,1309.00,0.0100,5956.01,,,0.0600,246.11,0.0700,544.92,0.0800,168.93,0.0900,153.18,0.1000,366.68,0.9400,246.11,0.9300,544.92,0.9200,168.93,0.9100,153.18,0.9000,366.68,0.9600,312.89,0.9700,760.44,0.9800,1309.00,0.9900,5956.01,,,8338.34,1479.82,9818.16,1479.82,8338.34,9818.16,0.0200,0.0200,0.6986,-0.6986,0.0512,0.9488,,0.5345,0.5345,,767.7216,109.4090,109.3896,767.5850
btc-updown-5m-1780096200,1780096393000,107,73319.84,73399.52,79.68,0.0000,-0.0241,0.0001,3.0425,3.5340,1.2377,0.006063,0.1434,0.0009,73406.17,-0.0000,-0.0091,0.0000,0.0000,0.0200,1279.64,0.0100,7061.22,,,,,,,0.0300,330.32,0.0400,969.54,0.0500,384.23,0.0600,301.94,0.0700,228.93,0.9700,330.32,0.9600,969.54,0.9500,384.23,0.9400,301.94,0.9300,228.93,0.9800,1279.64,0.9900,7061.22,,,,,,,8340.86,2214.96,10555.82,2214.96,8340.86,10555.82,0.0100,0.0100,0.5803,-0.5803,0.0279,0.9721,,0.5869,0.5869,,642.3443,252.6599,252.6173,642.2359
btc-updown-5m-1780096200,1780096394000,106,73303.42,73399.52,96.10,0.0000,-0.0241,0.0000,3.0425,3.5340,1.2373,0.006063,0.1434,0.0000,73406.17,-0.0000,-0.0091,0.0000,0.0000,0.0200,1400.85,0.0100,7061.22,,,,,,,0.0300,264.89,0.0400,999.79,0.0500,396.51,0.0600,254.94,0.0700,268.93,0.9700,264.89,0.9600,999.79,0.9500,396.51,0.9400,254.94,0.9300,268.93,0.9800,1400.85,0.9900,7061.22,,,,,,,8462.07,2185.06,10647.13,2185.06,8462.07,10647.13,0.0100,0.0100,0.5895,-0.5895,0.0284,0.9716,,0.5788,0.5788,,629.6047,246.1342,246.0544,629.4007
btc-updown-5m-1780096200,1780096395000,105,73303.42,73399.52,96.10,0.0000,-0.0240,0.0000,3.0422,3.5320,1.2370,0.006063,0.1405,0.0000,73405.54,-0.0000,-0.0082,0.0000,0.0000,0.0200,1837.34,0.0100,7081.10,,,,,,,0.0300,376.28,0.0400,1017.79,0.0500,411.51,0.0600,259.94,0.0700,288.93,0.9700,376.28,0.9600,1017.79,0.9500,411.51,0.9400,259.94,0.9300,288.93,0.9800,1837.34,0.9900,7081.10,,,,,,,8918.44,2354.45,11272.89,2354.45,8918.44,11272.89,0.0100,0.0100,0.5823,-0.5823,0.0283,0.9717,,0.5921,0.5921,,1141.8495,269.1321,269.2236,1142.2375
btc-updown-5m-1780096200,1780096396000,104,73302.40,73399.51,97.11,-0.0000,-0.0241,0.0048,3.0470,3.5340,1.2373,0.006063,0.1406,0.0339,73405.53,-0.0000,-0.0082,-0.0132,-0.0000,0.0200,1693.67,0.0100,7091.10,,,,,,,0.0300,270.90,0.0400,1023.04,0.0500,433.51,0.0600,277.94,0.0700,244.93,0.9700,270.90,0.9600,1023.04,0.9500,433.51,0.9400,277.94,0.9300,244.93,0.9800,1693.67,0.9900,7091.10,,,,,,,8784.77,2250.32,11035.09,2250.32,8784.77,11035.09,0.0100,0.0100,0.5922,-0.5922,0.0286,0.9714,,0.5750,0.5750,,1109.4831,318.2919,318.3447,1109.6669
btc-updown-5m-1780096200,1780096397000,103,73300.10,73399.51,99.41,0.0000,-0.0000,0.0053,0.0102,0.0040,1.2377,0.006063,0.1408,0.0378,73405.52,-0.0000,-0.0082,0.0000,0.0000,0.0200,1583.48,0.0100,7076.22,,,,,,,0.0300,328.45,0.0400,1149.29,0.0500,464.83,0.0600,277.94,0.0700,174.93,0.9700,328.45,0.9600,1149.29,0.9500,464.83,0.9400,277.94,0.9300,174.93,0.9800,1583.48,0.9900,7076.22,,,,,,,8659.70,2395.44,11055.14,2395.44,8659.70,11055.14,0.0100,0.0100,0.5666,-0.5666,0.0283,0.9717,,0.6169,0.6169,,1252.8882,342.3700,342.3700,1252.8882
btc-updown-5m-1780096200,1780096398000,102,73300.10,73399.52,99.42,0.0000,0.0000,0.0003,0.0104,0.0060,1.1957,0.006070,0.1408,0.0019,73405.52,0.0000,-0.0082,0.0135,0.0000,0.0200,1237.34,0.0100,7218.22,,,,,,,0.0300,682.56,0.0400,1138.29,0.0500,439.83,0.0600,270.49,0.0700,202.40,0.9700,682.56,0.9600,1138.29,0.9500,439.83,0.9400,270.49,0.9300,202.40,0.9800,1237.34,0.9900,7218.22,,,,,,,8455.56,2733.57,11189.13,2733.57,8455.56,11189.13,0.0100,0.0100,0.5114,-0.5114,0.0264,0.9736,,0.6661,0.6661,,-97.9284,223.4019,223.4019,-97.9284
btc-updown-5m-1780096200,1780096399000,101,73299.90,73399.52,99.62,0.0000,0.0000,0.0003,0.0106,0.0060,1.1957,0.006070,0.1357,0.0020,73404.40,0.0000,-0.0066,0.0000,0.0000,0.0200,1469.77,0.0100,7104.29,,,,,,,0.0300,22.16,0.0400,907.50,0.0500,407.75,0.0600,252.49,0.0700,231.40,0.9700,22.16,0.9600,907.50,0.9500,407.75,0.9400,252.49,0.9300,231.40,0.9800,1469.77,0.9900,7104.29,,,,,,,8574.06,1821.30,10395.36,1821.30,8574.06,10395.36,0.0100,0.0100,0.6496,-0.6496,0.0299,0.9701,,0.5104,0.5104,,-18.8037,-131.7550,-131.7993,-18.8100
btc-updown-5m-1780096200,1780096400000,100,73299.90,73399.51,99.61,-0.0000,-0.0000,0.0872,0.0978,0.0080,1.1957,0.006070,0.1384,0.6299,73404.28,-0.0000,-0.0065,-0.0136,-0.0000,0.0400,158.07,0.0300,238.82,0.0200,1133.30,0.0100,7122.10,,,0.0500,592.02,0.0600,234.45,0.0700,194.95,0.0800,126.37,0.0900,143.37,0.9500,592.02,0.9400,234.45,0.9300,194.95,0.9200,126.37,0.9100,143.37,0.9600,158.07,0.9700,238.82,0.9800,1133.30,0.9900,7122.10,,,8652.29,1291.16,9943.45,1291.16,8652.29,9943.45,0.0100,0.0100,0.7403,-0.7403,0.0421,0.9579,,0.6401,0.6401,,36.4875,-133.9342,-133.9785,36.4996
btc-updown-5m-1780096200,1780096401000,99,73300.57,73399.51,98.94,0.0000,0.0000,0.0004,0.0935,0.0060,1.1957,0.006070,0.1384,0.0030,73404.27,-0.0000,-0.0065,0.0000,0.0000,0.0400,49.00,0.0300,403.92,0.0200,1163.30,0.0100,7117.10,,,0.0500,886.40,0.0600,299.45,0.0700,259.95,0.0800,331.44,0.0900,203.37,0.9500,886.40,0.9400,299.45,0.9300,259.95,0.9200,331.44,0.9100,203.37,0.9600,49.00,0.9700,403.92,0.9800,1163.30,0.9900,7117.10,,,8733.32,1980.61,10713.93,1980.61,8733.32,10713.93,0.0100,0.0100,0.6303,-0.6303,0.0405,0.9595,,0.5987,0.5987,,-25.0658,-68.1774,-68.1518,-25.0563
btc-updown-5m-1780096200,1780096402000,98,73301.02,73399.52,98.50,0.0000,0.0000,0.0001,0.0882,0.0060,1.1957,0.006070,0.1384,0.0006,73404.27,0.0000,-0.0065,0.0134,0.0000,0.0400,51.70,0.0300,398.92,0.0200,1178.30,0.0100,7117.10,,,0.0500,699.75,0.0600,289.13,0.0700,266.50,0.0800,331.44,0.0900,240.25,0.9500,699.75,0.9400,289.13,0.9300,266.50,0.9200,331.44,0.9100,240.25,0.9600,51.70,0.9700,398.92,0.9800,1178.30,0.9900,7117.10,,,8746.02,1827.07,10573.09,1827.07,8746.02,10573.09,0.0100,0.0100,0.6544,-0.6544,0.0407,0.9593,,0.5412,0.5412,,-20.4100,-66.3987,-66.3880,-20.4067
btc-updown-5m-1780096200,1780096403000,97,73301.81,73399.52,97.71,0.0000,0.0000,0.0001,0.0880,0.0040,1.1953,0.006070,0.1383,0.0006,73404.26,0.0000,-0.0065,0.0000,0.0000,0.0300,331.45,0.0200,1113.30,0.0100,7107.10,,,,,0.0400,116.78,0.0500,374.69,0.0600,212.00,0.0700,198.55,0.0800,118.13,0.9600,116.78,0.9500,374.69,0.9400,212.00,0.9300,198.55,0.9200,118.13,0.9700,331.45,0.9800,1113.30,0.9900,7107.10,,,,,8551.85,1020.15,9572.00,1020.15,8551.85,9572.00,0.0100,0.0100,0.7868,-0.7868,0.0374,0.9626,,0.4818,0.4818,,-41.8595,-253.3794,-253.3794,-41.8595
btc-updown-5m-1780096200,1780096404000,96,73301.41,73399.52,98.11,0.0000,0.0000,0.0821,0.1699,0.0040,1.1953,0.006070,0.1410,0.5825,73404.17,0.0000,-0.0063,0.0000,0.0000,0.0400,115.36,0.0300,284.98,0.0200,1030.48,0.0100,7289.10,,,0.0500,169.36,0.0600,93.33,0.0700,87.76,0.0800,266.41,0.0900,185.37,0.9500,169.36,0.9400,93.33,0.9300,87.76,0.9200,266.41,0.9100,185.37,0.9600,115.36,0.9700,284.98,0.9800,1030.48,0.9900,7289.10,,,8719.92,802.23,9522.15,802.23,8719.92,9522.15,0.0100,0.0100,0.8315,-0.8315,0.0441,0.9559,,0.3274,0.3274,,45.5950,-332.4164,-332.4163,44.7327
btc-updown-5m-1780096200,1780096405000,95,73302.52,73399.51,96.99,-0.0000,0.0000,0.0001,0.0828,0.0040,1.1953,0.006070,0.1410,0.0007,73404.17,-0.0000,-0.0063,-0.0132,-0.0000,0.0400,291.17,0.0300,163.56,0.0200,1131.22,0.0100,7142.57,,,0.0600,211.00,0.0700,105.83,0.0800,137.13,0.0900,195.01,0.1000,603.40,0.9400,211.00,0.9300,105.83,0.9200,137.13,0.9100,195.01,0.9000,603.40,0.9600,291.17,0.9700,163.56,0.9800,1131.22,0.9900,7142.57,,,8728.52,1252.37,9980.89,1252.37,8728.52,9980.89,0.0200,0.0200,0.7490,-0.7490,0.0516,0.9484,,0.2530,0.2530,,23.2174,-93.3242,-93.2940,23.2099
btc-updown-5m-1780096200,1780096406000,94,73302.59,73399.51,96.92,0.0000,0.0000,0.0000,0.0824,0.0040,1.1953,0.006070,0.1409,0.0000,73404.16,-0.0000,-0.0063,0.0000,0.0000,0.0400,169.07,0.0300,340.37,0.0200,701.22,0.0100,7142.57,,,0.0500,32.60,0.0600,80.00,0.0700,30.00,0.0800,238.74,0.0900,135.37,0.9500,32.60,0.9400,80.00,0.9300,30.00,0.9200,238.74,0.9100,135.37,0.9600,169.07,0.9700,340.37,0.9800,701.22,0.9900,7142.57,,,8353.23,516.71,8869.94,516.71,8353.23,8869.94,0.0100,0.0100,0.8835,-0.8835,0.0484,0.9516,,0.2179,0.2179,,-48.8388,-125.9473,-125.9268,-48.8309
btc-updown-5m-1780096200,1780096407000,93,73305.05,73399.51,94.46,0.0000,-0.0000,0.0005,0.0828,0.0040,1.1957,0.006070,0.1409,0.0038,73404.16,-0.0000,-0.0063,0.0000,0.0000,0.0300,789.58,0.0200,706.22,0.0100,7182.41,,,,,0.0400,10.00,0.0500,106.64,0.0600,20.00,0.0700,25.00,0.0800,263.74,0.9600,10.00,0.9500,106.64,0.9400,20.00,0.9300,25.00,0.9200,263.74,0.9700,789.58,0.9800,706.22,0.9900,7182.41,,,,,8678.21,425.38,9103.59,425.38,8678.21,9103.59,0.0100,0.0100,0.9065,-0.9065,0.0399,0.9601,,0.2742,0.2742,,-8.9668,-253.0475,-246.8714,-8.0629
btc-updown-5m-1780096200,1780096408000,92,73305.05,73399.51,94.46,0.0000,-0.0000,0.0000,0.0828,0.0040,1.1957,0.006070,0.1409,0.0000,73404.16,-0.0000,-0.0063,0.0000,0.0000,0.0300,792.09,0.0200,549.92,0.0100,7182.41,,,,,0.0400,96.00,0.0500,72.64,0.0600,124.08,0.0700,56.00,0.0800,279.74,0.9600,96.00,0.9500,72.64,0.9400,124.08,0.9300,56.00,0.9200,279.74,0.9700,792.09,0.9800,549.92,0.9900,7182.41,,,,,8524.42,628.46,9152.88,628.46,8524.42,9152.88,0.0100,0.0100,0.8627,-0.8627,0.0389,0.9611,,0.2683,0.2683,,-37.9755,-210.5346,-210.6405,-37.9946
btc-updown-5m-1780096200,1780096409000,91,73305.58,73399.51,93.93,0.0000,-0.0000,0.0000,0.0006,0.0040,1.1957,0.006070,0.1409,0.0000,73404.16,-0.0000,-0.0063,0.0000,0.0000,0.0600,135.98,0.0500,40.00,0.0400,158.37,0.0300,266.02,0.0200,584.92,0.0700,453.44,0.0800,395.01,0.0900,221.48,0.1000,168.09,0.1100,849.30,0.9300,453.44,0.9200,395.01,0.9100,221.48,0.9000,168.09,0.8900,849.30,0.9400,135.98,0.9500,40.00,0.9600,158.37,0.9700,266.02,0.9800,584.92,1185.29,2087.32,3272.61,2087.32,1185.29,3272.61,0.0100,0.0100,-0.2756,0.2756,0.0623,0.9377,0.1485,0.4065,0.4065,0.1485,-1292.2739,75.6287,75.6287,-1292.2738
btc-updown-5m-1780096200,1780096410000,90,73305.37,73399.51,94.14,0.0000,0.0000,0.0000,0.0005,0.0020,1.1953,0.006070,0.1409,0.0000,73404.16,0.0000,-0.0063,0.0000,0.0000,0.0600,24.00,0.0500,40.00,0.0400,148.37,0.0300,271.02,0.0200,380.92,0.0700,419.30,0.0800,354.43,0.0900,203.48,0.1000,582.81,0.1100,854.34,0.9300,419.30,0.9200,354.43,0.9100,203.48,0.9000,582.81,0.8900,854.34,0.9400,24.00,0.9500,40.00,0.9600,148.37,0.9700,271.02,0.9800,380.92,864.31,2414.36,3278.67,2414.36,864.31,3278.67,0.0100,0.0100,-0.4728,0.4728,0.0605,0.9395,0.0740,0.3205,0.3205,0.0740,-1306.2205,268.0629,268.0629,-1306.2205
btc-updown-5m-1780096200,1780096411000,89,73305.51,73399.51,94.00,0.0000,0.0000,0.0000,0.0005,0.0020,1.1953,0.006070,0.1409,0.0000,73404.15,0.0000,-0.0063,0.0000,0.0000,0.0500,182.20,0.0400,301.88,0.0300,391.08,0.0200,385.92,0.0100,7706.21,0.0600,155.03,0.0700,124.76,0.0800,351.43,0.0900,203.48,0.1000,642.81,0.9400,155.03,0.9300,124.76,0.9200,351.43,0.9100,203.48,0.9000,642.81,0.9500,182.20,0.9600,301.88,0.9700,391.08,0.9800,385.92,0.9900,7706.21,8967.29,1477.51,10444.80,1477.51,8967.29,10444.80,0.0100,0.0100,0.7171,-0.7171,0.0554,0.9446,0.0540,0.1894,0.1894,0.0540,30.9295,103.8825,103.8825,30.9295
btc-updown-5m-1780096200,1780096412000,88,73304.64,73399.51,94.87,0.0000,0.0000,0.0027,0.0027,0.0000,0.5920,0.004316,0.1410,0.0191,73404.14,0.0000,-0.0063,0.0000,0.0000,0.0500,123.12,0.0400,286.88,0.0300,401.08,0.0200,385.92,0.0100,7701.21,0.0600,175.78,0.0700,162.35,0.0800,381.43,0.0900,233.48,0.1000,642.81,0.9400,175.78,0.9300,162.35,0.9200,381.43,0.9100,233.48,0.9000,642.81,0.9500,123.12,0.9600,286.88,0.9700,401.08,0.9800,385.92,0.9900,7701.21,8898.21,1595.85,10494.06,1595.85,8898.21,10494.06,0.0100,0.0100,0.6959,-0.6959,0.0541,0.9459,0.0461,0.2119,0.2119,0.0461,48.7310,176.1678,176.1973,48.7391
btc-updown-5m-1780096200,1780096413000,87,73305.39,73399.51,94.12,0.0000,0.0000,0.0000,0.0027,0.0000,0.5920,0.004316,0.1074,0.0000,73400.07,0.0000,-0.0008,0.0000,0.0000,0.0500,75.30,0.0400,81.88,0.0300,406.08,0.0200,390.92,0.0100,7656.21,0.0600,1506.82,0.0700,184.30,0.0800,207.82,0.0900,228.48,0.1000,647.81,0.9400,1506.82,0.9300,184.30,0.9200,207.82,0.9100,228.48,0.9000,647.81,0.9500,75.30,0.9600,81.88,0.9700,406.08,0.9800,390.92,0.9900,7656.21,8610.39,2775.23,11385.62,2775.23,8610.39,11385.62,0.0100,0.0100,0.5125,-0.5125,0.0505,0.9495,0.0183,0.6094,0.6094,0.0183,-22.8704,389.6632,389.5985,-22.8666
btc-updown-5m-1780096200,1780096414000,86,73305.84,73399.51,93.67,0.0000,0.0000,0.0006,0.0033,0.0020,0.5923,0.004316,0.1074,0.0059,73400.07,0.0000,-0.0008,0.0000,0.0000,0.0400,8.37,0.0300,376.08,0.0200,420.92,0.0100,7651.21,,,0.0500,241.46,0.0600,1269.39,0.0700,290.79,0.0800,174.82,0.0900,210.37,0.9500,241.46,0.9400,1269.39,0.9300,290.79,0.9200,174.82,0.9100,210.37,0.9600,18.79,0.9700,376.08,0.9800,420.92,0.9900,7651.21,,,8456.58,2186.83,10643.41,2186.83,8467.00,10653.83,0.0100,0.0100,0.5891,-0.5895,0.0403,0.9593,,0.6909,0.6909,,-11.0345,253.4759,253.5584,-9.3427
btc-updown-5m-1780096200,1780096415000,85,73305.80,73399.51,93.71,0.0000,0.0000,0.0000,0.0033,0.0020,0.5920,0.004316,0.1046,0.0000,73399.61,0.0000,-0.0001,0.0000,0.0000,0.0400,80.08,0.0300,406.08,0.0200,410.92,0.0100,7651.21,,,0.0500,32.16,0.0600,1230.48,0.0700,82.51,0.0800,107.82,0.0900,180.37,0.9500,32.16,0.9400,1230.48,0.9300,82.51,0.9200,107.82,0.9100,180.37,0.9600,80.08,0.9700,406.08,0.9800,410.92,0.9900,7651.21,,,8548.29,1633.34,10181.63,1633.34,8548.29,10181.63,0.0100,0.0100,0.6792,-0.6792,0.0471,0.9529,,0.7730,0.7730,,1216.2174,-69.9219,-69.9335,1216.4195
btc-updown-5m-1780096200,1780096416000,84,73305.84,73399.51,93.67,0.0000,0.0000,0.1362,0.1396,0.0020,0.5917,0.004316,0.1087,1.2537,73399.55,-0.0000,-0.0001,0.0000,0.0000,0.0300,278.06,0.0200,738.42,0.0100,7628.21,,,,,0.0400,150.40,0.0500,64.47,0.0600,1282.47,0.0700,95.51,0.0800,113.13,0.9600,150.40,0.9500,64.47,0.9400,1282.47,0.9300,95.51,0.9200,113.13,0.9700,278.06,0.9800,738.42,0.9900,7628.21,,,,,8644.69,1705.98,10350.67,1705.98,8644.69,10350.67,0.0100,0.0100,0.6704,-0.6704,0.0365,0.9635,,0.1260,0.1260,,1274.7149,-122.1207,-122.1207,1274.7149
btc-updown-5m-1780096200,1780096417000,83,73305.84,73399.51,93.67,0.0000,0.0000,0.0000,0.1369,0.0020,0.5917,0.004316,0.1085,0.0000,73399.52,-0.0000,-0.0000,0.0000,0.0000,0.0500,8.94,0.0400,40.00,0.0300,295.76,0.0200,935.44,0.0100,8328.21,0.0600,1202.08,0.0700,172.75,0.0800,88.13,0.0900,177.54,0.1000,631.40,0.9400,1202.08,0.9300,172.75,0.9200,88.13,0.9100,177.54,0.9000,631.40,0.9500,8.94,0.9600,40.00,0.9700,295.76,0.9800,935.44,0.9900,8328.21,9608.35,2271.90,11880.25,2271.90,9608.35,11880.25,0.0100,0.0100,0.6175,-0.6175,0.0501,0.9499,0.0051,0.6051,0.6051,0.0051,98.5518,178.8823,178.8823,98.5518
btc-updown-5m-1780096200,1780096418000,82,73305.79,73399.51,93.72,0.0000,0.0000,0.0001,0.1369,0.0020,0.5917,0.004316,0.1085,0.0007,73399.52,0.0000,-0.0000,0.0000,0.0000,0.0400,107.71,0.0300,296.18,0.0200,971.74,0.0100,8313.41,,,0.0500,215.72,0.0600,1221.81,0.0700,155.92,0.0800,143.13,0.0900,217.48,0.9500,215.72,0.9400,1221.81,0.9300,155.92,0.9200,143.13,0.9100,217.48,0.9600,107.71,0.9700,296.18,0.9800,971.74,0.9900,8313.41,,,9689.04,1954.06,11643.10,1954.06,9689.04,11643.10,0.0100,0.0100,0.6643,-0.6643,0.0433,0.9567,,0.7357,0.7357,,128.2288,64.9048,64.9048,128.2288
btc-updown-5m-1780096200,1780096419000,81,73305.94,73399.51,93.57,0.0000,0.0000,0.0001,0.1364,0.0000,0.5917,0.004316,0.1085,0.0008,73399.52,0.0000,-0.0000,0.0000,0.0000,0.0400,5.00,0.0300,305.51,0.0200,1194.59,0.0100,8613.51,,,0.0500,750.97,0.0600,1244.21,0.0700,208.62,0.0800,173.13,0.0900,210.37,0.9500,750.97,0.9400,1244.21,0.9300,208.62,0.9200,173.13,0.9100,210.37,0.9600,5.00,0.9700,305.51,0.9800,1194.59,0.9900,8613.51,,,10118.61,2587.30,12705.91,2587.30,10118.61,12705.91,0.0100,0.0100,0.5927,-0.5927,0.0401,0.9599,,0.7711,0.7711,,249.2258,-33.4331,-33.4331,249.2258
btc-updown-5m-1780096200,1780096420000,80,73305.87,73399.51,93.64,0.0000,0.0000,0.0941,0.2305,0.0000,0.5913,0.004316,0.1115,0.8436,73399.52,-0.0000,-0.0000,0.0000,0.0000,0.0200,1173.36,0.0100,8739.25,,,,,,,0.0400,841.06,0.0500,204.07,0.0600,1265.75,0.0700,185.51,0.0800,210.12,0.9600,828.06,0.9500,204.07,0.9400,1265.75,0.9300,185.51,0.9200,210.12,0.9800,1173.36,0.9900,8739.25,,,,,,,9912.61,2706.51,12619.12,2693.51,9912.61,12606.12,0.0200,0.0200,0.5710,-0.5727,0.0316,0.9683,,0.3862,0.3832,,255.9620,88.0654,85.7640,255.9170
btc-updown-5m-1780096200,1780096421000,79,73303.45,73399.51,96.06,0.0000,0.0000,0.0000,0.0943,0.0000,0.5913,0.004316,0.1115,0.0000,73399.52,-0.0000,-0.0000,0.0000,0.0000,0.0200,1156.04,0.0100,7277.95,,,,,,,0.0300,305.70,0.0400,146.00,0.0500,143.51,0.0600,1229.76,0.0700,125.51,0.9700,305.70,0.9600,146.00,0.9500,143.51,0.9400,1229.76,0.9300,125.51,0.9800,1156.04,0.9900,7277.95,,,,,,,8433.99,1950.48,10384.47,1950.48,8433.99,10384.47,0.0100,0.0100,0.6243,-0.6243,0.0279,0.9721,,0.2316,0.2316,,-23.8702,52.3852,52.3852,-23.8702
btc-updown-5m-1780096200,1780096422000,78,73301.72,73399.51,97.79,0.0000,0.0000,0.0000,0.0943,0.0000,0.0027,0.000006,0.1115,0.0000,73399.52,0.0000,-0.0000,0.0000,0.0000,0.0200,543.31,0.0100,7313.15,,,,,,,0.0300,448.72,0.0400,136.00,0.0500,248.51,0.0600,1227.03,0.0700,205.51,0.9700,448.72,0.9600,136.00,0.9500,248.51,0.9400,1227.03,0.9300,205.51,0.9800,543.31,0.9900,7313.15,,,,,,,7856.46,2265.77,10122.23,2265.77,7856.46,10122.23,0.0100,0.0100,0.5523,-0.5523,0.0255,0.9745,,0.2581,0.2581,,-127.9386,90.8602,90.8455,-127.9179
btc-updown-5m-1780096200,1780096423000,77,73301.72,73399.52,97.80,0.0000,0.0000,0.0008,0.0950,0.0020,0.0030,0.000006,0.0134,0.0611,73399.51,0.0000,0.0000,0.0133,0.0000,0.0200,373.71,0.0100,7963.15,,,,,,,0.0300,463.72,0.0400,149.90,0.0500,420.34,0.0600,1236.79,0.0700,205.51,0.9700,463.72,0.9600,149.90,0.9500,420.34,0.9400,1236.79,0.9300,205.51,0.9800,373.71,0.9900,7963.15,,,,,,,8336.86,2476.26,10813.12,2476.26,8336.86,10813.12,0.0100,0.0100,0.5420,-0.5420,0.0245,0.9755,,0.2478,0.2478,,-205.7627,54.8718,54.8718,-205.7627
btc-updown-5m-1780096200,1780096424000,76,73302.06,73399.52,97.46,0.0000,0.0000,0.0780,0.1729,0.0020,0.0030,0.000006,0.0159,4.8969,73399.51,0.0000,0.0000,0.0000,0.0000,0.0100,8020.15,,,,,,,,,0.0200,140.00,0.0300,545.99,0.0400,99.90,0.0500,293.51,0.0600,1291.79,0.9800,140.00,0.9700,545.99,0.9600,99.90,0.9500,293.51,0.9400,1291.79,0.9900,8020.15,,,,,,,,,8020.15,2371.19,10391.34,2371.19,8020.15,10391.34,0.0100,0.0100,0.5436,-0.5436,0.0198,0.9802,,0.2893,0.2893,,-285.7688,71.4264,71.4264,-285.7688
btc-updown-5m-1780096200,1780096425000,75,73302.27,73399.51,97.24,-0.0000,0.0000,0.0037,0.0825,0.0040,0.0033,0.000007,0.0160,0.2306,73399.51,-0.0000,-0.0000,-0.0132,-0.0000,0.0100,7767.73,,,,,,,,,0.0200,1189.23,0.0300,156.00,0.0400,118.01,0.0500,256.44,0.0600,1252.70,0.9800,1189.23,0.9700,156.00,0.9600,118.01,0.9500,256.44,0.9400,1252.70,0.9900,7767.73,,,,,,,,,7767.73,2972.38,10740.11,2972.38,7767.73,10740.11,0.0100,0.0100,0.4465,-0.4465,0.0187,0.9813,,0.4526,0.4526,,-383.7545,62.8599,62.8599,-383.7545
btc-updown-5m-1780096200,1780096426000,74,73301.94,73399.51,97.57,0.0000,0.0000,0.0000,0.0825,0.0040,0.0030,0.000006,0.0160,0.0000,73399.51,-0.0000,-0.0000,0.0000,0.0000,0.0100,7540.03,,,,,,,,,0.0200,1272.02,0.0300,156.00,0.0400,118.01,0.0500,433.83,0.0600,1284.83,0.9800,1272.02,0.9700,156.00,0.9600,118.01,0.9500,433.83,0.9400,1284.83,0.9900,7540.03,,,,,,,,,7540.03,3264.69,10804.72,3264.69,7540.03,10804.72,0.0100,0.0100,0.3957,-0.3957,0.0186,0.9814,,0.4374,0.4374,,-234.4677,192.3943,192.3943,-234.4677
btc-updown-5m-1780096200,1780096427000,73,73301.94,73399.51,97.57,0.0000,0.0000,0.0000,0.0825,0.0040,0.0027,0.000006,0.0159,0.0000,73399.51,-0.0000,-0.0000,0.0000,0.0000,0.0100,7541.03,,,,,,,,,0.0200,1288.74,0.0300,146.00,0.0400,118.01,0.0500,256.44,0.0600,1275.69,0.9800,1288.74,0.9700,146.00,0.9600,118.01,0.9500,256.44,0.9400,1275.69,0.9900,7541.03,,,,,,,,,7541.03,3084.88,10625.91,3084.88,7541.03,10625.91,0.0100,0.0100,0.4194,-0.4194,0.0185,0.9815,,0.4651,0.4651,,-170.7812,203.8245,203.8245,-170.7812
btc-updown-5m-1780096200,1780096428000,72,73302.03,73399.51,97.48,0.0000,-0.0000,0.0000,0.0817,0.0020,0.0023,0.000006,0.0157,0.0000,73399.51,-0.0000,-0.0000,0.0000,0.0000,0.0100,7713.74,,,,,,,,,0.0200,1225.74,0.0300,161.00,0.0400,123.01,0.0500,432.71,0.0600,1252.70,0.9800,1225.74,0.9700,161.00,0.9600,123.01,0.9500,432.71,0.9400,1252.70,0.9900,7713.74,,,,,,,,,7713.74,3195.16,10908.90,3195.16,7713.74,10908.90,0.0100,0.0100,0.4142,-0.4142,0.0186,0.9814,,0.4340,0.4340,,-98.3431,123.9335,123.9335,-98.3431
btc-updown-5m-1780096200,1780096429000,71,73302.03,73399.52,97.49,0.0000,0.0000,0.0002,0.0039,0.0040,0.0027,0.000006,0.0157,0.0115,73399.51,0.0000,0.0000,0.0133,0.0000,0.0100,7387.00,,,,,,,,,0.0200,1170.74,0.0300,161.00,0.0400,123.01,0.0500,256.87,0.0600,1275.69,0.9800,1170.74,0.9700,161.00,0.9600,123.01,0.9500,256.87,0.9400,1275.69,0.9900,7387.00,,,,,,,,,7387.00,2987.31,10374.31,2987.31,7387.00,10374.31,0.0100,0.0100,0.4241,-0.4241,0.0186,0.9814,,0.4458,0.4458,,-160.5578,86.3844,86.3698,-160.5307
btc-updown-5m-1780096200,1780096430000,70,73301.94,73399.52,97.58,0.0000,0.0000,0.0006,0.0007,0.0020,0.0023,0.000006,0.0157,0.0350,73399.51,0.0000,0.0000,0.0000,0.0000,0.0100,7587.89,,,,,,,,,0.0200,1175.74,0.0300,156.00,0.0400,123.01,0.0500,432.33,0.0600,1252.70,0.9800,1175.74,0.9700,156.00,0.9600,123.01,0.9500,432.33,0.9400,1252.70,0.9900,7587.89,,,,,,,,,7587.89,3139.78,10727.67,3139.78,7587.89,10727.67,0.0100,0.0100,0.4146,-0.4146,0.0187,0.9813,,0.4242,0.4242,,-93.5196,35.7958,35.7958,-93.5196
btc-updown-5m-1780096200,1780096431000,69,73303.51,73399.52,96.01,0.0000,0.0000,0.0001,0.0008,0.0020,0.0023,0.000006,0.0129,0.0046,73399.51,0.0000,0.0000,0.0000,0.0000,0.0100,7504.58,,,,,,,,,0.0200,1180.74,0.0300,156.00,0.0400,123.01,0.0500,256.87,0.0600,1202.70,0.9800,1180.74,0.9700,156.00,0.9600,123.01,0.9500,256.87,0.9400,1202.70,0.9900,7504.58,,,,,,,,,7504.58,2919.32,10423.90,2919.32,7504.58,10423.90,0.0100,0.0100,0.4399,-0.4399,0.0186,0.9814,,0.4579,0.4579,,-43.1322,-6.3956,-6.3945,-43.1250
btc-updown-5m-1780096200,1780096432000,68,73303.61,73399.52,95.91,0.0000,0.0000,0.0000,0.0008,0.0020,0.0020,0.000005,0.0129,0.0000,73399.51,0.0000,0.0000,0.0000,0.0000,0.0100,7337.44,,,,,,,,,0.0200,809.68,0.0300,156.00,0.0400,123.01,0.0500,251.87,0.0600,1230.69,0.9800,809.68,0.9700,156.00,0.9600,123.01,0.9500,251.87,0.9400,1230.69,0.9900,7337.44,,,,,,,,,7337.44,2571.25,9908.69,2571.25,7337.44,9908.69,0.0100,0.0100,0.4810,-0.4810,0.0190,0.9810,,0.3756,0.3756,,-36.8729,-84.9638,-84.9638,-36.8729
btc-updown-5m-1780096200,1780096433000,67,73299.09,73399.52,100.43,0.0000,0.0000,0.0000,0.0008,0.0020,0.0020,0.000005,0.0129,0.0000,73399.51,0.0000,0.0000,0.0000,0.0000,0.0100,7332.92,,,,,,,,,0.0200,848.82,0.0300,156.00,0.0400,123.01,0.0500,251.87,0.0600,1230.69,0.9800,848.82,0.9700,156.00,0.9600,123.01,0.9500,251.87,0.9400,1230.69,0.9900,7332.92,,,,,,,,,7332.92,2610.39,9943.31,2610.39,7332.92,9943.31,0.0100,0.0100,0.4749,-0.4749,0.0190,0.9810,,0.3849,0.3849,,-95.8613,-128.5415,-128.5415,-95.8613
btc-updown-5m-1780096200,1780096434000,66,73299.09,73399.52,100.43,0.0000,0.0000,0.0001,0.0007,0.0000,0.0020,0.000005,0.0129,0.0070,73399.51,0.0000,0.0000,0.0000,0.0000,0.0100,4155.23,,,,,,,,,0.0200,2657.82,0.0300,324.70,0.0400,193.62,0.0500,307.00,0.0600,1232.70,0.9800,2657.82,0.9700,324.70,0.9600,193.62,0.9500,307.00,0.9400,1232.70,0.9900,4155.23,,,,,,,,,4155.23,4715.84,8871.07,4715.84,4155.23,8871.07,0.0100,0.0100,-0.0632,0.0632,0.0161,0.9839,,0.6324,0.6324,,-618.6561,264.3741,264.3741,-618.6561
btc-updown-5m-1780096200,1780096435000,65,73298.76,73399.52,100.76,0.0000,0.0000,0.0000,0.0002,0.0000,0.0017,0.000004,0.0103,0.0000,73399.51,0.0000,0.0000,0.0000,0.0000,0.0100,3860.50,,,,,,,,,0.0200,2243.94,0.0300,79.00,0.0400,62.01,0.0500,244.05,0.0600,1185.70,0.9800,2243.94,0.9700,79.00,0.9600,62.01,0.9500,244.05,0.9400,1185.70,0.9900,3860.50,,,,,,,,,3860.50,3814.70,7675.20,3814.70,3860.50,7675.20,0.0100,0.0100,0.0060,-0.0060,0.0163,0.9837,,0.6089,0.6089,,-587.5542,137.8524,137.8754,-587.6521
btc-updown-5m-1780096200,1780096436000,64,73299.21,73399.52,100.31,0.0000,0.0000,0.8894,0.8895,0.0020,0.0020,0.000004,0.0389,22.8398,73399.52,0.0000,0.0000,0.0000,0.0000,0.0100,1743.55,,,,,,,,,0.0200,2355.46,0.0300,69.00,0.0400,52.01,0.0500,129.04,0.0600,1169.70,0.9800,2355.46,0.9700,69.00,0.9600,52.01,0.9500,129.04,0.9400,1169.70,0.9900,1743.55,,,,,,,,,1743.55,3775.21,5518.76,3775.21,1743.55,5518.76,0.0100,0.0100,-0.3681,0.3681,0.0143,0.9857,,0.6422,0.6422,,-1038.3203,143.5501,143.5501,-1038.3203
btc-updown-5m-1780096200,1780096437000,63,73300.26,73399.52,99.26,0.0000,0.0000,0.0147,0.9042,0.0020,0.0017,0.000004,0.0394,0.3725,73399.52,0.0000,0.0000,0.0000,0.0000,0.0100,976.78,,,,,,,,,0.0200,2209.46,0.0400,40.61,0.0500,117.57,0.0600,1169.70,0.0700,76.43,0.9800,2209.46,0.9600,40.61,0.9500,117.57,0.9400,1169.70,0.9300,76.43,0.9900,976.78,,,,,,,,,976.78,3613.77,4590.55,3613.77,976.78,4590.55,0.0100,0.0100,-0.5744,0.5744,0.0131,0.9869,,0.6226,0.6226,,-1072.2405,114.0687,114.0687,-1072.2405
btc-updown-5m-1780096200,1780096438000,62,73302.83,73399.52,96.69,0.0000,0.0000,0.0033,0.9074,0.0020,0.0017,0.000004,0.0395,0.0830,73399.52,0.0000,0.0000,0.0000,0.0000,0.0100,1221.46,,,,,,,,,0.0200,2151.46,0.0300,5.00,0.0400,261.33,0.0500,117.57,0.0600,1169.70,0.9800,2151.46,0.9700,5.00,0.9600,261.33,0.9500,117.57,0.9400,1169.70,0.9900,1221.46,,,,,,,,,1221.46,3705.06,4926.52,3705.06,1221.46,4926.52,0.0100,0.0100,-0.5041,0.5041,0.0136,0.9864,,0.5820,0.5820,,-1001.3065,185.6271,185.6574,-1001.4704
btc-updown-5m-1780096200,1780096439000,61,73304.53,73403.49,98.96,0.0054,0.0054,0.0295,0.9368,0.7960,0.1340,0.000971,0.0405,0.7295,73399.61,0.0052,0.0053,5.3527,0.0001,0.0100,1062.73,,,,,,,,,0.0200,1434.46,0.0400,12.00,0.0500,36.57,0.0600,1156.70,0.0700,69.51,0.9800,1434.46,0.9600,12.00,0.9500,36.57,0.9400,1156.70,0.9300,69.51,0.9900,1062.73,,,,,,,,,1062.73,2709.24,3771.97,2709.24,1062.73,3771.97,0.0100,0.0100,-0.4365,0.4365,0.0143,0.9857,,0.5339,0.5339,,-899.0443,18.5037,18.5037,-899.0443
btc-updown-5m-1780096200,1780096440000,60,73307.90,73406.85,98.95,0.0046,0.0100,0.1231,1.0600,1.4720,0.2467,0.001250,0.0444,2.7712,73400.26,0.0087,0.0090,4.5295,0.0001,0.0100,2192.58,,,,,,,,,0.0200,960.64,0.0300,5.40,0.0500,36.57,0.0600,1158.47,0.0700,47.50,0.9800,960.64,0.9700,5.40,0.9500,36.57,0.9400,1158.47,0.9300,47.50,0.9900,2192.58,,,,,,,,,2192.58,2208.58,4401.16,2208.58,2192.58,4401.16,0.0100,0.0100,-0.0036,0.0036,0.0170,0.9830,,0.4374,0.4374,,-383.2662,-319.7268,-319.7814,-383.3316
btc-updown-5m-1780096200,1780096441000,59,73309.25,73406.86,97.61,0.0000,0.0100,0.0003,0.1709,1.4720,0.2470,0.001250,0.0444,0.0070,73400.26,0.0087,0.0090,0.0133,0.0000,0.0100,2164.05,,,,,,,,,0.0200,867.61,0.0300,5.40,0.0400,52.08,0.0500,89.20,0.0600,1200.55,0.9800,867.61,0.9700,5.40,0.9600,52.08,0.9500,89.20,0.9400,1200.55,0.9900,2164.05,,,,,,,,,2164.05,2214.84,4378.89,2214.84,2164.05,4378.89,0.0100,0.0100,-0.0116,0.0116,0.0171,0.9829,,0.3942,0.3942,,-304.2132,-269.8364,-269.8364,-304.2132
btc-updown-5m-1780096200,1780096442000,58,73312.65,73406.86,94.21,0.0000,0.0100,0.0189,0.1751,1.4720,0.2470,0.001250,0.0450,0.4187,73400.35,0.0017,0.0089,0.0000,0.0000,0.0100,2179.61,,,,,,,,,0.0200,865.61,0.0300,12.62,0.0400,64.08,0.0500,89.20,0.0600,1280.55,0.9800,865.61,0.9700,12.62,0.9600,64.08,0.9500,89.20,0.9400,1280.55,0.9900,2179.61,,,,,,,,,2179.61,2312.06,4491.67,2312.06,2179.61,4491.67,0.0100,0.0100,-0.0295,0.0295,0.0172,0.9828,,0.3798,0.3798,,48.9755,-272.1674,-272.1674,48.9755
btc-updown-5m-1780096200,1780096443000,57,73313.81,73406.86,93.05,0.0000,0.0100,0.3223,0.4941,1.4720,0.2470,0.001250,0.0554,5.8226,73401.57,0.0003,0.0072,0.0000,0.0000,0.0100,2415.68,,,,,,,,,0.0200,682.96,0.0300,12.62,0.0400,175.36,0.0500,36.57,0.0600,1186.70,0.9800,682.96,0.9700,12.62,0.9600,175.36,0.9500,36.57,0.9400,1186.70,0.9900,2415.68,,,,,,,,,2415.68,2094.21,4509.89,2094.21,2415.68,4509.89,0.0100,0.0100,0.0713,-0.0713,0.0178,0.9822,,0.3321,0.3321,,234.6445,-244.0574,-244.0574,234.6445
btc-updown-5m-1780096200,1780096444000,56,73314.19,73406.86,92.67,0.0000,0.0046,0.0795,0.5440,0.6780,0.2467,0.001250,0.0579,1.3721,73401.81,0.0002,0.0069,0.0000,0.0000,0.0100,2374.06,,,,,,,,,0.0200,119.43,0.0300,12.62,0.0400,52.01,0.0500,36.57,0.0600,1216.70,0.9800,119.43,0.9700,12.62,0.9600,52.01,0.9500,36.57,0.9400,1216.70,0.9900,2374.06,,,,,,,,,2374.06,1437.33,3811.39,1437.33,2374.06,3811.39,0.0100,0.0100,0.2458,-0.2458,0.0195,0.9805,,0.0919,0.0919,,186.9839,-365.5874,-365.5874,186.9839
btc-updown-5m-1780096200,1780096445000,55,73314.16,73406.86,92.70,0.0000,0.0000,0.0913,0.5122,0.0020,0.2467,0.001250,0.0608,1.5005,73402.05,0.0000,0.0065,0.0000,0.0000,0.0200,321.85,0.0100,2235.36,,,,,,,0.0300,165.71,0.0400,30.00,0.0500,119.20,0.0600,1214.89,0.0700,104.51,0.9700,165.71,0.9600,30.00,0.9500,119.20,0.9400,1214.89,0.9300,104.51,0.9800,321.85,0.9900,2235.36,,,,,,,2557.21,1634.31,4191.52,1634.31,2557.21,4191.52,0.0100,0.0100,0.2202,-0.2202,0.0266,0.9734,,0.1198,0.1198,,246.9807,-177.6450,-177.5570,246.8583
btc-updown-5m-1780096200,1780096446000,54,73314.80,73406.86,92.06,0.0000,0.0000,0.0491,0.5610,0.0000,0.2467,0.001250,0.0624,0.7862,73402.17,0.0000,0.0064,0.0000,0.0000,0.0200,327.92,0.0100,2185.36,,,,,,,0.0300,56.03,0.0400,51.79,0.0500,119.20,0.0600,1184.89,0.0700,104.51,0.9700,56.03,0.9600,51.79,0.9500,119.20,0.9400,1184.89,0.9300,104.51,0.9800,327.92,0.9900,2185.36,,,,,,,2513.28,1516.42,4029.70,1516.42,2513.28,4029.70,0.0100,0.0100,0.2474,-0.2474,0.0285,0.9715,,0.0711,0.0711,,140.5617,-162.9145,-162.8847,140.5361
btc-updown-5m-1780096200,1780096447000,53,73314.80,73406.85,92.05,-0.0000,-0.0000,0.0035,0.5457,0.0020,0.2470,0.001250,0.0581,0.0609,73402.39,-0.0000,0.0061,-0.0125,-0.0000,0.0300,253.64,0.0200,234.86,0.0100,1998.46,,,,,0.0400,67.19,0.0500,131.88,0.0600,1190.74,0.0700,109.51,0.0800,152.86,0.9600,67.19,0.9500,131.88,0.9400,1190.74,0.9300,109.51,0.9200,152.86,0.9700,253.64,0.9800,234.86,0.9900,1998.46,,,,,2486.96,1652.18,4139.14,1652.18,2486.96,4139.14,0.0100,0.0100,0.2017,-0.2017,0.0379,0.9621,,0.1205,0.1205,,57.4046,-135.8039,-135.8039,57.4046
btc-updown-5m-1780096200,1780096448000,52,73315.04,73406.86,91.82,0.0000,0.0000,0.0092,0.2326,0.0040,0.2473,0.001250,0.0584,0.1578,73402.41,0.0000,0.0061,0.0125,0.0000,0.0300,268.48,0.0200,239.86,0.0100,1998.46,,,,,0.0400,75.11,0.0500,79.25,0.0600,1137.55,0.0700,50.75,0.0800,98.51,0.9600,75.11,0.9500,79.25,0.9400,1137.55,0.9300,50.75,0.9200,98.51,0.9700,268.48,0.9800,239.86,0.9900,1998.46,,,,,2506.80,1441.17,3947.97,1441.17,2506.80,3947.97,0.0100,0.0100,0.2699,-0.2699,0.0378,0.9622,,0.1071,0.1071,,79.1751,-189.1037,-189.0640,79.1584
btc-updown-5m-1780096200,1780096449000,51,73315.02,73412.01,96.99,0.0070,0.0070,0.1650,0.3181,1.0340,0.4190,0.001730,0.0638,2.5870,73403.21,0.0041,0.0120,6.8042,0.0001,0.0300,369.57,0.0200,198.18,0.0100,536.70,,,,,0.0400,162.20,0.0500,36.57,0.0600,1106.83,0.0700,25.75,0.0800,10.43,0.9600,162.20,0.9500,36.57,0.9400,1106.83,0.9300,25.75,0.9200,10.43,0.9700,369.57,0.9800,198.18,0.9900,536.70,,,,,1104.45,1341.78,2446.23,1341.78,1104.45,2446.23,0.0100,0.0100,-0.0970,0.0970,0.0369,0.9631,,0.1481,0.1481,,-227.4453,-140.7179,-140.7179,-227.4453
btc-updown-5m-1780096200,1780096450000,50,73315.05,73412.01,96.96,0.0000,0.0070,0.0054,0.2322,1.0340,0.4190,0.001730,0.0639,0.0838,73403.23,0.0033,0.0120,0.0000,0.0000,0.0300,252.93,0.0200,188.18,0.0100,701.31,,,,,0.0500,267.65,0.0600,1159.89,0.0700,79.51,0.0800,102.82,0.0900,42.00,0.9500,267.65,0.9400,1159.89,0.9300,79.51,0.9200,102.82,0.9100,42.00,0.9700,252.93,0.9800,188.18,0.9900,701.31,,,,,1142.42,1651.87,2794.29,1651.87,1142.42,2794.29,0.0200,0.0200,-0.1823,0.1823,0.0397,0.9603,,0.8642,0.8642,,-211.9791,25.9862,25.9906,-212.0148
btc-updown-5m-1780096200,1780096451000,49,73317.60,73412.01,94.41,0.0000,0.0070,0.0000,0.1831,1.0340,0.4190,0.001730,0.0609,0.0000,73403.42,0.0019,0.0117,0.0000,0.0000,0.0400,155.49,0.0300,103.18,0.0200,168.18,0.0100,681.26,,,0.0500,263.31,0.0600,1164.89,0.0700,84.51,0.0800,102.82,0.0900,65.90,0.9500,263.31,0.9400,1164.89,0.9300,84.51,0.9200,102.82,0.9100,65.90,0.9600,155.49,0.9700,103.18,0.9800,168.18,0.9900,681.26,,,1108.11,1681.43,2789.54,1681.43,1108.11,2789.54,0.0100,0.0100,-0.2055,0.2055,0.0437,0.9563,,0.8494,0.8494,,-246.7087,9.6113,9.6113,-246.7087
btc-updown-5m-1780096200,1780096452000,48,73317.60,73414.01,96.41,0.0027,0.0098,0.2168,0.3963,1.4340,0.4860,0.001769,0.0679,3.1933,73404.51,0.0015,0.0129,2.6267,0.0000,0.0400,162.10,0.0300,88.18,0.0200,163.18,0.0100,790.26,,,0.0500,46.47,0.0600,1118.70,0.0700,25.75,0.0800,20.43,0.0900,7.00,0.9500,46.47,0.9400,1118.70,0.9300,25.75,0.9200,20.43,0.9100,7.00,0.9600,162.10,0.9700,88.18,0.9800,163.18,0.9900,790.26,,,1203.72,1218.35,2422.07,1218.35,1203.72,2422.07,0.0100,0.0100,-0.0060,0.0060,0.0478,0.9522,,0.9564,0.9564,,-209.5929,-87.8113,-87.8113,-209.5929
btc-updown-5m-1780096200,1780096453000,47,73318.81,73414.01,95.20,0.0000,0.0097,0.0075,0.3946,1.4320,0.4857,0.001769,0.0681,0.1098,73404.54,0.0014,0.0129,0.0000,0.0000,0.0500,90.59,0.0400,64.99,0.0300,100.06,0.0200,230.59,0.0100,769.79,0.0600,988.35,0.0700,57.75,0.0800,58.43,0.0900,53.00,0.1000,78.22,0.9400,988.35,0.9300,57.75,0.9200,58.43,0.9100,53.00,0.9000,78.22,0.9500,90.59,0.9600,64.99,0.9700,100.06,0.9800,230.59,0.9900,769.79,1256.02,1235.75,2491.77,1235.75,1256.02,2491.77,0.0100,0.0100,0.0081,-0.0081,0.0508,0.9492,0.1239,0.8465,0.8465,0.1239,-214.8368,-35.2834,-35.2895,-214.8737
btc-updown-5m-1780096200,1780096454000,46,73318.94,73414.00,95.06,-0.0000,0.0027,0.0668,0.2964,0.4040,0.4860,0.001769,0.0703,0.9505,73404.84,0.0010,0.0125,-0.0129,-0.0000,0.0500,50.59,0.0400,34.99,0.0300,58.18,0.0200,178.18,0.0100,774.79,0.0600,1199.80,0.0700,97.94,0.0800,90.78,0.0900,89.35,0.1000,48.22,0.9400,1199.80,0.9300,97.94,0.9200,90.78,0.9100,89.35,0.9000,48.22,0.9500,50.59,0.9600,34.99,0.9700,58.18,0.9800,178.18,0.9900,774.79,1096.73,1526.09,2622.82,1526.09,1096.73,2622.82,0.0100,0.0100,-0.1637,0.1637,0.0504,0.9496,0.0780,0.8504,0.8504,0.0780,-239.0957,-16.2206,-16.2206,-239.0957
btc-updown-5m-1780096200,1780096455000,45,73319.47,73414.01,94.54,0.0000,0.0027,0.0040,0.2951,0.4060,0.4860,0.001769,0.0679,0.0589,73405.05,0.0001,0.0122,0.0129,0.0000,0.0500,35.32,0.0400,34.99,0.0300,58.18,0.0200,178.18,0.0100,735.79,0.0600,1066.61,0.0700,98.08,0.0800,90.78,0.0900,82.35,0.1000,48.22,0.9400,1066.61,0.9300,98.08,0.9200,90.78,0.9100,82.35,0.9000,48.22,0.9500,35.32,0.9600,34.99,0.9700,58.18,0.9800,178.18,0.9900,735.79,1042.46,1386.04,2428.50,1386.04,1042.46,2428.50,0.0100,0.0100,-0.1415,0.1415,0.0503,0.9497,0.0674,0.8403,0.8403,0.0674,7.8528,1.2137,1.2137,7.8528
btc-updown-5m-1780096200,1780096456000,44,73319.75,73414.00,94.25,-0.0000,0.0027,0.0560,0.3510,0.4080,0.4863,0.001769,0.0696,0.8051,73405.29,-0.0000,0.0119,-0.0128,-0.0000,0.0400,20.21,0.0300,58.18,0.0200,203.18,0.0100,740.79,,,0.0600,1032.95,0.0700,31.75,0.0800,36.43,0.0900,21.00,0.1000,54.62,0.9400,1032.95,0.9300,31.75,0.9200,36.43,0.9100,21.00,0.9000,54.62,0.9600,20.21,0.9700,58.18,0.9800,203.18,0.9900,740.79,,,1022.36,1176.75,2199.11,1176.75,1022.36,2199.11,0.0200,0.0200,-0.0702,0.0702,0.0404,0.9596,,0.9048,0.9048,,-19.9967,-79.1339,-79.1207,-19.9933
btc-updown-5m-1780096200,1780096457000,43,73319.07,73414.01,94.94,0.0000,0.0000,0.2012,0.3355,0.0080,0.4867,0.001769,0.0760,2.6457,73406.04,0.0000,0.0109,0.0129,0.0000,0.0300,35.00,0.0200,239.86,0.0100,608.18,,,,,0.0400,147.75,0.0500,62.20,0.0600,684.39,0.0700,26.75,0.0800,43.72,0.9600,147.75,0.9500,62.20,0.9400,684.39,0.9300,26.75,0.9200,43.72,0.9700,35.00,0.9800,239.86,0.9900,608.18,,,,,883.04,964.81,1847.85,964.81,883.04,1847.85,0.0100,0.0100,-0.0443,0.0443,0.0319,0.9681,,0.2176,0.2176,,-53.3368,-122.0386,-122.0172,-53.3275
btc-updown-5m-1780096200,1780096458000,42,73319.07,73414.01,94.94,0.0000,0.0000,0.0000,0.3280,0.0080,0.4867,0.001769,0.0760,0.0000,73406.04,0.0000,0.0109,0.0000,0.0000,0.0200,224.86,0.0100,634.18,,,,,,,0.0400,223.03,0.0500,57.00,0.0600,784.39,0.0700,26.75,0.0800,61.42,0.9600,223.03,0.9500,57.00,0.9400,784.39,0.9300,26.75,0.9200,61.42,0.9800,224.86,0.9900,634.18,,,,,,,859.04,1152.59,2011.63,1152.59,859.04,2011.63,0.0200,0.0200,-0.1459,0.1459,0.0300,0.9700,,0.2430,0.2430,,-59.0711,-11.2699,-11.2699,-59.0711
btc-updown-5m-1780096200,1780096459000,41,73319.09,73414.01,94.92,0.0000,0.0000,0.0045,0.2657,0.0080,0.4867,0.001769,0.0762,0.0595,73406.05,0.0000,0.0108,0.0000,0.0000,0.0300,28.55,0.0200,113.18,0.0100,674.68,,,,,0.0400,277.12,0.0500,85.13,0.0600,801.51,0.0700,51.75,0.0800,41.13,0.9600,277.12,0.9500,85.13,0.9400,801.51,0.9300,51.75,0.9200,41.13,0.9700,28.55,0.9800,113.18,0.9900,674.68,,,,,816.41,1256.64,2073.05,1256.64,816.41,2073.05,0.0100,0.0100,-0.2124,0.2124,0.0309,0.9691,,0.2883,0.2883,,-72.0574,8.4810,8.4810,-72.0574
btc-updown-5m-1780096200,1780096460000,40,73319.68,73414.01,94.33,0.0000,0.0000,0.0000,0.2617,0.0060,0.4867,0.001769,0.0762,0.0000,73406.05,0.0000,0.0108,0.0000,0.0000,0.0200,142.85,0.0100,674.68,,,,,,,0.0300,28.00,0.0400,33.00,0.0500,78.05,0.0600,810.61,0.0700,51.75,0.9700,28.00,0.9600,33.00,0.9500,78.05,0.9400,810.61,0.9300,51.75,0.9800,142.85,0.9900,674.68,,,,,,,817.53,1001.41,1818.94,1001.41,817.53,1818.94,0.0100,0.0100,-0.1011,0.1011,0.0284,0.9716,,0.0609,0.0609,,-45.7255,-85.9286,-85.9286,-45.7255
btc-updown-5m-1780096200,1780096461000,39,73319.00,73421.15,102.15,0.0097,0.0097,2.1533,2.3590,1.4320,0.7247,0.002398,0.1456,14.7859,73413.25,0.0011,0.0108,9.9349,0.0001,0.0400,94.30,0.0300,60.22,0.0200,111.39,0.0100,674.68,,,0.0500,0.05,0.0600,778.51,0.0700,18.75,0.0800,15.43,0.0900,5.00,0.9500,0.05,0.9400,778.51,0.9300,18.75,0.9200,15.43,0.9100,5.00,0.9600,94.30,0.9700,60.22,0.9800,111.39,0.9900,674.68,,,940.59,817.74,1758.33,817.74,940.59,1758.33,0.0100,0.0100,0.0699,-0.0699,0.0500,0.9500,,0.9521,0.9521,,-16.5105,-92.1070,-92.1070,-16.5105
btc-updown-5m-1780096200,1780096462000,38,73319.25,73421.16,101.91,0.0000,0.0097,0.0342,2.1920,1.4320,0.7250,0.002398,0.1467,0.2328,73413.31,0.0008,0.0107,0.0139,0.0000,0.0500,20.20,0.0400,21.57,0.0300,77.04,0.0200,213.94,0.0100,626.32,0.0600,650.03,0.0700,55.75,0.0800,50.43,0.0900,79.97,0.1000,67.22,0.9400,650.03,0.9300,55.75,0.9200,50.43,0.9100,79.97,0.9000,67.22,0.9500,20.20,0.9600,21.57,0.9700,77.04,0.9800,213.94,0.9900,626.32,959.07,903.40,1862.47,903.40,959.07,1862.47,0.0100,0.0100,0.0299,-0.0299,0.0503,0.9497,0.0436,0.7812,0.7812,0.0436,-10.3263,-44.5994,-44.6067,-10.3280
btc-updown-5m-1780096200,1780096463000,37,73319.32,73421.16,101.84,0.0000,0.0097,0.0000,2.1920,1.4320,0.7250,0.002398,0.1467,0.0000,73413.31,0.0000,0.0107,0.0000,0.0000,0.0300,46.49,0.0200,158.20,0.0100,1046.33,,,,,0.0400,37.00,0.0500,22.95,0.0600,328.14,0.0700,15.75,0.0800,10.43,0.9600,37.00,0.9500,22.95,0.9400,328.14,0.9300,15.75,0.9200,10.43,0.9700,46.49,0.9800,158.20,0.9900,1046.33,,,,,1251.02,414.27,1665.29,414.27,1251.02,1665.29,0.0100,0.0100,0.5025,-0.5025,0.0356,0.9644,,0.1447,0.1447,,67.4527,-106.5834,-106.5834,67.4527
btc-updown-5m-1780096200,1780096464000,36,73322.53,73421.16,98.63,0.0000,0.0097,0.0703,2.2577,1.4300,0.7250,0.002398,0.1490,0.4716,73413.43,0.0000,0.0105,0.0000,0.0000,0.0300,30.36,0.0200,208.20,0.0100,910.99,,,,,0.0400,25.00,0.0500,193.28,0.0600,342.42,0.0700,15.75,0.0800,15.65,0.9600,25.00,0.9500,193.28,0.9400,342.42,0.9300,15.75,0.9200,15.65,0.9700,30.36,0.9800,208.20,0.9900,910.99,,,,,1149.55,592.10,1741.65,592.10,1149.55,1741.65,0.0100,0.0100,0.3201,-0.3201,0.0355,0.9645,,0.3687,0.3687,,67.7072,-95.1699,-95.1699,67.7072
btc-updown-5m-1780096200,1780096465000,35,73324.39,73421.16,96.77,0.0000,0.0097,0.0000,2.2577,1.4300,0.7250,0.002398,0.1490,0.0000,73413.43,0.0000,0.0105,0.0000,0.0000,0.0400,59.98,0.0300,43.66,0.0200,211.59,0.0100,802.89,,,0.0500,35.00,0.0600,342.88,0.0700,15.75,0.0800,10.43,0.0900,5.00,0.9500,35.00,0.9400,342.88,0.9300,15.75,0.9200,10.43,0.9100,5.00,0.9600,59.98,0.9700,43.66,0.9800,211.59,0.9900,802.89,,,1118.12,409.06,1527.18,409.06,1118.12,1527.18,0.0100,0.0100,0.4643,-0.4643,0.0463,0.9537,,0.9238,0.9238,,59.8528,-142.1116,-142.1116,59.8528
btc-updown-5m-1780096200,1780096466000,34,73324.47,73426.07,101.60,0.0067,0.0067,0.0516,0.1560,0.9840,0.8883,0.002598,0.1507,0.3425,73413.57,0.0066,0.0170,6.7943,0.0001,0.0500,146.57,0.0400,65.00,0.0300,51.40,0.0200,319.32,0.0100,444.69,0.0600,495.57,0.0700,59.32,0.0800,50.43,0.0900,30.00,0.1000,112.19,0.9400,495.57,0.9300,59.32,0.9200,50.43,0.9100,30.00,0.9000,112.19,0.9500,146.57,0.9600,65.00,0.9700,51.40,0.9800,319.32,0.9900,444.69,1026.98,747.51,1774.49,747.51,1026.98,1774.49,0.0100,0.0100,0.1575,-0.1575,0.0523,0.9477,0.2060,0.7423,0.7423,0.2060,36.7134,-44.5048,-44.5048,36.7134
btc-updown-5m-1780096200,1780096467000,33,73328.37,73426.07,97.70,0.0000,0.0067,0.0142,0.1361,0.9840,0.8887,0.002598,0.1224,0.1161,73416.91,0.0041,0.0125,0.0000,0.0000,0.0300,73.12,0.0200,417.91,0.0100,791.38,,,,,0.0600,275.55,0.0700,10.75,0.0800,15.43,0.1000,95.07,0.1200,38.72,0.9400,275.55,0.9300,10.75,0.9200,15.43,0.9000,95.07,0.8800,38.72,0.9700,73.12,0.9800,417.91,0.9900,791.38,,,,,1282.41,435.52,1717.93,435.52,1282.41,1717.93,0.0300,0.0300,0.4930,-0.4930,0.0363,0.9637,,0.6574,0.6574,,55.2584,-109.8973,-109.8973,55.2584
btc-updown-5m-1780096200,1780096468000,32,73328.37,73426.07,97.70,0.0000,0.0067,0.0000,0.1361,0.9840,0.8887,0.002598,0.1220,0.0000,73416.98,0.0035,0.0124,0.0000,0.0000,0.0200,385.84,0.0100,809.74,,,,,,,0.0500,140.40,0.0600,302.78,0.0700,45.75,0.0800,45.43,0.0900,23.72,0.9500,140.40,0.9400,302.78,0.9300,45.75,0.9200,45.43,0.9100,23.72,0.9800,385.84,0.9900,809.74,,,,,,,1195.58,558.08,1753.66,558.08,1195.58,1753.66,0.0300,0.0300,0.3635,-0.3635,0.0420,0.9580,,0.7941,0.7941,,41.9270,-66.5343,-66.6761,42.0163
btc-updown-5m-1780096200,1780096469000,31,73328.21,73426.08,97.87,0.0000,0.0067,0.0057,0.0715,0.9860,0.7567,0.002485,0.1220,0.0466,73417.01,0.0033,0.0124,0.0133,0.0000,0.0200,219.44,0.0100,803.36,,,,,,,0.0300,45.00,0.0400,63.00,0.0500,32.46,0.0600,242.78,0.0700,15.75,0.9700,45.00,0.9600,63.00,0.9500,32.46,0.9400,242.78,0.9300,15.75,0.9800,219.44,0.9900,803.36,,,,,,,1022.80,398.99,1421.79,398.99,1022.80,1421.79,0.0100,0.0100,0.4387,-0.4387,0.0283,0.9717,,0.2707,0.2707,,7.3078,-35.0346,-35.0346,7.3078
btc-updown-5m-1780096200,1780096470000,30,73328.61,73426.08,97.47,0.0000,0.0067,0.0107,0.0822,0.9860,0.6440,0.002402,0.1214,0.0884,73417.14,0.0000,0.0122,0.0000,0.0000,0.0300,39.88,0.0200,32.10,0.0100,718.96,,,,,0.0400,16.13,0.0500,185.48,0.0600,102.20,0.0700,15.75,0.0800,15.65,0.9600,16.13,0.9500,185.48,0.9400,102.20,0.9300,15.75,0.9200,15.65,0.9700,39.88,0.9800,32.10,0.9900,718.96,,,,,790.94,335.21,1126.15,335.21,790.94,1126.15,0.0100,0.0100,0.4047,-0.4047,0.0371,0.9629,,0.6014,0.6014,,-62.5935,-43.4415,-43.4415,-62.5935
btc-updown-5m-1780096200,1780096471000,29,73327.93,73426.07,98.14,-0.0000,0.0000,0.0002,0.0308,0.0060,0.6440,0.002402,0.1175,0.0018,73417.49,-0.0000,0.0117,-0.0134,-0.0000,0.0300,42.46,0.0200,126.09,0.0100,729.24,,,,,0.0400,11.57,0.0700,22.02,0.0800,10.43,0.0900,89.97,0.1000,152.22,0.9600,11.57,0.9300,22.02,0.9200,10.43,0.9100,89.97,0.9000,152.22,0.9700,42.46,0.9800,126.09,0.9900,729.24,,,,,897.79,286.21,1184.00,286.21,897.79,1184.00,0.0100,0.0100,0.5165,-0.5165,0.0379,0.9621,,0.1174,0.1174,,9.6727,-82.2800,-82.2800,9.6727
btc-updown-5m-1780096200,1780096472000,28,73328.67,73426.07,97.40,0.0000,0.0000,0.0000,0.0166,0.0040,0.6440,0.002402,0.1175,0.0000,73417.49,-0.0000,0.0117,0.0000,0.0000,0.0100,814.87,,,,,,,,,0.0200,85.77,0.0300,62.00,0.0400,17.57,0.0500,21.04,0.0600,20.00,0.9800,85.77,0.9700,62.00,0.9600,17.57,0.9500,21.04,0.9400,20.00,0.9900,814.87,,,,,,,,,814.87,206.38,1021.25,206.38,814.87,1021.25,0.0100,0.0100,0.5958,-0.5958,0.0190,0.9810,,0.7160,0.7160,,-33.6816,-94.5453,-94.5453,-33.6816
btc-updown-5m-1780096200,1780096473000,27,73328.67,73426.07,97.40,0.0000,0.0000,0.0003,0.0170,0.0040,0.6440,0.002402,0.1169,0.0029,73417.55,-0.0000,0.0116,0.0000,0.0000,0.0100,662.42,,,,,,,,,0.0300,39.18,0.0400,5.05,0.0500,26.61,0.0600,20.00,0.0700,42.93,0.9700,39.18,0.9600,5.05,0.9500,26.61,0.9400,20.00,0.9300,42.93,0.9900,662.42,,,,,,,,,662.42,133.77,796.19,133.77,662.42,796.19,0.0200,0.0200,0.6640,-0.6640,0.0289,0.9711,,0.3306,0.3306,,-108.1631,-110.2941,-109.1519,-108.1631
btc-updown-5m-1780096200,1780096474000,26,73327.47,73426.08,98.61,0.0000,0.0000,0.0940,0.1053,0.0040,0.6443,0.002402,0.1095,0.8584,73418.80,0.0000,0.0099,0.0134,0.0000,0.0200,138.65,0.0100,503.28,,,,,,,0.0300,46.10,0.0500,16.59,0.0700,42.93,0.0800,80.40,0.0900,60.90,0.9700,46.10,0.9500,16.59,0.9300,42.93,0.9200,80.40,0.9100,60.90,0.9800,138.65,0.9900,503.28,,,,,,,641.93,246.92,888.85,246.92,641.93,888.85,0.0100,0.0100,0.4444,-0.4444,0.0275,0.9725,,0.2539,0.2539,,-78.9759,-70.5120,-70.5120,-78.9759
btc-updown-5m-1780096200,1780096475000,25,73326.79,73426.08,99.29,0.0000,0.0000,0.0021,0.0966,0.0040,0.6443,0.002402,0.1070,0.0192,73419.09,0.0000,0.0095,0.0000,0.0000,0.0200,10.00,0.0100,521.59,,,,,,,0.0300,25.82,0.0400,12.55,0.0500,50.22,0.0700,35.75,0.0800,80.40,0.9700,25.82,0.9600,12.55,0.9500,50.22,0.9300,35.75,0.9200,80.40,0.9800,10.00,0.9900,521.59,,,,,,,531.59,204.74,736.33,204.74,531.59,736.33,0.0100,0.0100,0.4439,-0.4439,0.0228,0.9772,,0.1874,0.1874,,-80.8310,-31.9648,-31.9700,-80.8443
btc-updown-5m-1780096200,1780096476000,24,73326.12,73426.08,99.96,0.0000,0.0000,0.0000,0.0964,0.0020,0.6443,0.002402,0.1040,0.0000,73419.43,0.0000,0.0091,0.0000,0.0000,0.0100,304.98,,,,,,,,,0.0400,416.74,0.0500,50.22,0.0700,35.75,0.0800,80.40,0.0900,45.00,0.9600,416.74,0.9500,50.22,0.9300,35.75,0.9200,80.40,0.9100,45.00,0.9900,304.98,,,,,,,,,304.98,628.11,933.09,628.11,304.98,933.09,0.0300,0.0300,-0.3463,0.3463,0.0227,0.9773,,0.7434,0.7434,,-77.4809,46.6996,46.7145,-77.5056
btc-updown-5m-1780096200,1780096477000,23,73325.23,73426.08,100.85,0.0000,0.0000,0.0000,0.0964,0.0020,0.6440,0.002402,0.1025,0.0000,73419.63,0.0000,0.0088,0.0000,0.0000,0.0100,245.74,,,,,,,,,0.0400,268.15,0.0500,32.07,0.0600,7.03,0.0700,35.75,0.0800,86.42,0.9600,268.15,0.9500,32.07,0.9400,7.03,0.9300,35.75,0.9200,86.42,0.9900,245.74,,,,,,,,,245.74,429.42,675.16,429.42,245.74,675.16,0.0300,0.0300,-0.2721,0.2721,0.0243,0.9757,,0.6991,0.6991,,-109.4411,24.0366,24.0406,-109.4595
btc-updown-5m-1780096200,1780096478000,22,73325.08,73426.07,100.99,-0.0000,0.0000,0.0005,0.0965,0.0040,0.6440,0.002402,0.1024,0.0051,73419.64,-0.0000,0.0088,-0.0138,-0.0000,0.0100,245.74,,,,,,,,,0.0400,268.15,0.0500,32.07,0.0600,7.03,0.0700,35.75,0.0800,86.42,0.9600,268.15,0.9500,32.07,0.9400,7.03,0.9300,35.75,0.9200,86.42,0.9900,245.74,,,,,,,,,245.74,429.42,675.16,429.42,245.74,675.16,0.0300,0.0300,-0.2721,0.2721,0.0243,0.9757,,0.6991,0.6991,,-115.2318,45.1589,45.1681,-115.2552
btc-updown-5m-1780096200,1780096479000,21,73325.03,73415.19,90.16,-0.0148,-0.0148,1.0205,1.0231,2.1780,0.8350,0.003491,0.1350,7.5600,73418.59,-0.0013,-0.0046,-13.3591,-0.0002,,,,,,,,,,,0.0300,139.15,0.0400,424.22,0.0500,413.44,0.0600,20.00,0.0700,70.75,0.9700,139.15,0.9600,424.22,0.9500,413.44,0.9400,20.00,0.9300,70.75,,,,,,,,,,,-0.00,1067.56,1067.56,1067.56,-0.00,1067.56,,,-1.0000,1.0000,,,,0.5277,0.5277,,-117.5751,134.4413,134.4648,-117.5956
btc-updown-5m-1780096200,1780096480000,20,73325.03,73415.19,90.16,0.0000,-0.0148,0.0015,1.0226,2.1800,0.8353,0.003491,0.1297,0.0117,73418.85,-0.0000,-0.0050,0.0000,0.0000,,,,,,,,,,,0.0300,139.15,0.0400,424.22,0.0500,413.44,0.0600,20.00,0.0700,70.75,0.9700,139.15,0.9600,424.22,0.9500,413.44,0.9400,20.00,0.9300,70.75,,,,,,,,,,,-0.00,1067.56,1067.56,1067.56,-0.00,1067.56,,,-1.0000,1.0000,,,,0.5277,0.5277,,-139.0665,183.8517,183.8918,-139.0969
btc-updown-5m-1780096200,1780096481000,19,73319.26,73415.19,95.93,0.0000,-0.0148,0.0161,1.0387,2.1800,0.8353,0.003491,0.1301,0.1238,73418.85,-0.0000,-0.0050,0.0000,0.0000,,,,,,,,,,,0.0300,139.15,0.0400,424.22,0.0500,413.44,0.0600,20.00,0.0700,70.75,0.9700,139.15,0.9600,424.22,0.9500,413.44,0.9400,20.00,0.9300,70.75,,,,,,,,,,,-0.00,1067.56,1067.56,1067.56,-0.00,1067.56,,,-1.0000,1.0000,,,,0.5277,0.5277,,-146.0813,237.1036,237.1036,-146.0813
btc-updown-5m-1780096200,1780096482000,18,73315.06,73415.20,100.14,0.0000,-0.0148,0.0083,1.0470,2.1820,0.7687,0.003458,0.1303,0.0638,73418.84,0.0000,-0.0050,0.0136,0.0000,,,,,,,,,,,,,,,,,,,,,,,,,,,,,,,,,,,,,,,,,-0.00,-0.00,-0.00,-0.00,-0.00,-0.00,,,,,,,,,,,,,,
btc-updown-5m-1780096200,1780096483000,17,73313.99,73415.20,101.21,0.0000,-0.0148,0.0000,1.0464,2.1800,0.7687,0.003458,0.1233,0.0000,73419.11,0.0000,-0.0053,0.0000,0.0000,,,,,,,,,,,,,,,,,,,,,,,,,,,,,,,,,,,,,,,,,-0.00,-0.00,-0.00,-0.00,-0.00,-0.00,,,,,,,,,,,,,,
btc-updown-5m-1780096200,1780096484000,16,73312.91,73415.19,102.28,-0.0000,0.0000,0.0001,0.0260,0.0060,0.7687,0.003458,0.1231,0.0008,73419.12,-0.0000,-0.0054,-0.0139,-0.0000,,,,,,,,,,,,,,,,,,,,,,,,,,,,,,,,,,,,,,,,,-0.00,-0.00,-0.00,-0.00,-0.00,-0.00,,,,,,,,,,,,,,
btc-updown-5m-1780096200,1780096485000,15,73312.87,73415.19,102.32,0.0000,0.0000,0.0000,0.0245,0.0040,0.7683,0.003458,0.1209,0.0000,73419.22,-0.0000,-0.0055,0.0000,0.0000,,,,,,,,,,,,,,,,,,,,,,,,,,,,,,,,,,,,,,,,,-0.00,-0.00,-0.00,-0.00,-0.00,-0.00,,,,,,,,,,,,,,
btc-updown-5m-1780096200,1780096486000,14,73312.88,73415.19,102.31,0.0000,0.0000,0.0000,0.0084,0.0040,0.7680,0.003458,0.1208,0.0000,73419.22,-0.0000,-0.0055,0.0000,0.0000,,,,,,,,,,,,,,,,,,,,,,,,,,,,,,,,,,,,,,,,,-0.00,-0.00,-0.00,-0.00,-0.00,-0.00,,,,,,,,,,,,,,
btc-updown-5m-1780096200,1780096487000,13,73312.95,73415.19,102.24,0.0000,-0.0000,0.0000,0.0001,0.0020,0.7677,0.003458,0.1190,0.0000,73419.30,-0.0000,-0.0056,0.0000,0.0000,,,,,,,,,,,,,,,,,,,,,,,,,,,,,,,,,,,,,,,,,-0.00,-0.00,-0.00,-0.00,-0.00,-0.00,,,,,,,,,,,,,,
btc-updown-5m-1780096200,1780096488000,12,73313.03,73415.19,102.16,0.0000,-0.0000,0.0077,0.0078,0.0020,0.7677,0.003458,0.1128,0.0686,73419.60,0.0000,-0.0060,0.0000,0.0000,,,,,,,,,,,,,,,,,,,,,,,,,,,,,,,,,,,,,,,,,-0.00,-0.00,-0.00,-0.00,-0.00,-0.00,,,,,,,,,,,,,,
btc-updown-5m-1780096200,1780096489000,11,73314.60,73415.19,100.59,0.0000,0.0000,0.0000,0.0077,0.0000,0.7673,0.003458,0.1128,0.0000,73419.60,0.0000,-0.0060,0.0000,0.0000,,,,,,,,,,,,,,,,,,,,,,,,,,,,,,,,,,,,,,,,,-0.00,-0.00,-0.00,-0.00,-0.00,-0.00,,,,,,,,,,,,,,
btc-updown-5m-1780096200,1780096490000,10,73312.87,73415.19,102.32,0.0000,0.0000,0.0183,0.0260,0.0000,0.7673,0.003458,0.1132,0.1616,73419.58,0.0000,-0.0060,0.0000,0.0000,,,,,,,,,,,,,,,,,,,,,,,,,,,,,,,,,,,,,,,,,-0.00,-0.00,-0.00,-0.00,-0.00,-0.00,,,,,,,,,,,,,,
btc-updown-5m-1780096200,1780096491000,9,73312.87,73415.19,102.32,0.0000,0.0000,0.0000,0.0260,0.0000,0.5293,0.002956,0.1132,0.0000,73419.58,0.0000,-0.0060,0.0000,0.0000,,,,,,,,,,,,,,,,,,,,,,,,,,,,,,,,,,,,,,,,,-0.00,-0.00,-0.00,-0.00,-0.00,-0.00,,,,,,,,,,,,,,
btc-updown-5m-1780096200,1780096492000,8,73312.87,73415.19,102.32,0.0000,0.0000,0.0385,0.0645,0.0000,0.5290,0.002956,0.0450,0.8552,73417.04,0.0000,-0.0025,0.0000,0.0000,,,,,,,,,,,,,,,,,,,,,,,,,,,,,,,,,,,,,,,,,-0.00,-0.00,-0.00,-0.00,-0.00,-0.00,,,,,,,,,,,,,,
btc-updown-5m-1780096200,1780096493000,7,73312.78,73415.19,102.41,0.0000,0.0000,0.0215,0.0783,0.0000,0.5290,0.002956,0.0446,0.4822,73416.91,0.0000,-0.0023,0.0000,0.0000,,,,,,,,,,,,,,,,,,,,,,,,,,,,,,,,,,,,,,,,,-0.00,-0.00,-0.00,-0.00,-0.00,-0.00,,,,,,,,,,,,,,
btc-updown-5m-1780096200,1780096494000,6,73312.81,73415.19,102.38,0.0000,0.0000,0.0000,0.0783,0.0000,0.5290,0.002956,0.0446,0.0000,73416.91,0.0000,-0.0023,0.0000,0.0000,,,,,,,,,,,,,,,,,,,,,,,,,,,,,,,,,,,,,,,,,-0.00,-0.00,-0.00,-0.00,-0.00,-0.00,,,,,,,,,,,,,,
btc-updown-5m-1780096200,1780096495000,5,73312.81,73415.19,102.38,0.0000,0.0000,0.0006,0.0606,0.0000,0.5290,0.002956,0.0423,0.0149,73416.68,0.0000,-0.0020,0.0000,0.0000,,,,,,,,,,,,,,,,,,,,,,,,,,,,,,,,,,,,,,,,,-0.00,-0.00,-0.00,-0.00,-0.00,-0.00,,,,,,,,,,,,,,
btc-updown-5m-1780096200,1780096496000,4,73312.79,73415.19,102.40,0.0000,0.0000,0.0150,0.0757,0.0000,0.3653,0.002660,0.0428,0.3514,73416.66,0.0000,-0.0020,0.0000,0.0000,,,,,,,,,,,,,,,,,,,,,,,,,,,,,,,,,,,,,,,,,-0.00,-0.00,-0.00,-0.00,-0.00,-0.00,,,,,,,,,,,,,,
btc-updown-5m-1780096200,1780096497000,3,73312.79,73415.19,102.40,0.0000,0.0000,0.0000,0.0372,0.0000,0.3650,0.002660,0.0412,0.0000,73416.28,0.0000,-0.0015,0.0000,0.0000,,,,,,,,,,,,,,,,,,,,,,,,,,,,,,,,,,,,,,,,,-0.00,-0.00,-0.00,-0.00,-0.00,-0.00,,,,,,,,,,,,,,
btc-updown-5m-1780096200,1780096498000,2,73312.70,73415.19,102.49,0.0000,0.0000,0.0091,0.0247,0.0020,0.3653,0.002660,0.0410,0.2213,73416.16,0.0000,-0.0013,0.0000,0.0000,,,,,,,,,,,,,,,,,,,,,,,,,,,,,,,,,,,,,,,,,-0.00,-0.00,-0.00,-0.00,-0.00,-0.00,,,,,,,,,,,,,,
btc-updown-5m-1780096200,1780096499000,1,73312.68,73415.19,102.51,0.0000,0.0000,0.0011,0.0258,0.0020,0.3650,0.002660,0.0410,0.0268,73416.16,0.0000,-0.0013,0.0000,0.0000,,,,,,,,,,,,,,,,,,,,,,,,,,,,,,,,,,,,,,,,,-0.00,-0.00,-0.00,-0.00,-0.00,-0.00,,,,,,,,,,,,,,
btc-updown-5m-1780096200,1780096500000,0,73312.71,73415.20,102.49,0.0000,0.0000,0.3408,0.3661,0.0040,0.3653,0.002660,0.0518,6.5747,73415.92,0.0000,-0.0010,0.0140,0.0000,,,,,,,,,,,,,,,,,,,,,,,,,,,,,,,,,,,,,,,,,-0.00,-0.00,-0.00,-0.00,-0.00,-0.00,,,,,,,,,,,,,,
btc-updown-5m-1780096200,1780096501000,-1,73312.68,73415.19,102.51,-0.0000,0.0000,0.0034,0.3544,0.0060,0.3653,0.002660,0.0516,0.0665,73415.85,-0.0000,-0.0009,-0.0140,-0.0000,,,,,,,,,,,,,,,,,,,,,,,,,,,,,,,,,,,,,,,,,-0.00,-0.00,-0.00,-0.00,-0.00,-0.00,,,,,,,,,,,,,,
