market_slug,timestamp_ms,seconds_till_end,oracle_btc_price,binance_btc_price,lag,binance_ret1s_x100,binance_ret5s_x100,binance_volume_1s,binance_volume_5s,binance_atr_5s,binance_atr_30s,binance_rvol_30s,binance_volma_30s,binance_volume_spike,binance_vwap_30s,binance_p_vwap_5s,binance_p_vwap_30s,lat_dir_raw_x1000,lat_dir_norm_x1000,up_bid_1_price,up_bid_1_size,up_bid_2_price,up_bid_2_size,up_bid_3_price,up_bid_3_size,up_bid_4_price,up_bid_4_size,up_bid_5_price,up_bid_5_size,up_ask_1_price,up_ask_1_size,up_ask_2_price,up_ask_2_size,up_ask_3_price,up_ask_3_size,up_ask_4_price,up_ask_4_size,up_ask_5_price,up_ask_5_size,down_bid_1_price,down_bid_1_size,down_bid_2_price,down_bid_2_size,down_bid_3_price,down_bid_3_size,down_bid_4_price,down_bid_4_size,down_bid_5_price,down_bid_5_size,down_ask_1_price,down_ask_1_size,down_ask_2_price,down_ask_2_size,down_ask_3_price,down_ask_3_size,down_ask_4_price,down_ask_4_size,down_ask_5_price,down_ask_5_size,pm_up_bid_depth5,pm_up_ask_depth5,pm_up_total_depth5,pm_down_bid_depth5,pm_down_ask_depth5,pm_down_total_depth5,pm_up_spread,pm_down_spread,pm_up_imbalance,pm_down_imbalance,pm_up_microprice,pm_down_microprice,pm_up_bid_slope,pm_up_ask_slope,pm_down_bid_slope,pm_down_ask_slope,pm_up_bid_eatflow,pm_up_ask_eatflow,pm_down_bid_eatflow,pm_down_ask_eatflow
btc-updown-5m-1780095300,1780095302000,298,73335.29,73436.38,101.09,0.0000,0.0065,0.0000,0.0855,0.9600,0.3897,0.001730,0.0381,0.0000,73430.36,0.0001,0.0082,0.0000,0.0000,,,,,,,,,,,,,,,,,,,,,,,,,,,,,,,,,,,,,,,,,-0.00,-0.00,-0.00,-0.00,-0.00,-0.00,,,,,,,,,,,,,,
btc-updown-5m-1780095300,1780095303000,297,73337.91,73436.38,98.47,0.0000,0.0065,0.0000,0.0852,0.9580,0.3893,0.001730,0.0381,0.0000,73430.36,0.0000,0.0082,0.0000,0.0000,,,,,,,,,,,,,,,,,,,,,,,,,,,,,,,,,,,,,,,,,-0.00,-0.00,-0.00,-0.00,-0.00,-0.00,,,,,,,,,,,,,,
btc-updown-5m-1780095300,1780095304000,296,73340.75,73446.80,106.05,0.0142,0.0207,0.7260,0.8112,3.0420,0.7367,0.002997,0.0604,12.0220,73436.84,0.0015,0.0136,15.0473,0.0002,0.4900,118.00,0.4800,162.00,0.4700,191.60,0.4600,177.67,0.4500,111.00,0.5000,75.74,0.5100,50.00,0.5200,88.00,0.5300,61.00,0.5400,246.00,0.5000,75.74,0.4900,50.00,0.4800,88.00,0.4700,61.00,0.4600,246.00,0.5100,118.00,0.5200,162.00,0.5300,191.60,0.5400,177.67,0.5500,111.00,760.27,520.74,1281.01,520.74,760.27,1281.01,0.0100,0.0100,0.1870,-0.1870,0.4961,0.5039,0.3683,0.2415,0.2415,0.3683,-385.1760,-211.8426,-211.4050,-384.3802
btc-updown-5m-1780095300,1780095305000,295,73341.18,73449.76,108.58,0.0040,0.0182,0.0586,0.7871,2.6780,0.8353,0.003039,0.0607,0.9661,73437.56,0.0051,0.0166,4.3757,0.0001,0.6000,429.20,0.5900,100.89,0.5800,168.35,0.5700,136.00,0.5600,111.00,0.6100,6.21,0.6200,55.00,0.6300,15.00,0.6400,67.26,0.6500,103.72,0.3900,6.21,0.3800,55.00,0.3700,15.00,0.3600,67.26,0.3500,103.72,0.4000,429.20,0.4100,100.89,0.4200,168.35,0.4300,136.00,0.4400,111.00,945.44,247.19,1192.63,247.19,945.44,1192.63,0.0100,0.0100,0.5855,-0.5855,0.6099,0.3901,0.5607,0.2476,0.2476,0.5607,-0.4974,-214.9057,-215.0286,-0.4977
btc-updown-5m-1780095300,1780095306000,294,73340.97,73449.76,108.79,0.0000,0.0182,0.0000,0.7846,2.6760,0.8353,0.003039,0.0604,0.0000,73437.62,0.0038,0.0165,0.0000,0.0000,0.5700,91.00,0.5600,36.00,0.5500,126.00,0.5400,117.20,0.5300,71.57,0.5900,22.00,0.6000,20.00,0.6100,142.92,0.6200,112.36,0.6300,101.10,0.4100,22.00,0.4000,20.00,0.3900,142.92,0.3800,112.36,0.3700,101.10,0.4300,91.00,0.4400,36.00,0.4500,126.00,0.4600,117.20,0.4700,71.57,441.77,398.38,840.15,398.38,441.77,840.15,0.0200,0.0200,0.0516,-0.0516,0.5861,0.4139,0.2875,0.1054,0.1054,0.2875,-187.6311,-83.5552,-83.5552,-187.6311
btc-updown-5m-1780095300,1780095307000,293,73351.93,73449.76,97.83,0.0000,0.0182,0.0010,0.7856,2.6760,0.8353,0.003039,0.0604,0.0170,73437.63,0.0037,0.0165,0.0000,0.0000,0.5600,119.97,0.5500,193.00,0.5400,152.20,0.5300,121.76,0.5200,145.88,0.5700,54.81,0.5800,30.00,0.5900,146.89,0.6000,396.43,0.6100,121.77,0.4300,54.81,0.4200,30.00,0.4100,146.89,0.4000,396.43,0.3900,121.77,0.4400,119.97,0.4500,193.00,0.4600,152.20,0.4700,121.76,0.4800,145.88,732.81,749.90,1482.71,749.90,732.81,1482.71,0.0100,0.0100,-0.0115,0.0115,0.5669,0.4331,0.4271,0.1131,0.1131,0.4271,-58.3972,34.6937,34.6937,-58.3972
btc-updown-5m-1780095300,1780095308000,292,73351.93,73449.76,97.83,0.0000,0.0182,0.0136,0.7993,2.6760,0.8353,0.003039,0.0605,0.2252,73437.80,0.0037,0.0163,0.0000,0.0000,0.5700,51.00,0.5600,60.02,0.5500,161.00,0.5400,92.20,0.5300,71.00,0.5800,3.00,0.5900,41.87,0.6000,326.43,0.6100,132.39,0.6200,107.94,0.4200,3.00,0.4100,41.87,0.4000,326.43,0.3900,132.39,0.3800,107.94,0.4300,51.00,0.4400,60.02,0.4500,161.00,0.4600,92.20,0.4700,71.00,435.22,611.63,1046.85,611.63,435.22,1046.85,0.0100,0.0100,-0.1685,0.1685,0.5794,0.4206,0.2551,0.0734,0.0734,0.2551,-108.5808,-2.4283,-2.4288,-108.6039
btc-updown-5m-1780095300,1780095309000,291,73352.73,73449.75,97.02,-0.0000,0.0040,0.0367,0.1100,0.5940,0.6600,0.002830,0.0608,0.6035,73438.21,0.0035,0.0157,-0.0132,-0.0000,0.5800,96.22,0.5700,86.00,0.5600,76.02,0.5500,156.00,0.5400,97.20,0.5900,5.15,0.6000,291.43,0.6100,68.83,0.6200,89.74,0.6300,37.94,0.4100,5.15,0.4000,291.43,0.3900,68.83,0.3800,89.74,0.3700,37.94,0.4200,96.22,0.4300,86.00,0.4400,76.02,0.4500,156.00,0.4600,97.20,511.44,493.09,1004.53,493.09,511.44,1004.53,0.0100,0.0100,0.0183,-0.0183,0.5895,0.4105,0.3563,0.6015,0.6015,0.3563,-75.5376,-22.5760,-22.5760,-75.5376
btc-updown-5m-1780095300,1780095310000,290,73352.78,73449.75,96.97,0.0000,-0.0000,0.0020,0.0534,0.0020,0.6597,0.002829,0.0400,0.0500,73442.47,-0.0000,0.0099,0.0000,0.0000,0.5800,17.22,0.5700,131.00,0.5600,71.02,0.5500,165.40,0.5400,87.20,0.5900,191.77,0.6000,323.80,0.6100,113.92,0.6200,126.00,0.6300,91.00,0.4100,191.77,0.4000,323.80,0.3900,113.92,0.3800,126.00,0.3700,91.00,0.4200,17.22,0.4300,131.00,0.4400,71.02,0.4500,165.40,0.4600,87.20,471.84,846.49,1318.33,846.49,471.84,1318.33,0.0100,0.0100,-0.2842,0.2842,0.5808,0.4192,0.3141,0.6091,0.6091,0.3141,-66.3798,95.7683,95.7349,-66.3567
btc-updown-5m-1780095300,1780095311000,289,73352.79,73449.75,96.96,0.0000,-0.0000,0.0046,0.0580,0.0020,0.6087,0.002825,0.0401,0.1150,73442.52,-0.0000,0.0098,0.0000,0.0000,0.5700,124.28,0.5600,81.02,0.5500,170.40,0.5400,87.20,0.5300,66.00,0.5900,252.81,0.6000,342.54,0.6100,115.09,0.6200,126.00,0.6300,91.00,0.4100,252.81,0.4000,342.54,0.3900,115.09,0.3800,126.00,0.3700,91.00,0.4300,124.28,0.4400,81.02,0.4500,170.40,0.4600,87.20,0.4700,66.00,528.90,927.44,1456.34,927.44,528.90,1456.34,0.0200,0.0200,-0.2737,0.2737,0.5766,0.4234,0.3882,0.6419,0.6419,0.3882,-76.9094,123.5246,123.5022,-76.8954
btc-updown-5m-1780095300,1780095312000,288,73352.80,73449.75,96.95,0.0000,-0.0000,0.0001,0.0570,0.0020,0.6083,0.002825,0.0379,0.0021,73443.16,-0.0000,0.0090,0.0000,0.0000,0.5800,23.31,0.5700,177.50,0.5600,93.00,0.5500,170.40,0.5400,92.78,0.5900,140.81,0.6000,304.54,0.6100,68.83,0.6200,71.00,0.6300,31.00,0.4100,140.81,0.4000,304.54,0.3900,68.83,0.3800,71.00,0.3700,31.00,0.4200,23.31,0.4300,177.50,0.4400,93.00,0.4500,170.40,0.4600,92.78,556.99,616.18,1173.17,616.18,556.99,1173.17,0.0100,0.0100,-0.0505,0.0505,0.5814,0.4186,0.3605,0.7228,0.7228,0.3605,17.8613,8.8442,8.8456,17.8643
btc-updown-5m-1780095300,1780095313000,287,73353.49,73449.76,96.27,0.0000,0.0000,0.0030,0.0464,0.0500,0.6163,0.002825,0.0371,0.0808,73443.44,0.0000,0.0086,0.0131,0.0000,0.5900,175.23,0.5800,114.56,0.5700,195.28,0.5600,116.00,0.5500,175.31,0.6000,212.18,0.6100,47.89,0.6200,31.00,0.6300,36.00,0.6400,61.00,0.4000,212.18,0.3900,47.89,0.3800,31.00,0.3700,36.00,0.3600,61.00,0.4100,175.23,0.4200,114.56,0.4300,195.28,0.4400,116.00,0.4500,175.31,776.38,388.07,1164.45,388.07,776.38,1164.45,0.0100,0.0100,0.3335,-0.3335,0.5945,0.4055,0.3733,0.6702,0.6702,0.3733,17.2320,-57.7621,-57.7621,17.2320
btc-updown-5m-1780095300,1780095314000,286,73353.63,73449.76,96.13,0.0000,0.0000,0.0000,0.0097,0.0480,0.6163,0.002825,0.0367,0.0000,73443.58,0.0000,0.0084,0.0000,0.0000,0.5900,132.57,0.5800,93.00,0.5700,285.28,0.5600,126.00,0.5500,180.84,0.6000,88.37,0.6100,36.09,0.6200,36.00,0.6300,36.00,0.6400,56.00,0.4000,88.37,0.3900,36.09,0.3800,36.00,0.3700,36.00,0.3600,56.00,0.4100,132.57,0.4200,93.00,0.4300,285.28,0.4400,126.00,0.4500,180.84,817.69,252.46,1070.15,252.46,817.69,1070.15,0.0100,0.0100,0.5282,-0.5282,0.5960,0.4040,0.2759,0.4930,0.4930,0.2759,63.0998,-62.8466,-62.8259,63.0791
btc-updown-5m-1780095300,1780095315000,285,73354.33,73449.76,95.43,0.0000,0.0000,0.0018,0.0095,0.0480,0.6163,0.002825,0.0326,0.0555,73445.10,0.0000,0.0063,0.0000,0.0000,0.6000,190.66,0.5900,83.56,0.5800,91.00,0.5700,275.28,0.5600,116.00,0.6100,22.22,0.6200,18.00,0.6300,43.00,0.6400,26.00,0.6500,205.97,0.3900,22.22,0.3800,18.00,0.3700,43.00,0.3600,26.00,0.3500,205.97,0.4000,190.66,0.4100,83.56,0.4200,91.00,0.4300,275.28,0.4400,116.00,756.50,315.19,1071.69,315.19,756.50,1071.69,0.0100,0.0100,0.4118,-0.4118,0.6090,0.3910,0.3625,0.1276,0.1276,0.3625,54.0677,-46.9067,-46.9067,54.0677
btc-updown-5m-1780095300,1780095316000,284,73355.03,73449.76,94.73,0.0000,0.0000,0.0003,0.0052,0.0480,0.6163,0.002825,0.0326,0.0080,73445.10,0.0000,0.0063,0.0000,0.0000,0.5300,34.88,0.5200,6.00,0.5100,38.00,0.5000,75.00,0.4900,36.00,0.5400,95.73,0.5500,516.23,0.5600,254.00,0.5700,121.59,0.5800,101.72,0.4600,95.73,0.4500,516.23,0.4400,254.00,0.4300,121.59,0.4200,101.72,0.4700,34.88,0.4800,6.00,0.4900,38.00,0.5000,75.00,0.5100,36.00,189.88,1089.27,1279.15,1089.27,189.88,1279.15,0.0100,0.0100,-0.7031,0.7031,0.5327,0.4673,0.2153,0.5618,0.5618,0.2153,-44.9333,21.9846,21.9846,-44.9333
btc-updown-5m-1780095300,1780095317000,283,73355.03,73449.76,94.73,0.0000,0.0000,0.0000,0.0051,0.0480,0.6163,0.002825,0.0326,0.0000,73445.10,0.0000,0.0063,0.0000,0.0000,0.5300,18.47,0.5200,26.00,0.5100,30.00,0.5000,67.00,0.4900,36.00,0.5400,224.10,0.5500,369.57,0.5600,347.00,0.5700,76.00,0.5800,46.00,0.4600,224.10,0.4500,369.57,0.4400,347.00,0.4300,76.00,0.4200,46.00,0.4700,18.47,0.4800,26.00,0.4900,30.00,0.5000,67.00,0.5100,36.00,177.47,1062.67,1240.14,1062.67,177.47,1240.14,0.0100,0.0100,-0.7138,0.7138,0.5308,0.4692,0.2506,0.5587,0.5587,0.2506,-79.7362,89.1290,89.1460,-79.7514
btc-updown-5m-1780095300,1780095318000,282,73355.03,73449.76,94.73,0.0000,0.0000,0.0000,0.0021,0.0000,0.6160,0.002825,0.0326,0.0000,73445.10,0.0000,0.0063,0.0000,0.0000,0.5300,57.93,0.5200,26.00,0.5100,30.00,0.5000,79.34,0.4900,31.00,0.5400,113.85,0.5500,369.57,0.5600,347.00,0.5700,76.00,0.5800,46.00,0.4600,113.85,0.4500,369.57,0.4400,347.00,0.4300,76.00,0.4200,46.00,0.4700,57.93,0.4800,26.00,0.4900,30.00,0.5000,79.34,0.5100,31.00,224.27,952.42,1176.69,952.42,224.27,1176.69,0.0100,0.0100,-0.6188,0.6188,0.5334,0.4666,0.3742,0.5076,0.5076,0.3742,-54.1978,54.7711,54.7711,-54.1978
btc-updown-5m-1780095300,1780095319000,281,73353.15,73449.76,96.61,0.0000,0.0000,0.0586,0.0607,0.0000,0.6157,0.002825,0.0345,1.6985,73445.36,0.0000,0.0060,0.0000,0.0000,0.5400,74.31,0.5300,12.83,0.5200,45.36,0.5100,68.00,0.5000,105.00,0.5500,361.84,0.5600,397.47,0.5700,56.00,0.5800,46.00,0.5900,61.00,0.4500,361.84,0.4400,397.47,0.4300,56.00,0.4200,46.00,0.4100,61.00,0.4600,74.31,0.4700,12.83,0.4800,45.36,0.4900,68.00,0.5000,105.00,305.50,922.31,1227.81,922.31,305.50,1227.81,0.0100,0.0100,-0.5024,0.5024,0.5417,0.4583,0.2852,0.8233,0.8233,0.2852,-72.4979,99.0254,99.0423,-72.5102
btc-updown-5m-1780095300,1780095320000,280,73352.37,73449.76,97.39,0.0000,0.0000,0.0005,0.0594,0.0000,0.6157,0.002825,0.0345,0.0154,73445.37,0.0000,0.0060,0.0000,0.0000,0.5400,46.82,0.5300,27.83,0.5200,26.00,0.5100,68.00,0.5000,130.00,0.5500,273.13,0.5600,399.47,0.5700,76.00,0.5800,46.00,0.5900,61.00,0.4500,273.13,0.4400,399.47,0.4300,76.00,0.4200,46.00,0.4100,61.00,0.4600,46.82,0.4700,27.83,0.4800,26.00,0.4900,68.00,0.5000,130.00,298.65,855.60,1154.25,855.60,298.65,1154.25,0.0100,0.0100,-0.4825,0.4825,0.5415,0.4585,0.2500,0.7861,0.7861,0.2500,-86.8396,100.9102,100.9102,-86.8396
btc-updown-5m-1780095300,1780095321000,279,73352.19,73449.76,97.57,0.0000,0.0000,0.0001,0.0592,0.0000,0.6153,0.002825,0.0345,0.0026,73445.37,0.0000,0.0060,0.0000,0.0000,0.5400,43.47,0.5300,17.83,0.5200,42.37,0.5100,68.00,0.5000,135.00,0.5500,276.54,0.5600,399.47,0.5700,56.00,0.5800,46.00,0.5900,61.00,0.4500,276.54,0.4400,399.47,0.4300,56.00,0.4200,46.00,0.4100,61.00,0.4600,43.47,0.4700,17.83,0.4800,42.37,0.4900,68.00,0.5000,135.00,306.67,839.01,1145.68,839.01,306.67,1145.68,0.0100,0.0100,-0.4646,0.4646,0.5414,0.4586,0.1999,0.8057,0.8057,0.1999,-78.5592,91.4810,91.4969,-78.5729
btc-updown-5m-1780095300,1780095322000,278,73352.19,73449.76,97.57,0.0000,0.0000,0.0000,0.0592,0.0000,0.6150,0.002825,0.0330,0.0000,73446.00,0.0000,0.0051,0.0000,0.0000,0.5400,31.16,0.5300,70.83,0.5200,50.73,0.5100,68.00,0.5000,100.00,0.5500,235.31,0.5600,394.00,0.5700,61.60,0.5800,46.00,0.5900,61.00,0.4500,235.31,0.4400,394.00,0.4300,61.60,0.4200,46.00,0.4100,61.00,0.4600,31.16,0.4700,70.83,0.4800,50.73,0.4900,68.00,0.5000,100.00,320.72,797.91,1118.63,797.91,320.72,1118.63,0.0100,0.0100,-0.4266,0.4266,0.5412,0.4588,0.3180,0.7887,0.7887,0.3180,18.0516,-73.0974,-91.8430,16.8464
btc-updown-5m-1780095300,1780095323000,277,73352.48,73449.76,97.28,0.0000,0.0000,0.0000,0.0592,0.0000,0.6150,0.002825,0.0326,0.0000,73446.16,0.0000,0.0049,0.0000,0.0000,0.5400,22.48,0.5300,95.19,0.5200,31.37,0.5100,76.00,0.5000,100.00,0.5500,236.29,0.5600,399.00,0.5700,61.60,0.5800,46.00,0.5900,61.00,0.4500,236.29,0.4400,399.00,0.4300,61.60,0.4200,46.00,0.4100,61.00,0.4600,22.48,0.4700,95.19,0.4800,31.37,0.4900,76.00,0.5000,100.00,325.04,803.89,1128.93,803.89,325.04,1128.93,0.0100,0.0100,-0.4242,0.4242,0.5409,0.4591,0.3620,0.7903,0.7903,0.3620,26.4190,-46.5576,-46.5576,26.4190
btc-updown-5m-1780095300,1780095324000,276,73352.49,73449.75,97.26,-0.0000,-0.0000,0.0199,0.0205,0.0020,0.6150,0.002825,0.0333,0.5986,73446.23,-0.0000,0.0048,-0.0132,-0.0000,0.5300,31.74,0.5200,55.73,0.5100,76.00,0.5000,105.00,0.4900,88.48,0.5400,172.97,0.5500,103.55,0.5600,362.47,0.5700,56.00,0.5800,46.00,0.4600,172.97,0.4500,103.55,0.4400,362.47,0.4300,56.00,0.4200,46.00,0.4700,31.74,0.4800,55.73,0.4900,76.00,0.5000,105.00,0.5100,88.48,356.95,740.99,1097.94,740.99,356.95,1097.94,0.0100,0.0100,-0.3498,0.3498,0.5316,0.4684,0.2450,0.3732,0.3732,0.2450,21.6091,-38.1580,-38.1704,21.6162
btc-updown-5m-1780095300,1780095325000,275,73352.49,73449.75,97.26,0.0000,-0.0000,0.0001,0.0201,0.0020,0.6150,0.002825,0.0327,0.0024,73446.48,-0.0000,0.0044,0.0000,0.0000,0.5300,26.93,0.5200,39.36,0.5100,56.00,0.5000,85.00,0.4900,81.00,0.5400,152.24,0.5500,88.55,0.5600,357.47,0.5700,56.00,0.5800,46.00,0.4600,152.24,0.4500,88.55,0.4400,357.47,0.4300,56.00,0.4200,46.00,0.4700,26.93,0.4800,39.36,0.4900,56.00,0.5000,85.00,0.5100,81.00,288.29,700.26,988.55,700.26,288.29,988.55,0.0100,0.0100,-0.4167,0.4167,0.5315,0.4685,0.2299,0.3439,0.3439,0.2299,-2.7254,-33.3495,-33.3495,-2.7254
btc-updown-5m-1780095300,1780095326000,274,73352.49,73449.75,97.26,0.0000,-0.0000,0.0000,0.0200,0.0020,0.6150,0.002825,0.0327,0.0000,73446.48,-0.0000,0.0044,0.0000,0.0000,0.5300,36.01,0.5200,101.36,0.5100,80.00,0.5000,61.00,0.4900,81.00,0.5400,103.77,0.5500,93.55,0.5600,357.47,0.5700,56.00,0.5800,51.73,0.4600,103.77,0.4500,93.55,0.4400,357.47,0.4300,56.00,0.4200,51.73,0.4700,36.01,0.4800,101.36,0.4900,80.00,0.5000,61.00,0.5100,81.00,359.37,662.52,1021.89,662.52,359.37,1021.89,0.0100,0.0100,-0.2967,0.2967,0.5326,0.4674,0.3823,0.2978,0.2978,0.3823,6.5062,-32.0444,-32.0496,6.5072
btc-updown-5m-1780095300,1780095327000,273,73352.56,73449.75,97.19,0.0000,-0.0000,0.0001,0.0201,0.0020,0.6147,0.002825,0.0327,0.0028,73446.48,0.0000,0.0044,0.0000,0.0000,0.5300,26.83,0.5200,50.00,0.5100,85.00,0.5000,61.00,0.4900,81.00,0.5400,391.48,0.5500,108.90,0.5600,347.00,0.5700,56.00,0.5800,46.00,0.4600,391.48,0.4500,108.90,0.4400,347.00,0.4300,56.00,0.4200,46.00,0.4700,26.83,0.4800,50.00,0.4900,85.00,0.5000,61.00,0.5100,81.00,303.83,949.38,1253.21,949.38,303.83,1253.21,0.0100,0.0100,-0.5151,0.5151,0.5306,0.4694,0.2529,0.5271,0.5271,0.2529,10.2028,28.7316,28.7210,10.1990
btc-updown-5m-1780095300,1780095328000,272,73352.39,73449.75,97.36,0.0000,-0.0000,0.0000,0.0201,0.0020,0.6143,0.002825,0.0327,0.0000,73446.51,0.0000,0.0044,0.0000,0.0000,0.5200,3.02,0.5100,75.51,0.5000,55.00,0.4900,519.36,0.4800,73.00,0.5300,230.33,0.5400,113.00,0.5500,59.85,0.5600,347.00,0.5700,71.00,0.4700,230.33,0.4600,113.00,0.4500,59.85,0.4400,347.00,0.4300,71.00,0.4800,3.02,0.4900,75.51,0.5000,55.00,0.5100,519.36,0.5200,73.00,725.89,821.18,1547.07,821.18,725.89,1547.07,0.0100,0.0100,-0.0616,0.0616,0.5201,0.4799,0.1082,0.4181,0.4181,0.1082,68.8210,6.5099,6.5099,68.8210
btc-updown-5m-1780095300,1780095329000,271,73352.46,73449.76,97.30,0.0000,0.0000,0.0504,0.0505,0.0020,0.6147,0.002825,0.0343,1.4694,73446.66,0.0000,0.0042,0.0132,0.0000,0.5200,42.53,0.5100,99.01,0.5000,70.00,0.4900,535.36,0.4800,86.00,0.5300,149.18,0.5400,68.25,0.5500,64.85,0.5600,347.00,0.5700,56.00,0.4700,149.18,0.4600,68.25,0.4500,64.85,0.4400,347.00,0.4300,56.00,0.4800,42.53,0.4900,99.01,0.5000,70.00,0.5100,535.36,0.5200,86.00,832.90,685.28,1518.18,685.28,832.90,1518.18,0.0100,0.0100,0.0972,-0.0972,0.5222,0.4778,0.1699,0.3173,0.3173,0.1699,86.1933,-16.7748,-16.7659,86.1474
btc-updown-5m-1780095300,1780095330000,270,73351.66,73449.76,98.10,0.0000,0.0000,0.0000,0.0505,0.0020,0.4553,0.002624,0.0343,0.0000,73446.66,0.0000,0.0042,0.0000,0.0000,0.5200,42.53,0.5100,99.01,0.5000,70.00,0.4900,535.36,0.4800,86.00,0.5300,205.24,0.5400,68.25,0.5500,64.85,0.5600,347.00,0.5700,56.00,0.4700,205.24,0.4600,68.25,0.4500,64.85,0.4400,347.00,0.4300,56.00,0.4800,42.53,0.4900,99.01,0.5000,70.00,0.5100,535.36,0.5200,86.00,832.90,741.34,1574.24,741.34,832.90,1574.24,0.0100,0.0100,0.0582,-0.0582,0.5217,0.4783,0.1699,0.3689,0.3689,0.1699,93.7940,0.0696,0.0696,93.7753
btc-updown-5m-1780095300,1780095331000,269,73352.16,73449.76,97.60,0.0000,0.0000,0.0000,0.0505,0.0020,0.4550,0.002623,0.0316,0.0000,73447.53,0.0000,0.0030,0.0000,0.0000,0.5200,12.01,0.5100,131.02,0.5000,58.00,0.4900,516.00,0.4800,86.00,0.5300,159.37,0.5400,71.02,0.5500,52.20,0.5600,317.00,0.5700,66.00,0.4700,159.37,0.4600,51.02,0.4500,52.20,0.4400,317.00,0.4300,66.00,0.4800,12.01,0.4900,131.02,0.5000,58.00,0.5100,516.00,0.5200,86.00,803.03,665.59,1468.62,645.59,803.03,1448.62,0.0100,0.0100,0.0936,-0.1087,0.5207,0.4793,0.1781,0.3461,0.3259,0.1781,81.0783,-6.1335,-9.6922,81.0783
btc-updown-5m-1780095300,1780095332000,268,73352.31,73449.76,97.45,0.0000,0.0000,0.0000,0.0504,0.0020,0.4550,0.002623,0.0315,0.0000,73447.56,0.0000,0.0030,0.0000,0.0000,0.5200,29.88,0.5100,134.02,0.5000,90.36,0.4900,511.00,0.4800,81.00,0.5300,155.73,0.5400,86.25,0.5500,51.85,0.5600,347.00,0.5700,76.00,0.4700,155.73,0.4600,86.25,0.4500,51.85,0.4400,347.00,0.4300,76.00,0.4800,29.88,0.4900,134.02,0.5000,90.36,0.5100,511.00,0.5200,81.00,846.26,716.83,1563.09,716.83,846.26,1563.09,0.0100,0.0100,0.0828,-0.0828,0.5216,0.4784,0.1937,0.3376,0.3376,0.1937,79.5702,8.8756,8.8742,79.5572
btc-updown-5m-1780095300,1780095333000,267,73352.37,73449.76,97.39,0.0000,0.0000,0.0000,0.0504,0.0020,0.4550,0.002623,0.0315,0.0000,73447.56,0.0000,0.0030,0.0000,0.0000,0.5100,147.15,0.5000,105.36,0.4900,511.00,0.4800,36.00,0.4700,678.00,0.5200,129.63,0.5300,15.00,0.5400,73.02,0.5500,65.20,0.5600,347.00,0.4800,129.63,0.4700,15.00,0.4600,73.02,0.4500,65.20,0.4400,347.00,0.4900,147.15,0.5000,105.36,0.5100,511.00,0.5200,36.00,0.5300,678.00,1477.51,629.85,2107.36,629.85,1477.51,2107.36,0.0100,0.0100,0.4022,-0.4022,0.5153,0.4847,0.1709,0.2296,0.2296,0.1709,212.6743,-59.2462,-59.2462,212.6743
btc-updown-5m-1780095300,1780095334000,266,73352.37,73449.75,97.38,-0.0000,-0.0000,0.0007,0.0007,0.0020,0.1080,0.000724,0.0316,0.0235,73447.56,-0.0000,0.0030,-0.0133,-0.0000,0.5100,177.18,0.5000,110.14,0.4900,517.27,0.4800,36.00,0.4700,688.13,0.5200,82.64,0.5300,22.00,0.5400,78.02,0.5500,54.85,0.5600,347.00,0.4800,82.64,0.4700,22.00,0.4600,78.02,0.4500,54.85,0.4400,347.00,0.4900,177.18,0.5000,110.14,0.5100,517.27,0.5200,36.00,0.5300,688.13,1528.72,584.51,2113.23,584.51,1528.72,2113.23,0.0100,0.0100,0.4468,-0.4468,0.5168,0.4832,0.1879,0.1790,0.1790,0.1879,136.3502,-40.1953,-40.1953,136.3502
btc-updown-5m-1780095300,1780095335000,265,73352.28,73449.75,97.47,0.0000,-0.0000,0.0001,0.0009,0.0020,0.0093,0.000006,0.0081,0.0172,73449.76,0.0000,-0.0000,0.0000,0.0000,0.5500,70.00,0.5400,16.90,0.5300,36.00,0.5200,60.36,0.5100,91.78,0.5600,701.42,0.5700,86.59,0.5800,46.00,0.5900,61.86,0.6000,108.00,0.4400,701.42,0.4300,86.59,0.4200,46.00,0.4100,61.86,0.4000,108.00,0.4500,70.00,0.4600,16.90,0.4700,36.00,0.4800,60.36,0.4900,91.78,275.04,1003.87,1278.91,1003.87,275.04,1278.91,0.0100,0.0100,-0.5699,0.5699,0.5509,0.4491,0.3160,0.7850,0.7850,0.3160,-86.1566,53.5374,53.5374,-86.1566
btc-updown-5m-1780095300,1780095336000,264,73352.37,73449.75,97.38,0.0000,-0.0000,0.0015,0.0023,0.0040,0.0097,0.000006,0.0063,0.2319,73449.76,0.0000,-0.0000,0.0000,0.0000,0.5200,78.30,0.5100,91.78,0.5000,91.06,0.4900,512.34,0.4800,36.00,0.5400,30.00,0.5500,192.49,0.5600,340.81,0.5700,106.00,0.5800,46.00,0.4600,30.00,0.4500,192.49,0.4400,340.81,0.4300,106.00,0.4200,46.00,0.4800,78.30,0.4900,91.78,0.5000,91.06,0.5100,512.34,0.5200,36.00,809.48,715.30,1524.78,715.30,809.48,1524.78,0.0200,0.0200,0.0618,-0.0618,0.5345,0.4655,0.2101,0.3110,0.3110,0.2101,-0.7753,-9.5303,-9.5284,-0.7751
btc-updown-5m-1780095300,1780095337000,263,73352.36,73449.76,97.40,0.0000,0.0000,0.0001,0.0024,0.0060,0.0100,0.000006,0.0063,0.0143,73449.76,0.0000,0.0000,0.0133,0.0000,0.5400,148.54,0.5300,83.26,0.5200,73.31,0.5100,74.80,0.5000,103.54,0.5500,153.28,0.5600,330.12,0.5700,71.00,0.5800,56.00,0.5900,56.00,0.4500,153.28,0.4400,330.12,0.4300,71.00,0.4200,56.00,0.4100,56.00,0.4600,148.54,0.4700,83.26,0.4800,73.31,0.4900,74.80,0.5000,103.54,483.45,666.40,1149.85,666.40,483.45,1149.85,0.0100,0.0100,-0.1591,0.1591,0.5449,0.4551,0.4795,0.7254,0.7254,0.4795,-53.8608,-4.9268,-4.9268,-53.8608
btc-updown-5m-1780095300,1780095338000,262,73352.36,73449.76,97.40,0.0000,0.0000,0.0000,0.0024,0.0060,0.0100,0.000006,0.0063,0.0000,73449.76,0.0000,0.0000,0.0000,0.0000,0.5400,20.39,0.5300,71.00,0.5200,73.31,0.5100,74.80,0.5000,93.04,0.5500,301.64,0.5600,352.66,0.5700,76.59,0.5800,56.00,0.5900,61.00,0.4500,301.64,0.4400,352.66,0.4300,76.59,0.4200,56.00,0.4100,61.00,0.4600,20.39,0.4700,71.00,0.4800,73.31,0.4900,74.80,0.5000,93.04,332.54,847.89,1180.43,847.89,332.54,1180.43,0.0100,0.0100,-0.4366,0.4366,0.5406,0.4594,0.2748,0.7717,0.7717,0.2748,-92.9468,20.9468,20.9468,-92.9468
btc-updown-5m-1780095300,1780095339000,261,73352.36,73449.76,97.40,0.0000,0.0000,0.0795,0.0811,0.0040,0.0097,0.000006,0.0084,9.4718,73449.76,0.0000,0.0000,0.0000,0.0000,0.5400,72.42,0.5300,68.00,0.5200,88.31,0.5100,104.80,0.5000,93.04,0.5500,316.48,0.5600,394.66,0.5700,71.59,0.5800,56.00,0.5900,56.00,0.4500,316.48,0.4400,394.66,0.4300,71.59,0.4200,56.00,0.4100,56.00,0.4600,72.42,0.4700,68.00,0.4800,88.31,0.4900,104.80,0.5000,93.04,426.57,894.73,1321.30,894.73,426.57,1321.30,0.0100,0.0100,-0.3543,0.3543,0.5419,0.4581,0.3292,0.7948,0.7948,0.3292,-191.8651,48.2067,48.2158,-191.9013
btc-updown-5m-1780095300,1780095340000,260,73352.35,73449.76,97.41,0.0000,0.0000,0.0000,0.0810,0.0040,0.0097,0.000006,0.0072,0.0000,73449.76,0.0000,0.0000,0.0000,0.0000,0.5400,54.07,0.5300,80.00,0.5200,113.31,0.5100,90.80,0.5000,81.06,0.5500,323.15,0.5600,394.66,0.5700,66.00,0.5800,71.72,0.5900,56.00,0.4500,323.15,0.4400,394.66,0.4300,66.00,0.4200,71.72,0.4100,56.00,0.4600,54.07,0.4700,80.00,0.4800,113.31,0.4900,90.80,0.5000,81.06,419.24,911.53,1330.77,911.53,419.24,1330.77,0.0100,0.0100,-0.3699,0.3699,0.5414,0.4586,0.3198,0.7875,0.7875,0.3198,-189.8945,57.3505,57.3505,-189.8945
btc-updown-5m-1780095300,1780095341000,259,73352.35,73449.76,97.41,0.0000,0.0000,0.0054,0.0849,0.0020,0.0097,0.000006,0.0073,0.7330,73449.76,0.0000,0.0000,0.0000,0.0000,0.5400,36.75,0.5300,60.00,0.5200,83.31,0.5100,102.78,0.5000,86.06,0.5500,297.90,0.5600,332.66,0.5700,71.59,0.5800,56.00,0.5900,61.00,0.4500,297.90,0.4400,332.66,0.4300,71.59,0.4200,56.00,0.4100,61.00,0.4600,36.75,0.4700,60.00,0.4800,83.31,0.4900,102.78,0.5000,86.06,368.90,819.15,1188.05,819.15,368.90,1188.05,0.0100,0.0100,-0.3790,0.3790,0.5411,0.4589,0.2623,0.7698,0.7698,0.2623,-105.8933,29.2152,29.2200,-105.9106
btc-updown-5m-1780095300,1780095342000,258,73352.35,73449.76,97.41,0.0000,0.0000,0.0007,0.0855,0.0000,0.0097,0.000006,0.0072,0.0932,73449.76,0.0000,0.0000,0.0000,0.0000,0.5400,36.75,0.5300,68.00,0.5200,88.31,0.5100,102.78,0.5000,116.06,0.5500,380.91,0.5600,352.66,0.5700,71.59,0.5800,56.00,0.5900,61.00,0.4500,380.91,0.4400,352.66,0.4300,71.59,0.4200,56.00,0.4100,61.00,0.4600,36.75,0.4700,68.00,0.4800,88.31,0.4900,102.78,0.5000,116.06,411.90,922.16,1334.06,922.16,411.90,1334.06,0.0100,0.0100,-0.3825,0.3825,0.5409,0.4591,0.2543,0.7955,0.7955,0.2543,-71.5104,56.6490,56.6490,-71.5104
btc-updown-5m-1780095300,1780095343000,257,73352.31,73450.69,98.38,0.0013,0.0013,0.1068,0.1923,0.1860,0.0327,0.000227,0.0106,10.0473,73450.06,0.0006,0.0009,1.2457,0.0000,0.6200,20.00,0.5700,41.00,0.5600,5.00,0.5400,786.15,0.5300,61.00,0.6500,180.28,0.6600,29.09,0.6700,106.37,0.6800,36.40,0.6900,116.10,0.3500,180.28,0.3400,29.09,0.3300,106.37,0.3200,36.40,0.3100,116.10,0.3800,20.00,0.4300,41.00,0.4400,5.00,0.4600,786.15,0.4700,61.00,913.15,468.24,1381.39,468.24,913.15,1381.39,0.0300,0.0300,0.3221,-0.3221,0.6230,0.3770,0.0668,0.4471,0.4471,0.0668,72.9294,-33.6320,-33.6320,72.9294
btc-updown-5m-1780095300,1780095344000,256,73352.25,73456.87,104.62,0.0084,0.0097,0.0966,0.2094,1.4220,0.2387,0.001520,0.0136,7.0784,73451.62,0.0060,0.0072,8.8025,0.0001,0.6400,502.76,0.6300,164.46,0.6200,82.00,0.6000,42.00,0.5900,61.00,0.6500,96.03,0.6600,14.09,0.6700,104.37,0.6800,25.00,0.6900,124.10,0.3500,96.03,0.3400,14.09,0.3300,104.37,0.3200,25.00,0.3100,124.10,0.3600,502.76,0.3700,164.46,0.3800,82.00,0.4000,42.00,0.4100,61.00,852.22,363.59,1215.81,363.59,852.22,1215.81,0.0100,0.0100,0.4019,-0.4019,0.6484,0.3516,0.7829,0.3029,0.3029,0.7829,78.7623,-96.9725,-96.9893,78.7760
btc-updown-5m-1780095300,1780095345000,255,73353.40,73457.99,104.59,0.0015,0.0112,0.0047,0.2141,1.6480,0.2763,0.001533,0.0138,0.3421,73451.69,0.0060,0.0086,1.5947,0.0000,0.6600,5.00,0.6400,410.38,0.6300,82.07,0.6200,24.00,0.6100,53.98,0.6700,50.14,0.6800,25.00,0.6900,110.00,0.7000,126.37,0.7100,16.30,0.3300,50.14,0.3200,25.00,0.3100,110.00,0.3000,126.37,0.2900,16.30,0.3400,5.00,0.3600,410.38,0.3700,82.07,0.3800,24.00,0.3900,53.98,575.43,327.81,903.24,327.81,575.43,903.24,0.0100,0.0100,0.2741,-0.2741,0.6609,0.3391,0.7219,0.2292,0.2292,0.7219,25.5685,-100.1924,-100.1752,25.5641
btc-updown-5m-1780095300,1780095346000,254,73359.31,73457.99,98.68,0.0000,0.0112,0.0076,0.2163,1.6500,0.2767,0.001533,0.0140,0.5434,73451.81,0.0058,0.0084,0.0000,0.0000,0.6900,58.51,0.6700,822.36,0.6600,68.00,0.6500,51.00,0.6400,58.00,0.7000,98.47,0.7100,10.00,0.7200,216.40,0.7300,313.84,0.7400,55.39,0.3000,98.47,0.2900,10.00,0.2800,216.40,0.2700,313.84,0.2600,55.39,0.3100,58.51,0.3300,822.36,0.3400,68.00,0.3500,51.00,0.3600,58.00,1057.87,694.10,1751.97,694.10,1057.87,1751.97,0.0100,0.0100,0.2076,-0.2076,0.6937,0.3063,0.8327,0.1563,0.1563,0.8327,106.6565,-14.2017,-14.2017,106.6565
btc-updown-5m-1780095300,1780095347000,253,73361.63,73458.00,96.37,0.0000,0.0112,0.0167,0.2324,1.6520,0.2770,0.001533,0.0145,1.1525,73452.04,0.0052,0.0081,0.0131,0.0000,0.7000,244.64,0.6900,499.70,0.6800,81.00,0.6700,118.00,0.6600,98.00,0.7100,28.16,0.7200,254.40,0.7300,246.60,0.7400,129.90,0.7500,244.05,0.2900,28.16,0.2800,254.40,0.2700,246.60,0.2600,129.90,0.2500,244.05,0.3000,244.64,0.3100,499.70,0.3200,81.00,0.3300,118.00,0.3400,98.00,1041.34,903.11,1944.45,903.11,1041.34,1944.45,0.0100,0.0100,0.0711,-0.0711,0.7090,0.2910,0.7148,0.3129,0.3129,0.7148,111.8496,13.9654,13.9654,111.8496
btc-updown-5m-1780095300,1780095348000,252,73362.24,73458.00,95.76,0.0000,0.0100,0.0006,0.1262,1.4660,0.2770,0.001533,0.0145,0.0378,73452.05,0.0052,0.0081,0.0000,0.0000,0.7000,98.92,0.6900,78.42,0.6800,56.00,0.6700,88.00,0.6600,61.00,0.7100,312.14,0.7200,338.96,0.7300,462.81,0.7400,195.90,0.7500,295.37,0.2900,312.14,0.2800,338.96,0.2700,462.81,0.2600,195.90,0.2500,295.37,0.3000,98.92,0.3100,78.42,0.3200,56.00,0.3300,88.00,0.3400,61.00,382.34,1605.18,1987.52,1605.18,382.34,1987.52,0.0100,0.0100,-0.6153,0.6153,0.7024,0.2976,0.4638,0.4056,0.4056,0.4638,-135.7684,250.0905,250.1377,-135.7940
btc-updown-5m-1780095300,1780095349000,251,73362.24,73458.00,95.76,0.0000,0.0015,0.0020,0.0316,0.2300,0.2770,0.001533,0.0146,0.1370,73452.07,0.0012,0.0081,0.0000,0.0000,0.7000,98.92,0.6900,78.42,0.6800,56.00,0.6700,88.00,0.6600,61.00,0.7100,312.14,0.7200,338.96,0.7300,462.81,0.7400,195.90,0.7500,295.37,0.2900,312.14,0.2800,338.96,0.2700,462.81,0.2600,195.90,0.2500,295.37,0.3000,98.92,0.3100,78.42,0.3200,56.00,0.3300,88.00,0.3400,61.00,382.34,1605.18,1987.52,1605.18,382.34,1987.52,0.0100,0.0100,-0.6153,0.6153,0.7024,0.2976,0.4638,0.4056,0.4056,0.4638,-135.9559,299.4098,299.4678,-135.9822
btc-updown-5m-1780095300,1780095350000,250,73362.24,73458.00,95.76,0.0000,0.0000,0.0045,0.0314,0.0040,0.2770,0.001533,0.0129,0.3516,73452.48,0.0000,0.0075,0.0000,0.0000,0.7000,84.95,0.6900,77.43,0.6800,86.00,0.6700,111.00,0.6600,66.00,0.7100,164.82,0.7200,332.40,0.7300,445.43,0.7400,167.61,0.7500,283.10,0.2900,164.82,0.2800,332.40,0.2700,445.43,0.2600,167.61,0.2500,283.10,0.3000,84.95,0.3100,77.43,0.3200,86.00,0.3300,111.00,0.3400,66.00,425.38,1393.36,1818.74,1393.36,425.38,1818.74,0.0100,0.0100,-0.5322,0.5322,0.7034,0.2966,0.3817,0.3568,0.3568,0.3817,-72.5425,175.0119,174.9227,-72.5055
btc-updown-5m-1780095300,1780095351000,249,73363.02,73458.00,94.98,0.0000,0.0000,0.0000,0.0238,0.0020,0.2770,0.001533,0.0128,0.0000,73452.48,0.0000,0.0075,0.0000,0.0000,0.7000,45.32,0.6900,70.01,0.6800,98.00,0.6700,116.00,0.6600,76.00,0.7100,270.86,0.7200,309.40,0.7300,410.43,0.7400,200.14,0.7500,302.10,0.2900,270.86,0.2800,309.40,0.2700,410.43,0.2600,200.14,0.2500,302.10,0.3000,45.32,0.3100,70.01,0.3200,98.00,0.3300,116.00,0.3400,76.00,405.33,1492.93,1898.26,1492.93,405.33,1898.26,0.0100,0.0100,-0.5729,0.5729,0.7014,0.2986,0.2845,0.3887,0.3887,0.2845,-11.3813,186.9261,186.9261,-11.3813
btc-updown-5m-1780095300,1780095352000,248,73363.94,73458.00,94.06,0.0000,0.0000,0.0054,0.0125,0.0000,0.2770,0.001533,0.0130,0.4151,73452.56,0.0000,0.0074,0.0000,0.0000,0.6800,65.67,0.6700,116.00,0.6600,71.00,0.6500,81.00,0.6400,56.00,0.7000,253.60,0.7100,86.84,0.7200,412.83,0.7300,322.41,0.7400,166.90,0.3000,253.60,0.2900,86.84,0.2800,412.83,0.2700,322.41,0.2600,166.90,0.3200,65.67,0.3300,116.00,0.3400,71.00,0.3500,81.00,0.3600,56.00,389.67,1242.58,1632.25,1242.58,389.67,1632.25,0.0200,0.0200,-0.5225,0.5225,0.6841,0.3159,0.4662,0.2740,0.2740,0.4662,-68.1994,140.4100,140.4100,-68.1994
btc-updown-5m-1780095300,1780095353000,247,73363.94,73458.00,94.06,0.0000,0.0000,0.0000,0.0119,0.0000,0.2770,0.001533,0.0130,0.0000,73452.56,0.0000,0.0074,0.0000,0.0000,0.6800,63.87,0.6700,68.00,0.6600,71.00,0.6500,86.00,0.6400,56.00,0.6900,249.56,0.7000,103.00,0.7100,91.84,0.7200,400.83,0.7300,317.60,0.3100,249.56,0.3000,103.00,0.2900,91.84,0.2800,400.83,0.2700,317.60,0.3200,63.87,0.3300,68.00,0.3400,71.00,0.3500,86.00,0.3600,56.00,344.87,1162.83,1507.70,1162.83,344.87,1507.70,0.0100,0.0100,-0.5425,0.5425,0.6820,0.3180,0.3824,0.3032,0.3032,0.3824,-133.8546,67.9433,67.9192,-133.8072
btc-updown-5m-1780095300,1780095354000,246,73363.52,73458.01,94.49,0.0000,0.0000,0.0527,0.0626,0.0020,0.2770,0.001533,0.0147,3.5801,73453.19,0.0000,0.0066,0.0129,0.0000,0.6800,52.66,0.6700,103.00,0.6600,71.00,0.6500,81.00,0.6400,56.00,0.6900,200.98,0.7000,118.00,0.7100,91.84,0.7200,400.83,0.7300,287.60,0.3100,200.98,0.3000,118.00,0.2900,91.84,0.2800,400.83,0.2700,287.60,0.3200,52.66,0.3300,103.00,0.3400,71.00,0.3500,81.00,0.3600,56.00,363.66,1099.25,1462.91,1099.25,363.66,1462.91,0.0100,0.0100,-0.5028,0.5028,0.6821,0.3179,0.4280,0.2902,0.2902,0.4280,-4.2799,-82.9757,-82.9757,-4.2799
btc-updown-5m-1780095300,1780095355000,245,73364.04,73464.00,99.96,0.0082,0.0082,0.6897,0.7477,1.2000,0.4767,0.002071,0.0363,18.9932,73459.87,0.0007,0.0056,8.1511,0.0001,0.7100,76.39,0.7000,109.98,0.6900,320.01,0.6800,470.18,0.6700,51.00,0.7300,137.69,0.7400,10.59,0.7500,137.10,0.7600,142.60,0.7700,833.30,0.2700,137.69,0.2600,10.59,0.2500,137.10,0.2400,142.60,0.2300,833.30,0.2900,76.39,0.3000,109.98,0.3100,320.01,0.3200,470.18,0.3300,51.00,1027.56,1261.28,2288.84,1261.28,1027.56,2288.84,0.0200,0.0200,-0.1021,0.1021,0.7171,0.2829,0.1814,0.1176,0.1176,0.1814,113.0913,-58.0639,-58.0639,113.0913
btc-updown-5m-1780095300,1780095356000,244,73364.07,73464.47,100.40,0.0006,0.0088,0.0214,0.7691,1.2960,0.4927,0.002067,0.0370,0.5784,73459.96,0.0012,0.0061,0.6424,0.0000,0.7200,794.90,0.7100,73.00,0.7000,139.00,0.6900,99.00,0.6800,86.51,0.7300,39.31,0.7400,16.35,0.7500,115.20,0.7600,227.78,0.7700,832.30,0.2700,39.31,0.2600,16.35,0.2500,115.20,0.2400,227.78,0.2300,832.30,0.2800,794.90,0.2900,73.00,0.3000,139.00,0.3100,99.00,0.3200,86.51,1192.41,1230.94,2423.35,1230.94,1192.41,2423.35,0.0100,0.0100,-0.0159,0.0159,0.7295,0.2705,0.7279,0.0452,0.0452,0.7279,125.4752,-26.5696,-26.5740,125.4957
btc-updown-5m-1780095300,1780095357000,243,73368.92,73464.47,95.55,0.0000,0.0088,0.0701,0.8338,1.2980,0.4930,0.002067,0.0393,1.7865,73460.22,0.0011,0.0058,0.0000,0.0000,0.7400,335.97,0.7300,163.00,0.7200,138.00,0.7100,72.98,0.7000,154.60,0.7500,105.78,0.7600,122.10,0.7700,832.30,0.7800,52.60,0.7900,170.68,0.2500,105.78,0.2400,122.10,0.2300,832.30,0.2200,52.60,0.2100,170.68,0.2600,335.97,0.2700,163.00,0.2800,138.00,0.2900,72.98,0.3000,154.60,864.55,1283.46,2148.01,1283.46,864.55,2148.01,0.0100,0.0100,-0.1950,0.1950,0.7476,0.2524,0.5771,0.1776,0.1776,0.5771,85.8955,-26.5410,-26.5454,85.9095
btc-updown-5m-1780095300,1780095358000,242,73371.52,73464.48,92.96,0.0000,0.0088,0.0063,0.8401,1.3000,0.4933,0.002067,0.0395,0.1594,73460.24,0.0011,0.0058,0.0127,0.0000,0.7300,37.48,0.7200,108.00,0.7100,37.98,0.7000,94.60,0.6900,92.00,0.7500,264.65,0.7600,197.10,0.7700,907.30,0.7800,126.46,0.7900,214.30,0.2500,264.65,0.2400,197.10,0.2300,907.30,0.2200,126.46,0.2100,214.30,0.2700,37.48,0.2800,108.00,0.2900,37.98,0.3000,94.60,0.3100,92.00,370.06,1709.81,2079.87,1709.81,370.06,2079.87,0.0200,0.0200,-0.6442,0.6442,0.7325,0.2675,0.3931,0.2701,0.2701,0.3931,-3.2169,76.6453,76.6453,-3.2169
btc-updown-5m-1780095300,1780095359000,241,73371.52,73464.48,92.96,0.0000,0.0088,0.0000,0.7875,1.2980,0.4930,0.002067,0.0395,0.0000,73460.24,0.0011,0.0058,0.0000,0.0000,0.7300,99.00,0.7200,133.00,0.7100,72.98,0.7000,129.60,0.6900,92.00,0.7400,41.85,0.7500,152.77,0.7600,195.02,0.7700,990.65,0.7800,68.60,0.2600,41.85,0.2500,152.77,0.2400,195.02,0.2300,990.65,0.2200,68.60,0.2700,99.00,0.2800,133.00,0.2900,72.98,0.3000,129.60,0.3100,92.00,526.58,1448.89,1975.47,1448.89,526.58,1975.47,0.0100,0.0100,-0.4669,0.4669,0.7370,0.2630,0.4406,0.1343,0.1343,0.4406,27.5203,59.0608,59.0508,27.5156
btc-updown-5m-1780095300,1780095360000,240,73372.77,73468.61,95.84,0.0056,0.0063,0.0837,0.1815,0.9280,0.6310,0.002245,0.0405,2.0643,73461.22,0.0056,0.0101,5.3877,0.0001,0.7600,323.07,0.7500,240.50,0.7400,132.18,0.7300,112.54,0.7200,147.78,0.7700,863.62,0.7800,15.00,0.7900,153.50,0.8000,126.99,0.8100,110.40,0.2300,863.62,0.2200,15.00,0.2100,153.50,0.2000,126.99,0.1900,110.40,0.2400,323.07,0.2500,240.50,0.2600,132.18,0.2700,112.54,0.2800,147.78,956.07,1269.51,2225.58,1269.51,956.07,2225.58,0.0100,0.0100,-0.1408,0.1408,0.7627,0.2373,0.5895,0.6921,0.6921,0.5895,98.8208,35.5126,35.5126,98.8208
btc-updown-5m-1780095300,1780095361000,239,73372.82,73469.98,97.16,0.0019,0.0075,0.0010,0.1611,1.1060,0.6767,0.002247,0.0406,0.0249,73461.23,0.0049,0.0119,1.8117,0.0000,0.7600,243.55,0.7500,261.58,0.7400,87.75,0.7300,117.54,0.7200,146.65,0.7700,806.56,0.7800,15.00,0.7900,264.66,0.8000,96.99,0.8100,110.40,0.2300,806.56,0.2200,15.00,0.2100,264.66,0.2000,96.99,0.1900,110.40,0.2400,243.55,0.2500,261.58,0.2600,87.75,0.2700,117.54,0.2800,146.65,857.07,1293.61,2150.68,1293.61,857.07,2150.68,0.0100,0.0100,-0.2030,0.2030,0.7623,0.2377,0.5894,0.6351,0.6351,0.5894,-42.4269,100.3263,100.3263,-42.4269
btc-updown-5m-1780095300,1780095362000,238,73372.94,73469.98,97.04,0.0000,0.0075,0.0000,0.0910,1.1040,0.6767,0.002247,0.0406,0.0000,73461.23,0.0045,0.0119,0.0000,0.0000,0.7600,258.67,0.7500,271.58,0.7400,102.75,0.7300,127.54,0.7200,141.00,0.7700,742.76,0.7800,57.00,0.7900,227.86,0.8000,96.99,0.8100,85.40,0.2300,742.76,0.2200,57.00,0.2100,227.86,0.2000,96.99,0.1900,85.40,0.2400,258.67,0.2500,271.58,0.2600,102.75,0.2700,127.54,0.2800,141.00,901.54,1210.01,2111.55,1210.01,901.54,2111.55,0.0100,0.0100,-0.1461,0.1461,0.7626,0.2374,0.5882,0.6610,0.6610,0.5882,-48.1972,-3.4681,-3.4693,-48.2132
btc-updown-5m-1780095300,1780095363000,237,73374.55,73469.98,95.43,0.0000,0.0075,0.0009,0.0856,1.1020,0.6767,0.002247,0.0406,0.0219,73461.23,0.0022,0.0119,0.0000,0.0000,0.7600,230.67,0.7500,266.58,0.7400,102.75,0.7300,127.54,0.7200,141.00,0.7700,815.58,0.7800,134.26,0.7900,282.86,0.8000,151.99,0.8100,140.40,0.2300,815.58,0.2200,134.26,0.2100,282.86,0.2000,151.99,0.1900,140.40,0.2400,230.67,0.2500,266.58,0.2600,102.75,0.2700,127.54,0.2800,141.00,868.54,1525.09,2393.63,1525.09,868.54,2393.63,0.0100,0.0100,-0.2743,0.2743,0.7622,0.2378,0.5725,0.6228,0.6228,0.5725,0.6547,39.6505,39.6505,0.6547
btc-updown-5m-1780095300,1780095364000,236,73374.55,73471.20,96.65,0.0017,0.0091,0.0581,0.1437,1.3460,0.7170,0.002244,0.0425,1.3689,73461.67,0.0021,0.0130,1.6048,0.0000,0.7600,159.20,0.7500,224.60,0.7400,92.75,0.7300,127.54,0.7200,155.36,0.7700,804.11,0.7800,119.26,0.7900,282.86,0.8000,151.99,0.8100,165.40,0.2300,804.11,0.2200,119.26,0.2100,282.86,0.2000,151.99,0.1900,165.40,0.2400,159.20,0.2500,224.60,0.2600,92.75,0.2700,127.54,0.2800,155.36,759.45,1523.62,2283.07,1523.62,759.45,2283.07,0.0100,0.0100,-0.3347,0.3347,0.7617,0.2383,0.5054,0.6060,0.6060,0.5054,61.5465,-46.4043,-46.4193,61.5664
btc-updown-5m-1780095300,1780095365000,235,73374.57,73471.20,96.63,0.0000,0.0035,0.0012,0.0613,0.5180,0.7170,0.002244,0.0425,0.0287,73461.69,0.0021,0.0129,0.0000,0.0000,0.7500,86.02,0.7400,114.75,0.7300,132.54,0.7200,155.36,0.7100,544.00,0.7600,140.56,0.7700,588.43,0.7800,69.86,0.7900,237.86,0.8000,85.10,0.2400,140.56,0.2300,588.43,0.2200,69.86,0.2100,237.86,0.2000,85.10,0.2500,86.02,0.2600,114.75,0.2700,132.54,0.2800,155.36,0.2900,544.00,1032.67,1121.81,2154.48,1121.81,1032.67,2154.48,0.0100,0.0100,-0.0414,0.0414,0.7538,0.2462,0.1944,0.6498,0.6498,0.1944,84.9354,-57.6958,-57.6958,84.9354
btc-updown-5m-1780095300,1780095366000,234,73374.58,73471.20,96.62,0.0000,0.0017,0.0005,0.0608,0.2440,0.7167,0.002244,0.0425,0.0125,73461.69,0.0001,0.0129,0.0000,0.0000,0.7500,274.74,0.7400,125.85,0.7300,137.54,0.7200,155.36,0.7100,531.00,0.7600,20.97,0.7700,585.08,0.7800,53.68,0.7900,242.86,0.8000,90.10,0.2400,20.97,0.2300,585.08,0.2200,53.68,0.2100,242.86,0.2000,90.10,0.2500,274.74,0.2600,125.85,0.2700,137.54,0.2800,155.36,0.2900,531.00,1224.49,992.69,2217.18,992.69,1224.49,2217.18,0.0100,0.0100,0.1045,-0.1045,0.7593,0.2407,0.3271,0.6105,0.6105,0.3271,53.7549,-53.0285,-53.0111,53.7373
btc-updown-5m-1780095300,1780095367000,233,73375.26,73471.20,95.94,0.0000,0.0017,0.0093,0.0700,0.2440,0.7163,0.002244,0.0428,0.2166,73461.77,0.0000,0.0128,0.0000,0.0000,0.7500,322.65,0.7400,127.24,0.7300,127.54,0.7200,163.36,0.7100,531.00,0.7700,580.16,0.7800,53.68,0.7900,102.50,0.8000,90.10,0.8100,85.40,0.2300,580.16,0.2200,53.68,0.2100,102.50,0.2000,90.10,0.1900,85.40,0.2500,322.65,0.2600,127.24,0.2700,127.54,0.2800,163.36,0.2900,531.00,1271.79,911.84,2183.63,911.84,1271.79,2183.63,0.0200,0.0200,0.1648,-0.1648,0.7571,0.2429,0.3537,0.6951,0.6951,0.3537,74.1399,-71.4157,-71.4157,74.1399
btc-updown-5m-1780095300,1780095368000,232,73375.26,73471.20,95.94,0.0000,0.0017,0.0138,0.0830,0.2440,0.7163,0.002244,0.0432,0.3199,73461.87,0.0000,0.0127,0.0000,0.0000,0.7600,30.83,0.7500,69.00,0.7400,117.76,0.7300,251.42,0.7200,144.00,0.7700,892.43,0.7800,137.79,0.7900,168.84,0.8000,140.10,0.8100,140.40,0.2300,892.43,0.2200,137.79,0.2100,168.84,0.2000,140.10,0.1900,140.40,0.2400,30.83,0.2500,69.00,0.2600,117.76,0.2700,251.42,0.2800,144.00,613.01,1479.56,2092.57,1479.56,613.01,2092.57,0.0100,0.0100,-0.4141,0.4141,0.7603,0.2397,0.1629,0.6963,0.6963,0.1629,-44.1760,46.6562,46.6639,-44.1833
btc-updown-5m-1780095300,1780095369000,231,73376.65,73471.20,94.55,0.0000,0.0000,0.0000,0.0248,0.0000,0.7163,0.002244,0.0432,0.0000,73461.87,0.0000,0.0127,0.0000,0.0000,0.7600,60.37,0.7500,104.00,0.7400,122.76,0.7300,251.42,0.7200,144.00,0.7700,765.56,0.7800,157.25,0.7900,168.84,0.8000,140.10,0.8100,145.40,0.2300,765.56,0.2200,157.25,0.2100,168.84,0.2000,140.10,0.1900,145.40,0.2400,60.37,0.2500,104.00,0.2600,122.76,0.2700,251.42,0.2800,144.00,682.55,1377.15,2059.70,1377.15,682.55,2059.70,0.0100,0.0100,-0.3372,0.3372,0.7607,0.2393,0.2408,0.6701,0.6701,0.2408,-30.3360,-24.5555,-24.5555,-30.3360
btc-updown-5m-1780095300,1780095370000,230,73378.34,73471.20,92.86,0.0000,0.0000,0.0034,0.0271,0.0000,0.7163,0.002244,0.0407,0.0847,73462.66,0.0000,0.0116,0.0000,0.0000,0.7400,319.77,0.7300,144.54,0.7200,146.00,0.7100,574.36,0.7000,144.60,0.7500,17.07,0.7600,36.00,0.7700,529.75,0.7800,37.86,0.7900,102.50,0.2500,17.07,0.2400,36.00,0.2300,529.75,0.2200,37.86,0.2100,102.50,0.2600,319.77,0.2700,144.54,0.2800,146.00,0.2900,574.36,0.3000,144.60,1329.27,723.18,2052.45,723.18,1329.27,2052.45,0.0100,0.0100,0.2953,-0.2953,0.7495,0.2505,0.3493,0.0734,0.0734,0.3493,94.7174,-133.0519,-133.0076,94.6859
btc-updown-5m-1780095300,1780095371000,229,73378.34,73471.20,92.86,0.0000,0.0000,0.0066,0.0331,0.0000,0.7163,0.002244,0.0410,0.1616,73462.70,0.0000,0.0116,0.0000,0.0000,0.7400,520.74,0.7300,286.25,0.7200,131.00,0.7100,105.00,0.7000,178.96,0.7500,4.90,0.7600,31.00,0.7700,511.75,0.7800,37.86,0.7900,107.50,0.2500,4.90,0.2400,31.00,0.2300,511.75,0.2200,37.86,0.2100,107.50,0.2600,520.74,0.2700,286.25,0.2800,131.00,0.2900,105.00,0.3000,178.96,1221.95,693.01,1914.96,693.01,1221.95,1914.96,0.0100,0.0100,0.2762,-0.2762,0.7499,0.2501,0.6604,0.0518,0.0518,0.6604,35.6491,-141.9857,-141.9857,35.6491
btc-updown-5m-1780095300,1780095372000,228,73376.56,73471.20,94.64,0.0000,0.0000,0.0014,0.0253,0.0000,0.7163,0.002244,0.0408,0.0336,73462.77,0.0000,0.0115,0.0000,0.0000,0.7400,473.90,0.7300,290.49,0.7200,137.78,0.7100,105.00,0.7000,170.16,0.7500,11.30,0.7600,31.00,0.7700,506.75,0.7800,37.86,0.7900,102.50,0.2500,11.30,0.2400,31.00,0.2300,506.75,0.2200,37.86,0.2100,102.50,0.2600,473.90,0.2700,290.49,0.2800,137.78,0.2900,105.00,0.3000,170.16,1177.33,689.41,1866.74,689.41,1177.33,1866.74,0.0100,0.0100,0.2614,-0.2614,0.7498,0.2502,0.6493,0.0614,0.0614,0.6493,-16.5731,-53.0777,-53.0777,-16.5731
btc-updown-5m-1780095300,1780095373000,227,73376.13,73471.19,95.06,-0.0000,-0.0000,0.0149,0.0263,0.0020,0.6857,0.002250,0.0413,0.3604,73462.87,-0.0000,0.0113,-0.0129,-0.0000,0.7500,260.86,0.7400,209.50,0.7300,297.10,0.7200,137.40,0.7100,122.26,0.7600,36.37,0.7700,481.40,0.7800,53.71,0.7900,102.50,0.8000,95.10,0.2400,36.37,0.2300,481.40,0.2200,53.71,0.2100,102.50,0.2000,95.10,0.2500,260.86,0.2600,209.50,0.2700,297.10,0.2800,137.40,0.2900,122.26,1027.12,769.08,1796.20,769.08,1027.12,1796.20,0.0100,0.0100,0.1437,-0.1437,0.7588,0.2412,0.4579,0.6732,0.6732,0.4579,-25.3101,-11.7809,-11.7809,-25.3101
btc-updown-5m-1780095300,1780095374000,226,73376.13,73471.21,95.08,0.0000,0.0000,0.1310,0.1573,0.0060,0.4803,0.001774,0.0421,3.1138,73464.71,0.0000,0.0089,0.0259,0.0000,0.7600,431.05,0.7500,117.90,0.7400,214.30,0.7300,134.15,0.7200,137.40,0.7700,420.78,0.7800,39.86,0.7900,113.87,0.8000,87.00,0.8100,34.40,0.2300,422.78,0.2200,39.86,0.2100,113.87,0.2000,87.00,0.1900,34.40,0.2400,441.00,0.2500,145.08,0.2600,219.30,0.2700,139.15,0.2800,137.40,1034.80,695.91,1730.71,697.91,1081.93,1779.84,0.0100,0.0100,0.1958,-0.2158,0.7651,0.2349,0.5305,0.6619,0.6629,0.5417,67.6497,-131.3926,-132.1404,75.9156
btc-updown-5m-1780095300,1780095375000,225,73376.14,73471.21,95.07,0.0000,0.0000,0.0000,0.1539,0.0060,0.4427,0.001770,0.0390,0.0000,73465.33,0.0000,0.0080,0.0000,0.0000,0.7600,309.58,0.7500,139.91,0.7400,240.42,0.7300,129.14,0.7200,594.42,0.7700,309.56,0.7800,42.70,0.7900,102.50,0.8000,87.00,0.8100,26.00,0.2300,309.56,0.2200,42.70,0.2100,102.50,0.2000,87.00,0.1900,26.00,0.2400,309.58,0.2500,139.91,0.2600,240.42,0.2700,129.14,0.2800,594.42,1413.47,567.76,1981.23,567.76,1413.47,1981.23,0.0100,0.0100,0.4269,-0.4269,0.7650,0.2350,0.3180,0.6204,0.6204,0.3180,122.0438,-129.2202,-129.2418,122.0641
btc-updown-5m-1780095300,1780095376000,224,73376.12,73471.22,95.10,0.0000,0.0000,0.0019,0.1492,0.0100,0.4430,0.001769,0.0389,0.0499,73465.37,0.0000,0.0080,0.0129,0.0000,0.7600,420.39,0.7500,134.91,0.7400,240.42,0.7300,109.60,0.7200,594.42,0.7700,307.56,0.7800,53.70,0.7900,112.50,0.8000,87.00,0.8100,26.00,0.2300,307.56,0.2200,53.70,0.2100,112.50,0.2000,87.00,0.1900,26.00,0.2400,420.39,0.2500,134.91,0.2600,240.42,0.2700,109.60,0.2800,594.42,1499.74,586.76,2086.50,586.76,1499.74,2086.50,0.0100,0.0100,0.4376,-0.4376,0.7658,0.2342,0.3703,0.6157,0.6157,0.3703,49.2364,-36.8278,-36.8213,49.2276
btc-updown-5m-1780095300,1780095377000,223,73377.75,73471.22,93.47,0.0000,0.0000,0.0010,0.1489,0.0100,0.4427,0.001770,0.0387,0.0272,73465.42,0.0000,0.0079,0.0000,0.0000,0.7600,381.21,0.7500,544.91,0.7400,222.42,0.7300,114.60,0.7200,611.76,0.7700,271.03,0.7800,34.86,0.7900,118.86,0.8000,92.00,0.8100,26.00,0.2300,271.03,0.2200,34.86,0.2100,118.86,0.2000,92.00,0.1900,26.00,0.2400,381.21,0.2500,544.91,0.2600,222.42,0.2700,114.60,0.2800,611.76,1874.90,542.75,2417.65,542.75,1874.90,2417.65,0.0100,0.0100,0.5510,-0.5510,0.7658,0.2342,0.4940,0.5636,0.5636,0.4940,108.4082,-24.2074,-24.2074,108.4082
btc-updown-5m-1780095300,1780095378000,222,73378.11,73472.00,93.89,0.0011,0.0011,0.0074,0.1414,0.1640,0.4687,0.001768,0.0383,0.1924,73465.57,0.0010,0.0088,0.9968,0.0000,0.7600,425.12,0.7500,518.91,0.7400,237.42,0.7300,135.19,0.7200,137.40,0.7700,262.95,0.7800,42.86,0.7900,118.86,0.8000,87.00,0.8100,26.00,0.2300,262.95,0.2200,42.86,0.2100,118.86,0.2000,87.00,0.1900,26.00,0.2400,425.12,0.2500,518.91,0.2600,237.42,0.2700,135.19,0.2800,137.40,1454.04,537.67,1991.71,537.67,1454.04,1991.71,0.0100,0.0100,0.4601,-0.4601,0.7662,0.2338,0.6492,0.5688,0.5688,0.6492,62.5607,-28.8188,-28.8188,62.5607
btc-updown-5m-1780095300,1780095379000,221,73378.07,73473.99,95.92,0.0027,0.0038,0.0550,0.0654,0.5600,0.5353,0.001802,0.0401,1.3714,73465.94,0.0027,0.0110,2.5979,0.0000,0.7600,439.39,0.7500,530.90,0.7400,232.42,0.7300,128.96,0.7200,161.40,0.7700,28.14,0.7800,37.86,0.7900,123.86,0.8000,92.00,0.8100,26.00,0.2300,28.14,0.2200,37.86,0.2100,123.86,0.2000,92.00,0.1900,26.00,0.2400,439.39,0.2500,530.90,0.2600,232.42,0.2700,128.96,0.2800,161.40,1493.07,307.86,1800.93,307.86,1493.07,1800.93,0.0100,0.0100,0.6581,-0.6581,0.7694,0.2306,0.6499,0.2144,0.2144,0.6499,88.6692,-83.0334,-82.9887,88.6214
btc-updown-5m-1780095300,1780095380000,220,73378.37,73474.00,95.63,0.0000,0.0038,0.0012,0.0666,0.5620,0.5357,0.001802,0.0401,0.0309,73465.97,0.0005,0.0109,0.0130,0.0000,0.7800,359.37,0.7700,120.35,0.7600,363.87,0.7500,508.91,0.7400,106.80,0.7900,93.17,0.8000,71.00,0.8100,53.83,0.8200,37.01,0.8300,44.00,0.2100,93.17,0.2000,71.00,0.1900,53.83,0.1800,37.01,0.1700,44.00,0.2200,359.37,0.2300,120.35,0.2400,363.87,0.2500,508.91,0.2600,106.80,1459.30,299.01,1758.31,299.01,1459.30,1758.31,0.0100,0.0100,0.6599,-0.6599,0.7879,0.2121,0.3287,0.5490,0.5490,0.3287,36.0040,-71.5331,-71.5213,35.9980
btc-updown-5m-1780095300,1780095381000,219,73379.44,73474.88,95.44,0.0012,0.0050,0.0025,0.0671,0.7340,0.5650,0.001798,0.0400,0.0615,73466.01,0.0016,0.0121,1.1431,0.0000,0.7800,606.01,0.7700,95.31,0.7600,83.73,0.7500,467.90,0.7400,101.80,0.8000,67.93,0.8100,10.00,0.8200,26.01,0.8300,28.00,0.8400,58.26,0.2000,67.93,0.1900,10.00,0.1800,26.01,0.1700,28.00,0.1600,58.26,0.2200,606.01,0.2300,95.31,0.2400,83.73,0.2500,467.90,0.2600,101.80,1354.75,190.20,1544.95,190.20,1354.75,1544.95,0.0200,0.0200,0.7538,-0.7538,0.7980,0.2020,0.5177,0.4097,0.4097,0.5177,-9.7122,-62.4479,-62.4376,-9.7106
btc-updown-5m-1780095300,1780095382000,218,73380.45,73474.88,94.43,0.0000,0.0050,0.0000,0.0661,0.7340,0.5650,0.001798,0.0400,0.0000,73466.01,0.0015,0.0121,0.0000,0.0000,0.8100,458.77,0.8000,179.34,0.7900,375.76,0.7800,111.66,0.7700,116.63,0.8200,28.41,0.8300,42.03,0.8400,57.01,0.8500,432.53,0.8600,149.08,0.1800,28.41,0.1700,42.03,0.1600,57.01,0.1500,432.53,0.1400,149.08,0.1900,458.77,0.2000,179.34,0.2100,375.76,0.2200,111.66,0.2300,116.63,1242.16,709.06,1951.22,709.06,1242.16,1951.22,0.0100,0.0100,0.2732,-0.2732,0.8194,0.1806,0.5137,0.0993,0.0993,0.5137,-48.0066,25.0274,25.0274,-48.0066
btc-updown-5m-1780095300,1780095383000,217,73380.46,73474.88,94.42,0.0000,0.0039,0.0000,0.0587,0.5780,0.5650,0.001798,0.0398,0.0000,73466.05,0.0015,0.0120,0.0000,0.0000,0.8100,458.04,0.8000,309.02,0.7900,248.79,0.7800,137.66,0.7700,126.63,0.8200,17.92,0.8300,42.03,0.8400,57.01,0.8500,437.53,0.8600,149.08,0.1800,17.92,0.1700,42.03,0.1600,57.01,0.1500,437.53,0.1400,149.08,0.1900,458.04,0.2000,309.02,0.2100,248.79,0.2200,137.66,0.2300,126.63,1280.14,703.57,1983.71,703.57,1280.14,1983.71,0.0100,0.0100,0.2907,-0.2907,0.8196,0.1804,0.5992,0.0852,0.0852,0.5992,-97.0878,26.2520,26.2520,-97.0878
btc-updown-5m-1780095300,1780095384000,216,73381.44,73474.88,93.44,0.0000,0.0012,0.0008,0.0045,0.1780,0.5647,0.001799,0.0399,0.0191,73466.05,0.0011,0.0120,0.0000,0.0000,0.8200,456.43,0.8100,205.93,0.8000,192.07,0.7900,68.80,0.7800,129.60,0.8300,37.57,0.8400,27.01,0.8500,553.53,0.8600,154.08,0.8700,175.83,0.1700,37.57,0.1600,27.01,0.1500,553.53,0.1400,154.08,0.1300,175.83,0.1800,456.43,0.1900,205.93,0.2000,192.07,0.2100,68.80,0.2200,129.60,1052.83,948.02,2000.85,948.02,1052.83,2000.85,0.0100,0.0100,0.0524,-0.0524,0.8292,0.1708,0.6291,0.0681,0.0681,0.6291,-69.3732,70.2774,70.2774,-69.3732
btc-updown-5m-1780095300,1780095385000,215,73382.06,73474.90,92.84,0.0000,0.0012,0.0049,0.0081,0.1800,0.3657,0.001166,0.0383,0.1276,73466.45,0.0002,0.0115,0.0253,0.0000,0.8300,65.00,0.8200,486.61,0.8100,265.06,0.8000,314.48,0.7900,73.80,0.8400,48.72,0.8500,558.53,0.8600,154.08,0.8700,170.50,0.8800,280.99,0.1600,48.72,0.1500,558.53,0.1400,154.08,0.1300,170.50,0.1200,280.99,0.1700,65.00,0.1800,486.61,0.1900,265.06,0.2000,314.48,0.2100,73.80,1204.95,1212.82,2417.77,1212.82,1204.95,2417.77,0.0100,0.0100,-0.0033,0.0033,0.8357,0.1643,0.4578,0.5007,0.5007,0.4578,-17.8253,164.1471,164.1765,-17.8285
btc-updown-5m-1780095300,1780095386000,214,73383.56,73478.00,94.44,0.0042,0.0042,0.0371,0.0428,0.6280,0.4537,0.001345,0.0173,2.1482,73470.40,0.0008,0.0104,3.9844,0.0001,0.8300,129.00,0.8200,198.86,0.8100,251.82,0.8000,314.48,0.7900,73.80,0.8400,48.95,0.8500,558.53,0.8600,154.08,0.8700,170.50,0.8800,280.99,0.1600,48.95,0.1500,558.53,0.1400,154.08,0.1300,170.50,0.1200,280.99,0.1700,129.00,0.1800,198.86,0.1900,251.82,0.2000,314.48,0.2100,73.80,967.96,1213.05,2181.01,1213.05,967.96,2181.01,0.0100,0.0100,-0.1124,0.1124,0.8372,0.1628,0.3387,0.5008,0.5008,0.3387,-156.9791,149.1411,149.1411,-156.9791
btc-updown-5m-1780095300,1780095387000,213,73385.69,73478.00,92.31,0.0000,0.0042,0.0000,0.0428,0.6280,0.4533,0.001345,0.0166,0.0000,73470.64,0.0006,0.0100,0.0000,0.0000,0.8400,415.45,0.8300,179.20,0.8200,269.86,0.8100,64.40,0.8000,112.10,0.8500,518.54,0.8600,141.57,0.8700,63.20,0.8800,288.73,0.8900,495.52,0.1500,518.54,0.1400,141.57,0.1300,63.20,0.1200,288.73,0.1100,495.52,0.1600,415.45,0.1700,179.20,0.1800,269.86,0.1900,64.40,0.2000,112.10,1041.01,1507.56,2548.57,1507.56,1041.01,2548.57,0.0100,0.0100,-0.1831,0.1831,0.8444,0.1556,0.5712,0.4379,0.4379,0.5712,-51.2269,231.9956,231.9956,-51.2269
btc-updown-5m-1780095300,1780095388000,212,73386.29,73477.99,91.70,-0.0000,0.0042,0.0057,0.0485,0.6300,0.4533,0.001345,0.0145,0.3936,73471.70,0.0005,0.0086,-0.0125,-0.0000,0.8400,393.46,0.8300,179.20,0.8200,264.04,0.8100,69.40,0.8000,102.10,0.8500,307.89,0.8600,131.23,0.8700,63.20,0.8800,295.99,0.8900,531.53,0.1500,307.89,0.1400,131.23,0.1300,63.20,0.1200,295.99,0.1100,531.53,0.1600,393.46,0.1700,179.20,0.1800,264.04,0.1900,69.40,0.2000,102.10,1008.20,1329.84,2338.04,1329.84,1008.20,2338.04,0.0100,0.0100,-0.1376,0.1376,0.8456,0.1544,0.5680,0.3302,0.3302,0.5680,-27.4530,109.0436,101.3849,-38.2100
btc-updown-5m-1780095300,1780095389000,211,73386.29,73478.00,91.71,0.0000,0.0042,0.0026,0.0503,0.6320,0.4537,0.001345,0.0144,0.1780,73471.84,0.0005,0.0084,0.0125,0.0000,0.8400,385.46,0.8300,184.21,0.8200,269.03,0.8100,69.40,0.8000,102.10,0.8500,284.48,0.8600,136.23,0.8700,78.20,0.8800,300.86,0.8900,503.88,0.1500,284.48,0.1400,136.23,0.1300,78.20,0.1200,300.86,0.1100,503.88,0.1600,385.46,0.1700,184.21,0.1800,269.03,0.1900,69.40,0.2000,102.10,1010.20,1303.65,2313.85,1303.65,1010.20,2313.85,0.0100,0.0100,-0.1268,0.1268,0.8458,0.1542,0.5639,0.3227,0.3227,0.5639,-35.1712,94.1195,94.1347,-35.1769
btc-updown-5m-1780095300,1780095390000,210,73385.57,73478.00,92.43,0.0000,0.0042,0.0019,0.0473,0.6280,0.3157,0.000975,0.0144,0.1336,73471.86,0.0004,0.0084,0.0000,0.0000,0.8400,357.13,0.8300,184.21,0.8200,274.03,0.8100,69.40,0.8000,107.10,0.8500,243.32,0.8600,136.23,0.8700,55.50,0.8800,315.86,0.8900,503.88,0.1500,243.32,0.1400,136.23,0.1300,55.50,0.1200,315.86,0.1100,503.88,0.1600,357.13,0.1700,184.21,0.1800,274.03,0.1900,69.40,0.2000,107.10,991.87,1254.79,2246.66,1254.79,991.87,2246.66,0.0100,0.0100,-0.1170,0.1170,0.8459,0.1541,0.5458,0.3025,0.3025,0.5458,-10.4045,52.3588,52.3588,-10.4045
btc-updown-5m-1780095300,1780095391000,209,73385.57,73478.00,92.43,0.0000,0.0000,0.0019,0.0121,0.0040,0.2700,0.000940,0.0118,0.1626,73472.64,0.0000,0.0073,0.0000,0.0000,0.8400,228.99,0.8300,184.21,0.8200,294.03,0.8100,69.40,0.8000,107.10,0.8500,182.26,0.8600,136.23,0.8700,55.50,0.8800,315.86,0.8900,523.88,0.1500,182.26,0.1400,136.23,0.1300,55.50,0.1200,315.86,0.1100,523.88,0.1600,228.99,0.1700,184.21,0.1800,294.03,0.1900,69.40,0.2000,107.10,883.73,1213.73,2097.46,1213.73,883.73,2097.46,0.0100,0.0100,-0.1573,0.1573,0.8456,0.1544,0.4676,0.2624,0.2624,0.4676,-16.6594,0.1345,0.1345,-16.6561
btc-updown-5m-1780095300,1780095392000,208,73386.63,73478.00,91.37,0.0000,0.0000,0.0002,0.0123,0.0040,0.2700,0.000940,0.0118,0.0153,73472.65,0.0000,0.0073,0.0000,0.0000,0.8300,43.54,0.8200,256.76,0.8100,70.26,0.8000,143.10,0.7900,544.15,0.8400,189.70,0.8500,222.93,0.8600,114.08,0.8700,135.50,0.8800,350.99,0.1600,189.70,0.1500,222.93,0.1400,114.08,0.1300,135.50,0.1200,350.99,0.1700,43.54,0.1800,256.76,0.1900,70.26,0.2000,143.10,0.2100,544.15,1057.81,1013.20,2071.01,1013.20,1057.81,2071.01,0.0100,0.0100,0.0215,-0.0215,0.8319,0.1681,0.2839,0.4073,0.4073,0.2839,15.0351,-33.4421,-33.4421,15.0351
btc-updown-5m-1780095300,1780095393000,207,73386.59,73480.00,93.41,0.0027,0.0027,0.0272,0.0338,0.4020,0.3367,0.001027,0.0127,2.1468,73473.16,0.0008,0.0093,2.5424,0.0000,0.8400,93.00,0.8300,359.35,0.8200,107.03,0.8100,69.40,0.8000,128.10,0.8500,273.01,0.8600,156.23,0.8700,110.50,0.8800,320.99,0.8900,544.21,0.1500,273.01,0.1400,156.23,0.1300,110.50,0.1200,320.99,0.1100,544.21,0.1600,93.00,0.1700,359.35,0.1800,107.03,0.1900,69.40,0.2000,128.10,756.88,1404.94,2161.82,1404.94,756.88,2161.82,0.0100,0.0100,-0.2998,0.2998,0.8425,0.1575,0.5977,0.3055,0.3055,0.5977,-45.6886,-17.8232,-17.8232,-45.6886
btc-updown-5m-1780095300,1780095394000,206,73386.55,73480.00,93.45,0.0000,0.0027,0.0668,0.0980,0.4000,0.2960,0.001005,0.0148,4.5181,73474.16,0.0002,0.0079,0.0000,0.0000,0.8500,361.70,0.8400,277.64,0.8300,84.54,0.8200,89.80,0.8100,90.40,0.8600,53.16,0.8700,46.70,0.8800,280.64,0.8900,436.83,0.9000,242.26,0.1400,53.16,0.1300,46.70,0.1200,280.64,0.1100,436.83,0.1000,242.26,0.1500,361.70,0.1600,277.64,0.1700,84.54,0.1800,89.80,0.1900,90.40,904.08,1059.59,1963.67,1059.59,904.08,1963.67,0.0100,0.0100,-0.0792,0.0792,0.8587,0.1413,0.7072,0.0942,0.0942,0.7072,-19.2167,-67.4298,-67.4298,-19.2167
btc-updown-5m-1780095300,1780095395000,205,73386.76,73480.00,93.24,0.0000,0.0027,0.0000,0.0961,0.4000,0.2960,0.001005,0.0129,0.0000,73474.59,0.0001,0.0074,0.0000,0.0000,0.8700,30.00,0.8600,43.87,0.8500,394.10,0.8400,251.92,0.8300,99.54,0.8800,256.11,0.8900,457.55,0.9000,244.26,0.9100,202.12,0.9200,335.54,0.1200,256.11,0.1100,457.55,0.1000,244.26,0.0900,202.12,0.0800,335.54,0.1300,30.00,0.1400,43.87,0.1500,394.10,0.1600,251.92,0.1700,99.54,819.43,1495.58,2315.01,1495.58,819.43,2315.01,0.0100,0.0100,-0.2921,0.2921,0.8710,0.1290,0.0901,0.4772,0.4772,0.0901,-33.9050,23.8597,23.8597,-33.9050
btc-updown-5m-1780095300,1780095396000,204,73386.76,73480.00,93.24,0.0000,0.0027,0.0005,0.0947,0.4000,0.2960,0.001005,0.0129,0.0411,73474.61,0.0001,0.0073,0.0000,0.0000,0.8800,33.41,0.8700,137.61,0.8600,88.55,0.8500,100.14,0.8400,105.70,0.8900,222.73,0.9000,204.42,0.9100,305.48,0.9200,421.04,0.9300,643.42,0.1100,222.73,0.1000,204.42,0.0900,305.48,0.0800,421.04,0.0700,643.42,0.1200,33.41,0.1300,137.61,0.1400,88.55,0.1500,100.14,0.1600,105.70,465.41,1797.09,2262.50,1797.09,465.41,2262.50,0.0100,0.0100,-0.5886,0.5886,0.8813,0.1187,0.3675,0.2377,0.2377,0.3675,-91.3406,102.4583,102.4583,-91.3406
btc-updown-5m-1780095300,1780095397000,203,73386.68,73480.00,93.32,0.0000,0.0027,0.0000,0.0945,0.4000,0.2960,0.001005,0.0129,0.0000,73474.61,0.0000,0.0073,0.0000,0.0000,0.8800,29.00,0.8700,137.61,0.8600,218.96,0.8500,445.14,0.8400,100.70,0.8900,227.64,0.9000,263.85,0.9100,296.91,0.9200,380.04,0.9300,699.42,0.1100,227.64,0.1000,263.85,0.0900,296.91,0.0800,380.04,0.0700,699.42,0.1200,29.00,0.1300,137.61,0.1400,218.96,0.1500,445.14,0.1600,100.70,931.41,1867.86,2799.27,1867.86,931.41,2799.27,0.0100,0.0100,-0.3345,0.3345,0.8811,0.1189,0.1789,0.2631,0.2631,0.1789,-1.4086,113.5855,113.5664,-1.4084
btc-updown-5m-1780095300,1780095398000,202,73386.81,73479.99,93.18,-0.0000,-0.0000,0.0050,0.0723,0.0020,0.2963,0.001006,0.0127,0.3918,73474.76,-0.0000,0.0071,-0.0127,-0.0000,0.8800,351.15,0.8700,222.61,0.8600,158.55,0.8500,496.00,0.8400,150.69,0.8900,35.43,0.9000,191.31,0.9100,165.48,0.9200,368.96,0.9300,584.42,0.1100,35.43,0.1000,191.31,0.0900,165.48,0.0800,368.96,0.0700,584.42,0.1200,351.15,0.1300,222.61,0.1400,158.55,0.1500,496.00,0.1600,150.69,1379.00,1345.60,2724.60,1345.60,1379.00,2724.60,0.0100,0.0100,0.0123,-0.0123,0.8891,0.1109,0.4161,0.1685,0.1685,0.4161,53.6838,52.7712,52.7800,53.6927
btc-updown-5m-1780095300,1780095399000,201,73386.85,73480.00,93.15,0.0000,0.0000,0.0027,0.0082,0.0040,0.2967,0.001005,0.0124,0.2198,73474.93,0.0000,0.0069,0.0127,0.0000,0.8900,358.47,0.8800,133.46,0.8700,205.61,0.8600,126.53,0.8500,469.86,0.9000,147.17,0.9100,196.48,0.9200,345.96,0.9300,627.93,0.9400,649.17,0.1000,147.17,0.0900,196.48,0.0800,345.96,0.0700,627.93,0.0600,649.17,0.1100,358.47,0.1200,133.46,0.1300,205.61,0.1400,126.53,0.1500,469.86,1293.93,1966.71,3260.64,1966.71,1293.93,3260.64,0.0100,0.0100,-0.2063,0.2063,0.8971,0.1029,0.3802,0.1747,0.1747,0.3802,94.6677,91.8227,92.0011,94.8516
btc-updown-5m-1780095300,1780095400000,200,73386.85,73480.00,93.15,0.0000,0.0000,0.0002,0.0084,0.0040,0.2967,0.001005,0.0124,0.0129,73474.93,0.0000,0.0069,0.0000,0.0000,0.8900,381.77,0.8800,152.91,0.8700,199.86,0.8600,126.53,0.8500,464.86,0.9000,48.00,0.9100,181.88,0.9200,348.96,0.9300,741.72,0.9400,569.17,0.1000,48.00,0.0900,181.88,0.0800,348.96,0.0700,741.72,0.0600,569.17,0.1100,381.77,0.1200,152.91,0.1300,199.86,0.1400,126.53,0.1500,464.86,1325.93,1889.73,3215.66,1889.73,1325.93,3215.66,0.0100,0.0100,-0.1753,0.1753,0.8989,0.1011,0.4032,0.1216,0.1216,0.4032,76.3289,145.8153,145.8153,76.3289
btc-updown-5m-1780095300,1780095401000,199,73386.28,73484.00,97.72,0.0054,0.0054,0.0746,0.0824,0.8040,0.4300,0.001349,0.0147,5.0812,73476.44,0.0006,0.0103,5.3196,0.0001,0.9100,69.59,0.9000,160.50,0.8900,463.76,0.8800,283.74,0.8700,186.38,0.9200,231.57,0.9300,547.69,0.9400,500.83,0.9500,1414.08,0.9600,835.45,0.0800,231.57,0.0700,547.69,0.0600,500.83,0.0500,1414.08,0.0400,835.45,0.0900,69.59,0.1000,160.50,0.1100,463.76,0.1200,283.74,0.1300,186.38,1163.97,3529.62,4693.59,3529.62,1163.97,4693.59,0.0100,0.0100,-0.5040,0.5040,0.9123,0.0877,0.1977,0.2208,0.2208,0.1977,35.1307,412.7564,412.7564,35.1307
btc-updown-5m-1780095300,1780095402000,198,73386.49,73486.00,99.51,0.0027,0.0082,0.0233,0.1057,1.2040,0.4967,0.001398,0.0152,1.5321,73476.99,0.0025,0.0123,2.7084,0.0000,0.9100,396.38,0.9000,243.25,0.8900,289.52,0.8800,159.01,0.8700,67.50,0.9200,222.10,0.9300,547.06,0.9400,640.31,0.9500,1646.98,0.9600,943.44,0.0800,222.10,0.0700,547.06,0.0600,640.31,0.0500,1646.98,0.0400,943.44,0.0900,396.38,0.1000,243.25,0.1100,289.52,0.1200,159.01,0.1300,67.50,1155.66,3999.89,5155.55,3999.89,1155.66,5155.55,0.0100,0.0100,-0.5517,0.5517,0.9164,0.0836,0.5535,0.1923,0.1923,0.5535,111.2947,355.1757,355.1185,111.2768
btc-updown-5m-1780095300,1780095403000,197,73386.49,73486.00,99.51,0.0000,0.0082,0.0001,0.1008,1.2020,0.4963,0.001398,0.0152,0.0053,73477.01,0.0025,0.0122,0.0000,0.0000,0.9100,492.18,0.9000,305.53,0.8900,354.52,0.8800,251.31,0.8700,122.50,0.9200,130.84,0.9300,509.81,0.9400,620.26,0.9500,1582.95,0.9600,888.44,0.0800,130.84,0.0700,509.81,0.0600,620.26,0.0500,1582.95,0.0400,888.44,0.0900,492.18,0.1000,305.53,0.1100,354.52,0.1200,251.31,0.1300,122.50,1526.04,3732.30,5258.34,3732.30,1526.04,5258.34,0.0100,0.0100,-0.4196,0.4196,0.9179,0.0821,0.5227,0.1717,0.1717,0.5227,101.2294,304.2629,304.2629,101.2294
btc-updown-5m-1780095300,1780095404000,196,73392.78,73493.46,100.68,0.0102,0.0183,0.1910,0.2892,2.6920,0.7443,0.002196,0.0209,9.1603,73482.00,0.0043,0.0156,10.2210,0.0001,0.9100,473.88,0.9000,309.79,0.8900,328.46,0.8800,266.31,0.8700,122.50,0.9200,106.83,0.9300,489.84,0.9400,583.59,0.9500,1549.98,0.9600,838.44,0.0800,106.83,0.0700,489.84,0.0600,583.59,0.0500,1549.98,0.0400,838.44,0.0900,473.88,0.1000,309.79,0.1100,328.46,0.1200,266.31,0.1300,122.50,1500.94,3568.68,5069.62,3568.68,1500.94,5069.62,0.0100,0.0100,-0.4079,0.4079,0.9182,0.0818,0.5221,0.1672,0.1672,0.5221,22.3129,406.7850,406.7106,22.3088
btc-updown-5m-1780095300,1780095405000,195,73394.62,73495.99,101.37,0.0034,0.0218,0.0606,0.3496,3.2000,0.8290,0.002230,0.0186,3.2622,73485.93,0.0063,0.0137,3.4898,0.0000,0.9200,25.74,0.9100,386.30,0.9000,513.27,0.8900,209.30,0.8800,300.30,0.9300,394.05,0.9400,444.83,0.9500,1460.94,0.9600,725.45,0.9700,2061.63,0.0700,394.05,0.0600,444.83,0.0500,1460.94,0.0400,725.45,0.0300,2061.63,0.0800,25.74,0.0900,386.30,0.1000,513.27,0.1100,209.30,0.1200,300.30,1434.91,5086.90,6521.81,5086.90,1434.91,6521.81,0.0100,0.0100,-0.5600,0.5600,0.9206,0.0794,0.2872,0.1649,0.1649,0.2872,3.2268,527.1077,527.1077,3.2268
btc-updown-5m-1780095300,1780095406000,194,73394.62,73496.82,102.20,0.0011,0.0174,0.0097,0.2848,2.5680,0.8563,0.002220,0.0189,0.5128,73486.11,0.0072,0.0146,1.1541,0.0000,0.9200,463.74,0.9100,233.04,0.9000,505.46,0.8900,222.72,0.8800,312.60,0.9300,437.27,0.9400,465.75,0.9500,1477.06,0.9600,797.45,0.9700,2125.62,0.0700,437.27,0.0600,465.75,0.0500,1477.06,0.0400,797.45,0.0300,2125.62,0.0800,463.74,0.0900,233.04,0.1000,505.46,0.1100,222.72,0.1200,312.60,1737.56,5303.15,7040.71,5303.15,1737.56,7040.71,0.0100,0.0100,-0.5064,0.5064,0.9251,0.0749,0.4010,0.1703,0.1703,0.4010,78.8168,610.3503,610.4594,78.8309
btc-updown-5m-1780095300,1780095407000,193,73396.76,73496.95,100.19,0.0002,0.0149,0.0029,0.2644,2.1960,0.8610,0.002217,0.0189,0.1548,73486.21,0.0046,0.0146,0.1772,0.0000,0.9200,558.75,0.9100,243.94,0.9000,947.57,0.8900,240.30,0.8800,300.30,0.9300,367.01,0.9400,452.75,0.9500,1504.13,0.9600,857.72,0.9700,2139.60,0.0700,367.01,0.0600,452.75,0.0500,1504.13,0.0400,857.72,0.0300,2139.60,0.0800,558.75,0.0900,243.94,0.1000,947.57,0.1100,240.30,0.1200,300.30,2290.86,5321.21,7612.07,5321.21,2290.86,7612.07,0.0100,0.0100,-0.3981,0.3981,0.9260,0.0740,0.3504,0.1541,0.1541,0.3504,133.3760,299.2288,299.2288,133.3760
btc-updown-5m-1780095300,1780095408000,192,73400.48,73496.95,96.47,0.0000,0.0149,0.0000,0.2643,2.1960,0.8350,0.002227,0.0189,0.0000,73486.24,0.0037,0.0146,0.0000,0.0000,0.9200,639.89,0.9100,489.14,0.9000,891.01,0.8900,248.23,0.8800,612.60,0.9400,405.94,0.9500,1365.26,0.9600,995.36,0.9700,2156.94,0.9800,2531.60,0.0600,405.94,0.0500,1365.26,0.0400,995.36,0.0300,2156.94,0.0200,2531.60,0.0800,639.89,0.0900,489.14,0.1000,891.01,0.1100,248.23,0.1200,612.60,2880.87,7455.10,10335.97,7455.10,2880.87,10335.97,0.0200,0.0200,-0.4426,0.4426,0.9322,0.0678,0.3919,0.2376,0.2376,0.3919,313.5414,587.0111,586.9154,313.4903
btc-updown-5m-1780095300,1780095409000,191,73400.48,73499.08,98.60,0.0029,0.0076,0.0811,0.1543,1.1300,0.8393,0.002232,0.0213,3.8105,73487.98,0.0051,0.0151,2.8576,0.0000,0.9300,229.13,0.9200,262.18,0.9100,374.86,0.9000,362.01,0.8900,201.53,0.9400,614.79,0.9500,1406.14,0.9600,1113.09,0.9700,2247.15,0.9800,1884.59,0.0600,614.79,0.0500,1406.14,0.0400,1113.09,0.0300,2247.15,0.0200,1884.59,0.0700,229.13,0.0800,262.18,0.0900,374.86,0.1000,362.01,0.1100,201.53,1429.71,7265.76,8695.47,7265.76,1429.71,8695.47,0.0100,0.0100,-0.6712,0.6712,0.9327,0.0673,0.3436,0.2781,0.2781,0.3436,-15.9619,585.4946,585.4946,-15.9619
btc-updown-5m-1780095300,1780095410000,190,73402.10,73499.08,96.98,0.0000,0.0042,0.0000,0.0937,0.6220,0.8390,0.002232,0.0195,0.0000,73489.25,0.0019,0.0134,0.0000,0.0000,0.9300,276.14,0.9200,317.04,0.9100,439.86,0.9000,1017.01,0.8900,266.70,0.9400,455.65,0.9500,1327.74,0.9600,995.36,0.9700,2192.15,0.9800,2438.10,0.0600,455.65,0.0500,1327.74,0.0400,995.36,0.0300,2192.15,0.0200,2438.10,0.0700,276.14,0.0800,317.04,0.0900,439.86,0.1000,1017.01,0.1100,266.70,2316.75,7409.00,9725.75,7409.00,2316.75,9725.75,0.0100,0.0100,-0.5236,0.5236,0.9338,0.0662,0.2560,0.2407,0.2407,0.2560,122.6744,764.8432,764.8432,122.6744
btc-updown-5m-1780095300,1780095411000,189,73402.09,73499.08,96.99,0.0000,0.0031,0.0018,0.0858,0.4540,0.8097,0.002241,0.0195,0.0927,73489.31,0.0004,0.0133,0.0000,0.0000,0.9300,186.00,0.9200,270.14,0.9100,216.60,0.9000,972.01,0.8900,475.70,0.9400,551.81,0.9500,1381.07,0.9600,1074.36,0.9700,2230.64,0.9800,2754.59,0.0600,551.81,0.0500,1381.07,0.0400,1074.36,0.0300,2230.64,0.0200,2754.59,0.0700,186.00,0.0800,270.14,0.0900,216.60,0.1000,972.01,0.1100,475.70,2120.45,7992.47,10112.92,7992.47,2120.45,10112.92,0.0100,0.0100,-0.5806,0.5806,0.9325,0.0675,0.2151,0.2418,0.2418,0.2151,112.1176,749.0918,747.6994,112.0283
btc-updown-5m-1780095300,1780095412000,188,73402.09,73499.07,96.98,-0.0000,0.0029,0.0016,0.0845,0.4280,0.8100,0.002242,0.0195,0.0826,73489.39,0.0001,0.0132,-0.0132,-0.0000,0.9300,141.71,0.9200,445.54,0.9100,245.84,0.9000,977.51,0.8900,475.70,0.9400,511.76,0.9500,1363.67,0.9600,944.47,0.9700,2397.33,0.9800,2754.59,0.0600,511.76,0.0500,1363.67,0.0400,944.47,0.0300,2397.33,0.0200,2754.59,0.0700,141.71,0.0800,445.54,0.0900,245.84,0.1000,977.51,0.1100,475.70,2286.30,7971.82,10258.12,7971.82,2286.30,10258.12,0.0100,0.0100,-0.5542,0.5542,0.9322,0.0678,0.2569,0.2353,0.2353,0.2569,155.2112,384.2820,384.2820,155.2112
btc-updown-5m-1780095300,1780095413000,187,73402.11,73499.08,96.97,0.0000,0.0029,0.0711,0.1556,0.4300,0.8103,0.002241,0.0218,3.2648,73490.41,0.0000,0.0118,0.0132,0.0000,0.9300,26.00,0.9200,403.44,0.9100,741.83,0.9000,972.51,0.8900,472.40,0.9400,656.47,0.9500,1501.74,0.9600,980.72,0.9700,2481.07,0.9800,3229.59,0.0600,656.47,0.0500,1501.74,0.0400,980.72,0.0300,2481.07,0.0200,3229.59,0.0700,26.00,0.0800,403.44,0.0900,741.83,0.1000,972.51,0.1100,472.40,2616.18,8849.59,11465.77,8849.59,2616.18,11465.77,0.0100,0.0100,-0.5437,0.5437,0.9304,0.0696,0.1641,0.2439,0.2439,0.1641,54.8138,594.5038,594.5038,54.8138
btc-updown-5m-1780095300,1780095414000,186,73403.09,73499.08,95.99,0.0000,0.0000,0.1013,0.1759,0.0040,0.8103,0.002241,0.0251,4.0443,73491.55,0.0000,0.0103,0.0000,0.0000,0.9200,394.55,0.9100,750.07,0.9000,994.52,0.8900,471.57,0.8800,262.60,0.9300,261.22,0.9400,332.47,0.9500,1484.31,0.9600,975.72,0.9700,2284.38,0.0700,261.22,0.0600,332.47,0.0500,1484.31,0.0400,975.72,0.0300,2284.38,0.0800,394.55,0.0900,750.07,0.1000,994.52,0.1100,471.57,0.1200,262.60,2873.31,5338.10,8211.41,5338.10,2873.31,8211.41,0.0100,0.0100,-0.3002,0.3002,0.9260,0.0740,0.3984,0.1112,0.1112,0.3984,2.4942,64.0817,64.0932,2.4946
btc-updown-5m-1780095300,1780095415000,185,73403.15,73499.08,95.93,0.0000,0.0000,0.0109,0.1868,0.0040,0.8097,0.002242,0.0254,0.4295,73491.67,0.0000,0.0101,0.0000,0.0000,0.9200,376.42,0.9100,976.71,0.9000,1077.47,0.8900,231.57,0.8800,312.60,0.9300,147.56,0.9400,151.05,0.9500,1429.31,0.9600,1075.23,0.9700,2270.38,0.0700,147.56,0.0600,151.05,0.0500,1429.31,0.0400,1075.23,0.0300,2270.38,0.0800,376.42,0.0900,976.71,0.1000,1077.47,0.1100,231.57,0.1200,312.60,2974.77,5073.53,8048.30,5073.53,2974.77,8048.30,0.0100,0.0100,-0.2608,0.2608,0.9272,0.0728,0.4549,0.0589,0.0589,0.4549,255.8046,-359.9503,-360.0696,255.8894
btc-updown-5m-1780095300,1780095416000,184,73403.15,73499.08,95.93,0.0000,0.0000,0.0148,0.1998,0.0040,0.7057,0.002173,0.0257,0.5767,73491.91,0.0000,0.0098,0.0000,0.0000,0.9200,180.24,0.9100,965.45,0.9000,1357.86,0.8900,231.57,0.8800,312.60,0.9300,163.58,0.9400,126.05,0.9500,1434.31,0.9600,1045.23,0.9700,2258.71,0.0700,163.58,0.0600,126.05,0.0500,1434.31,0.0400,1045.23,0.0300,2258.71,0.0800,180.24,0.0900,965.45,0.1000,1357.86,0.1100,231.57,0.1200,312.60,3047.72,5027.88,8075.60,5027.88,3047.72,8075.60,0.0100,0.0100,-0.2452,0.2452,0.9252,0.0748,0.3759,0.0576,0.0576,0.3759,112.4835,-420.3184,-420.3184,112.4835
btc-updown-5m-1780095300,1780095417000,183,73403.15,73499.08,95.93,0.0000,0.0000,0.0387,0.2369,0.0020,0.7057,0.002173,0.0258,1.5047,73492.90,0.0000,0.0084,0.0000,0.0000,0.9200,337.99,0.9100,952.20,0.9000,1313.51,0.8900,231.57,0.8800,312.60,0.9300,132.46,0.9400,126.05,0.9500,1424.31,0.9600,1038.98,0.9700,2258.71,0.0700,132.46,0.0600,126.05,0.0500,1424.31,0.0400,1038.98,0.0300,2258.71,0.0800,337.99,0.0900,952.20,0.1000,1313.51,0.1100,231.57,0.1200,312.60,3147.87,4980.51,8128.38,4980.51,3147.87,8128.38,0.0100,0.0100,-0.2255,0.2255,0.9272,0.0728,0.4099,0.0519,0.0519,0.4099,178.7417,-512.8627,-512.8627,178.7417
btc-updown-5m-1780095300,1780095418000,182,73403.04,73499.08,96.04,0.0000,0.0000,0.0063,0.1720,0.0000,0.7053,0.002173,0.0260,0.2412,73492.95,0.0000,0.0083,0.0000,0.0000,0.9300,155.37,0.9200,252.31,0.9100,875.26,0.9000,1289.52,0.8900,167.40,0.9400,369.21,0.9500,1456.09,0.9600,1117.62,0.9700,2318.71,0.9800,3298.13,0.0600,369.21,0.0500,1456.09,0.0400,1117.62,0.0300,2318.71,0.0200,3298.13,0.0700,155.37,0.0800,252.31,0.0900,875.26,0.1000,1289.52,0.1100,167.40,2739.86,8559.76,11299.62,8559.76,2739.86,11299.62,0.0100,0.0100,-0.5151,0.5151,0.9330,0.0670,0.1488,0.2132,0.2132,0.1488,73.6704,98.3732,98.3732,73.6704
btc-updown-5m-1780095300,1780095419000,181,73403.00,73499.08,96.08,0.0000,0.0000,0.0000,0.0707,0.0000,0.7050,0.002173,0.0258,0.0000,73493.06,0.0000,0.0082,0.0000,0.0000,0.9300,246.36,0.9200,468.87,0.9100,793.14,0.9000,1318.52,0.8900,260.89,0.9400,169.59,0.9500,1183.69,0.9600,783.11,0.9700,1967.71,0.9800,3138.13,0.0600,169.59,0.0500,1183.69,0.0400,783.11,0.0300,1967.71,0.0200,3138.13,0.0700,246.36,0.0800,468.87,0.0900,793.14,0.1000,1318.52,0.1100,260.89,3087.78,7242.23,10330.01,7242.23,3087.78,10330.01,0.0100,0.0100,-0.4022,0.4022,0.9359,0.0641,0.2316,0.1869,0.1869,0.2316,76.2613,-263.5608,-263.6034,76.2737
btc-updown-5m-1780095300,1780095420000,180,73402.99,73499.08,96.09,0.0000,0.0000,0.0159,0.0757,0.0020,0.7053,0.002173,0.0262,0.6072,73493.22,-0.0000,0.0080,0.0000,0.0000,0.9300,312.13,0.9200,469.62,0.9100,805.17,0.9000,1313.52,0.8900,265.89,0.9400,84.85,0.9500,1238.99,0.9600,743.36,0.9700,1967.38,0.9800,3068.13,0.0600,84.85,0.0500,1238.99,0.0400,743.36,0.0300,1967.38,0.0200,3068.13,0.0700,312.13,0.0800,469.62,0.0900,805.17,0.1000,1313.52,0.1100,265.89,3166.33,7102.71,10269.04,7102.71,3166.33,10269.04,0.0100,0.0100,-0.3833,0.3833,0.9379,0.0621,0.2469,0.1864,0.1864,0.2469,56.6789,306.2005,306.2005,56.6789
btc-updown-5m-1780095300,1780095421000,179,73402.91,73499.08,96.17,0.0000,0.0000,0.0007,0.0616,0.0020,0.7053,0.002173,0.0262,0.0252,73493.26,-0.0000,0.0079,0.0000,0.0000,0.9300,542.41,0.9200,323.27,0.9100,793.17,0.9000,1327.92,0.8900,260.89,0.9400,165.00,0.9500,1234.10,0.9600,743.36,0.9700,1761.56,0.9800,3018.13,0.0600,165.00,0.0500,1234.10,0.0400,743.36,0.0300,1761.56,0.0200,3018.13,0.0700,542.41,0.0800,323.27,0.0900,793.17,0.1000,1327.92,0.1100,260.89,3247.66,6922.15,10169.81,6922.15,3247.66,10169.81,0.0100,0.0100,-0.3613,0.3613,0.9377,0.0623,0.2666,0.2021,0.2021,0.2666,82.0980,-264.0586,-263.7599,82.0052
btc-updown-5m-1780095300,1780095422000,178,73402.91,73499.08,96.17,0.0000,0.0000,0.0081,0.0310,0.0020,0.7053,0.002173,0.0264,0.3088,73493.36,0.0000,0.0078,0.0000,0.0000,0.9300,541.88,0.9200,328.33,0.9100,793.17,0.9000,1332.92,0.8900,266.52,0.9400,83.93,0.9500,1244.10,0.9600,743.36,0.9700,1807.56,0.9800,3018.13,0.0600,83.93,0.0500,1244.10,0.0400,743.36,0.0300,1807.56,0.0200,3018.13,0.0700,541.88,0.0800,328.33,0.0900,793.17,0.1000,1332.92,0.1100,266.52,3262.82,6897.08,10159.90,6897.08,3262.82,10159.90,0.0100,0.0100,-0.3577,0.3577,0.9387,0.0613,0.2667,0.1925,0.1925,0.2667,82.8888,296.6151,296.6151,82.8888
btc-updown-5m-1780095300,1780095423000,177,73402.91,73499.08,96.17,0.0000,0.0000,0.0000,0.0247,0.0020,0.6387,0.002154,0.0264,0.0000,73493.36,0.0000,0.0078,0.0000,0.0000,0.9300,419.26,0.9200,278.33,0.9100,757.64,0.9000,1324.11,0.8900,252.59,0.9400,399.47,0.9500,1221.20,0.9600,738.36,0.9700,1807.56,0.9800,3083.13,0.0600,399.47,0.0500,1221.20,0.0400,738.36,0.0300,1807.56,0.0200,3083.13,0.0700,419.26,0.0800,278.33,0.0900,757.64,0.1000,1324.11,0.1100,252.59,3031.93,7249.72,10281.65,7249.72,3031.93,10281.65,0.0100,0.0100,-0.4102,0.4102,0.9351,0.0649,0.2301,0.2235,0.2235,0.2301,-20.8526,395.2692,395.2693,-20.8526
btc-updown-5m-1780095300,1780095424000,176,73402.78,73494.92,92.14,-0.0057,-0.0057,0.9211,0.9458,0.8340,0.7773,0.002449,0.0552,16.6891,73494.41,-0.0001,0.0007,-5.2152,-0.0001,0.9300,83.60,0.9200,10.00,0.9100,644.37,0.9000,1163.12,0.8900,123.25,0.9400,652.03,0.9500,1223.63,0.9600,844.32,0.9700,1496.64,0.9800,2364.59,0.0600,652.03,0.0500,1223.63,0.0400,844.32,0.0300,1496.64,0.0200,2364.59,0.0700,83.60,0.0800,10.00,0.0900,644.37,0.1000,1163.12,0.1100,123.25,2024.34,6581.21,8605.55,6581.21,2024.34,8605.55,0.0100,0.0100,-0.5295,0.5295,0.9311,0.0689,0.0462,0.2850,0.2850,0.0462,-92.0785,-315.2637,-315.2637,-92.0785
btc-updown-5m-1780095300,1780095425000,175,73402.78,73494.92,92.14,0.0000,-0.0057,0.0132,0.9431,0.8320,0.7773,0.002449,0.0535,0.2471,73495.00,-0.0001,-0.0001,0.0000,0.0000,0.9100,302.37,0.9000,307.71,0.8900,161.73,0.8800,270.30,0.8700,56.50,0.9200,563.28,0.9300,169.51,0.9400,186.16,0.9500,1383.20,0.9600,955.04,0.0800,563.28,0.0700,169.51,0.0600,186.16,0.0500,1383.20,0.0400,955.04,0.0900,302.37,0.1000,307.71,0.1100,161.73,0.1200,270.30,0.1300,56.50,1098.61,3257.19,4355.80,3257.19,1098.61,4355.80,0.0100,0.0100,-0.4956,0.4956,0.9135,0.0865,0.5553,0.2250,0.2250,0.5553,-337.8346,-676.8071,-676.8071,-337.8346
btc-updown-5m-1780095300,1780095426000,174,73402.30,73494.92,92.62,0.0000,-0.0057,0.0544,0.9968,0.8320,0.7773,0.002449,0.0552,0.9850,73494.99,-0.0000,-0.0001,0.0000,0.0000,0.9100,541.99,0.9000,357.12,0.8900,197.28,0.8800,270.30,0.8700,64.66,0.9200,342.19,0.9300,133.58,0.9400,249.08,0.9500,1331.20,0.9600,979.46,0.0800,342.19,0.0700,133.58,0.0600,249.08,0.0500,1331.20,0.0400,979.46,0.0900,541.99,0.1000,357.12,0.1100,197.28,0.1200,270.30,0.1300,64.66,1431.35,3035.51,4466.86,3035.51,1431.35,4466.86,0.0100,0.0100,-0.3591,0.3591,0.9161,0.0839,0.6282,0.1567,0.1567,0.6282,-328.5325,-770.1572,-770.1572,-328.5325
btc-updown-5m-1780095300,1780095427000,173,73396.49,73494.91,98.42,-0.0000,-0.0057,0.0421,1.0308,0.8340,0.7777,0.002449,0.0566,0.7440,73495.00,-0.0001,-0.0001,-0.0134,-0.0000,0.9100,657.97,0.9000,869.71,0.8900,208.25,0.8800,673.82,0.8700,121.50,0.9200,341.28,0.9300,97.87,0.9400,212.34,0.9500,1364.14,0.9600,734.20,0.0800,341.28,0.0700,97.87,0.0600,212.34,0.0500,1364.14,0.0400,734.20,0.0900,657.97,0.1000,869.71,0.1100,208.25,0.1200,673.82,0.1300,121.50,2531.25,2749.83,5281.08,2749.83,2531.25,5281.08,0.0100,0.0100,-0.0414,0.0414,0.9166,0.0834,0.6035,0.1597,0.1597,0.6035,-115.9085,-705.5420,-705.4229,-115.8889
btc-updown-5m-1780095300,1780095428000,172,73396.49,73494.91,98.42,0.0000,-0.0057,0.0000,1.0308,0.8340,0.7773,0.002449,0.0566,0.0000,73495.00,-0.0000,-0.0001,0.0000,0.0000,0.9100,467.27,0.9000,1069.15,0.8900,247.99,0.8800,665.30,0.8700,121.50,0.9200,317.04,0.9300,102.87,0.9400,195.67,0.9500,1469.68,0.9600,757.09,0.0800,317.04,0.0700,102.87,0.0600,195.67,0.0500,1469.68,0.0400,757.09,0.0900,467.27,0.1000,1069.15,0.1100,247.99,0.1200,665.30,0.1300,121.50,2571.21,2842.35,5413.56,2842.35,2571.21,5413.56,0.0100,0.0100,-0.0501,0.0501,0.9160,0.0840,0.5975,0.1477,0.1477,0.5975,-122.0139,-708.5006,-708.2609,-121.9726
btc-updown-5m-1780095300,1780095429000,171,73396.64,73494.92,98.28,0.0000,0.0000,0.0865,0.1962,0.0040,0.7773,0.002449,0.0592,1.4617,73495.03,0.0000,-0.0002,0.0134,0.0000,0.9100,443.16,0.9000,1069.15,0.8900,822.05,0.8800,675.30,0.8700,119.50,0.9200,285.60,0.9300,97.87,0.9400,165.59,0.9500,1541.53,0.9600,757.09,0.0800,285.60,0.0700,97.87,0.0600,165.59,0.0500,1541.53,0.0400,757.09,0.0900,443.16,0.1000,1069.15,0.1100,822.05,0.1200,675.30,0.1300,119.50,3129.16,2847.68,5976.84,2847.68,3129.16,5976.84,0.0100,0.0100,0.0471,-0.0471,0.9161,0.0839,0.4833,0.1347,0.1347,0.4833,11.7245,-745.2449,-744.9915,11.7205
btc-updown-5m-1780095300,1780095430000,170,73397.02,73494.92,97.90,0.0000,0.0000,0.0000,0.1830,0.0040,0.7773,0.002449,0.0591,0.0000,73495.06,0.0000,-0.0002,0.0000,0.0000,0.9100,405.55,0.9000,1031.96,0.8900,822.05,0.8800,652.61,0.8700,127.50,0.9200,299.08,0.9300,77.87,0.9400,128.67,0.9500,1541.42,0.9600,757.09,0.0800,299.08,0.0700,77.87,0.0600,128.67,0.0500,1541.42,0.0400,757.09,0.0900,405.55,0.1000,1031.96,0.1100,822.05,0.1200,652.61,0.1300,127.50,3039.67,2804.13,5843.80,2804.13,3039.67,5843.80,0.0100,0.0100,0.0403,-0.0403,0.9158,0.0842,0.4729,0.1344,0.1344,0.4729,103.6046,-601.2778,-601.4771,103.6389
btc-updown-5m-1780095300,1780095431000,169,73397.02,73494.92,97.90,0.0000,0.0000,0.0000,0.1286,0.0040,0.6440,0.002285,0.0591,0.0000,73495.06,0.0000,-0.0002,0.0000,0.0000,0.9100,285.49,0.9000,1181.96,0.8900,223.05,0.8800,665.61,0.8700,122.50,0.9200,357.56,0.9300,163.80,0.9400,105.67,0.9500,1485.42,0.9600,798.09,0.0800,357.56,0.0700,163.80,0.0600,105.67,0.0500,1485.42,0.0400,798.09,0.0900,285.49,0.1000,1181.96,0.1100,223.05,0.1200,665.61,0.1300,122.50,2478.61,2910.54,5389.15,2910.54,2478.61,5389.15,0.0100,0.0100,-0.0801,0.0801,0.9144,0.0856,0.5920,0.1791,0.1791,0.5920,237.2765,-59.6028,-59.6028,237.2765
btc-updown-5m-1780095300,1780095432000,168,73397.06,73494.92,97.86,0.0000,0.0000,0.0041,0.0906,0.0040,0.5777,0.002249,0.0568,0.0725,73495.53,0.0000,-0.0008,0.0000,0.0000,0.9100,443.89,0.9000,1181.96,0.8900,223.05,0.8800,665.61,0.8700,122.50,0.9200,337.56,0.9300,143.80,0.9400,105.67,0.9500,1437.42,0.9600,833.09,0.0800,337.56,0.0700,143.80,0.0600,105.67,0.0500,1437.42,0.0400,833.09,0.0900,443.89,0.1000,1181.96,0.1100,223.05,0.1200,665.61,0.1300,122.50,2637.01,2857.54,5494.55,2857.54,2637.01,5494.55,0.0100,0.0100,-0.0401,0.0401,0.9157,0.0843,0.6166,0.1685,0.1685,0.6166,33.1470,45.7915,45.7915,33.1470
btc-updown-5m-1780095300,1780095433000,167,73397.06,73494.92,97.86,0.0000,0.0000,0.0002,0.0908,0.0040,0.5777,0.002249,0.0561,0.0029,73495.65,-0.0000,-0.0010,0.0000,0.0000,0.9100,424.96,0.9000,1481.96,0.8900,231.05,0.8800,673.61,0.8700,122.50,0.9200,237.66,0.9300,143.80,0.9400,105.67,0.9500,1397.42,0.9600,843.09,0.0800,237.66,0.0700,143.80,0.0600,105.67,0.0500,1397.42,0.0400,843.09,0.0900,424.96,0.1000,1481.96,0.1100,231.05,0.1200,673.61,0.1300,122.50,2934.08,2727.64,5661.72,2727.64,2934.08,5661.72,0.0100,0.0100,0.0365,-0.0365,0.9164,0.0836,0.6499,0.1398,0.1398,0.6499,71.4676,9.5446,9.5446,71.4676
btc-updown-5m-1780095300,1780095434000,166,73397.07,73494.92,97.85,0.0000,0.0000,0.0002,0.0044,0.0020,0.3290,0.001335,0.0561,0.0029,73495.65,-0.0000,-0.0010,0.0000,0.0000,0.9100,423.66,0.9000,1471.86,0.8900,251.88,0.8800,663.61,0.8700,122.50,0.9200,217.27,0.9300,127.87,0.9400,147.59,0.9500,1397.42,0.9600,843.09,0.0800,217.27,0.0700,127.87,0.0600,147.59,0.0500,1397.42,0.0400,843.09,0.0900,423.66,0.1000,1471.86,0.1100,251.88,0.1200,663.61,0.1300,122.50,2933.51,2733.24,5666.75,2733.24,2933.51,5666.75,0.0100,0.0100,0.0353,-0.0353,0.9166,0.0834,0.6462,0.1263,0.1263,0.6462,61.2407,-18.4432,-18.4432,61.2407
btc-updown-5m-1780095300,1780095435000,165,73397.09,73494.92,97.83,0.0000,0.0000,0.0000,0.0044,0.0020,0.2443,0.001179,0.0499,0.0000,73495.92,0.0000,-0.0014,0.0000,0.0000,0.9100,799.14,0.9000,1491.85,0.8900,255.16,0.8800,655.30,0.8700,129.39,0.9200,51.32,0.9300,107.87,0.9400,164.26,0.9500,1397.42,0.9600,843.09,0.0800,51.32,0.0700,107.87,0.0600,164.26,0.0500,1397.42,0.0400,843.09,0.0900,799.14,0.1000,1491.85,0.1100,255.16,0.1200,655.30,0.1300,129.39,3330.84,2563.96,5894.80,2563.96,3330.84,5894.80,0.0100,0.0100,0.1301,-0.1301,0.9194,0.0806,0.6878,0.0621,0.0621,0.6878,32.8687,-30.9562,-30.9562,32.8687
btc-updown-5m-1780095300,1780095436000,164,73397.09,73494.92,97.83,0.0000,0.0000,0.0130,0.0174,0.0020,0.2163,0.001158,0.0484,0.2687,73495.91,0.0000,-0.0014,0.0000,0.0000,0.9100,883.86,0.9000,1512.32,0.8900,251.61,0.8800,655.30,0.8700,129.41,0.9200,16.77,0.9300,82.87,0.9400,127.34,0.9500,1447.72,0.9600,843.09,0.0800,16.77,0.0700,82.87,0.0600,127.34,0.0500,1447.72,0.0400,843.09,0.0900,883.86,0.1000,1512.32,0.1100,251.61,0.1200,655.30,0.1300,129.41,3432.50,2517.79,5950.29,2517.79,3432.50,5950.29,0.0100,0.0100,0.1537,-0.1537,0.9198,0.0802,0.6981,0.0396,0.0396,0.6981,52.0915,-40.4722,-40.4656,52.0831
btc-updown-5m-1780095300,1780095437000,163,73397.08,73494.92,97.84,0.0000,0.0000,0.0000,0.0133,0.0000,0.2117,0.001157,0.0481,0.0000,73495.91,0.0000,-0.0013,0.0000,0.0000,0.9200,382.36,0.9100,774.64,0.9000,1364.12,0.8900,246.61,0.8800,655.30,0.9300,117.43,0.9400,97.34,0.9500,1297.18,0.9600,851.09,0.9700,1575.79,0.0700,117.43,0.0600,97.34,0.0500,1297.18,0.0400,851.09,0.0300,1575.79,0.0800,382.36,0.0900,774.64,0.1000,1364.12,0.1100,246.61,0.1200,655.30,3423.03,3938.83,7361.86,3938.83,3423.03,7361.86,0.0100,0.0100,-0.0701,0.0701,0.9277,0.0723,0.3380,0.0545,0.0545,0.3380,149.5187,205.6858,205.6858,149.5187
btc-updown-5m-1780095300,1780095438000,162,73397.08,73494.91,97.83,-0.0000,-0.0000,0.0007,0.0138,0.0020,0.2120,0.001157,0.0480,0.0138,73495.90,-0.0000,-0.0014,-0.0133,-0.0000,0.9200,241.20,0.9100,771.68,0.9000,1354.12,0.8900,246.61,0.8800,655.30,0.9300,114.41,0.9400,229.00,0.9500,1302.18,0.9600,990.92,0.9700,1589.79,0.0700,114.41,0.0600,229.00,0.0500,1302.18,0.0400,990.92,0.0300,1589.79,0.0800,241.20,0.0900,771.68,0.1000,1354.12,0.1100,246.61,0.1200,655.30,3268.91,4226.30,7495.21,4226.30,3268.91,7495.21,0.0100,0.0100,-0.1277,0.1277,0.9268,0.0732,0.3099,0.0813,0.0813,0.3099,54.7817,260.8552,260.8077,54.7717
btc-updown-5m-1780095300,1780095439000,161,73397.08,73494.91,97.83,0.0000,-0.0000,0.0003,0.0140,0.0020,0.1410,0.001016,0.0480,0.0062,73495.90,-0.0000,-0.0014,0.0000,0.0000,0.9200,344.89,0.9100,575.09,0.9000,1317.50,0.8900,181.61,0.8800,600.30,0.9300,267.41,0.9400,64.00,0.9500,1297.18,0.9600,767.09,0.9700,1599.79,0.0700,267.41,0.0600,64.00,0.0500,1297.18,0.0400,767.09,0.0300,1599.79,0.0800,344.89,0.0900,575.09,0.1000,1317.50,0.1100,181.61,0.1200,600.30,3019.39,3995.47,7014.86,3995.47,3019.39,7014.86,0.0100,0.0100,-0.1391,0.1391,0.9256,0.0744,0.3047,0.0829,0.0829,0.3047,15.3222,247.7475,247.8872,15.3308
btc-updown-5m-1780095300,1780095440000,160,73397.08,73494.91,97.83,0.0000,-0.0000,0.0000,0.0140,0.0020,0.1410,0.001016,0.0454,0.0000,73495.72,-0.0000,-0.0011,0.0000,0.0000,0.9200,266.72,0.9100,575.09,0.9000,1480.08,0.8900,181.61,0.8800,600.30,0.9300,157.95,0.9400,145.77,0.9500,1405.47,0.9600,827.09,0.9700,1599.79,0.0700,157.95,0.0600,145.77,0.0500,1405.47,0.0400,827.09,0.0300,1599.79,0.0800,266.72,0.0900,575.09,0.1000,1480.08,0.1100,181.61,0.1200,600.30,3103.80,4136.07,7239.87,4136.07,3103.80,7239.87,0.0100,0.0100,-0.1426,0.1426,0.9263,0.0737,0.2712,0.0734,0.0734,0.2712,26.1372,242.8694,242.9096,26.1415
btc-updown-5m-1780095300,1780095441000,159,73396.98,73494.92,97.94,0.0000,0.0000,0.0247,0.0257,0.0040,0.1413,0.001016,0.0462,0.5357,73495.71,0.0000,-0.0011,0.0133,0.0000,0.9200,211.17,0.9100,540.09,0.9000,1317.50,0.8900,181.61,0.8800,600.30,0.9300,110.71,0.9400,145.77,0.9500,1347.39,0.9600,833.01,0.9700,1599.79,0.0700,110.71,0.0600,145.77,0.0500,1347.39,0.0400,833.01,0.0300,1599.79,0.0800,211.17,0.0900,540.09,0.1000,1317.50,0.1100,181.61,0.1200,600.30,2850.67,4036.67,6887.34,4036.67,2850.67,6887.34,0.0100,0.0100,-0.1722,0.1722,0.9266,0.0734,0.2635,0.0635,0.0635,0.2635,-85.2121,261.3505,261.3505,-85.2121
btc-updown-5m-1780095300,1780095442000,158,73396.98,73494.92,97.94,0.0000,0.0000,0.0000,0.0257,0.0040,0.1410,0.001016,0.0461,0.0000,73495.70,0.0000,-0.0011,0.0000,0.0000,0.9200,211.17,0.9100,540.09,0.9000,1317.50,0.8900,181.61,0.8800,600.30,0.9300,110.71,0.9400,145.77,0.9500,1347.39,0.9600,833.01,0.9700,1599.79,0.0700,110.71,0.0600,145.77,0.0500,1347.39,0.0400,833.01,0.0300,1599.79,0.0800,211.17,0.0900,540.09,0.1000,1317.50,0.1100,181.61,0.1200,600.30,2850.67,4036.67,6887.34,4036.67,2850.67,6887.34,0.0100,0.0100,-0.1722,0.1722,0.9266,0.0734,0.2635,0.0635,0.0635,0.2635,-123.8463,323.3035,323.3035,-123.8463
btc-updown-5m-1780095300,1780095443000,157,73397.02,73494.92,97.90,0.0000,0.0000,0.0000,0.0250,0.0020,0.1407,0.001016,0.0461,0.0000,73495.70,0.0000,-0.0011,0.0000,0.0000,0.9200,282.53,0.9100,620.09,0.9000,1312.50,0.8900,333.00,0.8800,600.30,0.9300,99.67,0.9400,117.77,0.9500,1347.39,0.9600,839.82,0.9700,1591.33,0.0700,99.67,0.0600,117.77,0.0500,1347.39,0.0400,839.82,0.0300,1591.33,0.0800,282.53,0.0900,620.09,0.1000,1312.50,0.1100,333.00,0.1200,600.30,3148.42,3995.98,7144.40,3995.98,3148.42,7144.40,0.0100,0.0100,-0.1186,0.1186,0.9274,0.0726,0.2867,0.0544,0.0544,0.2867,-48.5348,10.1007,9.6976,-49.3810
btc-updown-5m-1780095300,1780095444000,156,73397.18,73494.92,97.74,0.0000,0.0000,0.0000,0.0247,0.0020,0.1407,0.001016,0.0438,0.0000,73495.52,0.0000,-0.0008,0.0000,0.0000,0.9200,282.53,0.9100,620.09,0.9000,1312.50,0.8900,333.00,0.8800,600.30,0.9300,99.67,0.9400,117.77,0.9500,1347.39,0.9600,839.82,0.9700,1591.33,0.0700,99.67,0.0600,117.77,0.0500,1347.39,0.0400,839.82,0.0300,1591.33,0.0800,282.53,0.0900,620.09,0.1000,1312.50,0.1100,333.00,0.1200,600.30,3148.42,3995.98,7144.40,3995.98,3148.42,7144.40,0.0100,0.0100,-0.1186,0.1186,0.9274,0.0726,0.2867,0.0544,0.0544,0.2867,111.2081,-682.7472,-683.0467,111.2569
btc-updown-5m-1780095300,1780095445000,155,73397.18,73494.91,97.73,-0.0000,0.0000,0.0012,0.0259,0.0040,0.1410,0.001016,0.0405,0.0296,73495.24,-0.0000,-0.0004,-0.0133,-0.0000,0.9200,237.12,0.9100,605.44,0.9000,1274.47,0.8900,332.10,0.8800,595.30,0.9500,1201.62,0.9600,869.82,0.9700,1591.33,0.9800,2995.15,0.9900,8408.95,0.0500,1201.62,0.0400,869.82,0.0300,1591.33,0.0200,2995.15,0.0100,8408.95,0.0800,237.12,0.0900,605.44,0.1000,1274.47,0.1100,332.10,0.1200,595.30,3044.43,15066.87,18111.30,15066.87,3044.43,18111.30,0.0300,0.0300,-0.6638,0.6638,0.9249,0.0751,0.2768,0.1375,0.1375,0.2768,4.2369,1873.3334,1872.6996,4.2355
btc-updown-5m-1780095300,1780095446000,154,73397.19,73494.91,97.72,0.0000,-0.0000,0.0003,0.0015,0.0020,0.1410,0.001016,0.0402,0.0085,73495.20,-0.0000,-0.0004,0.0000,0.0000,0.9300,289.92,0.9200,96.02,0.9100,642.56,0.9000,654.12,0.8900,175.71,0.9400,20.89,0.9500,1201.62,0.9600,752.82,0.9700,1786.77,0.9800,2118.14,0.0600,20.89,0.0500,1201.62,0.0400,752.82,0.0300,1786.77,0.0200,2118.14,0.0700,289.92,0.0800,96.02,0.0900,642.56,0.1000,654.12,0.1100,175.71,1858.33,5880.24,7738.57,5880.24,1858.33,7738.57,0.0100,0.0100,-0.5197,0.5197,0.9393,0.0607,0.2077,0.2079,0.2079,0.2077,-229.2417,321.0326,320.9735,-229.1995
btc-updown-5m-1780095300,1780095447000,153,73397.19,73494.92,97.73,0.0000,0.0000,0.0001,0.0016,0.0040,0.1413,0.001016,0.0397,0.0023,73495.16,0.0000,-0.0003,0.0133,0.0000,0.9300,186.93,0.9200,68.00,0.9100,588.42,0.9000,803.57,0.8900,156.32,0.9400,503.28,0.9500,1279.81,0.9600,782.11,0.9700,1805.39,0.9800,2114.59,0.0600,503.28,0.0500,1279.81,0.0400,782.11,0.0300,1805.39,0.0200,2114.59,0.0700,186.93,0.0800,68.00,0.0900,588.42,0.1000,803.57,0.1100,156.32,1803.24,6485.18,8288.42,6485.18,1803.24,8288.42,0.0100,0.0100,-0.5649,0.5649,0.9327,0.0673,0.1414,0.2749,0.2749,0.1414,-286.6837,551.9287,551.9287,-286.6837
btc-updown-5m-1780095300,1780095448000,152,73397.19,73494.92,97.73,0.0000,0.0000,0.0050,0.0066,0.0040,0.1413,0.001016,0.0386,0.1291,73495.03,0.0000,-0.0001,0.0000,0.0000,0.9300,210.23,0.9200,90.70,0.9100,624.42,0.9000,1107.57,0.8900,181.32,0.9400,201.24,0.9500,1174.22,0.9600,746.69,0.9700,1785.39,0.9800,2091.03,0.0600,201.24,0.0500,1174.22,0.0400,746.69,0.0300,1785.39,0.0200,2091.03,0.0700,210.23,0.0800,90.70,0.0900,624.42,0.1000,1107.57,0.1100,181.32,2214.24,5998.57,8212.81,5998.57,2214.24,8212.81,0.0100,0.0100,-0.4608,0.4608,0.9351,0.0649,0.1359,0.2293,0.2293,0.1359,-161.5431,367.1737,367.2414,-161.5729
btc-updown-5m-1780095300,1780095449000,151,73396.59,73494.91,98.32,-0.0000,-0.0000,0.1940,0.2007,0.0060,0.1417,0.001016,0.0447,4.3407,73494.99,-0.0000,-0.0001,-0.0134,-0.0000,0.9300,211.73,0.9200,97.54,0.9100,1224.42,0.9000,1107.57,0.8900,180.52,0.9400,184.95,0.9500,1174.22,0.9600,756.69,0.9700,1771.08,0.9800,2128.89,0.0600,184.95,0.0500,1174.22,0.0400,756.69,0.0300,1771.08,0.0200,2128.89,0.0700,211.73,0.0800,97.54,0.0900,1224.42,0.1000,1107.57,0.1100,180.52,2821.78,6015.83,8837.61,6015.83,2821.78,8837.61,0.0100,0.0100,-0.3614,0.3614,0.9353,0.0647,0.1096,0.2259,0.2259,0.1096,-39.0420,480.1322,480.0209,-39.0329
btc-updown-5m-1780095300,1780095450000,150,73396.12,73494.91,98.79,0.0000,0.0000,0.0030,0.2024,0.0040,0.1413,0.001016,0.0448,0.0661,73494.99,-0.0000,-0.0001,0.0000,0.0000,0.9300,223.09,0.9200,102.54,0.9100,1219.42,0.9000,1117.57,0.8900,180.52,0.9400,186.85,0.9500,1174.22,0.9600,756.69,0.9700,1744.08,0.9800,2147.89,0.0600,186.85,0.0500,1174.22,0.0400,756.69,0.0300,1744.08,0.0200,2147.89,0.0700,223.09,0.0800,102.54,0.0900,1219.42,0.1000,1117.57,0.1100,180.52,2843.14,6009.73,8852.87,6009.73,2843.14,8852.87,0.0100,0.0100,-0.3577,0.3577,0.9354,0.0646,0.1145,0.2265,0.2265,0.1145,-26.0873,366.3678,366.4329,-26.0920
btc-updown-5m-1780095300,1780095451000,149,73396.03,73494.91,98.88,0.0000,0.0000,0.0144,0.2165,0.0040,0.1413,0.001016,0.0447,0.3222,73494.94,-0.0000,-0.0000,0.0000,0.0000,0.9300,144.74,0.9200,102.54,0.9100,1219.42,0.9000,1107.57,0.8900,180.52,0.9400,173.52,0.9500,1099.22,0.9600,761.69,0.9700,1626.95,0.9800,2147.89,0.0600,173.52,0.0500,1099.22,0.0400,761.69,0.0300,1626.95,0.0200,2147.89,0.0700,144.74,0.0800,102.54,0.0900,1219.42,0.1000,1107.57,0.1100,180.52,2754.79,5809.27,8564.06,5809.27,2754.79,8564.06,0.0100,0.0100,-0.3567,0.3567,0.9345,0.0655,0.0898,0.2191,0.2191,0.0898,-49.2836,-1575.2254,-1575.2254,-49.2836
btc-updown-5m-1780095300,1780095452000,148,73396.16,73494.91,98.75,0.0000,-0.0000,0.0071,0.2235,0.0040,0.1417,0.001016,0.0450,0.1579,73494.94,-0.0000,-0.0000,0.0000,0.0000,0.9300,160.08,0.9200,97.54,0.9100,1234.87,0.9000,1107.57,0.8900,180.52,0.9400,61.38,0.9500,1007.48,0.9600,761.69,0.9700,1622.95,0.9800,2147.89,0.0600,61.38,0.0500,1007.48,0.0400,761.69,0.0300,1622.95,0.0200,2147.89,0.0700,160.08,0.0800,97.54,0.0900,1234.87,0.1000,1107.57,0.1100,180.52,2780.58,5601.39,8381.97,5601.39,2780.58,8381.97,0.0100,0.0100,-0.3365,0.3365,0.9372,0.0628,0.0926,0.1908,0.1908,0.0926,165.4137,-101.1948,-101.1948,165.4137
btc-updown-5m-1780095300,1780095453000,147,73396.32,73494.92,98.60,0.0000,0.0000,0.0008,0.2193,0.0060,0.1420,0.001016,0.0447,0.0179,73494.92,0.0000,0.0000,0.0134,0.0000,0.9300,191.17,0.9200,68.00,0.9100,1177.97,0.9000,1087.57,0.8900,190.52,0.9500,893.75,0.9600,787.04,0.9700,1507.64,0.9800,2097.59,0.9900,9260.44,0.0500,893.75,0.0400,787.04,0.0300,1507.64,0.0200,2097.59,0.0100,9260.44,0.0700,191.17,0.0800,68.00,0.0900,1177.97,0.1000,1087.57,0.1100,190.52,2715.23,14546.46,17261.69,14546.46,2715.23,17261.69,0.0200,0.0200,-0.6854,0.6854,0.9335,0.0665,0.0955,0.1155,0.1155,0.0955,153.3272,1355.2925,1355.2925,153.3272
btc-updown-5m-1780095300,1780095454000,146,73395.86,73494.92,99.06,0.0000,0.0000,0.0009,0.0262,0.0040,0.0033,0.000007,0.0447,0.0201,73494.92,0.0000,0.0000,0.0000,0.0000,0.9200,30.58,0.9100,1245.97,0.9000,1112.57,0.8900,190.52,0.8800,301.30,0.9400,130.00,0.9500,847.35,0.9600,800.69,0.9700,1517.64,0.9800,2102.59,0.0600,130.00,0.0500,847.35,0.0400,800.69,0.0300,1517.64,0.0200,2102.59,0.0800,30.58,0.0900,1245.97,0.1000,1112.57,0.1100,190.52,0.1200,301.30,2880.94,5398.27,8279.21,5398.27,2880.94,8279.21,0.0200,0.0200,-0.3041,0.3041,0.9238,0.0762,0.4431,0.1810,0.1810,0.4431,108.9735,-98.1203,-98.1043,108.9557
btc-updown-5m-1780095300,1780095455000,145,73395.36,73494.92,99.56,0.0000,0.0000,0.0000,0.0232,0.0040,0.0033,0.000007,0.0150,0.0000,73494.91,0.0000,0.0000,0.0000,0.0000,0.9300,198.59,0.9200,96.00,0.9100,1250.97,0.9000,1125.83,0.8900,190.52,0.9400,143.84,0.9500,848.91,0.9600,768.20,0.9700,1517.64,0.9800,2105.59,0.0600,143.84,0.0500,848.91,0.0400,768.20,0.0300,1517.64,0.0200,2105.59,0.0700,198.59,0.0800,96.00,0.0900,1250.97,0.1000,1125.83,0.1100,190.52,2861.91,5384.18,8246.09,5384.18,2861.91,8246.09,0.0100,0.0100,-0.3059,0.3059,0.9358,0.0642,0.1029,0.1844,0.1844,0.1029,7.6634,-130.5281,-130.5281,7.6634
btc-updown-5m-1780095300,1780095456000,144,73394.92,73494.92,100.00,0.0000,0.0000,0.0000,0.0088,0.0040,0.0033,0.000007,0.0146,0.0000,73494.91,0.0000,0.0000,0.0000,0.0000,0.9300,219.56,0.9200,76.00,0.9100,1269.62,0.9000,1122.57,0.8900,172.40,0.9400,158.84,0.9500,848.91,0.9600,803.03,0.9700,1547.03,0.9800,2130.45,0.0600,158.84,0.0500,848.91,0.0400,803.03,0.0300,1547.03,0.0200,2130.45,0.0700,219.56,0.0800,76.00,0.0900,1269.62,0.1000,1122.57,0.1100,172.40,2860.15,5488.26,8348.41,5488.26,2860.15,8348.41,0.0100,0.0100,-0.3148,0.3148,0.9358,0.0642,0.1033,0.1836,0.1836,0.1033,3.4264,-80.9465,-80.9193,3.4252
btc-updown-5m-1780095300,1780095457000,143,73394.92,73494.92,100.00,0.0000,0.0000,0.0777,0.0794,0.0020,0.0030,0.000007,0.0154,5.0591,73494.91,0.0000,0.0000,0.0000,0.0000,0.9400,145.96,0.9300,46.17,0.9200,111.19,0.9100,1213.42,0.9000,1122.57,0.9500,943.48,0.9600,886.13,0.9700,1602.03,0.9800,2139.45,0.9900,9409.99,0.0500,943.48,0.0400,886.13,0.0300,1602.03,0.0200,2139.45,0.0100,9409.99,0.0600,145.96,0.0700,46.17,0.0800,111.19,0.0900,1213.42,0.1000,1122.57,2639.31,14981.08,17620.39,14981.08,2639.31,17620.39,0.0100,0.0100,-0.7004,0.7004,0.9413,0.0587,0.0728,0.1221,0.1221,0.0728,-22.6383,1631.7043,1631.9947,-22.6423
btc-updown-5m-1780095300,1780095458000,142,73395.10,73494.92,99.82,0.0000,0.0000,0.0000,0.0786,0.0000,0.0030,0.000007,0.0140,0.0000,73494.91,0.0000,0.0000,0.0000,0.0000,0.9400,176.00,0.9300,270.83,0.9200,110.80,0.9100,1366.84,0.9000,959.12,0.9500,794.52,0.9600,1064.30,0.9700,1602.03,0.9800,2210.34,0.9900,9414.99,0.0500,794.52,0.0400,1064.30,0.0300,1602.03,0.0200,2210.34,0.0100,9414.99,0.0600,176.00,0.0700,270.83,0.0800,110.80,0.0900,1366.84,0.1000,959.12,2883.59,15086.18,17969.77,15086.18,2883.59,17969.77,0.0100,0.0100,-0.6791,0.6791,0.9418,0.0582,0.1550,0.1232,0.1232,0.1550,17.9241,1650.3898,1650.3897,17.9241
btc-updown-5m-1780095300,1780095459000,141,73395.53,73494.92,99.39,0.0000,0.0000,0.0654,0.1431,0.0000,0.0027,0.000006,0.0161,4.0552,73494.92,0.0000,0.0000,0.0000,0.0000,0.9400,281.54,0.9300,282.83,0.9200,141.59,0.9100,1361.39,0.9000,959.12,0.9500,725.53,0.9600,934.84,0.9700,1687.03,0.9800,2210.34,0.9900,9414.99,0.0500,725.53,0.0400,934.84,0.0300,1687.03,0.0200,2210.34,0.0100,9414.99,0.0600,281.54,0.0700,282.83,0.0800,141.59,0.0900,1361.39,0.1000,959.12,3026.47,14972.73,17999.20,14972.73,3026.47,17999.20,0.0100,0.0100,-0.6637,0.6637,0.9428,0.0572,0.1865,0.1109,0.1109,0.1865,54.3936,74.4967,74.4967,54.3936
btc-updown-5m-1780095300,1780095460000,140,73395.53,73494.91,99.38,-0.0000,-0.0000,0.0018,0.1449,0.0020,0.0030,0.000007,0.0134,0.1375,73494.91,-0.0000,-0.0000,-0.0135,-0.0000,0.9400,273.53,0.9300,289.17,0.9200,138.50,0.9100,1361.39,0.9000,968.12,0.9500,679.26,0.9600,942.76,0.9700,1637.03,0.9800,2155.34,0.9900,9359.99,0.0500,679.26,0.0400,942.76,0.0300,1637.03,0.0200,2155.34,0.0100,9359.99,0.0600,273.53,0.0700,289.17,0.0800,138.50,0.0900,1361.39,0.1000,968.12,3030.71,14774.38,17805.09,14774.38,3030.71,17805.09,0.0100,0.0100,-0.6596,0.6596,0.9429,0.0571,0.1857,0.1098,0.1098,0.1857,25.1204,1660.6641,1649.9672,47.4161
btc-updown-5m-1780095300,1780095461000,139,73395.48,73494.92,99.44,0.0000,0.0000,0.0002,0.1451,0.0040,0.0033,0.000007,0.0134,0.0120,73494.91,0.0000,0.0000,0.0135,0.0000,0.9400,224.25,0.9300,294.17,0.9200,157.50,0.9100,888.05,0.9000,677.24,0.9500,720.24,0.9600,992.76,0.9700,1692.03,0.9800,1760.34,0.9900,9114.99,0.0500,720.24,0.0400,992.76,0.0300,1692.03,0.0200,1760.34,0.0100,9114.99,0.0600,224.25,0.0700,294.17,0.0800,157.50,0.0900,888.05,0.1000,677.24,2241.21,14280.36,16521.57,14280.36,2241.21,16521.57,0.0100,0.0100,-0.7287,0.7287,0.9424,0.0576,0.2313,0.1200,0.1200,0.2313,-105.3462,1509.8744,1509.8744,-105.3462
btc-updown-5m-1780095300,1780095462000,138,73395.30,73494.92,99.62,0.0000,0.0000,0.0000,0.0674,0.0040,0.0030,0.000007,0.0134,0.0000,73494.91,0.0000,0.0000,0.0000,0.0000,0.9400,156.41,0.9300,304.30,0.9200,157.50,0.9100,888.05,0.9000,663.11,0.9500,615.15,0.9600,942.76,0.9700,1637.03,0.9800,1705.34,0.9900,9049.99,0.0500,615.15,0.0400,942.76,0.0300,1637.03,0.0200,1705.34,0.0100,9049.99,0.0600,156.41,0.0700,304.30,0.0800,157.50,0.0900,888.05,0.1000,663.11,2169.37,13950.27,16119.64,13950.27,2169.37,16119.64,0.0100,0.0100,-0.7308,0.7308,0.9420,0.0580,0.2124,0.1117,0.1117,0.2124,-135.7206,1505.4087,1505.6755,-135.7447
btc-updown-5m-1780095300,1780095463000,137,73395.32,73494.92,99.60,0.0000,0.0000,0.0004,0.0678,0.0060,0.0033,0.000007,0.0133,0.0332,73494.91,0.0000,0.0000,0.0000,0.0000,0.9400,134.74,0.9300,289.48,0.9200,164.50,0.9100,888.05,0.9000,671.98,0.9500,669.09,0.9600,931.27,0.9700,1713.96,0.9800,1760.34,0.9900,9262.32,0.0500,669.09,0.0400,931.27,0.0300,1713.96,0.0200,1760.34,0.0100,9262.32,0.0600,134.74,0.0700,289.48,0.0800,164.50,0.0900,888.05,0.1000,671.98,2148.75,14336.98,16485.73,14336.98,2148.75,16485.73,0.0100,0.0100,-0.7393,0.7393,0.9417,0.0583,0.1974,0.1116,0.1116,0.1974,-103.4605,1515.6358,1515.6358,-103.4605
btc-updown-5m-1780095300,1780095464000,136,73395.32,73494.91,99.59,-0.0000,-0.0000,0.0001,0.0025,0.0080,0.0037,0.000007,0.0133,0.0068,73494.91,-0.0000,-0.0000,-0.0136,-0.0000,0.9400,126.22,0.9300,284.35,0.9200,619.89,0.9100,883.05,0.9000,671.98,0.9500,653.20,0.9600,931.27,0.9700,1670.64,0.9800,1705.59,0.9900,9593.32,0.0500,653.20,0.0400,931.27,0.0300,1670.64,0.0200,1705.59,0.0100,9593.32,0.0600,126.22,0.0700,284.35,0.0800,619.89,0.0900,883.05,0.1000,671.98,2585.49,14554.02,17139.51,14554.02,2585.49,17139.51,0.0100,0.0100,-0.6983,0.6983,0.9416,0.0584,0.1588,0.1089,0.1089,0.1588,-58.7528,-107.7595,-107.7796,-58.7638
btc-updown-5m-1780095300,1780095465000,135,73395.32,73494.91,99.59,0.0000,0.0000,0.0000,0.0007,0.0060,0.0037,0.000007,0.0133,0.0000,73494.91,-0.0000,-0.0000,0.0000,0.0000,0.9400,424.04,0.9300,333.76,0.9200,619.89,0.9100,1184.87,0.9000,661.98,0.9500,444.74,0.9600,861.27,0.9700,1654.51,0.9800,1708.17,0.9900,9984.72,0.0500,444.74,0.0400,861.27,0.0300,1654.51,0.0200,1708.17,0.0100,9984.72,0.0600,424.04,0.0700,333.76,0.0800,619.89,0.0900,1184.87,0.1000,661.98,3224.54,14653.41,17877.95,14653.41,3224.54,17877.95,0.0100,0.0100,-0.6393,0.6393,0.9449,0.0551,0.2350,0.0891,0.0891,0.2350,37.0215,-47.8932,-47.8932,37.0215
btc-updown-5m-1780095300,1780095466000,134,73395.49,73494.91,99.42,0.0000,-0.0000,0.0394,0.0399,0.0040,0.0037,0.000007,0.0145,2.7122,73494.91,-0.0000,-0.0000,0.0000,0.0000,0.9400,200.86,0.9300,353.58,0.9200,622.59,0.9100,1184.87,0.9000,661.98,0.9500,479.74,0.9600,861.27,0.9700,1659.51,0.9800,1708.17,0.9900,9979.72,0.0500,479.74,0.0400,861.27,0.0300,1659.51,0.0200,1708.17,0.0100,9979.72,0.0600,200.86,0.0700,348.58,0.0800,622.59,0.0900,1184.87,0.1000,661.98,3023.88,14688.41,17712.29,14688.41,3018.88,17707.29,0.0100,0.0100,-0.6586,0.6590,0.9430,0.0570,0.1834,0.0913,0.0913,0.1820,118.4609,142.7949,142.8228,117.5073
btc-updown-5m-1780095300,1780095467000,133,73395.46,73494.91,99.45,0.0000,-0.0000,0.0000,0.0399,0.0040,0.0037,0.000007,0.0141,0.0000,73494.91,-0.0000,-0.0000,0.0000,0.0000,0.9400,215.86,0.9300,379.58,0.9200,601.59,0.9100,1184.87,0.9000,661.98,0.9500,473.68,0.9600,861.27,0.9700,1609.51,0.9800,1758.17,0.9900,9989.72,0.0500,473.68,0.0400,861.27,0.0300,1609.51,0.0200,1758.17,0.0100,9989.72,0.0600,215.86,0.0700,379.58,0.0800,601.59,0.0900,1184.87,0.1000,661.98,3043.88,14692.35,17736.23,14692.35,3043.88,17736.23,0.0100,0.0100,-0.6568,0.6568,0.9431,0.0569,0.1956,0.0909,0.0909,0.1956,137.2085,70.4256,70.4136,137.1851
btc-updown-5m-1780095300,1780095468000,132,73395.76,73494.91,99.15,0.0000,-0.0000,0.0000,0.0395,0.0020,0.0033,0.000007,0.0141,0.0000,73494.91,-0.0000,-0.0000,0.0000,0.0000,0.9400,215.86,0.9300,379.58,0.9200,601.59,0.9100,1184.87,0.9000,661.98,0.9500,465.58,0.9600,891.27,0.9700,1609.51,0.9800,1758.17,0.9900,9984.72,0.0500,465.58,0.0400,891.27,0.0300,1609.51,0.0200,1758.17,0.0100,9984.72,0.0600,215.86,0.0700,379.58,0.0800,601.59,0.0900,1184.87,0.1000,661.98,3043.88,14709.25,17753.13,14709.25,3043.88,17753.13,0.0100,0.0100,-0.6571,0.6571,0.9432,0.0568,0.1956,0.0922,0.0922,0.1956,159.5821,138.5000,138.4747,159.5530
btc-updown-5m-1780095300,1780095469000,131,73395.76,73494.91,99.15,0.0000,0.0000,0.0000,0.0394,0.0000,0.0033,0.000007,0.0141,0.0000,73494.91,0.0000,-0.0000,0.0000,0.0000,0.9400,571.91,0.9300,414.58,0.9200,755.81,0.9100,1031.90,0.9000,661.98,0.9500,633.09,0.9600,886.27,0.9700,1521.51,0.9800,1840.17,0.9900,9989.72,0.0500,639.15,0.0400,886.27,0.0300,1521.51,0.0200,1840.17,0.0100,9989.72,0.0600,571.91,0.0700,404.58,0.0800,755.81,0.0900,1031.90,0.1000,661.98,3436.18,14870.76,18306.94,14876.82,3426.18,18303.00,0.0100,0.0100,-0.6246,0.6256,0.9447,0.0553,0.2871,0.1022,0.1025,0.2850,241.1365,98.5706,106.0024,254.4234
btc-updown-5m-1780095300,1780095470000,130,73395.71,73494.91,99.20,0.0000,0.0000,0.0000,0.0394,0.0000,0.0033,0.000007,0.0141,0.0000,73494.91,0.0000,-0.0000,0.0000,0.0000,0.9400,365.81,0.9300,414.58,0.9200,755.81,0.9100,1031.90,0.9000,661.98,0.9500,608.09,0.9600,856.27,0.9700,1521.51,0.9800,1840.17,0.9900,9984.72,0.0500,608.09,0.0400,856.27,0.0300,1521.51,0.0200,1840.17,0.0100,9984.72,0.0600,365.81,0.0700,414.58,0.0800,755.81,0.0900,1031.90,0.1000,661.98,3230.08,14810.76,18040.84,14810.76,3230.08,18040.84,0.0100,0.0100,-0.6419,0.6419,0.9438,0.0562,0.2416,0.0989,0.0989,0.2416,83.6932,130.5189,130.5189,83.6932
btc-updown-5m-1780095300,1780095471000,129,73395.67,73494.91,99.24,0.0000,0.0000,0.0000,,0.0000,0.0030,0.000007,0.0141,0.0000,73494.91,0.0000,-0.0000,0.0000,0.0000,0.9400,345.61,0.9300,429.92,0.9200,752.27,0.9100,1031.90,0.9000,676.51,0.9500,657.72,0.9600,861.27,0.9700,1266.51,0.9800,1840.17,0.9900,9989.72,0.0500,657.72,0.0400,861.27,0.0300,1266.51,0.0200,1840.17,0.0100,9989.72,0.0600,345.61,0.0700,429.92,0.0800,752.27,0.0900,1031.90,0.1000,676.51,3236.21,14615.39,17851.60,14615.39,3236.21,17851.60,0.0100,0.0100,-0.6374,0.6374,0.9434,0.0566,0.2396,0.1039,0.1039,0.2396,36.8163,-63.0769,-63.0769,36.8163
btc-updown-5m-1780095300,1780095472000,128,73395.74,73494.91,99.17,0.0000,0.0000,0.0000,,0.0000,0.0030,0.000007,0.0133,0.0000,73494.91,,-0.0000,0.0000,0.0000,0.9400,431.56,0.9300,419.92,0.9200,744.18,0.9100,1047.80,0.9000,676.51,0.9500,619.68,0.9600,861.27,0.9700,1266.51,0.9800,1799.17,0.9900,9979.72,0.0500,619.68,0.0400,861.27,0.0300,1266.51,0.0200,1799.17,0.0100,9979.72,0.0600,431.56,0.0700,419.92,0.0800,744.18,0.0900,1047.80,0.1000,676.51,3319.97,14526.35,17846.32,14526.35,3319.97,17846.32,0.0100,0.0100,-0.6279,0.6279,0.9441,0.0559,0.2565,0.1019,0.1019,0.2565,57.6148,-41.1227,-41.1055,57.5907
btc-updown-5m-1780095300,1780095473000,127,73395.70,73494.91,99.21,0.0000,0.0000,0.0000,,0.0000,0.0030,0.000007,0.0133,0.0000,73494.91,,-0.0000,0.0000,0.0000,0.9400,411.56,0.9300,399.92,0.9200,747.27,0.9100,1047.80,0.9000,676.51,0.9500,704.68,0.9600,861.27,0.9700,1271.51,0.9800,1799.17,0.9900,9984.72,0.0500,704.68,0.0400,861.27,0.0300,1271.51,0.0200,1799.17,0.0100,9984.72,0.0600,411.56,0.0700,399.92,0.0800,747.27,0.0900,1047.80,0.1000,676.51,3283.06,14621.35,17904.41,14621.35,3283.06,17904.41,0.0100,0.0100,-0.6333,0.6333,0.9437,0.0563,0.2472,0.1071,0.1071,0.2472,45.5061,-16.7237,-16.7237,45.5061
btc-updown-5m-1780095300,1780095474000,126,73395.56,73494.91,99.35,0.0000,0.0000,0.0516,0.0516,0.0020,0.0033,0.000007,0.0149,3.4496,73494.91,0.0000,-0.0000,0.0000,0.0000,0.9400,261.61,0.9300,389.92,0.9200,747.27,0.9100,1047.80,0.9000,676.51,0.9500,711.99,0.9600,861.27,0.9700,1271.51,0.9800,1798.17,0.9900,9984.72,0.0500,711.99,0.0400,861.27,0.0300,1271.51,0.0200,1798.17,0.0100,9984.72,0.0600,261.61,0.0700,389.92,0.0800,747.27,0.0900,1047.80,0.1000,676.51,3123.11,14627.66,17750.77,14627.66,3123.11,17750.77,0.0100,0.0100,-0.6481,0.6481,0.9427,0.0573,0.2086,0.1076,0.1076,0.2086,-24.7277,-2.0196,-2.0196,-24.7277
btc-updown-5m-1780095300,1780095475000,125,73395.55,73494.91,99.36,0.0000,0.0000,0.0000,0.0516,0.0020,0.0030,0.000006,0.0149,0.0000,73494.91,0.0000,-0.0000,0.0000,0.0000,0.9400,61.66,0.9300,383.17,0.9200,728.01,0.9100,421.90,0.9000,681.51,0.9500,738.58,0.9600,906.27,0.9700,1276.51,0.9800,1820.18,0.9900,9399.72,0.0500,738.58,0.0400,906.27,0.0300,1276.51,0.0200,1820.18,0.0100,9399.72,0.0600,61.66,0.0700,383.17,0.0800,728.01,0.0900,421.90,0.1000,681.51,2276.25,14141.26,16417.51,14141.26,2276.25,16417.51,0.0100,0.0100,-0.7227,0.7227,0.9408,0.0592,0.1954,0.1163,0.1163,0.1954,-191.5973,-120.4988,-120.5586,-191.6923
btc-updown-5m-1780095300,1780095476000,124,73395.56,73494.91,99.35,0.0000,0.0000,0.0000,0.0516,0.0020,0.0030,0.000006,0.0149,0.0000,73494.91,0.0000,-0.0000,0.0000,0.0000,0.9400,253.28,0.9300,413.51,0.9200,274.92,0.9100,441.88,0.9000,672.51,0.9500,635.03,0.9600,856.27,0.9700,1271.51,0.9800,1793.17,0.9900,8953.09,0.0500,635.03,0.0400,856.27,0.0300,1271.51,0.0200,1793.17,0.0100,8953.09,0.0600,253.28,0.0700,413.51,0.0800,274.92,0.0900,441.88,0.1000,672.51,2056.10,13509.07,15565.17,13509.07,2056.10,15565.17,0.0100,0.0100,-0.7358,0.7358,0.9429,0.0571,0.3243,0.1104,0.1104,0.3243,-237.7012,-185.7228,-185.7228,-237.7012
btc-updown-5m-1780095300,1780095477000,123,73395.56,73494.92,99.36,0.0000,0.0000,0.0017,0.0533,0.0040,0.0030,0.000006,0.0150,0.1163,73494.91,0.0000,0.0000,0.0135,0.0000,0.9400,158.29,0.9300,397.51,0.9200,283.01,0.9100,441.88,0.9000,672.51,0.9500,632.31,0.9600,856.27,0.9700,1276.51,0.9800,1788.17,0.9900,8953.09,0.0500,632.31,0.0400,856.27,0.0300,1276.51,0.0200,1788.17,0.0100,8953.09,0.0600,158.29,0.0700,397.51,0.0800,283.01,0.0900,441.88,0.1000,672.51,1953.20,13506.35,15459.55,13506.35,1953.20,15459.55,0.0100,0.0100,-0.7473,0.7473,0.9420,0.0580,0.2846,0.1102,0.1102,0.2846,-229.8635,-202.9705,-202.9705,-229.8635
btc-updown-5m-1780095300,1780095478000,122,73395.56,73494.92,99.36,0.0000,0.0000,0.0000,0.0533,0.0040,0.0030,0.000006,0.0150,0.0000,73494.91,0.0000,0.0000,0.0000,0.0000,0.9400,492.71,0.9300,387.51,0.9200,300.71,0.9100,457.78,0.9000,687.51,0.9500,459.80,0.9600,617.68,0.9700,1337.13,0.9800,1793.68,0.9900,9141.46,0.0500,459.80,0.0400,617.68,0.0300,1337.13,0.0200,1793.68,0.0100,9141.46,0.0600,492.71,0.0700,387.51,0.0800,300.71,0.0900,457.78,0.1000,687.51,2326.22,13349.75,15675.97,13349.75,2326.22,15675.97,0.0100,0.0100,-0.7032,0.7032,0.9452,0.0548,0.3784,0.0807,0.0807,0.3784,-177.4555,-235.8309,-235.8309,-177.4555
btc-updown-5m-1780095300,1780095479000,121,73395.57,73494.92,99.35,0.0000,0.0000,0.0000,0.0017,0.0020,0.0027,0.000006,0.0148,0.0000,73494.91,0.0000,0.0000,0.0000,0.0000,0.9400,542.65,0.9300,357.51,0.9200,295.71,0.9100,462.78,0.9000,687.51,0.9500,367.38,0.9600,617.68,0.9700,1337.13,0.9800,1807.68,0.9900,9166.46,0.0500,367.38,0.0400,617.68,0.0300,1337.13,0.0200,1807.68,0.0100,9166.46,0.0600,542.65,0.0700,357.51,0.0800,295.71,0.0900,462.78,0.1000,687.51,2346.16,13296.33,15642.49,13296.33,2346.16,15642.49,0.0100,0.0100,-0.7000,0.7000,0.9460,0.0540,0.3837,0.0741,0.0741,0.3837,-140.4211,-240.6163,-240.7033,-140.4719
btc-updown-5m-1780095300,1780095480000,120,73395.55,73494.91,99.36,-0.0000,0.0000,0.0012,0.0029,0.0040,0.0030,0.000006,0.0086,0.1354,73494.92,-0.0000,-0.0000,-0.0135,-0.0000,0.9400,550.16,0.9300,811.17,0.9200,898.82,0.9100,473.80,0.9000,693.03,0.9500,346.47,0.9600,512.68,0.9700,1337.13,0.9800,1734.59,0.9900,8734.04,0.0500,346.47,0.0400,512.68,0.0300,1337.13,0.0200,1734.59,0.0100,8734.04,0.0600,550.16,0.0700,811.17,0.0800,898.82,0.0900,473.80,0.1000,693.03,3426.98,12664.91,16091.89,12664.91,3426.98,16091.89,0.0100,0.0100,-0.5741,0.5741,0.9461,0.0539,0.3972,0.0678,0.0678,0.3972,28.7193,-327.8759,-327.8759,28.7193
btc-updown-5m-1780095300,1780095481000,119,73395.63,73494.91,99.28,0.0000,0.0000,0.0000,0.0029,0.0040,0.0030,0.000006,0.0085,0.0000,73494.92,-0.0000,-0.0000,0.0000,0.0000,0.9400,182.18,0.9300,821.17,0.9200,877.62,0.9100,469.80,0.9000,687.51,0.9500,393.05,0.9600,433.78,0.9700,1058.13,0.9800,1634.59,0.9900,8564.55,0.0500,393.05,0.0400,433.78,0.0300,1058.13,0.0200,1634.59,0.0100,8564.55,0.0600,182.18,0.0700,821.17,0.0800,877.62,0.0900,469.80,0.1000,687.51,3038.28,12084.10,15122.38,12084.10,3038.28,15122.38,0.0100,0.0100,-0.5982,0.5982,0.9432,0.0568,0.3302,0.0684,0.0684,0.3302,127.1830,-378.0129,-378.0129,127.1830
btc-updown-5m-1780095300,1780095482000,118,73395.71,73494.92,99.21,0.0000,0.0000,0.0005,0.0017,0.0040,0.0030,0.000007,0.0080,0.0660,73494.92,0.0000,0.0000,0.0135,0.0000,0.9400,391.90,0.9300,820.18,0.9200,877.99,0.9100,471.41,0.9000,687.51,0.9500,374.01,0.9600,441.78,0.9700,1135.50,0.9800,1644.59,0.9900,8534.55,0.0500,374.01,0.0400,441.78,0.0300,1135.50,0.0200,1644.59,0.0100,8534.55,0.0600,391.90,0.0700,820.18,0.0800,877.99,0.0900,471.41,0.1000,687.51,3248.99,12130.43,15379.42,12130.43,3248.99,15379.42,0.0100,0.0100,-0.5775,0.5775,0.9451,0.0549,0.3731,0.0673,0.0673,0.3731,227.4513,-241.5166,-241.5166,227.4513
btc-updown-5m-1780095300,1780095483000,117,73395.71,73494.91,99.20,-0.0000,-0.0000,0.0008,0.0025,0.0060,0.0030,0.000007,0.0078,0.1023,73494.92,-0.0000,-0.0000,-0.0135,-0.0000,0.9400,391.92,0.9300,825.49,0.9200,884.99,0.9100,471.41,0.9000,693.08,0.9500,309.64,0.9600,441.78,0.9700,1053.13,0.9800,1639.59,0.9900,8534.55,0.0500,309.64,0.0400,441.78,0.0300,1053.13,0.0200,1639.59,0.0100,8534.55,0.0600,391.92,0.0700,825.49,0.0800,884.99,0.0900,471.41,0.1000,693.08,3266.89,11978.69,15245.58,11978.69,3266.89,15245.58,0.0100,0.0100,-0.5714,0.5714,0.9456,0.0544,0.3727,0.0627,0.0627,0.3727,102.1335,-294.7079,-294.6557,102.1154
btc-updown-5m-1780095300,1780095484000,116,73395.77,73494.92,99.15,0.0000,0.0000,0.0635,0.0659,0.0080,0.0033,0.000007,0.0098,6.4452,73494.92,0.0000,0.0000,0.0135,0.0000,0.9400,421.17,0.9300,845.49,0.9200,879.99,0.9100,471.41,0.9000,687.51,0.9500,258.79,0.9600,441.78,0.9700,1053.13,0.9800,1629.59,0.9900,8564.55,0.0500,258.79,0.0400,441.78,0.0300,1053.13,0.0200,1629.59,0.0100,8564.55,0.0600,421.17,0.0700,845.49,0.0800,879.99,0.0900,471.41,0.1000,687.51,3305.57,11947.84,15253.41,11947.84,3305.57,15253.41,0.0100,0.0100,-0.5666,0.5666,0.9462,0.0538,0.3832,0.0586,0.0586,0.3832,163.5330,-228.7138,-228.7512,163.5597
btc-updown-5m-1780095300,1780095485000,115,73395.77,73494.91,99.14,-0.0000,0.0000,0.0039,0.0687,0.0080,0.0037,0.000007,0.0099,0.3923,73494.92,-0.0000,-0.0000,-0.0135,-0.0000,0.9400,417.47,0.9300,845.49,0.9200,884.99,0.9100,471.41,0.9000,692.97,0.9500,32.73,0.9600,441.78,0.9700,1090.80,0.9800,1629.59,0.9900,8564.55,0.0500,32.73,0.0400,441.78,0.0300,1090.80,0.0200,1629.59,0.0100,8564.55,0.0600,417.47,0.0700,845.49,0.0800,884.99,0.0900,471.41,0.1000,692.97,3312.33,11759.45,15071.78,11759.45,3312.33,15071.78,0.0100,0.0100,-0.5605,0.5605,0.9493,0.0507,0.3813,0.0404,0.0404,0.3813,180.6263,-287.3210,-287.2136,180.5588
btc-updown-5m-1780095300,1780095486000,114,73395.77,73494.91,99.14,0.0000,0.0000,0.0000,0.0687,0.0080,0.0037,0.000007,0.0099,0.0000,73494.92,-0.0000,-0.0000,0.0000,0.0000,0.9500,259.00,0.9400,160.38,0.9300,970.95,0.9200,668.40,0.9100,444.41,0.9600,714.12,0.9700,1098.13,0.9800,1655.59,0.9900,8482.55,,,0.0400,714.12,0.0300,1098.13,0.0200,1655.59,0.0100,8482.55,,,0.0500,259.00,0.0600,160.38,0.0700,970.95,0.0800,668.40,0.0900,444.41,2503.14,11950.39,14453.53,11950.39,2503.14,14453.53,0.0100,0.0100,-0.6536,0.6536,0.9527,0.0473,0.1675,,,0.1675,-150.8592,-117.7798,-117.7798,-150.8592
btc-updown-5m-1780095300,1780095487000,113,73395.80,73494.91,99.11,0.0000,-0.0000,0.0009,0.0690,0.0060,0.0037,0.000007,0.0100,0.0863,73494.92,-0.0000,-0.0000,0.0000,0.0000,0.9500,162.00,0.9400,165.38,0.9300,956.78,0.9200,668.40,0.9100,474.41,0.9600,914.90,0.9700,1088.13,0.9800,1639.59,0.9900,8493.55,,,0.0400,914.90,0.0300,1088.13,0.0200,1639.59,0.0100,8493.55,,,0.0500,162.00,0.0600,165.38,0.0700,956.78,0.0800,668.40,0.0900,474.41,2426.97,12136.17,14563.14,12136.17,2426.97,14563.14,0.0100,0.0100,-0.6667,0.6667,0.9515,0.0485,0.1349,,,0.1349,-100.0507,8.5221,8.5221,-100.0507
btc-updown-5m-1780095300,1780095488000,112,73395.78,73494.91,99.13,0.0000,0.0000,0.2516,0.3198,0.0060,0.0040,0.000007,0.0156,16.1500,73494.91,-0.0000,-0.0000,0.0000,0.0000,0.9500,168.77,0.9400,165.38,0.9300,964.75,0.9200,668.40,0.9100,474.41,0.9600,945.28,0.9700,1108.13,0.9800,1686.36,0.9900,8493.55,,,0.0400,945.28,0.0300,1108.13,0.0200,1686.36,0.0100,8493.55,,,0.0500,168.77,0.0600,165.38,0.0700,964.75,0.0800,668.40,0.0900,474.41,2441.71,12233.32,14675.03,12233.32,2441.71,14675.03,0.0100,0.0100,-0.6672,0.6672,0.9515,0.0485,0.1369,,,0.1369,-135.5381,14.6204,25.1444,-130.1557
btc-updown-5m-1780095300,1780095489000,111,73395.67,73494.91,99.24,0.0000,-0.0000,0.0000,0.2563,0.0040,0.0040,0.000007,0.0156,0.0000,73494.91,-0.0000,-0.0000,0.0000,0.0000,0.9500,380.77,0.9400,197.38,0.9300,979.75,0.9200,673.40,0.9100,464.41,0.9600,522.66,0.9700,1108.13,0.9800,1629.59,0.9900,8488.55,,,0.0400,522.66,0.0300,1108.13,0.0200,1629.59,0.0100,8488.55,,,0.0500,380.77,0.0600,197.38,0.0700,979.75,0.0800,673.40,0.0900,464.41,2695.71,11748.93,14444.64,11748.93,2695.71,14444.64,0.0100,0.0100,-0.6268,0.6268,0.9542,0.0458,0.2145,,,0.2145,-81.8339,-41.4770,-41.4770,-81.8339
btc-updown-5m-1780095300,1780095490000,110,73395.78,73494.91,99.13,0.0000,0.0000,0.0052,0.2576,0.0020,0.0037,0.000007,0.0136,0.3813,73494.91,-0.0000,-0.0000,0.0000,0.0000,0.9500,432.09,0.9400,201.01,0.9300,964.74,0.9200,115.86,0.9100,485.27,0.9600,417.88,0.9700,1049.43,0.9800,1590.37,0.9900,7935.55,,,0.0400,417.88,0.0300,1049.43,0.0200,1590.37,0.0100,7935.55,,,0.0500,432.09,0.0600,201.01,0.0700,964.74,0.0800,115.86,0.0900,485.27,2198.97,10993.23,13192.20,10993.23,2198.97,13192.20,0.0100,0.0100,-0.6666,0.6666,0.9551,0.0449,0.2879,,,0.2879,-186.1083,-160.5466,-160.5466,-186.1083
btc-updown-5m-1780095300,1780095491000,109,73395.51,73494.91,99.40,0.0000,0.0000,0.0010,0.2586,0.0020,0.0033,0.000007,0.0136,0.0749,73494.91,0.0000,-0.0000,0.0000,0.0000,0.9500,432.09,0.9400,201.01,0.9300,964.74,0.9200,115.86,0.9100,485.27,0.9600,417.88,0.9700,1049.43,0.9800,1590.37,0.9900,7935.55,,,0.0400,417.88,0.0300,1049.43,0.0200,1590.37,0.0100,7935.55,,,0.0500,432.09,0.0600,201.01,0.0700,964.74,0.0800,115.86,0.0900,485.27,2198.97,10993.23,13192.20,10993.23,2198.97,13192.20,0.0100,0.0100,-0.6666,0.6666,0.9551,0.0449,0.2879,,,0.2879,-103.3775,-187.1685,-187.1685,-103.3775
btc-updown-5m-1780095300,1780095492000,108,73395.40,73494.91,99.51,0.0000,0.0000,0.0010,0.2588,0.0020,0.0033,0.000007,0.0136,0.0770,73494.91,0.0000,-0.0000,0.0000,0.0000,0.9500,552.09,0.9400,212.01,0.9300,1600.74,0.9200,410.86,0.9100,190.27,0.9600,215.28,0.9700,1077.76,0.9800,1565.60,0.9900,8558.54,,,0.0400,215.28,0.0300,1077.76,0.0200,1565.60,0.0100,8558.54,,,0.0500,552.09,0.0600,212.01,0.0700,1600.74,0.0800,410.86,0.0900,190.27,2965.97,11417.18,14383.15,11417.18,2965.97,14383.15,0.0100,0.0100,-0.5876,0.5876,0.9572,0.0428,0.2576,,,0.2576,76.3611,-92.1463,-92.1463,76.3611
btc-updown-5m-1780095300,1780095493000,107,73395.40,73494.91,99.51,0.0000,0.0000,0.0000,0.0073,0.0000,0.0030,0.000007,0.0136,0.0000,73494.91,0.0000,-0.0000,0.0000,0.0000,0.9500,605.87,0.9400,226.15,0.9300,1597.91,0.9200,405.86,0.9100,190.27,0.9600,150.34,0.9700,1074.53,0.9800,1551.60,0.9900,8573.54,,,0.0400,150.34,0.0300,1074.53,0.0200,1551.60,0.0100,8573.54,,,0.0500,605.87,0.0600,226.15,0.0700,1597.91,0.0800,405.86,0.0900,190.27,3026.06,11350.01,14376.07,11350.01,3026.06,14376.07,0.0100,0.0100,-0.5790,0.5790,0.9580,0.0420,0.2750,,,0.2750,99.8151,-130.9830,-130.8958,99.7486
btc-updown-5m-1780095300,1780095494000,106,73395.38,73494.92,99.54,0.0000,0.0000,0.0688,0.0761,0.0020,0.0030,0.000007,0.0158,4.3425,73494.91,0.0000,0.0000,0.0135,0.0000,0.9300,1342.04,0.9200,398.40,0.9100,190.27,0.9000,692.51,0.8900,200.70,0.9400,27.97,0.9500,30.00,0.9600,130.34,0.9700,1104.53,0.9800,1551.60,0.0600,27.97,0.0500,30.00,0.0400,130.34,0.0300,1104.53,0.0200,1551.60,0.0700,1342.04,0.0800,398.40,0.0900,190.27,0.1000,692.51,0.1100,200.70,2823.92,2844.44,5668.36,2844.44,2823.92,5668.36,0.0100,0.0100,-0.0036,0.0036,0.9398,0.0602,0.6163,0.0204,0.0204,0.6163,68.6211,-1707.0438,-1707.3545,68.6336
btc-updown-5m-1780095300,1780095495000,105,73395.50,73494.92,99.42,0.0000,0.0000,0.0004,0.0713,0.0020,0.0030,0.000007,0.0159,0.0265,73494.91,0.0000,0.0000,0.0000,0.0000,0.9400,148.87,0.9300,1389.00,0.9200,408.40,0.9100,221.00,0.9000,667.51,0.9500,120.90,0.9600,135.34,0.9700,1024.43,0.9800,1546.60,0.9900,8577.98,0.0500,120.90,0.0400,135.34,0.0300,1024.43,0.0200,1546.60,0.0100,8577.98,0.0600,148.87,0.0700,1389.00,0.0800,408.40,0.0900,221.00,0.1000,667.51,2834.78,11405.25,14240.03,11405.25,2834.78,14240.03,0.0100,0.0100,-0.6019,0.6019,0.9455,0.0545,0.5425,0.0225,0.0225,0.5425,-14.5258,-16.9427,-16.9397,-14.5233
btc-updown-5m-1780095300,1780095496000,104,73395.50,73494.92,99.42,0.0000,0.0000,0.0000,0.0703,0.0020,0.0030,0.000007,0.0159,0.0000,73494.91,0.0000,0.0000,0.0000,0.0000,0.9500,9.10,0.9400,310.42,0.9300,1394.19,0.9200,413.40,0.9100,205.27,0.9600,135.34,0.9700,1051.20,0.9800,1516.60,0.9900,8572.98,,,0.0400,135.34,0.0300,1051.20,0.0200,1516.60,0.0100,8572.98,,,0.0500,9.10,0.0600,310.42,0.0700,1394.19,0.0800,413.40,0.0900,205.27,2332.38,11276.12,13608.50,11276.12,2332.38,13608.50,0.0100,0.0100,-0.6572,0.6572,0.9506,0.0494,0.1370,,,0.1370,24.7744,52.5330,52.5330,24.7744
btc-updown-5m-1780095300,1780095497000,103,73395.50,73494.92,99.42,0.0000,0.0000,0.0010,0.0702,0.0020,0.0030,0.000007,0.0146,0.0684,73494.91,0.0000,0.0000,0.0000,0.0000,0.9500,210.10,0.9400,84.90,0.9300,1543.21,0.9200,409.58,0.9100,210.27,0.9600,250.34,0.9700,1079.53,0.9800,1506.60,0.9900,8532.98,,,0.0400,250.34,0.0300,1079.53,0.0200,1506.60,0.0100,8532.98,,,0.0500,210.10,0.0600,84.90,0.0700,1543.21,0.0800,409.58,0.0900,210.27,2458.06,11369.45,13827.51,11369.45,2458.06,13827.51,0.0100,0.0100,-0.6445,0.6445,0.9546,0.0454,0.1200,,,0.1200,-103.1499,-9.6933,-9.6933,-103.1499
btc-updown-5m-1780095300,1780095498000,102,73395.62,73494.92,99.30,0.0000,0.0000,0.0001,0.0704,0.0020,0.0030,0.000007,0.0146,0.0096,73494.91,0.0000,0.0000,0.0000,0.0000,0.9500,237.31,0.9400,147.90,0.9300,1548.51,0.9200,409.58,0.9100,205.27,0.9600,184.97,0.9700,942.04,0.9800,1511.60,0.9900,8527.98,,,0.0400,184.97,0.0300,942.04,0.0200,1511.60,0.0100,8527.98,,,0.0500,237.31,0.0600,147.90,0.0700,1548.51,0.0800,409.58,0.0900,205.27,2548.57,11166.59,13715.16,11166.59,2548.57,13715.16,0.0100,0.0100,-0.6284,0.6284,0.9556,0.0444,0.1511,,,0.1511,-83.9513,-52.7727,-52.8307,-84.0436
btc-updown-5m-1780095300,1780095499000,101,73395.53,73494.92,99.39,0.0000,0.0000,0.0000,0.0016,0.0000,0.0030,0.000007,0.0146,0.0000,73494.91,0.0000,0.0000,0.0000,0.0000,0.9500,269.27,0.9400,146.66,0.9300,1543.21,0.9200,424.58,0.9100,195.78,0.9600,161.83,0.9700,920.04,0.9800,1665.84,0.9900,8804.54,,,0.0400,161.83,0.0300,920.04,0.0200,1665.84,0.0100,8804.54,,,0.0500,269.27,0.0600,146.66,0.0700,1543.21,0.0800,424.58,0.0900,195.78,2579.50,11552.25,14131.75,11552.25,2579.50,14131.75,0.0100,0.0100,-0.6349,0.6349,0.9562,0.0438,0.1612,,,0.1612,-76.7285,34.7491,34.7730,-76.7813
btc-updown-5m-1780095300,1780095500000,100,73395.47,73494.92,99.45,0.0000,0.0000,0.0000,0.0011,0.0000,0.0030,0.000007,0.0146,0.0000,73494.91,0.0000,0.0000,0.0000,0.0000,0.9500,235.07,0.9400,140.03,0.9300,1543.21,0.9200,424.58,0.9100,195.78,0.9600,156.67,0.9700,946.04,0.9800,1410.84,0.9900,8799.54,,,0.0400,156.67,0.0300,946.04,0.0200,1410.84,0.0100,8799.54,,,0.0500,235.07,0.0600,140.03,0.0700,1543.21,0.0800,424.58,0.0900,195.78,2538.67,11313.09,13851.76,11313.09,2538.67,13851.76,0.0100,0.0100,-0.6335,0.6335,0.9560,0.0440,0.1478,,,0.1478,26.8820,-14.4207,-14.4207,26.8820
btc-updown-5m-1780095300,1780095501000,99,73395.47,73494.92,99.45,0.0000,0.0000,0.0000,0.0011,0.0000,0.0030,0.000007,0.0146,0.0000,73494.91,0.0000,0.0000,0.0000,0.0000,0.9500,221.34,0.9400,135.03,0.9300,1543.21,0.9200,424.58,0.9100,190.27,0.9600,93.11,0.9700,956.04,0.9800,1410.84,0.9900,8774.54,,,0.0400,93.11,0.0300,956.04,0.0200,1410.84,0.0100,8774.54,,,0.0500,221.34,0.0600,135.03,0.0700,1543.21,0.0800,424.58,0.0900,190.27,2514.43,11234.53,13748.96,11234.53,2514.43,13748.96,0.0100,0.0100,-0.6342,0.6342,0.9570,0.0430,0.1417,,,0.1417,-79.8061,-27.1419,-27.1465,-79.8196
btc-updown-5m-1780095300,1780095502000,98,73395.58,73494.92,99.34,0.0000,0.0000,0.0000,0.0001,0.0000,0.0030,0.000007,0.0146,0.0000,73494.91,0.0000,0.0000,0.0000,0.0000,0.9500,221.34,0.9400,135.03,0.9300,1543.21,0.9200,424.58,0.9100,190.27,0.9600,93.11,0.9700,956.04,0.9800,1410.84,0.9900,8774.54,,,0.0400,93.11,0.0300,956.04,0.0200,1410.84,0.0100,8774.54,,,0.0500,221.34,0.0600,135.03,0.0700,1543.21,0.0800,424.58,0.0900,190.27,2514.43,11234.53,13748.96,11234.53,2514.43,13748.96,0.0100,0.0100,-0.6342,0.6342,0.9570,0.0430,0.1417,,,0.1417,13.0065,-31.1306,-31.1378,13.0095
btc-updown-5m-1780095300,1780095503000,97,73395.58,73494.92,99.34,0.0000,0.0000,0.0007,0.0007,0.0000,0.0030,0.000007,0.0146,0.0505,73494.91,0.0000,0.0000,0.0000,0.0000,0.9500,166.28,0.9400,95.03,0.9300,1528.96,0.9200,399.58,0.9100,190.27,0.9600,137.06,0.9700,981.04,0.9800,1440.84,0.9900,8804.54,,,0.0400,137.06,0.0300,981.04,0.0200,1440.84,0.0100,8804.54,,,0.0500,166.28,0.0600,95.03,0.0700,1528.96,0.0800,399.58,0.0900,190.27,2380.12,11363.48,13743.60,11363.48,2380.12,13743.60,0.0100,0.0100,-0.6536,0.6536,0.9555,0.0445,0.1098,,,0.1098,-19.3490,0.5191,0.5191,-19.3490
btc-updown-5m-1780095300,1780095504000,96,73395.58,73494.92,99.34,0.0000,0.0000,0.0000,0.0007,0.0000,0.0027,0.000007,0.0146,0.0000,73494.91,0.0000,0.0000,0.0000,0.0000,0.9500,140.07,0.9400,90.03,0.9300,1528.96,0.9200,404.58,0.9100,190.27,0.9600,137.06,0.9700,981.04,0.9800,1440.84,0.9900,8804.54,,,0.0400,137.06,0.0300,981.04,0.0200,1440.84,0.0100,8804.54,,,0.0500,140.07,0.0600,90.03,0.0700,1528.96,0.0800,404.58,0.0900,190.27,2353.91,11363.48,13717.39,11363.48,2353.91,13717.39,0.0100,0.0100,-0.6568,0.6568,0.9551,0.0449,0.0978,,,0.0978,-36.7838,37.2052,37.2122,-36.7908
btc-updown-5m-1780095300,1780095505000,95,73395.62,73494.91,99.29,-0.0000,-0.0000,0.0141,0.0148,0.0020,0.0030,0.000007,0.0134,1.0503,73494.91,-0.0000,-0.0000,-0.0135,-0.0000,0.9500,275.29,0.9400,118.55,0.9300,1511.68,0.9200,423.40,0.9100,190.27,0.9600,110.00,0.9700,956.04,0.9800,1410.84,0.9900,8671.68,,,0.0400,110.00,0.0300,956.04,0.0200,1410.84,0.0100,8671.68,,,0.0500,275.29,0.0600,118.55,0.0700,1511.68,0.0800,423.40,0.0900,190.27,2519.19,11148.56,13667.75,11148.56,2519.19,13667.75,0.0100,0.0100,-0.6314,0.6314,0.9571,0.0429,0.1563,,,0.1563,-10.0366,-67.1809,-67.1809,-10.0366
btc-updown-5m-1780095300,1780095506000,94,73395.57,73494.91,99.34,0.0000,-0.0000,0.0000,0.0148,0.0020,0.0030,0.000007,0.0134,0.0000,73494.91,-0.0000,-0.0000,0.0000,0.0000,0.9500,270.29,0.9400,136.55,0.9300,761.68,0.9200,103.85,0.9100,185.27,0.9600,75.00,0.9700,906.34,0.9800,1440.84,0.9900,7376.12,,,0.0400,75.00,0.0300,906.34,0.0200,1440.84,0.0100,7376.12,,,0.0500,270.29,0.0600,136.55,0.0700,761.68,0.0800,103.85,0.0900,185.27,1457.64,9798.30,11255.94,9798.30,1457.64,11255.94,0.0100,0.0100,-0.7410,0.7410,0.9578,0.0422,0.2791,,,0.2791,-187.3402,-268.0265,-267.9331,-187.2749
btc-updown-5m-1780095300,1780095507000,93,73395.71,73494.91,99.20,0.0000,-0.0000,0.0000,0.0148,0.0020,0.0027,0.000007,0.0134,0.0000,73494.91,-0.0000,-0.0000,0.0000,0.0000,0.9500,280.29,0.9400,136.55,0.9300,761.68,0.9200,98.40,0.9100,185.27,0.9600,25.00,0.9700,936.34,0.9800,1435.84,0.9900,7376.12,,,0.0400,25.00,0.0300,936.34,0.0200,1435.84,0.0100,7376.12,,,0.0500,280.29,0.0600,136.55,0.0700,761.68,0.0800,98.40,0.0900,185.27,1462.19,9773.30,11235.49,9773.30,1462.19,11235.49,0.0100,0.0100,-0.7397,0.7397,0.9592,0.0408,0.2851,,,0.2851,-185.5802,-257.7125,-257.6671,-185.5475
btc-updown-5m-1780095300,1780095508000,92,73396.09,73494.91,98.82,0.0000,-0.0000,0.0000,0.0141,0.0020,0.0027,0.000007,0.0134,0.0000,73494.91,-0.0000,-0.0000,0.0000,0.0000,0.9600,297.37,0.9500,101.10,0.9400,1365.51,0.9300,618.65,0.9200,118.83,0.9700,1125.92,0.9800,1440.84,0.9900,8071.12,,,,,0.0300,1125.92,0.0200,1440.84,0.0100,8071.12,,,,,0.0400,297.37,0.0500,101.10,0.0600,1365.51,0.0700,618.65,0.0800,118.83,2501.46,10637.88,13139.34,10637.88,2501.46,13139.34,0.0100,0.0100,-0.6192,0.6192,0.9621,0.0379,0.1593,,,0.1593,-6.3714,-125.4596,-125.4829,-6.3726
btc-updown-5m-1780095300,1780095509000,91,73395.88,73494.92,99.04,0.0000,0.0000,0.0808,0.0949,0.0040,0.0030,0.000007,0.0160,5.0557,73494.91,0.0000,0.0000,0.0135,0.0000,0.9600,560.22,0.9500,181.67,0.9400,1356.67,0.9300,625.34,0.9200,115.40,0.9700,456.91,0.9800,1435.84,0.9900,8066.12,,,,,0.0300,456.91,0.0200,1435.84,0.0100,8066.12,,,,,0.0400,560.22,0.0500,181.67,0.0600,1356.67,0.0700,625.34,0.0800,115.40,2839.30,9958.87,12798.17,9958.87,2839.30,12798.17,0.0100,0.0100,-0.5563,0.5563,0.9655,0.0345,0.2613,,,0.2613,78.9512,-241.5079,-241.5079,78.9512
btc-updown-5m-1780095300,1780095510000,90,73395.88,73494.91,99.03,-0.0000,0.0000,0.0040,0.0848,0.0040,0.0030,0.000007,0.0161,0.2488,73494.91,-0.0000,-0.0000,-0.0135,-0.0000,0.9600,812.59,0.9500,215.47,0.9400,1393.66,0.9300,615.34,0.9200,115.40,0.9700,144.72,0.9800,1241.74,0.9900,7998.12,,,,,0.0300,144.72,0.0200,1241.74,0.0100,7998.12,,,,,0.0400,812.59,0.0500,215.47,0.0600,1393.66,0.0700,615.34,0.0800,115.40,3152.46,9384.58,12537.04,9384.58,3152.46,12537.04,0.0100,0.0100,-0.4971,0.4971,0.9685,0.0315,0.3261,,,0.3261,123.9729,-324.9498,-324.9498,123.9729
btc-updown-5m-1780095300,1780095511000,89,73396.74,73494.91,98.17,0.0000,0.0000,0.0003,0.0851,0.0040,0.0030,0.000007,0.0161,0.0162,73494.91,-0.0000,-0.0000,0.0000,0.0000,0.9600,775.00,0.9500,183.07,0.9400,1358.66,0.9300,590.34,0.9200,115.40,0.9700,303.46,0.9800,1298.04,0.9900,8033.12,,,,,0.0300,303.46,0.0200,1298.04,0.0100,8033.12,,,,,0.0400,775.00,0.0500,183.07,0.0600,1358.66,0.0700,590.34,0.0800,115.40,3022.47,9634.62,12657.09,9634.62,3022.47,12657.09,0.0100,0.0100,-0.5224,0.5224,0.9672,0.0328,0.3170,,,0.3170,80.5893,-242.4243,-242.3855,80.5764
btc-updown-5m-1780095300,1780095512000,88,73396.74,73494.91,98.17,0.0000,0.0000,0.0000,0.0851,0.0040,0.0027,0.000007,0.0161,0.0000,73494.91,-0.0000,-0.0000,0.0000,0.0000,0.9600,749.34,0.9500,183.07,0.9400,1358.99,0.9300,600.34,0.9200,115.40,0.9700,241.97,0.9800,1298.04,0.9900,8033.12,,,,,0.0300,246.97,0.0200,1298.04,0.0100,8033.12,,,,,0.0400,749.34,0.0500,183.07,0.0600,1358.99,0.0700,600.34,0.0800,115.40,3007.14,9573.13,12580.27,9578.13,3007.14,12585.27,0.0100,0.0100,-0.5219,0.5221,0.9676,0.0325,0.3101,,,0.3101,264.2394,-38.3987,-37.5524,264.2845
btc-updown-5m-1780095300,1780095513000,87,73397.04,73494.91,97.87,0.0000,0.0000,0.0054,0.0905,0.0040,0.0023,0.000006,0.0162,0.3349,73494.91,-0.0000,-0.0000,0.0000,0.0000,0.9600,757.54,0.9500,183.07,0.9400,1353.99,0.9300,605.34,0.9200,115.40,0.9700,337.54,0.9800,1255.54,0.9900,8028.12,,,,,0.0300,337.54,0.0200,1255.54,0.0100,8028.12,,,,,0.0400,757.54,0.0500,183.07,0.0600,1353.99,0.0700,605.34,0.0800,115.40,3015.34,9621.20,12636.54,9621.20,3015.34,12636.54,0.0100,0.0100,-0.5228,0.5228,0.9669,0.0331,0.3119,,,0.3119,125.6033,-187.8620,-187.8620,125.6033
btc-updown-5m-1780095300,1780095514000,86,73397.03,73494.92,97.89,0.0000,0.0000,0.0015,0.0112,0.0040,0.0023,0.000006,0.0163,0.0898,73494.91,0.0000,0.0000,0.0133,0.0000,0.9600,643.95,0.9500,188.07,0.9400,1348.66,0.9300,590.34,0.9200,95.40,0.9700,392.54,0.9800,1305.54,0.9900,8033.12,,,,,0.0300,392.54,0.0200,1305.54,0.0100,8033.12,,,,,0.0400,643.95,0.0500,188.07,0.0600,1348.66,0.0700,590.34,0.0800,95.40,2866.42,9731.20,12597.62,9731.20,2866.42,12597.62,0.0100,0.0100,-0.5449,0.5449,0.9662,0.0338,0.2903,,,0.2903,64.6611,-140.5491,-140.5491,64.6611
btc-updown-5m-1780095300,1780095515000,85,73397.03,73494.92,97.89,0.0000,0.0000,0.0000,0.0072,0.0020,0.0020,0.000006,0.0142,0.0000,73494.91,0.0000,0.0000,0.0000,0.0000,0.9600,683.99,0.9500,188.24,0.9400,1361.49,0.9300,590.34,0.9200,100.49,0.9700,348.27,0.9800,1305.54,0.9900,8107.02,,,,,0.0300,348.27,0.0200,1305.54,0.0100,8107.02,,,,,0.0400,683.99,0.0500,188.24,0.0600,1361.49,0.0700,590.34,0.0800,100.49,2924.55,9760.83,12685.38,9760.83,2924.55,12685.38,0.0100,0.0100,-0.5389,0.5389,0.9666,0.0334,0.2982,,,0.2982,14.0214,-32.5724,-32.5724,14.0214
btc-updown-5m-1780095300,1780095516000,84,73397.03,73494.92,97.89,0.0000,0.0000,0.0011,0.0080,0.0040,0.0023,0.000006,0.0141,0.0800,73494.91,0.0000,0.0000,0.0000,0.0000,0.9600,703.99,0.9500,193.41,0.9400,1361.49,0.9300,595.34,0.9200,95.40,0.9700,325.27,0.9800,1310.54,0.9900,8097.02,,,,,0.0300,325.27,0.0200,1310.54,0.0100,8097.02,,,,,0.0400,703.99,0.0500,193.41,0.0600,1361.49,0.0700,595.34,0.0800,95.40,2949.63,9732.83,12682.46,9732.83,2949.63,12682.46,0.0100,0.0100,-0.5348,0.5348,0.9668,0.0332,0.3042,,,0.3042,-33.4317,57.4007,57.4007,-33.4317
btc-updown-5m-1780095300,1780095517000,83,73396.48,73494.91,98.43,-0.0000,0.0000,0.0207,0.0288,0.0060,0.0027,0.000006,0.0148,1.4015,73494.91,-0.0000,-0.0000,-0.0134,-0.0000,0.9600,715.99,0.9500,183.34,0.9400,1356.49,0.9300,605.34,0.9200,95.40,0.9700,352.39,0.9800,1300.54,0.9900,8097.02,,,,,0.0300,352.39,0.0200,1300.54,0.0100,8097.02,,,,,0.0400,715.99,0.0500,183.34,0.0600,1356.49,0.0700,605.34,0.0800,95.40,2956.56,9749.95,12706.51,9749.95,2956.56,12706.51,0.0100,0.0100,-0.5346,0.5346,0.9667,0.0333,0.3042,,,0.3042,-12.5893,16.6894,16.6894,-12.5893
btc-updown-5m-1780095300,1780095518000,82,73395.42,73494.92,99.50,0.0000,0.0000,0.0001,0.0235,0.0080,0.0027,0.000007,0.0148,0.0088,73494.91,0.0000,0.0000,0.0135,0.0000,0.9600,648.77,0.9500,157.85,0.9400,1349.03,0.9300,588.83,0.9200,95.94,0.9700,662.53,0.9800,1445.84,0.9900,8162.02,,,,,0.0300,662.53,0.0200,1445.84,0.0100,8162.02,,,,,0.0400,648.77,0.0500,157.85,0.0600,1349.03,0.0700,588.83,0.0800,95.94,2840.42,10270.39,13110.81,10270.39,2840.42,13110.81,0.0100,0.0100,-0.5667,0.5667,0.9649,0.0351,0.2840,,,0.2840,-33.4885,98.7239,98.7062,-33.4825
btc-updown-5m-1780095300,1780095519000,81,73395.51,73494.91,99.40,-0.0000,-0.0000,0.0174,0.0394,0.0080,0.0030,0.000007,0.0072,2.4120,73494.92,-0.0000,-0.0000,-0.0135,-0.0000,0.9400,1077.67,0.9300,590.31,0.9200,90.40,0.9100,190.27,0.9000,411.83,0.9700,469.77,0.9800,1395.84,0.9900,8102.02,,,,,0.0300,469.77,0.0200,1395.84,0.0100,8102.02,,,,,0.0600,1077.67,0.0700,590.31,0.0800,90.40,0.0900,190.27,0.1000,411.83,2360.48,9967.63,12328.11,9967.63,2360.48,12328.11,0.0300,0.0300,-0.6171,0.6171,0.9609,0.0391,0.7066,,,0.7066,-114.1800,63.3976,63.3976,-114.1800
btc-updown-5m-1780095300,1780095520000,80,73395.23,73494.91,99.68,0.0000,-0.0000,0.0021,0.0415,0.0100,0.0033,0.000007,0.0073,0.2894,73494.92,-0.0000,-0.0000,0.0000,0.0000,0.9400,1477.89,0.9300,753.18,0.9200,88.79,0.9100,179.27,0.9000,380.62,0.9500,169.90,0.9600,90.00,0.9700,217.49,0.9800,1390.84,0.9900,7990.67,0.0500,169.90,0.0400,90.00,0.0300,217.49,0.0200,1390.84,0.0100,7990.67,0.0600,1477.89,0.0700,753.18,0.0800,88.79,0.0900,179.27,0.1000,380.62,2879.75,9858.90,12738.65,9858.90,2879.75,12738.65,0.0100,0.0100,-0.5479,0.5479,0.9490,0.0510,0.7747,0.0264,0.0264,0.7747,2.2876,21.9152,21.9152,2.2876
btc-updown-5m-1780095300,1780095521000,79,73394.90,73494.92,100.02,0.0000,0.0000,0.0006,0.0410,0.0100,0.0037,0.000007,0.0071,0.0784,73494.92,0.0000,0.0000,0.0136,0.0000,0.9500,219.81,0.9400,273.61,0.9300,325.47,0.9200,83.79,0.9100,174.27,0.9600,126.00,0.9700,179.15,0.9800,1390.84,0.9900,6664.66,,,0.0400,126.00,0.0300,179.15,0.0200,1390.84,0.0100,6664.66,,,0.0500,219.81,0.0600,273.61,0.0700,325.47,0.0800,83.79,0.0900,174.27,1076.95,8360.65,9437.60,8360.65,1076.95,9437.60,0.0100,0.0100,-0.7718,0.7718,0.9564,0.0436,0.4582,,,0.4582,-314.7469,-242.8576,-242.8576,-314.7468
btc-updown-5m-1780095300,1780095522000,78,73394.84,73494.91,100.07,-0.0000,0.0000,0.0002,0.0204,0.0100,0.0040,0.000008,0.0071,0.0281,73494.92,-0.0000,-0.0000,-0.0136,-0.0000,0.9600,127.00,0.9500,282.67,0.9400,586.42,0.9300,310.04,0.9200,74.74,0.9700,231.66,0.9800,1345.84,0.9900,6993.98,,,,,0.0300,231.66,0.0200,1345.84,0.0100,6993.98,,,,,0.0400,127.00,0.0500,282.67,0.0600,586.42,0.0700,310.04,0.0800,74.74,1380.87,8571.48,9952.35,8571.48,1380.87,9952.35,0.0100,0.0100,-0.7225,0.7225,0.9635,0.0365,0.2967,,,0.2967,-262.8619,-194.5962,-194.5962,-262.8619
btc-updown-5m-1780095300,1780095523000,77,73394.84,73494.91,100.07,0.0000,-0.0000,0.0003,0.0206,0.0080,0.0040,0.000008,0.0071,0.0451,73494.92,-0.0000,-0.0000,0.0000,0.0000,0.9600,127.00,0.9500,282.67,0.9400,586.42,0.9300,310.04,0.9200,74.74,0.9700,231.66,0.9800,1345.84,0.9900,6993.98,,,,,0.0300,231.66,0.0200,1345.84,0.0100,6993.98,,,,,0.0400,127.00,0.0500,282.67,0.0600,586.42,0.0700,310.04,0.0800,74.74,1380.87,8571.48,9952.35,8571.48,1380.87,9952.35,0.0100,0.0100,-0.7225,0.7225,0.9635,0.0365,0.2967,,,0.2967,-312.2854,-374.5269,-377.2601,-314.5643
btc-updown-5m-1780095300,1780095524000,76,73394.74,73494.91,100.17,0.0000,0.0000,0.0000,0.0032,0.0060,0.0037,0.000007,0.0071,0.0000,73494.92,-0.0000,-0.0000,0.0000,0.0000,0.9600,218.33,0.9500,115.99,0.9400,428.80,0.9300,319.65,0.9200,104.74,0.9700,218.08,0.9800,1369.84,0.9900,7053.98,,,,,0.0300,218.08,0.0200,1369.84,0.0100,7053.98,,,,,0.0400,218.33,0.0500,115.99,0.0600,428.80,0.0700,319.65,0.0800,104.74,1187.51,8641.90,9829.41,8641.90,1187.51,9829.41,0.0100,0.0100,-0.7584,0.7584,0.9650,0.0350,0.2815,,,0.2815,-312.2370,-245.3632,-245.3632,-312.2370
btc-updown-5m-1780095300,1780095525000,75,73394.69,73494.91,100.22,0.0000,0.0000,0.0000,0.0011,0.0040,0.0037,0.000007,0.0049,0.0000,73494.92,-0.0000,-0.0000,0.0000,0.0000,0.9600,287.70,0.9500,607.90,0.9400,420.99,0.9300,319.65,0.9200,98.40,0.9700,82.82,0.9800,1149.30,0.9900,7164.20,,,,,0.0300,82.82,0.0200,1149.30,0.0100,7164.20,,,,,0.0400,287.70,0.0500,607.90,0.0600,420.99,0.0700,319.65,0.0800,98.40,1734.64,8396.32,10130.96,8396.32,1734.64,10130.96,0.0100,0.0100,-0.6576,0.6576,0.9678,0.0322,0.5163,,,0.5163,-105.3958,-264.6194,-264.6640,-105.4135
btc-updown-5m-1780095300,1780095526000,74,73394.43,73494.91,100.48,0.0000,-0.0000,0.0681,0.0686,0.0020,0.0037,0.000007,0.0071,9.6553,73494.91,-0.0000,-0.0000,0.0000,0.0000,0.9600,295.12,0.9500,1077.40,0.9400,420.99,0.9300,330.42,0.9200,68.40,0.9700,30.82,0.9800,1033.00,0.9900,7108.38,,,,,0.0300,30.82,0.0200,1033.00,0.0100,7108.38,,,,,0.0400,295.12,0.0500,1077.40,0.0600,420.99,0.0700,330.42,0.0800,68.40,2192.33,8172.20,10364.53,8172.20,2192.33,10364.53,0.0100,0.0100,-0.5770,0.5770,0.9691,0.0309,0.6261,,,0.6261,81.2654,-169.2699,-169.2699,81.2654
btc-updown-5m-1780095300,1780095527000,73,73394.50,73479.30,84.80,-0.0212,-0.0212,3.9115,3.9800,3.1220,0.5240,0.003813,0.1332,29.3584,73480.13,-0.0004,-0.0011,-18.0119,-0.0002,0.9700,0.66,0.9600,279.93,0.9500,1077.40,0.9400,415.99,0.9300,355.03,0.9800,1239.08,0.9900,7163.38,,,,,,,0.0200,1239.08,0.0100,7163.38,,,,,,,0.0300,0.66,0.0400,279.93,0.0500,1077.40,0.0600,415.99,0.0700,355.03,2129.01,8402.46,10531.47,8402.46,2129.01,10531.47,0.0100,0.0100,-0.5957,0.5957,0.9700,0.0300,0.1318,,,0.1318,192.9980,14.2690,14.2690,192.9980
btc-updown-5m-1780095300,1780095528000,72,73394.66,73479.30,84.64,0.0000,-0.0212,0.0851,4.0647,3.1220,0.5240,0.003813,0.1359,0.6257,73480.11,-0.0004,-0.0011,0.0000,0.0000,0.9500,16.63,0.9400,57.15,0.9300,338.53,0.9200,20.00,0.9100,120.47,0.9600,614.92,0.9700,563.86,0.9800,1462.83,0.9900,6675.00,,,0.0400,614.92,0.0300,563.86,0.0200,1462.83,0.0100,6675.00,,,0.0500,16.63,0.0600,57.15,0.0700,338.53,0.0800,20.00,0.0900,120.47,552.78,9316.61,9869.39,9316.61,552.78,9869.39,0.0100,0.0100,-0.8880,0.8880,0.9503,0.0497,0.1335,,,0.1335,-133.0479,117.2092,117.2092,-133.0479
btc-updown-5m-1780095300,1780095529000,71,73382.73,73479.31,96.58,0.0000,-0.0212,0.0739,4.1386,3.1240,0.5243,0.003813,0.1383,0.5343,73480.09,-0.0003,-0.0011,0.0131,0.0000,0.9300,150.88,0.9200,15.28,0.9100,269.13,0.9000,208.33,0.8900,106.46,0.9400,125.17,0.9500,169.53,0.9600,458.43,0.9700,486.81,0.9800,1516.46,0.0600,125.17,0.0500,169.53,0.0400,458.43,0.0300,486.81,0.0200,1516.46,0.0700,150.88,0.0800,15.28,0.0900,269.13,0.1000,208.33,0.1100,106.46,750.08,2756.40,3506.48,2756.40,750.08,3506.48,0.0100,0.0100,-0.5722,0.5722,0.9355,0.0645,0.2215,0.1069,0.1069,0.2215,-88.0318,-1184.4435,-1184.4436,-88.0318
btc-updown-5m-1780095300,1780095530000,70,73380.63,73479.30,98.67,-0.0000,-0.0212,0.0369,4.1755,3.1260,0.5247,0.003813,0.1395,0.2644,73480.09,-0.0003,-0.0011,-0.0134,-0.0000,0.9500,326.25,0.9400,220.37,0.9300,195.88,0.9200,70.00,0.9100,170.47,0.9600,268.38,0.9700,356.81,0.9800,1392.73,0.9900,6827.68,,,0.0400,268.38,0.0300,356.81,0.0200,1392.73,0.0100,6827.68,,,0.0500,326.25,0.0600,220.37,0.0700,195.88,0.0800,70.00,0.0900,170.47,982.97,8845.60,9828.57,8845.60,982.97,9828.57,0.0100,0.0100,-0.8000,0.8000,0.9555,0.0445,0.5561,,,0.5561,-129.1694,51.8652,51.8652,-129.1694
btc-updown-5m-1780095300,1780095531000,69,73381.16,73479.31,98.15,0.0000,-0.0212,0.0001,4.1075,3.1280,0.5250,0.003813,0.1395,0.0006,73480.09,-0.0003,-0.0011,0.0134,0.0000,0.9500,338.29,0.9400,76.00,0.9300,368.32,0.9200,75.00,0.9100,192.37,0.9600,228.42,0.9700,356.81,0.9800,1274.59,0.9900,6740.22,,,0.0400,228.42,0.0300,356.81,0.0200,1274.59,0.0100,6740.22,,,0.0500,338.29,0.0600,76.00,0.0700,368.32,0.0800,75.00,0.0900,192.37,1049.98,8600.04,9650.02,8600.04,1049.98,9650.02,0.0100,0.0100,-0.7824,0.7824,0.9560,0.0440,0.3946,,,0.3946,-223.0281,83.5299,83.5299,-223.0281
btc-updown-5m-1780095300,1780095532000,68,73381.16,73479.31,98.15,0.0000,0.0000,0.0045,0.2005,0.0080,0.5253,0.003813,0.1397,0.0325,73480.08,0.0000,-0.0011,0.0000,0.0000,0.9500,215.74,0.9400,81.20,0.9300,370.95,0.9200,88.00,0.9100,192.37,0.9600,15.72,0.9700,361.81,0.9800,1274.59,0.9900,7053.46,,,0.0400,15.72,0.0300,361.81,0.0200,1274.59,0.0100,7053.46,,,0.0500,215.74,0.0600,76.00,0.0700,370.95,0.0800,88.00,0.0900,192.37,948.26,8705.58,9653.84,8705.58,943.06,9648.64,0.0100,0.0100,-0.8035,0.8045,0.9593,0.0407,0.3131,,,0.3094,-210.4669,90.2352,90.2504,-211.3824
btc-updown-5m-1780095300,1780095533000,67,73382.64,73479.31,96.67,0.0000,0.0000,0.0000,0.1154,0.0080,0.5253,0.003813,0.1397,0.0000,73480.08,0.0000,-0.0011,0.0000,0.0000,0.9600,325.42,0.9500,123.19,0.9400,250.89,0.9300,244.88,0.9200,81.00,0.9700,132.07,0.9800,1447.45,0.9900,7319.10,,,,,0.0300,132.07,0.0200,1447.45,0.0100,7319.10,,,,,0.0400,325.42,0.0500,123.19,0.0600,250.89,0.0700,244.88,0.0800,81.00,1025.38,8898.62,9924.00,8898.62,1025.38,9924.00,0.0100,0.0100,-0.7934,0.7934,0.9671,0.0329,0.4375,,,0.4375,82.2308,-23.5604,-23.5604,82.2308
btc-updown-5m-1780095300,1780095534000,66,73383.75,73479.31,95.56,0.0000,0.0000,0.0001,0.0416,0.0060,0.5253,0.003813,0.1396,0.0006,73480.08,0.0000,-0.0011,0.0000,0.0000,0.9700,98.53,0.9600,159.06,0.9500,94.74,0.9400,78.81,0.9300,242.88,0.9800,1413.31,0.9900,6871.15,,,,,,,0.0200,1413.31,0.0100,6871.15,,,,,,,0.0300,98.53,0.0400,159.06,0.0500,94.74,0.0600,78.81,0.0700,242.88,674.02,8284.46,8958.48,8284.46,674.02,8958.48,0.0100,0.0100,-0.8495,0.8495,0.9707,0.0293,0.3822,,,0.3822,46.3337,-158.5416,-158.5158,46.3262
btc-updown-5m-1780095300,1780095535000,65,73383.75,73479.31,95.56,0.0000,0.0000,0.0000,0.0047,0.0040,0.5250,0.003813,0.1396,0.0000,73480.08,0.0000,-0.0011,0.0000,0.0000,0.9700,44.13,0.9600,93.06,0.9500,99.74,0.9400,71.00,0.9300,247.88,0.9800,1420.13,0.9900,6581.87,,,,,,,0.0200,1420.13,0.0100,6581.87,,,,,,,0.0300,44.13,0.0400,93.06,0.0500,99.74,0.0600,71.00,0.0700,247.88,555.81,8002.00,8557.81,8002.00,555.81,8557.81,0.0100,0.0100,-0.8701,0.8701,0.9703,0.0297,0.2468,,,0.2468,-194.1309,-121.6909,-121.6498,-194.0655
btc-updown-5m-1780095300,1780095536000,64,73384.34,73479.31,94.97,0.0000,0.0000,0.0043,0.0089,0.0020,0.5250,0.003813,0.1393,0.0306,73480.03,-0.0000,-0.0010,0.0000,0.0000,0.9700,16.00,0.9600,73.65,0.9500,66.00,0.9400,93.00,0.9300,252.88,0.9800,1492.78,0.9900,6094.30,,,,,,,0.0200,1492.78,0.0100,6094.30,,,,,,,0.0300,16.00,0.0400,73.65,0.0500,66.00,0.0600,93.00,0.0700,252.88,501.53,7587.08,8088.61,7587.08,501.53,8088.61,0.0100,0.0100,-0.8760,0.8760,0.9701,0.0299,0.1788,,,0.1788,-72.9258,-205.8872,-205.8523,-72.9134
btc-updown-5m-1780095300,1780095537000,63,73384.72,73479.31,94.59,0.0000,0.0000,0.1201,0.1245,0.0000,0.5250,0.003813,0.1432,0.8386,73480.01,0.0000,-0.0010,0.0000,0.0000,0.9600,43.65,0.9500,71.00,0.9400,88.00,0.9300,250.88,0.9200,121.40,0.9800,1463.90,0.9900,6112.87,,,,,,,0.0200,1463.90,0.0100,6112.87,,,,,,,0.0400,43.65,0.0500,71.00,0.0600,88.00,0.0700,250.88,0.0800,121.40,574.93,7576.77,8151.70,7576.77,574.93,8151.70,0.0200,0.0200,-0.8589,0.8589,0.9606,0.0394,0.1994,,,0.1994,-94.2801,-176.9726,-176.9726,-94.2801
btc-updown-5m-1780095300,1780095538000,62,73385.37,73479.31,93.94,0.0000,0.0000,0.0007,0.1251,0.0000,0.5250,0.003813,0.1432,0.0047,73480.01,0.0000,-0.0010,0.0000,0.0000,0.9700,61.00,0.9600,68.00,0.9500,88.05,0.9400,94.00,0.9300,230.88,0.9800,1582.86,0.9900,6407.87,,,,,,,0.0200,1582.86,0.0100,6407.87,,,,,,,0.0300,61.00,0.0400,68.00,0.0500,88.05,0.0600,94.00,0.0700,230.88,541.93,7990.73,8532.66,7990.73,541.93,8532.66,0.0100,0.0100,-0.8730,0.8730,0.9704,0.0296,0.2380,,,0.2380,-90.0279,-70.9970,-70.9970,-90.0279
btc-updown-5m-1780095300,1780095539000,61,73385.39,73479.30,93.91,-0.0000,-0.0000,0.0016,0.1267,0.0020,0.5250,0.003813,0.1433,0.0114,73480.01,-0.0000,-0.0010,-0.0128,-0.0000,0.9700,321.70,0.9600,85.00,0.9500,119.05,0.9400,251.89,0.9300,230.88,0.9800,1445.99,0.9900,6382.87,,,,,,,0.0200,1445.99,0.0100,6382.87,,,,,,,0.0300,321.70,0.0400,85.00,0.0500,119.05,0.0600,251.89,0.0700,230.88,1008.52,7828.86,8837.38,7828.86,1008.52,8837.38,0.0100,0.0100,-0.7718,0.7718,0.9718,0.0282,0.4033,,,0.4033,-2.8659,-181.8392,-181.8392,-2.8659
btc-updown-5m-1780095300,1780095540000,60,73385.88,73479.31,93.43,0.0000,0.0000,0.0022,0.1288,0.0040,0.5250,0.003813,0.1407,0.0155,73479.74,0.0000,-0.0006,0.0127,0.0000,0.9700,268.36,0.9600,60.00,0.9500,53.05,0.9400,221.89,0.9300,205.88,0.9800,1254.10,0.9900,6183.48,,,,,,,0.0200,1254.10,0.0100,6183.48,,,,,,,0.0300,268.36,0.0400,60.00,0.0500,53.05,0.0600,221.89,0.0700,205.88,809.18,7437.58,8246.76,7437.58,809.18,8246.76,0.0100,0.0100,-0.8038,0.8038,0.9718,0.0282,0.4058,,,0.4058,15.2154,-124.7911,-124.7911,15.2154
btc-updown-5m-1780095300,1780095541000,59,73385.90,73479.31,93.41,0.0000,0.0000,0.0009,0.1255,0.0060,0.5253,0.003813,0.1406,0.0067,73479.72,0.0000,-0.0006,0.0000,0.0000,0.9700,248.24,0.9600,50.00,0.9500,65.40,0.9400,217.00,0.9300,195.88,0.9800,1099.23,0.9900,6163.48,,,,,,,0.0200,1099.23,0.0100,6163.48,,,,,,,0.0300,248.24,0.0400,50.00,0.0500,65.40,0.0600,217.00,0.0700,195.88,776.52,7262.71,8039.23,7262.71,776.52,8039.23,0.0100,0.0100,-0.8068,0.8068,0.9718,0.0282,0.3841,,,0.3841,31.5710,-159.6123,-128.5871,31.5710
btc-updown-5m-1780095300,1780095542000,58,73385.90,73479.30,93.40,-0.0000,-0.0000,0.0018,0.0072,0.0080,0.5257,0.003813,0.1407,0.0126,73479.72,-0.0000,-0.0006,-0.0127,-0.0000,0.9700,227.64,0.9600,55.00,0.9500,118.03,0.9400,270.19,0.9300,236.64,0.9800,1025.91,0.9900,6246.48,,,,,,,0.0200,1025.91,0.0100,6246.48,,,,,,,0.0300,227.64,0.0400,55.00,0.0500,118.03,0.0600,270.19,0.0700,236.64,907.50,7272.39,8179.89,7272.39,907.50,8179.89,0.0100,0.0100,-0.7781,0.7781,0.9718,0.0282,0.3114,,,0.3114,73.2742,-49.4371,-49.4371,73.2742
btc-updown-5m-1780095300,1780095543000,57,73385.93,73479.30,93.37,0.0000,-0.0000,0.0000,0.0065,0.0080,0.5257,0.003813,0.1407,0.0000,73479.72,-0.0000,-0.0006,0.0000,0.0000,0.9700,211.64,0.9600,62.51,0.9500,118.03,0.9400,265.08,0.9300,256.64,0.9800,959.67,0.9900,6271.48,,,,,,,0.0200,959.67,0.0100,6271.48,,,,,,,0.0300,211.64,0.0400,62.51,0.0500,118.03,0.0600,265.08,0.0700,256.64,913.90,7231.15,8145.05,7231.15,913.90,8145.05,0.0100,0.0100,-0.7756,0.7756,0.9718,0.0282,0.3000,,,0.3000,59.9596,-75.1500,-75.1500,59.9596
btc-updown-5m-1780095300,1780095544000,56,73385.92,73479.30,93.38,0.0000,0.0000,0.0888,0.0936,0.0080,0.5257,0.003813,0.1434,0.6191,73479.69,-0.0000,-0.0005,0.0000,0.0000,0.9700,461.64,0.9600,121.41,0.9500,60.40,0.9400,211.89,0.9300,202.88,0.9800,608.95,0.9900,6309.51,,,,,,,0.0200,608.95,0.0100,6309.51,,,,,,,0.0300,461.64,0.0400,121.41,0.0500,60.40,0.0600,211.89,0.0700,202.88,1058.22,6918.46,7976.68,6918.46,1058.22,7976.68,0.0100,0.0100,-0.7347,0.7347,0.9743,0.0257,0.5510,,,0.5510,85.3795,-194.5345,-194.5345,85.3795
btc-updown-5m-1780095300,1780095545000,55,73385.97,73479.30,93.33,0.0000,-0.0000,0.0458,0.1372,0.0080,0.5260,0.003813,0.1448,0.3161,73479.69,-0.0000,-0.0005,0.0000,0.0000,0.9700,435.64,0.9600,131.41,0.9500,60.40,0.9400,234.89,0.9300,202.88,0.9800,287.92,0.9900,6340.57,,,,,,,0.0200,287.92,0.0100,6340.57,,,,,,,0.0300,435.64,0.0400,131.41,0.0500,60.40,0.0600,234.89,0.0700,202.88,1065.22,6628.49,7693.71,6628.49,1065.22,7693.71,0.0100,0.0100,-0.7231,0.7231,0.9760,0.0240,0.5323,,,0.5323,37.8098,-190.5025,-190.4702,37.8034
btc-updown-5m-1780095300,1780095546000,54,73385.92,73479.31,93.39,0.0000,0.0000,0.0446,0.1809,0.0080,0.5260,0.003813,0.1462,0.3050,73479.68,0.0000,-0.0005,0.0127,0.0000,0.9800,1245.10,0.9700,481.64,0.9600,140.98,0.9500,108.03,0.9400,260.08,0.9900,7159.42,,,,,,,,,0.0100,7159.42,,,,,,,,,0.0200,1245.10,0.0300,481.64,0.0400,140.98,0.0500,108.03,0.0600,260.08,2235.83,7159.42,9395.25,7159.42,2235.83,9395.25,0.0100,0.0100,-0.5241,0.5241,0.9815,0.0185,0.7723,,,0.7723,230.1188,-50.2766,-50.2930,230.1937
btc-updown-5m-1780095300,1780095547000,53,73385.69,73479.31,93.62,0.0000,0.0000,0.0000,0.1791,0.0060,0.5257,0.003813,0.1462,0.0000,73479.68,0.0000,-0.0005,0.0000,0.0000,0.9800,1051.10,0.9700,481.64,0.9600,145.98,0.9500,113.03,0.9400,283.08,0.9900,7106.74,,,,,,,,,0.0100,7106.74,,,,,,,,,0.0200,1051.10,0.0300,481.64,0.0400,145.98,0.0500,113.03,0.0600,283.08,2074.83,7106.74,9181.57,7106.74,2074.83,9181.57,0.0100,0.0100,-0.5480,0.5480,0.9813,0.0187,0.7387,,,0.7387,215.1959,-30.3435,-30.3435,215.1959
btc-updown-5m-1780095300,1780095548000,52,73385.69,73479.30,93.61,-0.0000,0.0000,0.0007,0.1799,0.0080,0.5257,0.003813,0.1456,0.0050,73479.61,-0.0000,-0.0004,-0.0127,-0.0000,0.9800,1038.10,0.9700,481.64,0.9600,93.90,0.9500,70.41,0.9400,224.89,0.9900,6863.45,,,,,,,,,0.0100,6863.45,,,,,,,,,0.0200,1038.10,0.0300,481.64,0.0400,93.90,0.0500,70.41,0.0600,224.89,1908.94,6863.45,8772.39,6863.45,1908.94,8772.39,0.0100,0.0100,-0.5648,0.5648,0.9813,0.0187,0.7961,,,0.7961,195.1897,-91.6054,-91.5690,195.1122
btc-updown-5m-1780095300,1780095549000,51,73385.70,73479.31,93.61,0.0000,0.0000,0.0074,0.0985,0.0080,0.5257,0.003813,0.1458,0.0506,73479.61,0.0000,-0.0004,0.0127,0.0000,0.9800,983.10,0.9700,493.64,0.9600,93.90,0.9500,58.41,0.9400,224.89,0.9900,6808.83,,,,,,,,,0.0100,6808.83,,,,,,,,,0.0200,983.10,0.0300,493.64,0.0400,93.90,0.0500,58.41,0.0600,224.89,1853.94,6808.83,8662.77,6808.83,1853.94,8662.77,0.0100,0.0100,-0.5720,0.5720,0.9813,0.0187,0.7965,,,0.7965,168.0359,-93.4354,-93.4016,167.9750
btc-updown-5m-1780095300,1780095550000,50,73385.95,73479.30,93.35,-0.0000,0.0000,0.0013,0.0539,0.0080,0.5257,0.003813,0.1453,0.0086,73479.55,-0.0000,-0.0003,-0.0127,-0.0000,0.9800,890.60,0.9700,483.64,0.9600,93.90,0.9500,243.93,0.9400,67.00,0.9900,6109.92,,,,,,,,,0.0100,6109.92,,,,,,,,,0.0200,890.60,0.0300,483.64,0.0400,93.90,0.0500,243.93,0.0600,67.00,1779.07,6109.92,7888.99,6109.92,1779.07,7888.99,0.0100,0.0100,-0.5490,0.5490,0.9813,0.0187,0.7724,,,0.7724,119.2241,-139.8872,-139.8872,119.2241
btc-updown-5m-1780095300,1780095551000,49,73385.94,73479.31,93.37,0.0000,0.0000,0.0043,0.0136,0.0080,0.5257,0.003813,0.1453,0.0294,73479.54,0.0000,-0.0003,0.0127,0.0000,0.9800,868.60,0.9700,535.19,0.9600,145.98,0.9500,296.56,0.9400,120.19,0.9900,6012.51,,,,,,,,,0.0100,6012.51,,,,,,,,,0.0200,868.60,0.0300,535.19,0.0400,145.98,0.0500,296.56,0.0600,120.19,1966.52,6012.51,7979.03,6012.51,1966.52,7979.03,0.0100,0.0100,-0.5071,0.5071,0.9813,0.0187,0.7138,,,0.7138,158.5034,-113.5391,-113.5202,158.4771
btc-updown-5m-1780095300,1780095552000,48,73385.98,73479.31,93.33,0.0000,0.0000,0.0000,0.0136,0.0080,0.5253,0.003813,0.1453,0.0000,73479.54,0.0000,-0.0003,0.0000,0.0000,0.9800,845.60,0.9700,535.19,0.9600,145.98,0.9500,296.56,0.9400,120.19,0.9900,5954.37,,,,,,,,,0.0100,5954.37,,,,,,,,,0.0200,845.60,0.0300,535.19,0.0400,145.98,0.0500,296.56,0.0600,120.19,1943.52,5954.37,7897.89,5954.37,1943.52,7897.89,0.0100,0.0100,-0.5078,0.5078,0.9812,0.0188,0.7105,,,0.7105,-56.8967,-206.1999,-206.1999,-56.8967
btc-updown-5m-1780095300,1780095553000,47,73385.97,73479.31,93.34,0.0000,0.0000,0.0000,0.0129,0.0060,0.5253,0.003813,0.1453,0.0000,73479.54,0.0000,-0.0003,0.0000,0.0000,0.9800,897.61,0.9700,528.34,0.9600,93.90,0.9500,271.33,0.9400,67.00,0.9900,5928.47,,,,,,,,,0.0100,5928.47,,,,,,,,,0.0200,897.61,0.0300,528.34,0.0400,93.90,0.0500,271.33,0.0600,67.00,1858.18,5928.47,7786.65,5928.47,1858.18,7786.65,0.0100,0.0100,-0.5227,0.5227,0.9813,0.0187,0.7674,,,0.7674,-34.9830,-190.2584,-190.2584,-34.9830
btc-updown-5m-1780095300,1780095554000,46,73385.96,73479.30,93.34,-0.0000,-0.0000,0.0001,0.0057,0.0060,0.5257,0.003813,0.1453,0.0010,73479.54,-0.0000,-0.0003,-0.0127,-0.0000,0.9800,1083.67,0.9700,528.34,0.9600,93.90,0.9500,248.93,0.9400,67.00,0.9900,5773.24,,,,,,,,,0.0100,5773.24,,,,,,,,,0.0200,1083.67,0.0300,528.34,0.0400,93.90,0.0500,248.93,0.0600,67.00,2021.84,5773.24,7795.08,5773.24,2021.84,7795.08,0.0100,0.0100,-0.4813,0.4813,0.9816,0.0184,0.7973,,,0.7973,18.0519,-181.5457,-181.5457,18.0519
btc-updown-5m-1780095300,1780095555000,45,73385.95,73479.30,93.35,0.0000,0.0000,0.0000,0.0044,0.0040,0.5257,0.003813,0.1453,0.0000,73479.54,-0.0000,-0.0003,0.0000,0.0000,0.9800,1639.83,0.9700,579.89,0.9600,145.98,0.9500,301.56,0.9400,120.19,0.9900,5721.65,,,,,,,,,0.0100,5721.65,,,,,,,,,0.0200,1639.83,0.0300,579.89,0.0400,145.98,0.0500,301.56,0.0600,120.19,2787.45,5721.65,8509.10,5721.65,2787.45,8509.10,0.0100,0.0100,-0.3448,0.3448,0.9822,0.0178,0.7963,,,0.7963,164.3945,-182.1796,-182.1796,164.3945
btc-updown-5m-1780095300,1780095556000,44,73386.02,73479.30,93.28,0.0000,-0.0000,0.0031,0.0033,0.0020,0.5257,0.003813,0.1454,0.0216,73479.54,-0.0000,-0.0003,0.0000,0.0000,0.9800,1658.83,0.9700,574.89,0.9600,135.98,0.9500,328.96,0.9400,120.19,0.9900,5669.71,,,,,,,,,0.0100,5669.71,,,,,,,,,0.0200,1658.83,0.0300,574.89,0.0400,135.98,0.0500,328.96,0.0600,120.19,2818.85,5669.71,8488.56,5669.71,2818.85,8488.56,0.0100,0.0100,-0.3358,0.3358,0.9823,0.0177,0.7924,,,0.7924,143.1736,-60.9486,-60.9384,143.1498
btc-updown-5m-1780095300,1780095557000,43,73385.74,73479.30,93.56,0.0000,-0.0000,0.0000,0.0033,0.0020,0.0053,0.000009,0.1432,0.0000,73479.30,0.0000,-0.0000,0.0000,0.0000,0.9800,1722.83,0.9700,523.34,0.9600,83.90,0.9500,276.33,0.9400,67.00,0.9900,5588.04,,,,,,,,,0.0100,5588.04,,,,,,,,,0.0200,1722.83,0.0300,523.34,0.0400,83.90,0.0500,276.33,0.0600,67.00,2673.40,5588.04,8261.44,5588.04,2673.40,8261.44,0.0100,0.0100,-0.3528,0.3528,0.9824,0.0176,0.8402,,,0.8402,115.4467,-69.3239,-69.3239,115.4467
btc-updown-5m-1780095300,1780095558000,42,73385.74,73479.31,93.57,0.0000,0.0000,0.0080,0.0113,0.0040,0.0057,0.000009,0.0173,0.4608,73479.31,0.0000,0.0000,0.0127,0.0000,0.9800,1679.83,0.9700,523.34,0.9600,83.90,0.9500,271.33,0.9400,72.00,0.9900,5579.33,,,,,,,,,0.0100,5579.33,,,,,,,,,0.0200,1679.83,0.0300,523.34,0.0400,83.90,0.0500,271.33,0.0600,72.00,2630.40,5579.33,8209.73,5579.33,2630.40,8209.73,0.0100,0.0100,-0.3592,0.3592,0.9823,0.0177,0.8376,,,0.8376,137.9162,-62.7331,-62.7331,137.9162
btc-updown-5m-1780095300,1780095559000,41,73386.13,73482.00,95.87,0.0037,0.0037,0.6680,0.6791,0.5400,0.0950,0.000657,0.0361,18.5046,73480.91,0.0001,0.0015,3.5097,0.0000,0.9800,1739.24,0.9700,562.89,0.9600,130.98,0.9500,403.96,0.9400,72.00,0.9900,5527.20,,,,,,,,,0.0100,5527.20,,,,,,,,,0.0200,1739.24,0.0300,562.89,0.0400,130.98,0.0500,403.96,0.0600,72.00,2909.07,5527.20,8436.27,5527.20,2909.07,8436.27,0.0100,0.0100,-0.3103,0.3103,0.9824,0.0176,0.7914,,,0.7914,176.5608,-67.4177,-67.4177,176.5608
btc-updown-5m-1780095300,1780095560000,40,73386.12,73482.98,96.86,0.0013,0.0050,1.8091,2.4882,0.7360,0.1273,0.000692,0.0921,19.6483,73482.27,0.0004,0.0010,1.2918,0.0000,0.9900,2451.65,0.9800,2403.77,0.9700,507.59,0.9600,164.88,0.9500,403.96,,,,,,,,,,,,,,,,,,,,,0.0100,2451.65,0.0200,2403.77,0.0300,507.59,0.0400,164.88,0.0500,403.96,5931.85,-0.00,5931.85,-0.00,5931.85,5931.85,,,1.0000,-1.0000,,,0.8185,,,0.8185,662.8259,-997.1639,-997.1639,662.8259
btc-updown-5m-1780095300,1780095561000,39,73385.95,73482.98,97.03,0.0000,0.0050,0.0000,2.4850,0.7360,0.1270,0.000692,0.0909,0.0000,73482.30,0.0004,0.0009,0.0000,0.0000,0.9900,4336.91,0.9800,2807.77,0.9700,496.59,0.9600,164.88,0.9500,164.49,,,,,,,,,,,,,,,,,,,,,0.0100,4336.91,0.0200,2807.77,0.0300,496.59,0.0400,164.88,0.0500,164.49,7970.64,-0.00,7970.64,-0.00,7970.64,7970.64,,,1.0000,-1.0000,,,0.8964,,,0.8964,1008.2066,-1112.9449,-1112.9449,1008.2066
btc-updown-5m-1780095300,1780095562000,38,73386.90,73483.51,96.61,0.0007,0.0057,0.0002,2.4853,0.8420,0.1443,0.000698,0.0909,0.0026,73482.30,0.0011,0.0016,0.6968,0.0000,0.9900,4408.13,0.9800,2994.77,0.9700,619.02,0.9600,112.80,0.9500,111.86,,,,,,,,,,,,,,,,,,,,,0.0100,4408.13,0.0200,2994.77,0.0300,619.02,0.0400,112.80,0.0500,111.86,8246.58,-0.00,8246.58,-0.00,8246.58,8246.58,,,1.0000,-1.0000,,,0.8977,,,0.8977,952.6083,-992.6223,-991.9291,951.9431
btc-updown-5m-1780095300,1780095563000,37,73389.21,73483.52,94.31,0.0000,0.0057,0.0050,2.4823,0.8420,0.1447,0.000698,0.0909,0.0549,73482.31,0.0011,0.0016,0.0128,0.0000,0.9900,4439.43,0.9800,2994.77,0.9700,619.02,0.9600,112.80,0.9500,111.86,,,,,,,,,,,,,,,,,,,,,0.0100,4439.43,0.0200,2994.77,0.0300,619.02,0.0400,112.80,0.0500,111.86,8277.88,-0.00,8277.88,-0.00,8277.88,8277.88,,,1.0000,-1.0000,,,0.8981,,,0.8981,994.5839,-993.3789,-993.3789,994.5839
btc-updown-5m-1780095300,1780095564000,36,73389.21,73483.51,94.30,-0.0000,0.0021,0.0248,1.8391,0.3060,0.1450,0.000698,0.0917,0.2707,73482.32,0.0011,0.0016,-0.0128,-0.0000,0.9900,4457.43,0.9800,2994.77,0.9700,619.02,0.9600,112.80,0.9500,111.86,,,,,,,,,,,,,,,,,,,,,0.0100,4457.43,0.0200,2994.77,0.0300,619.02,0.0400,112.80,0.0500,111.86,8295.88,-0.00,8295.88,-0.00,8295.88,8295.88,,,1.0000,-1.0000,,,0.8983,,,0.8983,948.5150,-934.0918,-934.2481,948.6738
btc-updown-5m-1780095300,1780095565000,35,73389.21,73483.51,94.30,0.0000,0.0007,0.0000,0.0300,0.1100,0.1450,0.000698,0.0917,0.0000,73482.32,0.0007,0.0016,0.0000,0.0000,0.9900,4456.73,0.9800,2994.77,0.9700,619.02,0.9600,112.80,0.9500,111.86,,,,,,,,,,,,,,,,,,,,,0.0100,4456.73,0.0200,2994.77,0.0300,619.02,0.0400,112.80,0.0500,111.86,8295.18,-0.00,8295.18,-0.00,8295.18,8295.18,,,1.0000,-1.0000,,,0.8983,,,0.8983,951.2463,-962.4648,-962.4648,951.2463
btc-updown-5m-1780095300,1780095566000,34,73389.21,73483.51,94.30,0.0000,0.0007,0.0002,0.0303,0.1120,0.1453,0.000698,0.0917,0.0023,73482.32,-0.0000,0.0016,0.0000,0.0000,0.9900,4456.73,0.9800,2994.77,0.9700,619.02,0.9600,112.80,0.9500,111.86,,,,,,,,,,,,,,,,,,,,,0.0100,4456.73,0.0200,2994.77,0.0300,619.02,0.0400,112.80,0.0500,111.86,8295.18,-0.00,8295.18,-0.00,8295.18,8295.18,,,1.0000,-1.0000,,,0.8983,,,0.8983,73.3092,0.0000,0.0000,73.3092
btc-updown-5m-1780095300,1780095567000,33,73389.29,73483.51,94.22,0.0000,0.0000,0.0000,0.0300,0.0060,0.1453,0.000698,0.0916,0.0000,73482.33,-0.0000,0.0016,0.0000,0.0000,0.9900,4456.73,0.9800,2994.77,0.9700,619.02,0.9600,112.80,0.9500,111.86,,,,,,,,,,,,,,,,,,,,,0.0100,4456.73,0.0200,2994.77,0.0300,619.02,0.0400,112.80,0.0500,111.86,8295.18,-0.00,8295.18,-0.00,8295.18,8295.18,,,1.0000,-1.0000,,,0.8983,,,0.8983,16.3306,0.0000,0.0000,16.3526
btc-updown-5m-1780095300,1780095568000,32,73389.29,73483.51,94.22,0.0000,-0.0000,0.0000,0.0250,0.0040,0.1453,0.000698,0.0877,0.0000,73482.46,-0.0000,0.0014,0.0000,0.0000,0.9900,4456.73,0.9800,2994.77,0.9700,619.02,0.9600,112.80,0.9500,111.86,,,,,,,,,,,,,,,,,,,,,0.0100,4456.73,0.0200,2994.77,0.0300,619.02,0.0400,112.80,0.0500,111.86,8295.18,-0.00,8295.18,-0.00,8295.18,8295.18,,,1.0000,-1.0000,,,0.8983,,,0.8983,8.0766,0.0000,0.0000,8.0766
btc-updown-5m-1780095300,1780095569000,31,73389.38,73483.52,94.14,0.0000,0.0000,0.0158,0.0160,0.0040,0.1453,0.000698,0.0882,0.1796,73482.47,0.0000,0.0014,0.0128,0.0000,0.9900,4456.73,0.9800,2994.77,0.9700,619.02,0.9600,112.80,0.9500,111.86,,,,,,,,,,,,,,,,,,,,,0.0100,4456.73,0.0200,2994.77,0.0300,619.02,0.0400,112.80,0.0500,111.86,8295.18,-0.00,8295.18,-0.00,8295.18,8295.18,,,1.0000,-1.0000,,,0.8983,,,0.8983,-1.0309,0.0000,0.0000,-1.0309
btc-updown-5m-1780095300,1780095570000,30,73389.51,73483.52,94.01,0.0000,0.0000,0.0000,0.0160,0.0040,0.1450,0.000698,0.0881,0.0000,73482.47,0.0000,0.0014,0.0000,0.0000,0.9900,4456.73,0.9800,2994.77,0.9700,619.02,0.9600,112.80,0.9500,111.86,,,,,,,,,,,,,,,,,,,,,0.0100,4456.73,0.0200,2994.77,0.0300,619.02,0.0400,112.80,0.0500,111.86,8295.18,-0.00,8295.18,-0.00,8295.18,8295.18,,,1.0000,-1.0000,,,0.8983,,,0.8983,-1.0309,0.0000,0.0000,-1.0309
btc-updown-5m-1780095300,1780095571000,29,73389.51,73483.52,94.01,0.0000,0.0000,0.0000,0.0158,0.0020,0.1447,0.000698,0.0881,0.0000,73482.47,0.0000,0.0014,0.0000,0.0000,0.9900,4456.73,0.9800,2994.77,0.9700,619.02,0.9600,112.80,0.9500,111.86,,,,,,,,,,,,,,,,,,,,,0.0100,4456.73,0.0200,2994.77,0.0300,619.02,0.0400,112.80,0.0500,111.86,8295.18,-0.00,8295.18,-0.00,8295.18,8295.18,,,1.0000,-1.0000,,,0.8983,,,0.8983,,,,
btc-updown-5m-1780095300,1780095572000,28,73389.50,73483.52,94.02,0.0000,0.0000,0.0047,0.0205,0.0020,0.1443,0.000698,0.0882,0.0534,73482.47,0.0000,0.0014,0.0000,0.0000,0.9900,7016.65,0.9800,3950.07,0.9700,611.02,0.9600,91.80,0.9500,95.86,,,,,,,,,,,,,,,,,,,,,0.0100,7016.65,0.0200,3950.07,0.0300,611.02,0.0400,91.80,0.0500,95.86,11765.40,-0.00,11765.40,-0.00,11765.40,11765.40,,,1.0000,-1.0000,,,0.9321,,,0.9321,,,,
btc-updown-5m-1780095300,1780095573000,27,73389.42,73483.52,94.10,0.0000,0.0000,0.0000,0.0205,0.0020,0.1443,0.000698,0.0881,0.0000,73482.48,0.0000,0.0014,0.0000,0.0000,0.9900,8011.78,0.9800,3945.77,0.9700,661.02,0.9600,138.80,0.9500,103.86,,,,,,,,,,,,,,,,,,,,,0.0100,8011.78,0.0200,3945.77,0.0300,661.02,0.0400,138.80,0.0500,103.86,12861.23,-0.00,12861.23,-0.00,12861.23,12861.23,,,1.0000,-1.0000,,,0.9297,,,0.9297,604.4291,0.0000,0.0000,604.7627
btc-updown-5m-1780095300,1780095574000,26,73389.42,73483.52,94.10,0.0000,0.0000,0.0745,0.0792,0.0020,0.1443,0.000698,0.0905,0.8228,73482.50,0.0000,0.0014,0.0000,0.0000,0.9900,8011.78,0.9800,3945.77,0.9700,661.02,0.9600,138.80,0.9500,103.86,,,,,,,,,,,,,,,,,,,,,0.0100,8011.78,0.0200,3945.77,0.0300,661.02,0.0400,138.80,0.0500,103.86,12861.23,-0.00,12861.23,-0.00,12861.23,12861.23,,,1.0000,-1.0000,,,0.9297,,,0.9297,604.4291,0.0000,0.0000,604.7627
btc-updown-5m-1780095300,1780095575000,25,73389.42,73483.52,94.10,0.0000,0.0000,0.0000,0.0792,0.0020,0.1440,0.000698,0.0877,0.0000,73482.61,0.0000,0.0012,0.0000,0.0000,0.9900,8427.02,0.9800,3505.77,0.9700,611.32,0.9600,104.90,0.9500,103.03,,,,,,,,,,,,,,,,,,,,,0.0100,8427.02,0.0200,3505.77,0.0300,611.32,0.0400,104.90,0.0500,103.03,12752.04,-0.00,12752.04,-0.00,12752.04,12752.04,,,1.0000,-1.0000,,,0.9358,,,0.9358,272.1766,0.0000,0.0000,272.2517
btc-updown-5m-1780095300,1780095576000,24,73387.68,73483.52,95.84,0.0000,0.0000,0.0000,0.0792,0.0020,0.1437,0.000698,0.0862,0.0000,73482.66,0.0000,0.0012,0.0000,0.0000,0.9900,8427.02,0.9800,3505.77,0.9700,611.32,0.9600,104.90,0.9500,103.03,,,,,,,,,,,,,,,,,,,,,0.0100,8427.02,0.0200,3505.77,0.0300,611.32,0.0400,104.90,0.0500,103.03,12752.04,-0.00,12752.04,-0.00,12752.04,12752.04,,,1.0000,-1.0000,,,0.9358,,,0.9358,272.1766,0.0000,0.0000,272.2517
btc-updown-5m-1780095300,1780095577000,23,73387.62,73483.52,95.90,0.0000,0.0000,0.0001,0.0746,0.0020,0.1437,0.000698,0.0848,0.0011,73482.72,0.0000,0.0011,0.0000,0.0000,0.9900,8427.02,0.9800,3505.77,0.9700,611.32,0.9600,104.90,0.9500,103.03,,,,,,,,,,,,,,,,,,,,,0.0100,8427.02,0.0200,3505.77,0.0300,611.32,0.0400,104.90,0.0500,103.03,12752.04,-0.00,12752.04,-0.00,12752.04,12752.04,,,1.0000,-1.0000,,,0.9358,,,0.9358,272.1766,0.0000,0.0000,272.2517
btc-updown-5m-1780095300,1780095578000,22,73387.39,73483.51,96.12,-0.0000,-0.0000,0.0028,0.0774,0.0040,0.1437,0.000698,0.0848,0.0330,73482.72,-0.0000,0.0011,-0.0131,-0.0000,0.9900,8427.02,0.9800,3505.77,0.9700,611.32,0.9600,104.90,0.9500,103.03,,,,,,,,,,,,,,,,,,,,,0.0100,8427.02,0.0200,3505.77,0.0300,611.32,0.0400,104.90,0.0500,103.03,12752.04,-0.00,12752.04,-0.00,12752.04,12752.04,,,1.0000,-1.0000,,,0.9358,,,0.9358,-37.2280,0.0000,0.0000,-37.2137
btc-updown-5m-1780095300,1780095579000,21,73387.39,73483.52,96.13,0.0000,0.0000,0.0165,0.0194,0.0040,0.1437,0.000698,0.0854,0.1931,73482.73,0.0000,0.0011,0.0131,0.0000,0.9900,8427.02,0.9800,3505.77,0.9700,611.32,0.9600,104.90,0.9500,103.03,,,,,,,,,,,,,,,,,,,,,0.0100,8427.02,0.0200,3505.77,0.0300,611.32,0.0400,104.90,0.0500,103.03,12752.04,-0.00,12752.04,-0.00,12752.04,12752.04,,,1.0000,-1.0000,,,0.9358,,,0.9358,-60.2594,0.0000,0.0000,-60.2594
btc-updown-5m-1780095300,1780095580000,20,73387.30,73483.52,96.22,0.0000,0.0000,0.0000,0.0194,0.0040,0.1433,0.000698,0.0851,0.0000,73482.74,0.0000,0.0011,0.0000,0.0000,0.9900,8427.02,0.9800,3505.77,0.9700,611.32,0.9600,104.90,0.9500,103.03,,,,,,,,,,,,,,,,,,,,,0.0100,8427.02,0.0200,3505.77,0.0300,611.32,0.0400,104.90,0.0500,103.03,12752.04,-0.00,12752.04,-0.00,12752.04,12752.04,,,1.0000,-1.0000,,,0.9358,,,0.9358,,,,
btc-updown-5m-1780095300,1780095581000,19,73387.57,73483.51,95.94,-0.0000,-0.0000,0.0011,0.0204,0.0060,0.1433,0.000698,0.0851,0.0126,73482.74,-0.0000,0.0010,-0.0131,-0.0000,0.9900,8427.02,0.9800,3505.77,0.9700,611.32,0.9600,104.90,0.9500,103.03,,,,,,,,,,,,,,,,,,,,,0.0100,8427.02,0.0200,3505.77,0.0300,611.32,0.0400,104.90,0.0500,103.03,12752.04,-0.00,12752.04,-0.00,12752.04,12752.04,,,1.0000,-1.0000,,,0.9358,,,0.9358,,,,
btc-updown-5m-1780095300,1780095582000,18,73387.57,73483.52,95.95,0.0000,0.0000,0.0001,0.0205,0.0080,0.1437,0.000698,0.0850,0.0014,73482.75,0.0000,0.0011,0.0131,0.0000,,,,,,,,,,,,,,,,,,,,,,,,,,,,,,,,,,,,,,,,,-0.00,-0.00,-0.00,-0.00,-0.00,-0.00,,,,,,,,,,,,,,
btc-updown-5m-1780095300,1780095583000,17,73387.68,73483.52,95.84,0.0000,0.0000,0.0000,0.0177,0.0060,0.1437,0.000698,0.0850,0.0000,73482.75,0.0000,0.0011,0.0000,0.0000,,,,,,,,,,,,,,,,,,,,,,,,,,,,,,,,,,,,,,,,,-0.00,-0.00,-0.00,-0.00,-0.00,-0.00,,,,,,,,,,,,,,
btc-updown-5m-1780095300,1780095584000,16,73387.72,73483.51,95.79,-0.0000,-0.0000,0.0037,0.0049,0.0060,0.1437,0.000698,0.0851,0.0436,73482.75,-0.0000,0.0010,-0.0130,-0.0000,,,,,,,,,,,,,,,,,,,,,,,,,,,,,,,,,,,,,,,,,-0.00,-0.00,-0.00,-0.00,-0.00,-0.00,,,,,,,,,,,,,,
btc-updown-5m-1780095300,1780095585000,15,73387.49,73483.51,96.02,0.0000,-0.0000,0.0000,0.0049,0.0060,0.1437,0.000698,0.0851,0.0000,73482.75,-0.0000,0.0010,0.0000,0.0000,,,,,,,,,,,,,,,,,,,,,,,,,,,,,,,,,,,,,,,,,-0.00,-0.00,-0.00,-0.00,-0.00,-0.00,,,,,,,,,,,,,,
btc-updown-5m-1780095300,1780095586000,14,73387.66,73483.51,95.85,0.0000,0.0000,0.0000,0.0038,0.0040,0.1437,0.000698,0.0851,0.0000,73482.75,-0.0000,0.0010,0.0000,0.0000,,,,,,,,,,,,,,,,,,,,,,,,,,,,,,,,,,,,,,,,,-0.00,-0.00,-0.00,-0.00,-0.00,-0.00,,,,,,,,,,,,,,
btc-updown-5m-1780095300,1780095587000,13,73387.67,73483.51,95.84,0.0000,-0.0000,0.0114,0.0152,0.0040,0.1440,0.000698,0.0854,0.1340,73482.75,-0.0000,0.0010,0.0000,0.0000,,,,,,,,,,,,,,,,,,,,,,,,,,,,,,,,,,,,,,,,,-0.00,-0.00,-0.00,-0.00,-0.00,-0.00,,,,,,,,,,,,,,
btc-updown-5m-1780095300,1780095588000,12,73387.49,73483.51,96.02,0.0000,-0.0000,0.0000,0.0152,0.0040,0.1437,0.000698,0.0854,0.0000,73482.75,0.0000,0.0010,0.0000,0.0000,,,,,,,,,,,,,,,,,,,,,,,,,,,,,,,,,,,,,,,,,-0.00,-0.00,-0.00,-0.00,-0.00,-0.00,,,,,,,,,,,,,,
btc-updown-5m-1780095300,1780095589000,11,73387.38,73483.51,96.13,0.0000,0.0000,0.0796,0.0911,0.0040,0.0543,0.000268,0.0877,0.9081,73482.79,0.0000,0.0010,0.0000,0.0000,,,,,,,,,,,,,,,,,,,,,,,,,,,,,,,,,,,,,,,,,-0.00,-0.00,-0.00,-0.00,-0.00,-0.00,,,,,,,,,,,,,,
btc-updown-5m-1780095300,1780095590000,10,73387.38,73483.51,96.13,0.0000,0.0000,0.0002,0.0912,0.0040,0.0217,0.000130,0.0661,0.0024,73483.04,0.0000,0.0006,0.0000,0.0000,,,,,,,,,,,,,,,,,,,,,,,,,,,,,,,,,,,,,,,,,-0.00,-0.00,-0.00,-0.00,-0.00,-0.00,,,,,,,,,,,,,,
btc-updown-5m-1780095300,1780095591000,9,73387.38,73483.52,96.14,0.0000,0.0000,0.0025,0.0937,0.0060,0.0220,0.000130,0.0078,0.3223,73483.51,0.0000,0.0000,0.0131,0.0000,,,,,,,,,,,,,,,,,,,,,,,,,,,,,,,,,,,,,,,,,-0.00,-0.00,-0.00,-0.00,-0.00,-0.00,,,,,,,,,,,,,,
btc-updown-5m-1780095300,1780095592000,8,73387.39,73483.52,96.13,0.0000,0.0000,0.0049,0.0872,0.0040,0.0043,0.000007,0.0080,0.6071,73483.52,0.0000,0.0000,0.0000,0.0000,,,,,,,,,,,,,,,,,,,,,,,,,,,,,,,,,,,,,,,,,-0.00,-0.00,-0.00,-0.00,-0.00,-0.00,,,,,,,,,,,,,,
btc-updown-5m-1780095300,1780095593000,7,73387.35,73483.51,96.16,-0.0000,0.0000,0.0015,0.0887,0.0060,0.0043,0.000007,0.0080,0.1877,73483.51,-0.0000,-0.0000,-0.0131,-0.0000,,,,,,,,,,,,,,,,,,,,,,,,,,,,,,,,,,,,,,,,,-0.00,-0.00,-0.00,-0.00,-0.00,-0.00,,,,,,,,,,,,,,
btc-updown-5m-1780095300,1780095594000,6,73387.24,73483.52,96.28,0.0000,0.0000,0.0023,0.0114,0.0060,0.0043,0.000007,0.0080,0.2927,73483.51,0.0000,0.0000,0.0131,0.0000,,,,,,,,,,,,,,,,,,,,,,,,,,,,,,,,,,,,,,,,,-0.00,-0.00,-0.00,-0.00,-0.00,-0.00,,,,,,,,,,,,,,
btc-updown-5m-1780095300,1780095595000,5,73385.89,73483.51,97.62,-0.0000,0.0000,0.0038,0.0150,0.0080,0.0047,0.000008,0.0073,0.5177,73483.52,-0.0000,-0.0000,-0.0133,-0.0000,,,,,,,,,,,,,,,,,,,,,,,,,,,,,,,,,,,,,,,,,-0.00,-0.00,-0.00,-0.00,-0.00,-0.00,,,,,,,,,,,,,,
btc-updown-5m-1780095300,1780095596000,4,73385.87,73483.52,97.65,0.0000,0.0000,0.0059,0.0184,0.0080,0.0047,0.000008,0.0075,0.7909,73483.52,0.0000,0.0000,0.0133,0.0000,,,,,,,,,,,,,,,,,,,,,,,,,,,,,,,,,,,,,,,,,-0.00,-0.00,-0.00,-0.00,-0.00,-0.00,,,,,,,,,,,,,,
btc-updown-5m-1780095300,1780095597000,3,73385.90,73483.51,97.61,-0.0000,-0.0000,0.0137,0.0272,0.0100,0.0050,0.000009,0.0079,1.7278,73483.52,-0.0000,-0.0000,-0.0133,-0.0000,,,,,,,,,,,,,,,,,,,,,,,,,,,,,,,,,,,,,,,,,-0.00,-0.00,-0.00,-0.00,-0.00,-0.00,,,,,,,,,,,,,,
btc-updown-5m-1780095300,1780095598000,2,73385.88,73483.52,97.64,0.0000,0.0000,0.0094,0.0351,0.0100,0.0053,0.000009,0.0082,1.1474,73483.52,0.0000,0.0000,0.0133,0.0000,,,,,,,,,,,,,,,,,,,,,,,,,,,,,,,,,,,,,,,,,-0.00,-0.00,-0.00,-0.00,-0.00,-0.00,,,,,,,,,,,,,,
btc-updown-5m-1780095300,1780095599000,1,73385.80,73483.52,97.72,0.0000,0.0000,0.0054,0.0382,0.0080,0.0050,0.000009,0.0084,0.6476,73483.52,0.0000,0.0000,0.0000,0.0000,,,,,,,,,,,,,,,,,,,,,,,,,,,,,,,,,,,,,,,,,-0.00,-0.00,-0.00,-0.00,-0.00,-0.00,,,,,,,,,,,,,,
btc-updown-5m-1780095300,1780095600000,0,73385.80,73472.02,86.22,-0.0156,-0.0156,3.6887,3.7232,2.4820,0.4177,0.002809,0.1269,29.0759,73472.73,-0.0002,-0.0010,-13.4935,-0.0002,,,,,,,,,,,,,,,,,,,,,,,,,,,,,,,,,,,,,,,,,-0.00,-0.00,-0.00,-0.00,-0.00,-0.00,,,,,,,,,,,,,,
btc-updown-5m-1780095300,1780095601000,-1,73385.80,73472.01,86.21,-0.0000,-0.0157,0.0841,3.8013,2.4820,0.4180,0.002809,0.1296,0.6489,73472.72,-0.0002,-0.0010,-0.0117,-0.0000,,,,,,,,,,,,,,,,,,,,,,,,,,,,,,,,,,,,,,,,,-0.00,-0.00,-0.00,-0.00,-0.00,-0.00,,,,,,,,,,,,,,
