market_slug,timestamp_ms,seconds_till_end,oracle_btc_price,binance_btc_price,lag,binance_ret1s_x100,binance_ret5s_x100,binance_volume_1s,binance_volume_5s,binance_atr_5s,binance_atr_30s,binance_rvol_30s,binance_volma_30s,binance_volume_spike,binance_vwap_30s,binance_p_vwap_5s,binance_p_vwap_30s,lat_dir_raw_x1000,lat_dir_norm_x1000,up_bid_1_price,up_bid_1_size,up_bid_2_price,up_bid_2_size,up_bid_3_price,up_bid_3_size,up_bid_4_price,up_bid_4_size,up_bid_5_price,up_bid_5_size,up_ask_1_price,up_ask_1_size,up_ask_2_price,up_ask_2_size,up_ask_3_price,up_ask_3_size,up_ask_4_price,up_ask_4_size,up_ask_5_price,up_ask_5_size,down_bid_1_price,down_bid_1_size,down_bid_2_price,down_bid_2_size,down_bid_3_price,down_bid_3_size,down_bid_4_price,down_bid_4_size,down_bid_5_price,down_bid_5_size,down_ask_1_price,down_ask_1_size,down_ask_2_price,down_ask_2_size,down_ask_3_price,down_ask_3_size,down_ask_4_price,down_ask_4_size,down_ask_5_price,down_ask_5_size,pm_up_bid_depth5,pm_up_ask_depth5,pm_up_total_depth5,pm_down_bid_depth5,pm_down_ask_depth5,pm_down_total_depth5,pm_up_spread,pm_down_spread,pm_up_imbalance,pm_down_imbalance,pm_up_microprice,pm_down_microprice,pm_up_bid_slope,pm_up_ask_slope,pm_down_bid_slope,pm_down_ask_slope,pm_up_bid_eatflow,pm_up_ask_eatflow,pm_down_bid_eatflow,pm_down_ask_eatflow
btc-updown-5m-1780094100,1780094102000,298,73410.65,73500.01,89.36,0.0000,-0.0163,0.0001,2.1099,2.3980,1.3200,0.006561,1.3409,0.0001,73512.01,-0.0027,-0.0163,0.0122,0.0000,,,,,,,,,,,,,,,,,,,,,,,,,,,,,,,,,,,,,,,,,-0.00,-0.00,-0.00,-0.00,-0.00,-0.00,,,,,,,,,,,,,,
btc-updown-5m-1780094100,1780094103000,297,73405.58,73500.01,94.43,0.0000,-0.0163,0.0020,2.1118,2.3980,1.3200,0.006561,1.3408,0.0015,73512.00,-0.0027,-0.0163,0.0000,0.0000,0.3800,93.00,0.3700,127.74,0.3600,124.33,0.3500,206.57,0.3400,124.82,0.3900,250.92,0.4000,78.00,0.4100,67.56,0.4200,356.00,0.4300,93.54,0.6100,250.92,0.6000,78.00,0.5900,67.56,0.5800,356.00,0.5700,93.54,0.6200,93.00,0.6300,127.74,0.6400,124.33,0.6500,206.57,0.6600,124.82,676.46,846.02,1522.48,846.02,676.46,1522.48,0.0100,0.0100,-0.1114,0.1114,0.3827,0.6173,0.3263,0.3888,0.3888,0.3263,,,,
btc-updown-5m-1780094100,1780094104000,296,73400.49,73500.01,99.52,0.0000,-0.0163,0.0679,2.1791,2.3980,1.3200,0.006561,1.3404,0.0506,73511.94,-0.0026,-0.0162,0.0000,0.0000,0.6500,7402.48,0.6400,26.00,0.6300,16.00,0.6200,16.00,0.6100,16.00,0.6600,175.61,0.6700,40.00,0.6800,45.00,0.6900,65.00,0.7000,40.00,0.3400,175.61,0.3300,40.00,0.3200,45.00,0.3100,65.00,0.3000,40.00,0.3500,7402.48,0.3600,26.00,0.3700,16.00,0.3800,16.00,0.3900,16.00,7476.48,365.61,7842.09,365.61,7476.48,7842.09,0.0100,0.0100,0.9068,-0.9068,0.6598,0.3402,0.9936,0.5897,0.5897,0.9936,5762.7285,-407.1271,-406.0946,5748.1145
btc-updown-5m-1780094100,1780094105000,295,73399.55,73500.01,100.46,0.0000,-0.0027,0.0000,0.0739,0.4040,1.3200,0.006561,1.3404,0.0000,73511.94,-0.0026,-0.0162,0.0000,0.0000,0.6700,46.00,0.6600,170.00,0.6500,7028.25,0.6400,111.00,0.6300,26.00,0.8200,481.84,0.8300,542.00,0.8400,531.00,0.8500,1795.33,0.8600,46.28,0.1800,481.84,0.1700,542.00,0.1600,531.00,0.1500,1795.33,0.1400,46.28,0.3300,46.00,0.3400,170.00,0.3500,7028.25,0.3600,111.00,0.3700,26.00,7381.25,3396.45,10777.70,3396.45,7381.25,10777.70,0.1500,0.1500,0.3697,-0.3697,0.6831,0.3169,0.0293,0.3014,0.3014,0.0293,3112.7158,1184.0436,1184.5935,3114.1615
btc-updown-5m-1780094100,1780094106000,294,73401.24,73500.01,98.77,0.0000,0.0000,0.0000,0.0700,0.0040,1.3200,0.006561,1.3401,0.0000,73511.93,0.0000,-0.0162,0.0000,0.0000,0.7900,116.33,0.7800,47.46,0.7700,84.55,0.7600,26.00,0.7500,36.00,0.8100,226.50,0.8200,10.00,0.8300,355.30,0.8400,540.00,0.8500,2286.33,0.1900,226.50,0.1800,10.00,0.1700,355.30,0.1600,540.00,0.1500,2286.33,0.2100,116.33,0.2200,47.46,0.2300,84.55,0.2400,26.00,0.2500,36.00,310.34,3418.13,3728.47,3418.13,310.34,3728.47,0.0200,0.0200,-0.8335,0.8335,0.7968,0.2032,0.5278,0.0692,0.0692,0.5278,-3646.4234,1557.4081,1555.8207,-3642.7066
btc-updown-5m-1780094100,1780094107000,293,73401.24,73500.01,98.77,0.0000,0.0000,0.0000,0.0699,0.0020,1.3200,0.006561,1.3401,0.0000,73511.93,0.0000,-0.0162,0.0000,0.0000,0.8000,133.53,0.7900,42.40,0.7800,26.00,0.7700,94.55,0.7600,50.26,0.8100,647.61,0.8200,139.68,0.8300,60.00,0.8400,120.97,0.8500,640.33,0.1900,647.61,0.1800,139.68,0.1700,60.00,0.1600,120.97,0.1500,640.33,0.2000,133.53,0.2100,42.40,0.2200,26.00,0.2300,94.55,0.2400,50.26,346.74,1608.59,1955.33,1608.59,346.74,1955.33,0.0100,0.0100,-0.6453,0.6453,0.8017,0.1983,0.5074,0.4894,0.4894,0.5074,-4097.1905,-856.8140,-856.8140,-4097.1905
btc-updown-5m-1780094100,1780094108000,292,73402.64,73500.01,97.37,0.0000,0.0000,0.1443,0.2122,0.0020,1.2403,0.006507,1.3447,0.1073,73511.89,-0.0000,-0.0162,0.0000,0.0000,0.7600,30.55,0.7500,26.00,0.7400,31.00,0.7300,26.00,0.7200,52.94,0.7700,291.02,0.7800,41.24,0.7900,48.01,0.8000,20.00,0.8100,20.79,0.2300,291.02,0.2200,41.24,0.2100,48.01,0.2000,20.00,0.1900,20.79,0.2400,30.55,0.2500,26.00,0.2600,31.00,0.2700,26.00,0.2800,52.94,166.49,421.06,587.55,421.06,166.49,587.55,0.0100,0.0100,-0.4333,0.4333,0.7610,0.2390,0.3397,0.7891,0.7891,0.3397,-223.0471,-1430.1571,-1430.7339,-223.1371
btc-updown-5m-1780094100,1780094109000,291,73401.62,73500.01,98.39,0.0000,0.0000,0.0812,0.2255,0.0040,1.2407,0.006507,1.3418,0.0605,73511.77,0.0000,-0.0160,0.0000,0.0000,0.7600,38.55,0.7500,26.00,0.7400,42.46,0.7300,26.00,0.7200,82.94,0.7700,205.32,0.7800,33.60,0.7900,48.01,0.8000,36.16,0.8100,31.19,0.2300,205.32,0.2200,33.60,0.2100,48.01,0.2000,36.16,0.1900,31.19,0.2400,38.55,0.2500,26.00,0.2600,42.46,0.2700,26.00,0.2800,82.94,215.95,354.28,570.23,354.28,215.95,570.23,0.0100,0.0100,-0.2426,0.2426,0.7616,0.2384,0.2989,0.6744,0.6744,0.2989,-150.2821,-1081.4286,-1081.4285,-150.2821
btc-updown-5m-1780094100,1780094110000,290,73404.93,73500.01,95.08,0.0000,0.0000,0.0000,0.2255,0.0040,1.2403,0.006507,1.3395,0.0000,73511.72,-0.0000,-0.0159,0.0000,0.0000,0.7300,24.61,0.7200,23.00,0.7100,23.00,0.7000,348.60,0.6900,101.00,0.7500,184.21,0.7600,133.68,0.7700,15.00,0.7800,33.60,0.7900,30.00,0.2500,184.21,0.2400,133.68,0.2300,15.00,0.2200,33.60,0.2100,30.00,0.2700,24.61,0.2800,23.00,0.2900,23.00,0.3000,348.60,0.3100,101.00,520.21,396.49,916.70,396.49,520.21,916.70,0.0200,0.0200,0.1350,-0.1350,0.7324,0.2676,0.0915,0.8018,0.8018,0.0915,17.2523,-755.1025,-755.1026,17.2523
btc-updown-5m-1780094100,1780094111000,289,73404.93,73500.01,95.08,0.0000,0.0000,0.0030,0.2285,0.0040,1.2400,0.006507,1.3350,0.0022,73511.63,-0.0000,-0.0158,0.0000,0.0000,0.6800,14.00,0.6700,8.00,0.6600,614.54,0.6500,437.76,0.6400,131.00,0.6900,40.83,0.7000,74.09,0.7100,26.00,0.7200,76.00,0.7300,101.00,0.3100,40.83,0.3000,74.09,0.2900,26.00,0.2800,76.00,0.2700,101.00,0.3200,14.00,0.3300,8.00,0.3400,614.54,0.3500,437.76,0.3600,131.00,1205.30,317.92,1523.22,317.92,1205.30,1523.22,0.0100,0.0100,0.5826,-0.5826,0.6826,0.3174,0.0183,0.3615,0.3615,0.0183,203.4403,-248.1769,-248.2377,203.4902
btc-updown-5m-1780094100,1780094112000,288,73400.91,73500.00,99.09,-0.0000,-0.0000,0.0336,0.2621,0.0060,1.2403,0.006507,1.3322,0.0252,73511.55,-0.0000,-0.0157,-0.0135,-0.0000,0.6600,136.64,0.6500,383.76,0.6400,131.00,0.6300,61.00,0.6200,66.00,0.6700,5.00,0.6800,68.55,0.6900,31.19,0.7000,149.00,0.7100,26.00,0.3300,5.00,0.3200,68.55,0.3100,31.19,0.3000,149.00,0.2900,26.00,0.3400,136.64,0.3500,383.76,0.3600,131.00,0.3700,61.00,0.3800,66.00,778.40,279.74,1058.14,279.74,778.40,1058.14,0.0100,0.0100,0.4713,-0.4713,0.6696,0.3304,0.6686,0.2629,0.2629,0.6686,160.2054,-37.4947,-37.4847,160.1627
btc-updown-5m-1780094100,1780094113000,287,73401.00,73500.00,99.00,0.0000,-0.0000,0.4533,0.5711,0.0060,1.2403,0.006507,1.3468,0.3366,73511.42,-0.0000,-0.0155,0.0000,0.0000,0.6500,132.03,0.6400,131.00,0.6300,61.00,0.6200,66.00,0.6100,100.92,0.6600,95.77,0.6700,72.66,0.6800,99.86,0.6900,26.00,0.7000,179.00,0.3400,95.77,0.3300,72.66,0.3200,99.86,0.3100,26.00,0.3000,179.00,0.3500,132.03,0.3600,131.00,0.3700,61.00,0.3800,66.00,0.3900,100.92,490.95,473.29,964.24,473.29,490.95,964.24,0.0100,0.0100,0.0183,-0.0183,0.6558,0.3442,0.5358,0.3559,0.3559,0.5358,-20.8429,5.6781,5.6781,-20.8429
btc-updown-5m-1780094100,1780094114000,286,73400.99,73499.71,98.72,-0.0004,-0.0004,0.0083,0.4982,0.0620,1.2500,0.006504,1.3444,0.0062,73511.37,-0.0004,-0.0159,-0.3895,-0.0000,0.5100,59.03,0.5000,40.00,0.4900,61.51,0.4800,40.00,0.4700,40.00,0.5200,69.36,0.5300,41.00,0.5400,76.00,0.5500,108.92,0.5600,106.00,0.4800,69.36,0.4700,41.00,0.4600,76.00,0.4500,108.92,0.4400,106.00,0.4900,59.03,0.5000,40.00,0.5100,61.51,0.5200,40.00,0.5300,40.00,240.54,401.28,641.82,401.28,240.54,641.82,0.0100,0.0100,-0.2504,0.2504,0.5146,0.4854,0.4117,0.2750,0.2750,0.4117,-354.6669,9.8142,9.8079,-354.4398
btc-updown-5m-1780094100,1780094115000,285,73400.95,73499.71,98.76,0.0000,-0.0004,0.0000,0.4982,0.0620,1.2500,0.006504,1.3411,0.0000,73511.31,-0.0004,-0.0158,0.0000,0.0000,0.5400,54.69,0.5300,50.00,0.5200,45.00,0.5100,62.70,0.5000,48.00,0.5600,37.76,0.5700,306.00,0.5800,56.00,0.5900,56.00,0.6000,106.00,0.4400,37.76,0.4300,306.00,0.4200,56.00,0.4100,56.00,0.4000,106.00,0.4600,54.69,0.4700,50.00,0.4800,45.00,0.4900,62.70,0.5000,48.00,260.39,561.76,822.15,561.76,260.39,822.15,0.0200,0.0200,-0.3666,0.3666,0.5518,0.4482,0.4021,0.6119,0.6119,0.4021,-200.1941,45.4008,45.4008,-200.1941
btc-updown-5m-1780094100,1780094116000,284,73400.28,73499.72,99.44,0.0000,-0.0004,0.0006,0.4959,0.0640,1.2500,0.006504,1.3411,0.0005,73511.31,-0.0004,-0.0158,0.0135,0.0000,0.5600,6.63,0.5500,10.00,0.5400,26.00,0.5300,66.00,0.5200,61.00,0.5700,5.28,0.5800,116.00,0.5900,80.20,0.6000,56.00,0.6100,71.00,0.4300,5.28,0.4200,116.00,0.4100,80.20,0.4000,56.00,0.3900,71.00,0.4400,6.63,0.4500,10.00,0.4600,26.00,0.4700,66.00,0.4800,61.00,169.63,328.48,498.11,328.48,169.63,498.11,0.0100,0.0100,-0.3189,0.3189,0.5656,0.4344,0.0980,0.3692,0.3692,0.0980,-99.1900,-54.7706,-54.7902,-99.2255
btc-updown-5m-1780094100,1780094117000,283,73399.68,73494.59,94.91,-0.0070,-0.0074,0.1867,0.6489,1.0880,1.4207,0.006564,1.3471,0.1386,73511.23,-0.0053,-0.0226,-6.6244,-0.0001,0.4900,83.06,0.4800,40.00,0.4700,50.31,0.4600,48.00,0.4500,56.00,0.5000,114.22,0.5100,46.00,0.5200,271.00,0.5300,110.87,0.5400,96.00,0.5000,114.22,0.4900,46.00,0.4800,271.00,0.4700,110.87,0.4600,96.00,0.5100,83.06,0.5200,40.00,0.5300,50.31,0.5400,48.00,0.5500,56.00,277.37,638.09,915.46,638.09,277.37,915.46,0.0100,0.0100,-0.3940,0.3940,0.4942,0.5058,0.4437,0.2511,0.2511,0.4437,-119.9430,1.3855,1.3855,-119.9430
btc-updown-5m-1780094100,1780094118000,282,73398.80,73494.02,95.22,-0.0008,-0.0081,0.0006,0.1962,1.2000,1.4397,0.006558,1.3471,0.0004,73511.23,-0.0060,-0.0234,-0.7385,-0.0000,0.4900,231.15,0.4800,111.00,0.4700,131.31,0.4600,121.00,0.4500,116.00,0.5000,123.82,0.5100,16.00,0.5200,186.00,0.5300,121.51,0.5400,96.00,0.5000,123.82,0.4900,16.00,0.4800,186.00,0.4700,121.51,0.4600,96.00,0.5100,231.15,0.5200,111.00,0.5300,131.31,0.5400,121.00,0.5500,116.00,710.46,543.33,1253.79,543.33,710.46,1253.79,0.0100,0.0100,0.1333,-0.1333,0.4965,0.5035,0.4816,0.2573,0.2573,0.4816,153.9483,0.0937,0.0937,153.9981
btc-updown-5m-1780094100,1780094119000,281,73392.61,73494.02,101.41,0.0000,-0.0077,0.6391,0.8270,1.1440,1.4397,0.006558,1.3677,0.4673,73510.97,-0.0003,-0.0231,0.0000,0.0000,0.5200,5.00,0.5100,60.00,0.5000,38.00,0.4900,36.00,0.4800,26.00,0.5300,21.12,0.5400,96.00,0.5500,96.00,0.5600,56.00,0.5700,68.00,0.4700,21.12,0.4600,96.00,0.4500,96.00,0.4400,56.00,0.4300,68.00,0.4800,5.00,0.4900,60.00,0.5000,38.00,0.5100,36.00,0.5200,26.00,165.00,337.12,502.12,337.12,165.00,502.12,0.0100,0.0100,-0.3428,0.3428,0.5219,0.4781,0.3939,0.3474,0.3474,0.3939,-6.8483,-42.5007,-42.5007,-6.8483
btc-updown-5m-1780094100,1780094120000,280,73391.52,73489.91,98.39,-0.0056,-0.0133,0.1759,1.0028,1.9660,1.5767,0.006579,1.3734,0.1281,73510.88,-0.0048,-0.0285,-5.5024,-0.0001,0.4100,30.00,0.4000,98.52,0.3900,111.00,0.3800,102.06,0.3700,111.00,0.4500,14.30,0.4600,56.00,0.4700,98.00,0.4800,88.00,0.4900,31.00,0.5500,14.30,0.5400,56.00,0.5300,98.00,0.5200,88.00,0.5100,31.00,0.5900,30.00,0.6000,98.52,0.6100,111.00,0.6200,102.06,0.6300,111.00,452.58,287.30,739.88,287.30,452.58,739.88,0.0400,0.0400,0.2234,-0.2234,0.4371,0.5629,0.2840,0.2447,0.2447,0.2840,87.3022,-12.8714,-12.8714,87.3022
btc-updown-5m-1780094100,1780094121000,279,73391.52,73489.91,98.39,0.0000,-0.0133,0.0009,1.0031,1.9660,1.5767,0.006579,1.3734,0.0006,73510.88,-0.0048,-0.0285,0.0000,0.0000,0.4400,4.73,0.4300,31.00,0.4200,18.00,0.4100,26.00,0.4000,26.00,0.4500,30.00,0.4600,49.00,0.4700,52.42,0.4800,58.45,0.4900,26.00,0.5500,30.00,0.5400,49.00,0.5300,52.42,0.5200,58.45,0.5100,26.00,0.5600,4.73,0.5700,31.00,0.5800,18.00,0.5900,26.00,0.6000,26.00,105.73,215.87,321.60,215.87,105.73,321.60,0.0100,0.0100,-0.3425,0.3425,0.4414,0.5586,0.3379,0.3660,0.3660,0.3379,-14.9033,-118.3462,-118.3748,-14.9069
btc-updown-5m-1780094100,1780094122000,278,73391.67,73489.91,98.24,0.0000,-0.0064,0.0001,0.8165,0.9400,1.5767,0.006579,1.3729,0.0001,73510.87,-0.0048,-0.0285,0.0000,0.0000,0.4500,51.79,0.4400,26.00,0.4300,26.00,0.4200,26.00,0.4100,56.00,0.4600,145.69,0.4700,26.00,0.4800,26.00,0.4900,26.00,0.5000,26.00,0.5400,145.69,0.5300,26.00,0.5200,26.00,0.5100,26.00,0.5000,26.00,0.5500,51.79,0.5600,26.00,0.5700,26.00,0.5800,26.00,0.5900,56.00,185.79,249.69,435.48,249.69,185.79,435.48,0.0100,0.0100,-0.1467,0.1467,0.4526,0.5474,0.4187,0.6876,0.6876,0.4187,25.2806,-119.2158,-119.2158,25.2806
btc-updown-5m-1780094100,1780094123000,277,73387.68,73489.91,102.23,0.0000,-0.0056,0.0000,0.8159,0.8260,1.5763,0.006579,1.3729,0.0000,73510.87,-0.0044,-0.0285,0.0000,0.0000,0.4700,181.55,0.4500,65.28,0.4400,26.00,0.4300,61.00,0.4200,56.00,0.5300,15.83,0.5400,47.74,0.5500,49.89,0.5600,26.00,0.5700,23.00,0.4700,15.83,0.4600,47.74,0.4500,49.89,0.4400,26.00,0.4300,23.00,0.5300,181.55,0.5500,65.28,0.5600,26.00,0.5700,61.00,0.5800,56.00,389.83,162.46,552.29,162.46,389.83,552.29,0.0600,0.0600,0.4117,-0.4117,0.5252,0.4748,0.6332,0.3913,0.3913,0.6332,52.3777,-44.4804,-44.4668,52.3617
btc-updown-5m-1780094100,1780094124000,276,73387.68,73489.91,102.23,0.0000,-0.0056,0.0000,0.1768,0.8240,1.5760,0.006579,1.3702,0.0000,73510.82,-0.0044,-0.0284,0.0000,0.0000,0.5000,124.00,0.4900,96.00,0.4800,86.00,0.4700,262.36,0.4600,286.00,0.5100,12.67,0.5200,22.00,0.5300,18.90,0.5400,31.74,0.5500,33.89,0.4900,12.67,0.4800,22.00,0.4700,18.90,0.4600,31.74,0.4500,33.89,0.5000,124.00,0.5100,96.00,0.5200,86.00,0.5300,262.36,0.5400,286.00,854.36,119.20,973.56,119.20,854.36,973.56,0.0100,0.0100,0.7551,-0.7551,0.5091,0.4909,0.2575,0.2909,0.2909,0.2575,64.6837,-32.9568,-32.9374,64.6457
btc-updown-5m-1780094100,1780094125000,275,73387.86,73489.91,102.05,0.0000,0.0000,0.0000,0.0009,0.0020,1.5760,0.006579,1.3702,0.0000,73510.82,0.0000,-0.0284,0.0000,0.0000,0.5200,44.62,0.5100,126.00,0.5000,64.60,0.4900,96.00,0.4800,81.00,0.5300,30.90,0.5400,41.74,0.5500,18.89,0.5600,10.00,0.5700,15.00,0.4700,30.90,0.4600,41.74,0.4500,18.89,0.4400,10.00,0.4300,15.00,0.4800,44.62,0.4900,126.00,0.5000,64.60,0.5100,96.00,0.5200,81.00,412.22,116.53,528.75,116.53,412.22,528.75,0.0100,0.0100,0.5592,-0.5592,0.5259,0.4741,0.4139,0.6234,0.6234,0.4139,5.2163,-75.1155,-75.0049,5.2086
btc-updown-5m-1780094100,1780094126000,274,73387.86,73489.90,102.04,-0.0000,-0.0000,0.0071,0.0072,0.0020,0.7397,0.002840,1.3704,0.0052,73510.82,-0.0000,-0.0285,-0.0139,-0.0000,0.5000,7.06,0.4900,106.00,0.4800,86.00,0.4700,267.36,0.4600,354.47,0.5200,6.02,0.5300,41.64,0.5400,85.72,0.5500,34.89,0.5600,41.00,0.4800,6.02,0.4700,41.64,0.4600,85.72,0.4500,34.89,0.4400,41.00,0.5000,7.06,0.5100,106.00,0.5200,86.00,0.5300,267.36,0.5400,354.47,820.89,209.27,1030.16,209.27,820.89,1030.16,0.0200,0.0200,0.5937,-0.5937,0.5108,0.4892,0.1377,0.2277,0.2277,0.1377,131.8308,-26.4462,-26.4403,131.8018
btc-updown-5m-1780094100,1780094127000,273,73387.86,73489.91,102.05,0.0000,0.0000,0.0008,0.0079,0.0040,0.7397,0.002841,0.1265,0.0066,73499.39,0.0000,-0.0129,0.0139,0.0000,0.5100,20.00,0.5000,76.61,0.4900,121.00,0.4800,81.00,0.4700,258.00,0.5200,2.00,0.5300,189.59,0.5400,85.72,0.5500,34.89,0.5600,41.00,0.4800,2.00,0.4700,189.59,0.4600,85.72,0.4500,34.89,0.4400,41.00,0.4900,20.00,0.5000,76.61,0.5100,121.00,0.5200,81.00,0.5300,258.00,556.61,353.20,909.81,353.20,556.61,909.81,0.0100,0.0100,0.2236,-0.2236,0.5191,0.4809,0.1736,0.5424,0.5424,0.1736,76.5813,17.3729,17.3729,76.5813
btc-updown-5m-1780094100,1780094128000,272,73387.60,73489.91,102.31,0.0000,0.0000,0.0000,0.0079,0.0040,0.7393,0.002841,0.1263,0.0000,73499.37,0.0000,-0.0129,0.0000,0.0000,0.5100,6.81,0.5000,26.00,0.4900,26.00,0.4800,56.00,0.4700,203.00,0.5300,212.49,0.5400,70.72,0.5500,34.89,0.5600,41.00,0.5700,31.00,0.4700,212.49,0.4600,70.72,0.4500,34.89,0.4400,41.00,0.4300,31.00,0.4900,6.81,0.5000,26.00,0.5100,26.00,0.5200,56.00,0.5300,203.00,317.81,390.10,707.91,390.10,317.81,707.91,0.0200,0.0200,-0.1021,0.1021,0.5106,0.4894,0.1032,0.7260,0.7260,0.1032,15.4566,20.5622,20.5515,15.4485
btc-updown-5m-1780094100,1780094129000,271,73387.94,73489.91,101.97,0.0000,0.0000,0.0653,0.0732,0.0040,0.7393,0.002841,0.1284,0.5082,73499.21,0.0000,-0.0127,0.0000,0.0000,0.5600,153.59,0.5500,68.00,0.5400,56.00,0.5300,83.00,0.5200,56.00,0.5700,66.20,0.5800,77.86,0.5900,93.20,0.6000,81.00,0.6100,115.00,0.4300,66.20,0.4200,77.86,0.4100,93.20,0.4000,81.00,0.3900,115.00,0.4400,153.59,0.4500,68.00,0.4600,56.00,0.4700,83.00,0.4800,56.00,416.59,433.26,849.85,433.26,416.59,849.85,0.0100,0.0100,-0.0196,0.0196,0.5670,0.4330,0.5319,0.3325,0.3325,0.5319,2.8586,28.0244,28.0244,2.8586
btc-updown-5m-1780094100,1780094130000,270,73388.34,73489.90,101.56,-0.0000,-0.0000,0.0007,0.0738,0.0060,0.4073,0.001624,0.1284,0.0051,73499.21,-0.0000,-0.0127,-0.0138,-0.0000,0.5500,21.85,0.5400,66.00,0.5300,88.00,0.5200,76.00,0.5100,64.37,0.5600,205.00,0.5700,125.85,0.5800,102.86,0.5900,93.20,0.6000,111.00,0.4400,205.00,0.4300,125.85,0.4200,102.86,0.4100,93.20,0.4000,111.00,0.4500,21.85,0.4600,66.00,0.4700,88.00,0.4800,76.00,0.4900,64.37,316.22,637.91,954.13,637.91,316.22,954.13,0.0100,0.0100,-0.3372,0.3372,0.5510,0.4490,0.2778,0.5186,0.5186,0.2778,-95.0658,86.6934,86.6934,-95.0658
btc-updown-5m-1780094100,1780094131000,269,73389.77,73489.90,100.13,0.0000,0.0000,0.0000,0.0667,0.0040,0.3407,0.001575,0.0605,0.0000,73496.07,-0.0000,-0.0084,0.0000,0.0000,0.5200,270.33,0.5100,119.37,0.5000,116.00,0.4900,111.00,0.4800,111.00,0.5300,57.94,0.5400,33.00,0.5500,41.01,0.5600,68.14,0.5700,24.20,0.4700,57.94,0.4600,33.00,0.4500,41.01,0.4400,68.14,0.4300,24.20,0.4800,270.33,0.4900,119.37,0.5000,116.00,0.5100,111.00,0.5200,111.00,727.70,224.29,951.99,224.29,727.70,951.99,0.0100,0.0100,0.5288,-0.5288,0.5282,0.4718,0.5355,0.4055,0.4055,0.5355,9.5258,-65.4608,-65.4733,9.5276
btc-updown-5m-1780094100,1780094132000,268,73390.99,73489.91,98.92,0.0000,0.0000,0.0015,0.0674,0.0040,0.3407,0.001575,0.0604,0.0255,73496.06,0.0000,-0.0084,0.0135,0.0000,0.5200,256.94,0.5100,114.57,0.5000,111.00,0.4900,111.00,0.4800,111.00,0.5300,33.82,0.5400,81.00,0.5500,31.30,0.5600,46.30,0.5700,29.50,0.4700,33.82,0.4600,81.00,0.4500,31.30,0.4400,46.30,0.4300,29.50,0.4800,256.94,0.4900,114.57,0.5000,111.00,0.5100,111.00,0.5200,111.00,704.51,221.92,926.43,221.92,704.51,926.43,0.0100,0.0100,0.5209,-0.5209,0.5288,0.4712,0.5273,0.5174,0.5174,0.5273,21.6428,-21.2078,-21.2042,21.6391
btc-updown-5m-1780094100,1780094133000,267,73391.54,73489.91,98.37,0.0000,0.0000,0.0010,0.0685,0.0040,0.3403,0.001575,0.0604,0.0170,73496.06,0.0000,-0.0084,0.0000,0.0000,0.5200,253.09,0.5100,109.57,0.5000,121.00,0.4900,111.00,0.4800,111.00,0.5300,34.90,0.5400,96.20,0.5500,31.30,0.5600,46.30,0.5700,29.50,0.4700,34.90,0.4600,96.20,0.4500,31.30,0.4400,46.30,0.4300,29.50,0.4800,253.09,0.4900,109.57,0.5000,121.00,0.5100,111.00,0.5200,111.00,705.66,238.20,943.86,238.20,705.66,943.86,0.0100,0.0100,0.4953,-0.4953,0.5288,0.4712,0.5139,0.5504,0.5504,0.5139,-44.5408,-23.2639,-23.2639,-44.5408
btc-updown-5m-1780094100,1780094134000,266,73390.36,73489.91,99.55,0.0000,0.0000,0.0000,0.0032,0.0040,0.3403,0.001575,0.0604,0.0000,73496.05,0.0000,-0.0084,0.0000,0.0000,0.5300,310.10,0.5200,86.73,0.5100,126.57,0.5000,116.00,0.4900,116.00,0.5400,43.39,0.5500,27.30,0.5600,46.30,0.5700,29.50,0.5800,28.16,0.4600,43.39,0.4500,27.30,0.4400,46.30,0.4300,29.50,0.4200,28.16,0.4700,310.10,0.4800,86.73,0.4900,126.57,0.5000,116.00,0.5100,116.00,755.40,174.65,930.05,174.65,755.40,930.05,0.0100,0.0100,0.6244,-0.6244,0.5388,0.4612,0.5253,0.4048,0.4048,0.5253,26.6154,-36.4254,-36.4254,26.6154
btc-updown-5m-1780094100,1780094135000,265,73391.69,73489.90,98.21,-0.0000,0.0000,0.0006,0.0031,0.0040,0.3407,0.001575,0.0582,0.0094,73495.90,-0.0000,-0.0082,-0.0134,-0.0000,0.5300,20.00,0.5200,136.00,0.5100,109.57,0.5000,111.00,0.4900,61.00,0.5400,120.33,0.5500,31.30,0.5600,66.30,0.5700,24.50,0.5800,28.16,0.4600,120.33,0.4500,31.30,0.4400,66.30,0.4300,24.50,0.4200,28.16,0.4700,20.00,0.4800,136.00,0.4900,109.57,0.5000,111.00,0.5100,61.00,437.57,270.59,708.16,270.59,437.57,708.16,0.0100,0.0100,0.2358,-0.2358,0.5314,0.4686,0.3565,0.5604,0.5604,0.3565,-15.3540,0.8215,0.8213,-15.3514
btc-updown-5m-1780094100,1780094136000,264,73391.76,73489.90,98.14,0.0000,0.0000,0.0009,0.0040,0.0060,0.3410,0.001575,0.0582,0.0155,73495.90,-0.0000,-0.0082,0.0000,0.0000,0.5400,60.00,0.5300,66.00,0.5200,76.00,0.5100,54.57,0.5000,56.00,0.5500,191.39,0.5600,111.95,0.5700,79.50,0.5800,83.16,0.5900,98.60,0.4500,191.39,0.4400,111.95,0.4300,79.50,0.4200,83.16,0.4100,98.60,0.4600,60.00,0.4700,66.00,0.4800,76.00,0.4900,54.57,0.5000,56.00,312.57,564.60,877.17,564.60,312.57,877.17,0.0100,0.0100,-0.2873,0.2873,0.5424,0.4576,0.4031,0.5373,0.5373,0.4031,0.1495,-2.9506,-2.9501,0.1495
btc-updown-5m-1780094100,1780094137000,263,73392.04,73489.91,97.87,0.0000,0.0000,0.0056,0.0081,0.0060,0.3413,0.001575,0.0584,0.0959,73495.88,0.0000,-0.0081,0.0133,0.0000,0.5400,47.90,0.5300,50.00,0.5200,76.00,0.5100,54.57,0.5000,56.00,0.5500,160.59,0.5600,105.91,0.5700,79.50,0.5800,83.16,0.5900,98.60,0.4500,160.59,0.4400,105.91,0.4300,79.50,0.4200,83.16,0.4100,98.60,0.4600,47.90,0.4700,50.00,0.4800,76.00,0.4900,54.57,0.5000,56.00,284.47,527.76,812.23,527.76,284.47,812.23,0.0100,0.0100,-0.2995,0.2995,0.5423,0.4577,0.3441,0.5050,0.5050,0.3441,-68.4817,44.3357,44.3357,-68.4817
btc-updown-5m-1780094100,1780094138000,262,73392.04,73489.91,97.87,0.0000,0.0000,0.0039,0.0110,0.0060,0.3410,0.001575,0.0585,0.0668,73495.87,0.0000,-0.0081,0.0000,0.0000,0.6000,265.41,0.5900,306.87,0.5800,67.00,0.5700,75.00,0.5600,67.00,0.6100,54.30,0.6200,45.00,0.6300,63.00,0.6400,66.00,0.6500,61.00,0.3900,54.30,0.3800,45.00,0.3700,63.00,0.3600,66.00,0.3500,61.00,0.4000,265.41,0.4100,306.87,0.4200,67.00,0.4300,75.00,0.4400,67.00,781.28,289.30,1070.58,289.30,781.28,1070.58,0.0100,0.0100,0.4595,-0.4595,0.6083,0.3917,0.7325,0.3432,0.3432,0.7325,5.4336,-2.3465,-2.3469,5.4345
btc-updown-5m-1780094100,1780094139000,261,73393.50,73489.91,96.41,0.0000,0.0000,0.0714,0.0823,0.0060,0.3407,0.001575,0.0562,1.2704,73495.28,0.0000,-0.0073,0.0000,0.0000,0.6000,124.00,0.5900,79.00,0.5800,67.00,0.5700,75.00,0.5600,67.00,0.6100,74.87,0.6200,65.14,0.6300,66.00,0.6400,74.00,0.6500,61.00,0.3900,74.87,0.3800,65.14,0.3700,66.00,0.3600,74.00,0.3500,61.00,0.4000,124.00,0.4100,79.00,0.4200,67.00,0.4300,75.00,0.4400,67.00,412.00,341.01,753.01,341.01,412.00,753.01,0.0100,0.0100,0.0943,-0.0943,0.6062,0.3938,0.4927,0.4106,0.4106,0.4927,-48.6476,16.9042,16.9099,-48.6641
btc-updown-5m-1780094100,1780094140000,260,73393.90,73489.91,96.01,0.0000,0.0000,0.0000,0.0818,0.0040,0.3407,0.001575,0.0536,0.0000,73495.05,0.0000,-0.0070,0.0000,0.0000,0.6000,104.30,0.5900,79.00,0.5800,67.00,0.5700,75.00,0.5600,67.00,0.6100,101.24,0.6200,89.14,0.6300,71.00,0.6400,74.00,0.6500,61.00,0.3900,101.24,0.3800,89.14,0.3700,71.00,0.3600,74.00,0.3500,61.00,0.4000,104.30,0.4100,79.00,0.4200,67.00,0.4300,75.00,0.4400,67.00,392.30,396.38,788.68,396.38,392.30,788.68,0.0100,0.0100,-0.0052,0.0052,0.6051,0.3949,0.4672,0.4803,0.4803,0.4672,-56.1577,37.1134,37.1134,-56.1577
btc-updown-5m-1780094100,1780094141000,259,73394.24,73489.91,95.67,0.0000,0.0000,0.0050,0.0859,0.0020,0.3407,0.001575,0.0537,0.0936,73495.03,0.0000,-0.0070,0.0000,0.0000,0.6000,217.60,0.5900,111.00,0.5800,67.00,0.5700,90.00,0.5600,97.00,0.6100,74.45,0.6200,43.25,0.6300,50.00,0.6400,69.00,0.6500,26.00,0.3900,74.45,0.3800,43.25,0.3700,50.00,0.3600,69.00,0.3500,26.00,0.4000,217.60,0.4100,111.00,0.4200,67.00,0.4300,90.00,0.4400,97.00,582.60,262.70,845.30,262.70,582.60,845.30,0.0100,0.0100,0.3784,-0.3784,0.6075,0.3925,0.5640,0.4480,0.4480,0.5640,-2.6467,16.3511,16.3484,-2.6463
btc-updown-5m-1780094100,1780094142000,258,73394.39,73489.91,95.52,0.0000,0.0000,0.0000,0.0803,0.0000,0.3403,0.001576,0.0536,0.0000,73495.02,0.0000,-0.0070,0.0000,0.0000,0.5900,106.21,0.5800,79.00,0.5700,90.00,0.5600,67.00,0.5500,261.00,0.6000,38.30,0.6100,40.00,0.6200,57.65,0.6300,66.00,0.6400,39.00,0.4000,38.30,0.3900,40.00,0.3800,57.65,0.3700,66.00,0.3600,39.00,0.4100,106.21,0.4200,79.00,0.4300,90.00,0.4400,67.00,0.4500,261.00,603.21,240.95,844.16,240.95,603.21,844.16,0.0100,0.0100,0.4291,-0.4291,0.5973,0.4027,0.3070,0.3250,0.3250,0.3070,48.2630,-53.7446,-53.7268,48.2470
btc-updown-5m-1780094100,1780094143000,257,73394.37,73489.91,95.54,0.0000,0.0000,0.0000,0.0764,0.0000,0.3400,0.001576,0.0526,0.0000,73494.92,-0.0000,-0.0068,0.0000,0.0000,0.5700,66.11,0.5600,97.00,0.5500,261.00,0.5400,256.00,0.5300,66.00,0.6100,33.21,0.6200,53.00,0.6300,31.00,0.6400,56.00,0.6500,56.00,0.3900,33.21,0.3800,53.00,0.3700,31.00,0.3600,56.00,0.3500,56.00,0.4300,66.11,0.4400,97.00,0.4500,261.00,0.4600,256.00,0.4700,66.00,746.11,229.21,975.32,229.21,746.11,975.32,0.0400,0.0400,0.5300,-0.5300,0.5966,0.4034,0.2186,0.3761,0.3761,0.2186,92.8579,25.0588,25.0632,92.8742
btc-updown-5m-1780094100,1780094144000,256,73393.48,73489.91,96.43,0.0000,0.0000,0.0000,0.0050,0.0000,0.3303,0.001578,0.0379,0.0000,73492.96,0.0000,-0.0042,0.0000,0.0000,0.5800,159.34,0.5700,152.61,0.5600,157.00,0.5500,316.00,0.5400,311.00,0.5900,21.50,0.6000,37.00,0.6100,52.20,0.6200,26.00,0.6300,31.00,0.4100,21.50,0.4000,37.00,0.3900,52.20,0.3800,26.00,0.3700,31.00,0.4200,159.34,0.4300,152.61,0.4400,157.00,0.4500,316.00,0.4600,311.00,1095.95,167.70,1263.65,167.70,1095.95,1263.65,0.0100,0.0100,0.7346,-0.7346,0.5888,0.4112,0.2846,0.3488,0.3488,0.2846,67.1072,-17.0398,-17.0340,67.0846
btc-updown-5m-1780094100,1780094145000,255,73396.23,73489.91,93.68,0.0000,0.0000,0.0000,0.0050,0.0000,0.3303,0.001578,0.0377,0.0000,73492.92,0.0000,-0.0041,0.0000,0.0000,0.5900,435.91,0.5800,98.18,0.5700,115.61,0.5600,102.00,0.5500,261.00,0.6000,7.60,0.6100,29.80,0.6200,10.00,0.6300,225.96,0.6400,26.00,0.4000,7.60,0.3900,29.80,0.3800,10.00,0.3700,225.96,0.3600,26.00,0.4100,435.91,0.4200,98.18,0.4300,115.61,0.4400,102.00,0.4500,261.00,1012.70,299.36,1312.06,299.36,1012.70,1312.06,0.0100,0.0100,0.5437,-0.5437,0.5998,0.4002,0.5274,0.1249,0.1249,0.5274,101.1813,-6.5972,-6.5950,101.1481
btc-updown-5m-1780094100,1780094146000,254,73396.23,73489.91,93.68,0.0000,0.0000,0.0000,,0.0000,0.3300,0.001578,0.0377,0.0000,73492.92,0.0000,-0.0041,0.0000,0.0000,0.6000,193.79,0.5900,40.92,0.5800,77.58,0.5700,36.00,0.5600,117.00,0.6100,54.62,0.6200,26.00,0.6300,225.96,0.6400,26.00,0.6500,26.00,0.3900,54.62,0.3800,26.00,0.3700,225.96,0.3600,26.00,0.3500,26.00,0.4000,193.79,0.4100,40.92,0.4200,77.58,0.4300,36.00,0.4400,117.00,465.29,358.58,823.87,358.58,465.29,823.87,0.0100,0.0100,0.1295,-0.1295,0.6078,0.3922,0.5044,0.2248,0.2248,0.5044,12.4641,-6.4549,-6.4549,12.4641
btc-updown-5m-1780094100,1780094147000,253,73396.52,73489.91,93.39,0.0000,0.0000,0.0000,,0.0000,0.1590,0.001009,0.0376,0.0000,73492.91,,-0.0041,0.0000,0.0000,0.6000,193.79,0.5900,40.92,0.5800,77.58,0.5700,36.00,0.5600,117.00,0.6100,54.62,0.6200,26.00,0.6300,225.96,0.6400,26.00,0.6500,26.00,0.3900,54.62,0.3800,26.00,0.3700,225.96,0.3600,26.00,0.3500,26.00,0.4000,193.79,0.4100,40.92,0.4200,77.58,0.4300,36.00,0.4400,117.00,465.29,358.58,823.87,358.58,465.29,823.87,0.0100,0.0100,0.1295,-0.1295,0.6078,0.3922,0.5044,0.2248,0.2248,0.5044,-29.9264,18.7042,18.7042,-29.9264
btc-updown-5m-1780094100,1780094148000,252,73397.01,73489.91,92.90,0.0000,0.0000,0.0000,,0.0000,0.1400,0.001004,0.0316,0.0000,73492.59,,-0.0036,0.0000,0.0000,0.6000,88.26,0.5900,87.92,0.5800,112.58,0.5700,56.00,0.5600,112.00,0.6100,36.00,0.6200,26.00,0.6300,225.96,0.6400,34.00,0.6500,26.00,0.3900,36.00,0.3800,26.00,0.3700,225.96,0.3600,34.00,0.3500,26.00,0.4000,88.26,0.4100,87.92,0.4200,112.58,0.4300,56.00,0.4400,112.00,456.76,347.96,804.72,347.96,456.76,804.72,0.0100,0.0100,0.1352,-0.1352,0.6071,0.3929,0.3857,0.1782,0.1782,0.3857,-26.6418,19.4670,19.4741,-26.6515
btc-updown-5m-1780094100,1780094149000,251,73396.95,73489.91,92.96,0.0000,0.0000,0.0624,0.0624,0.0000,0.1397,0.001004,0.0336,1.8552,73492.43,0.0000,-0.0034,0.0000,0.0000,0.6000,59.37,0.5900,79.92,0.5800,112.58,0.5700,56.00,0.5600,112.00,0.6100,50.28,0.6200,58.73,0.6300,220.96,0.6400,26.00,0.6500,26.00,0.3900,50.28,0.3800,58.73,0.3700,220.96,0.3600,26.00,0.3500,26.00,0.4000,59.37,0.4100,79.92,0.4200,112.58,0.4300,56.00,0.4400,112.00,419.87,381.97,801.84,381.97,419.87,801.84,0.0100,0.0100,0.0473,-0.0473,0.6054,0.3946,0.3317,0.2854,0.2854,0.3317,-55.1454,25.8215,25.8171,-55.1360
btc-updown-5m-1780094100,1780094150000,250,73396.30,73489.91,93.61,0.0000,0.0000,0.0000,0.0624,0.0000,0.0027,0.000006,0.0130,0.0000,73489.91,0.0000,0.0000,0.0000,0.0000,0.6000,74.50,0.5900,89.92,0.5800,212.58,0.5700,56.00,0.5600,112.00,0.6100,34.24,0.6200,58.00,0.6300,226.69,0.6400,34.19,0.6500,26.00,0.3900,34.24,0.3800,58.00,0.3700,226.69,0.3600,34.19,0.3500,26.00,0.4000,74.50,0.4100,89.92,0.4200,212.58,0.4300,56.00,0.4400,112.00,545.00,379.12,924.12,379.12,545.00,924.12,0.0100,0.0100,0.1795,-0.1795,0.6069,0.3931,0.3017,0.2433,0.2433,0.3017,-90.0392,34.5514,34.5514,-90.0392
btc-updown-5m-1780094100,1780094151000,249,73394.95,73489.91,94.96,0.0000,0.0000,0.0009,0.0632,0.0000,0.0023,0.000006,0.0074,0.1183,73489.91,0.0000,0.0000,0.0000,0.0000,0.6000,152.01,0.5900,108.92,0.5800,197.58,0.5700,71.00,0.5600,97.00,0.6100,37.70,0.6200,63.73,0.6300,220.96,0.6400,34.19,0.6500,26.00,0.3900,37.70,0.3800,63.73,0.3700,220.96,0.3600,34.19,0.3500,26.00,0.4000,152.01,0.4100,108.92,0.4200,197.58,0.4300,71.00,0.4400,97.00,626.51,382.58,1009.09,382.58,626.51,1009.09,0.0100,0.0100,0.2417,-0.2417,0.6080,0.3920,0.4165,0.2651,0.2651,0.4165,-73.4099,4.0250,4.0257,-73.4223
btc-updown-5m-1780094100,1780094152000,248,73395.16,73489.91,94.75,0.0000,0.0000,0.0000,0.0632,0.0000,0.0023,0.000006,0.0073,0.0000,73489.91,0.0000,0.0000,0.0000,0.0000,0.6000,105.00,0.5900,125.92,0.5800,197.58,0.5700,71.00,0.5600,97.00,0.6100,2.51,0.6200,53.00,0.6300,225.96,0.6400,34.19,0.6500,26.00,0.3900,2.51,0.3800,53.00,0.3700,225.96,0.3600,34.19,0.3500,26.00,0.4000,105.00,0.4100,125.92,0.4200,197.58,0.4300,71.00,0.4400,97.00,596.50,341.66,938.16,341.66,596.50,938.16,0.0100,0.0100,0.2716,-0.2716,0.6098,0.3902,0.3871,0.1625,0.1625,0.3871,21.2900,-2.7454,-2.7454,21.2900
btc-updown-5m-1780094100,1780094153000,247,73395.41,73489.91,94.50,0.0000,0.0000,0.0000,0.0632,0.0000,0.0023,0.000006,0.0073,0.0000,73489.91,0.0000,0.0000,0.0000,0.0000,0.6100,110.80,0.6000,58.00,0.5900,105.92,0.5800,146.08,0.5700,56.00,0.6200,26.38,0.6300,247.96,0.6400,44.59,0.6500,31.70,0.6600,481.80,0.3800,26.38,0.3700,247.96,0.3600,44.59,0.3500,31.70,0.3400,481.80,0.3900,110.80,0.4000,58.00,0.4100,105.92,0.4200,146.08,0.4300,56.00,476.80,832.43,1309.23,832.43,476.80,1309.23,0.0100,0.0100,-0.2716,0.2716,0.6181,0.3819,0.3540,0.3296,0.3296,0.3540,-0.4032,75.1137,75.0878,-0.4030
btc-updown-5m-1780094100,1780094154000,246,73394.96,73489.91,94.95,0.0000,0.0000,0.0921,0.0930,0.0000,0.0023,0.000006,0.0103,8.9482,73489.91,0.0000,0.0000,0.0000,0.0000,0.6100,115.66,0.6000,50.00,0.5900,105.92,0.5800,146.08,0.5700,56.00,0.6200,34.54,0.6300,253.56,0.6400,50.19,0.6500,31.70,0.6600,481.80,0.3800,34.54,0.3700,253.56,0.3600,50.19,0.3500,31.70,0.3400,481.80,0.3900,115.66,0.4000,50.00,0.4100,105.92,0.4200,146.08,0.4300,56.00,473.66,851.79,1325.45,851.79,473.66,1325.45,0.0100,0.0100,-0.2853,0.2853,0.6177,0.3823,0.3497,0.3382,0.3382,0.3497,8.1949,89.6211,89.6211,8.1949
btc-updown-5m-1780094100,1780094155000,245,73394.69,73489.91,95.22,0.0000,0.0000,0.0000,0.0930,0.0000,0.0023,0.000006,0.0103,0.0000,73489.91,0.0000,0.0000,0.0000,0.0000,0.6000,60.37,0.5900,52.92,0.5800,116.08,0.5700,56.00,0.5600,97.00,0.6200,382.69,0.6300,271.56,0.6400,45.19,0.6500,31.70,0.6600,511.80,0.3800,382.69,0.3700,271.56,0.3600,45.19,0.3500,31.70,0.3400,511.80,0.4000,60.37,0.4100,52.92,0.4200,116.08,0.4300,56.00,0.4400,97.00,382.37,1242.94,1625.31,1242.94,382.37,1625.31,0.0200,0.0200,-0.5295,0.5295,0.6027,0.3973,0.2963,0.5264,0.5264,0.2963,-6.5765,141.0964,141.0964,-6.5765
btc-updown-5m-1780094100,1780094156000,244,73396.11,73489.91,93.80,0.0000,0.0000,0.0000,0.0921,0.0000,0.0020,0.000006,0.0103,0.0000,73489.91,0.0000,0.0000,0.0000,0.0000,0.5800,16.20,0.5700,41.00,0.5600,97.00,0.5500,261.00,0.5400,256.00,0.5900,3.00,0.6000,59.40,0.6100,53.50,0.6200,30.35,0.6300,231.56,0.4100,3.00,0.4000,59.40,0.3900,53.50,0.3800,30.35,0.3700,231.56,0.4200,16.20,0.4300,41.00,0.4400,97.00,0.4500,261.00,0.4600,256.00,671.20,377.81,1049.01,377.81,671.20,1049.01,0.0100,0.0100,0.2797,-0.2797,0.5884,0.4116,0.0852,0.1652,0.1652,0.0852,24.5251,1.1565,1.1565,24.5251
btc-updown-5m-1780094100,1780094157000,243,73396.19,73489.91,93.72,0.0000,0.0000,0.0000,0.0921,0.0000,0.0017,0.000005,0.0101,0.0000,73489.91,0.0000,0.0000,0.0000,0.0000,0.5700,32.40,0.5600,121.00,0.5500,261.00,0.5400,256.00,0.5300,76.00,0.5900,137.49,0.6000,70.62,0.6100,61.50,0.6200,30.35,0.6300,226.56,0.4100,137.49,0.4000,70.62,0.3900,61.50,0.3800,30.35,0.3700,226.56,0.4300,32.40,0.4400,121.00,0.4500,261.00,0.4600,256.00,0.4700,76.00,746.40,526.52,1272.92,526.52,746.40,1272.92,0.0200,0.0200,0.1727,-0.1727,0.5738,0.4262,0.2055,0.3953,0.3953,0.2055,17.0805,29.9797,29.9908,17.0868
btc-updown-5m-1780094100,1780094158000,242,73396.19,73489.91,93.72,0.0000,0.0000,0.0095,0.1016,0.0000,0.0017,0.000005,0.0103,0.9211,73489.91,0.0000,0.0000,0.0000,0.0000,0.5800,69.64,0.5700,68.77,0.5600,156.00,0.5500,261.00,0.5400,256.00,0.5900,33.40,0.6000,76.40,0.6100,31.50,0.6200,30.35,0.6300,31.60,0.4100,33.40,0.4000,76.40,0.3900,31.50,0.3800,30.35,0.3700,31.60,0.4200,69.64,0.4300,68.77,0.4400,156.00,0.4500,261.00,0.4600,256.00,811.41,203.25,1014.66,203.25,811.41,1014.66,0.0100,0.0100,0.5994,-0.5994,0.5868,0.4132,0.1706,0.5402,0.5402,0.1706,32.7393,-26.9155,-26.9338,32.7616
btc-updown-5m-1780094100,1780094159000,241,73396.05,73489.91,93.86,0.0000,0.0000,0.0000,0.0095,0.0000,0.0017,0.000005,0.0103,0.0000,73489.91,0.0000,0.0000,0.0000,0.0000,0.5600,151.75,0.5500,261.00,0.5400,256.00,0.5300,76.00,0.5200,71.00,0.5700,35.00,0.5800,123.26,0.5900,62.14,0.6000,63.40,0.6100,36.50,0.4300,35.00,0.4200,123.26,0.4100,62.14,0.4000,63.40,0.3900,36.50,0.4400,151.75,0.4500,261.00,0.4600,256.00,0.4700,76.00,0.4800,71.00,815.75,320.30,1136.05,320.30,815.75,1136.05,0.0100,0.0100,0.4361,-0.4361,0.5681,0.4319,0.5060,0.4941,0.4941,0.5060,56.0804,-84.7336,-84.7336,56.0804
btc-updown-5m-1780094100,1780094160000,240,73396.96,73489.91,92.95,0.0000,0.0000,0.0048,0.0143,0.0020,0.0017,0.000004,0.0084,0.5682,73489.91,0.0000,0.0000,0.0000,0.0000,0.5600,28.92,0.5500,266.00,0.5400,256.00,0.5300,76.00,0.5200,71.00,0.5700,108.30,0.5800,41.30,0.5900,42.35,0.6000,41.40,0.6100,31.50,0.4300,108.30,0.4200,41.30,0.4100,42.35,0.4000,41.40,0.3900,31.50,0.4400,28.92,0.4500,266.00,0.4600,256.00,0.4700,76.00,0.4800,71.00,697.92,264.85,962.77,264.85,697.92,962.77,0.0100,0.0100,0.4498,-0.4498,0.5621,0.4379,0.4226,0.5648,0.5648,0.4226,73.8449,-128.9744,-97.3851,37.2092
btc-updown-5m-1780094100,1780094161000,239,73395.98,73489.91,93.93,0.0000,0.0000,0.0000,0.0143,0.0020,0.0017,0.000004,0.0084,0.0000,73489.91,0.0000,0.0000,0.0000,0.0000,0.5600,64.63,0.5500,283.81,0.5400,226.00,0.5300,46.00,0.5200,41.00,0.5700,63.36,0.5800,51.30,0.5900,67.35,0.6000,71.40,0.6100,61.50,0.4300,63.36,0.4200,51.30,0.4100,67.35,0.4000,71.40,0.3900,61.50,0.4400,64.63,0.4500,283.81,0.4600,226.00,0.4700,46.00,0.4800,41.00,661.44,314.91,976.35,314.91,661.44,976.35,0.0100,0.0100,0.3549,-0.3549,0.5650,0.4350,0.5268,0.3641,0.3641,0.5268,-14.1361,-11.0876,-11.0876,-14.1361
btc-updown-5m-1780094100,1780094162000,238,73394.65,73489.90,95.25,-0.0000,-0.0000,0.0022,0.0166,0.0040,0.0017,0.000004,0.0084,0.2664,73489.91,-0.0000,-0.0000,-0.0130,-0.0000,0.5400,244.85,0.5300,51.00,0.5200,46.00,0.5100,54.57,0.5000,111.00,0.5500,13.30,0.5600,51.30,0.5700,46.73,0.5800,31.30,0.5900,67.35,0.4500,13.30,0.4400,51.30,0.4300,46.73,0.4200,31.30,0.4100,67.35,0.4600,244.85,0.4700,51.00,0.4800,46.00,0.4900,54.57,0.5000,111.00,507.42,209.98,717.40,209.98,507.42,717.40,0.0100,0.0100,0.4146,-0.4146,0.5495,0.4505,0.5830,0.3076,0.3076,0.5830,-61.5376,4.8613,4.8624,-61.5513
btc-updown-5m-1780094100,1780094163000,237,73394.88,73489.91,95.03,0.0000,0.0000,0.0017,0.0087,0.0060,0.0020,0.000005,0.0085,0.2011,73489.91,0.0000,0.0000,0.0129,0.0000,0.5400,167.01,0.5300,81.00,0.5200,76.00,0.5100,54.57,0.5000,111.00,0.5500,80.00,0.5600,70.60,0.5700,46.73,0.5800,31.30,0.5900,37.35,0.4500,80.00,0.4400,70.60,0.4300,46.73,0.4200,31.30,0.4100,37.35,0.4600,167.01,0.4700,81.00,0.4800,76.00,0.4900,54.57,0.5000,111.00,489.58,265.98,755.56,265.98,489.58,755.56,0.0100,0.0100,0.2959,-0.2959,0.5468,0.4532,0.5066,0.5662,0.5662,0.5066,-76.1825,14.7675,14.7638,-76.1636
btc-updown-5m-1780094100,1780094164000,236,73394.88,73489.91,95.03,0.0000,0.0000,0.0531,0.0619,0.0060,0.0020,0.000005,0.0101,5.2443,73489.91,0.0000,0.0000,0.0000,0.0000,0.5400,226.85,0.5300,51.00,0.5200,81.00,0.5100,54.57,0.5000,111.00,0.6200,53.19,0.6300,61.60,0.6400,69.79,0.6500,61.70,0.6600,61.80,0.3800,53.19,0.3700,61.60,0.3600,69.79,0.3500,61.70,0.3400,61.80,0.4600,226.85,0.4700,51.00,0.4800,81.00,0.4900,54.57,0.5000,111.00,524.42,308.08,832.50,308.08,524.42,832.50,0.0800,0.0800,0.2599,-0.2599,0.6048,0.3952,0.5298,0.3726,0.3726,0.5298,-58.2194,-2.4420,-2.4420,-58.2194
btc-updown-5m-1780094100,1780094165000,235,73394.99,73489.91,94.92,0.0000,0.0000,0.0007,0.0578,0.0040,0.0017,0.000004,0.0102,0.0650,73489.91,0.0000,0.0000,0.0000,0.0000,0.5700,63.08,0.5600,51.00,0.5500,51.00,0.5400,138.87,0.5300,46.00,0.5800,18.27,0.5900,26.00,0.6000,31.00,0.6100,61.00,0.6200,53.19,0.4200,18.27,0.4100,26.00,0.4000,31.00,0.3900,61.00,0.3800,53.19,0.4300,63.08,0.4400,51.00,0.4500,51.00,0.4600,138.87,0.4700,46.00,349.95,189.46,539.41,189.46,349.95,539.41,0.0100,0.0100,0.2975,-0.2975,0.5778,0.4222,0.3260,0.2337,0.2337,0.3260,-59.1180,0.7700,0.7703,-59.1387
btc-updown-5m-1780094100,1780094166000,234,73394.72,73489.91,95.19,0.0000,0.0000,0.0000,0.0578,0.0040,0.0013,0.000004,0.0101,0.0000,73489.91,0.0000,0.0000,0.0000,0.0000,0.5700,60.01,0.5600,43.00,0.5500,41.00,0.5400,136.87,0.5300,76.00,0.5900,34.79,0.6000,43.00,0.6100,31.00,0.6200,23.19,0.6300,61.60,0.4100,34.79,0.4000,43.00,0.3900,31.00,0.3800,23.19,0.3700,61.60,0.4300,60.01,0.4400,43.00,0.4500,41.00,0.4600,136.87,0.4700,76.00,356.88,193.58,550.46,193.58,356.88,550.46,0.0200,0.0200,0.2967,-0.2967,0.5827,0.4173,0.2886,0.4018,0.4018,0.2886,-55.9952,-10.6317,-10.6352,-56.0132
btc-updown-5m-1780094100,1780094167000,233,73394.72,73489.91,95.19,0.0000,0.0000,0.0000,0.0555,0.0020,0.0010,0.000004,0.0101,0.0000,73489.91,0.0000,0.0000,0.0000,0.0000,0.6000,51.80,0.5900,56.50,0.5800,39.50,0.5700,23.67,0.5600,26.00,0.6100,158.88,0.6200,40.00,0.6300,56.00,0.6400,63.37,0.6500,61.70,0.3900,158.88,0.3800,40.00,0.3700,56.00,0.3600,63.37,0.3500,61.70,0.4000,51.80,0.4100,56.50,0.4200,39.50,0.4300,23.67,0.4400,26.00,197.47,379.95,577.42,379.95,197.47,577.42,0.0100,0.0100,-0.3160,0.3160,0.6025,0.3975,0.5484,0.5234,0.5234,0.5484,-62.6303,-5.1548,-5.1531,-62.6102
btc-updown-5m-1780094100,1780094168000,232,73394.94,73489.90,94.96,-0.0000,-0.0000,0.0087,0.0625,0.0020,0.0013,0.000004,0.0102,0.8552,73489.91,-0.0000,-0.0000,-0.0129,-0.0000,0.6400,71.16,0.6300,16.00,0.6200,26.00,0.6100,64.00,0.6000,35.30,0.6500,94.23,0.6600,45.80,0.6700,511.90,0.6800,72.00,0.6900,32.10,0.3500,94.23,0.3400,45.80,0.3300,511.90,0.3200,72.00,0.3100,32.10,0.3600,71.16,0.3700,16.00,0.3800,26.00,0.3900,64.00,0.4000,35.30,212.46,756.03,968.49,756.03,212.46,968.49,0.0100,0.0100,-0.5613,0.5613,0.6443,0.3557,0.4102,0.1852,0.1852,0.4102,-49.3974,75.8633,75.8633,-49.3975
btc-updown-5m-1780094100,1780094169000,231,73394.95,73489.90,94.95,0.0000,-0.0000,0.0000,0.0094,0.0020,0.0013,0.000004,0.0101,0.0000,73489.91,-0.0000,-0.0000,0.0000,0.0000,0.6200,41.00,0.6100,26.00,0.6000,41.00,0.5900,26.00,0.5800,226.00,0.6300,60.00,0.6400,56.00,0.6500,56.00,0.6600,31.80,0.6700,486.90,0.3700,60.00,0.3600,56.00,0.3500,56.00,0.3400,31.80,0.3300,486.90,0.3800,41.00,0.3900,26.00,0.4000,41.00,0.4100,26.00,0.4200,226.00,360.00,690.70,1050.70,690.70,360.00,1050.70,0.0100,0.0100,-0.3147,0.3147,0.6241,0.3759,0.1861,0.1679,0.1679,0.1861,-35.7533,85.9048,85.8443,-35.7281
btc-updown-5m-1780094100,1780094170000,230,73394.95,73489.91,94.96,0.0000,0.0000,0.0022,0.0110,0.0040,0.0017,0.000005,0.0079,0.2853,73489.91,0.0000,0.0000,0.0129,0.0000,0.6200,19.33,0.6100,31.00,0.6000,41.00,0.5900,26.00,0.5800,226.00,0.6300,187.84,0.6400,71.60,0.6500,26.00,0.6600,31.80,0.6700,36.90,0.3700,187.84,0.3600,71.60,0.3500,26.00,0.3400,31.80,0.3300,36.90,0.3800,19.33,0.3900,31.00,0.4000,41.00,0.4100,26.00,0.4200,226.00,343.33,354.14,697.47,354.14,343.33,697.47,0.0100,0.0100,-0.0155,0.0155,0.6209,0.3791,0.1466,0.7326,0.7326,0.1466,-28.0239,24.9025,24.9066,-28.0285
btc-updown-5m-1780094100,1780094171000,229,73395.13,73489.91,94.78,0.0000,0.0000,0.0017,0.0126,0.0040,0.0017,0.000005,0.0079,0.2125,73489.91,0.0000,0.0000,0.0000,0.0000,0.6100,14.14,0.6000,41.00,0.5900,26.00,0.5800,226.00,0.5700,23.67,0.6200,70.00,0.6300,62.80,0.6400,36.60,0.6500,61.00,0.6600,61.80,0.3800,70.00,0.3700,62.80,0.3600,36.60,0.3500,61.00,0.3400,61.80,0.3900,14.14,0.4000,41.00,0.4100,26.00,0.4200,226.00,0.4300,23.67,330.81,292.20,623.01,292.20,330.81,623.01,0.0100,0.0100,0.0620,-0.0620,0.6117,0.3883,0.1667,0.4545,0.4545,0.1667,-3.1188,16.7411,16.7329,-3.1173
btc-updown-5m-1780094100,1780094172000,228,73394.87,73492.00,97.13,0.0028,0.0028,0.1926,0.2053,0.4220,0.0713,0.000511,0.0140,13.8013,73490.84,0.0002,0.0016,2.7624,0.0000,0.6400,89.11,0.6300,86.46,0.6200,285.24,0.6100,164.03,0.6000,92.00,0.6500,10.31,0.6600,41.80,0.6700,46.90,0.6800,67.00,0.6900,67.10,0.3500,10.31,0.3400,41.80,0.3300,46.90,0.3200,67.00,0.3100,67.10,0.3600,89.11,0.3700,86.46,0.3800,285.24,0.3900,164.03,0.4000,92.00,716.84,233.11,949.95,233.11,716.84,949.95,0.0100,0.0100,0.5092,-0.5092,0.6490,0.3510,0.2449,0.2235,0.2235,0.2449,60.1703,6.1548,6.1538,60.1606
btc-updown-5m-1780094100,1780094173000,227,73394.91,73492.00,97.09,0.0000,0.0029,0.0252,0.2218,0.4220,0.0717,0.000511,0.0148,1.7080,73490.90,0.0002,0.0015,0.0000,0.0000,0.6600,107.09,0.6500,59.00,0.6400,92.72,0.6300,97.81,0.6200,51.00,0.6700,61.82,0.6800,29.27,0.6900,47.54,0.7000,62.20,0.7100,62.30,0.3300,61.82,0.3200,29.27,0.3100,47.54,0.3000,62.20,0.2900,62.30,0.3400,107.09,0.3500,59.00,0.3600,92.72,0.3700,97.81,0.3800,51.00,407.62,263.13,670.75,263.13,407.62,670.75,0.0100,0.0100,0.2154,-0.2154,0.6663,0.3337,0.4075,0.3462,0.3462,0.4075,34.1042,-28.1532,-28.1578,34.1097
btc-updown-5m-1780094100,1780094174000,226,73395.20,73491.99,96.79,-0.0000,0.0028,0.0500,0.2717,0.4240,0.0720,0.000511,0.0164,3.0490,73491.01,0.0000,0.0013,-0.0132,-0.0000,0.6600,121.69,0.6500,74.00,0.6400,92.72,0.6300,67.81,0.6200,36.00,0.6700,38.55,0.6800,21.27,0.6900,52.54,0.7000,67.20,0.7100,62.30,0.3300,38.55,0.3200,21.27,0.3100,52.54,0.3000,67.20,0.2900,62.30,0.3400,121.69,0.3500,74.00,0.3600,92.72,0.3700,67.81,0.3800,36.00,392.22,241.86,634.08,241.86,392.22,634.08,0.0100,0.0100,0.2371,-0.2371,0.6676,0.3324,0.4989,0.2473,0.2473,0.4989,35.1278,-75.3506,-86.9620,30.7065
btc-updown-5m-1780094100,1780094175000,225,73397.32,73491.99,94.67,0.0000,0.0028,0.0000,0.2695,0.4220,0.0720,0.000511,0.0164,0.0000,73491.01,0.0000,0.0013,0.0000,0.0000,0.6600,95.50,0.6500,81.00,0.6400,92.72,0.6300,67.81,0.6200,26.00,0.6700,38.55,0.6800,37.27,0.6900,37.10,0.7000,527.20,0.7100,62.30,0.3300,38.55,0.3200,37.27,0.3100,37.10,0.3000,527.20,0.2900,62.30,0.3400,95.50,0.3500,81.00,0.3600,92.72,0.3700,67.81,0.3800,26.00,363.03,702.42,1065.45,702.42,363.03,1065.45,0.0100,0.0100,-0.3185,0.3185,0.6671,0.3329,0.4862,0.1079,0.1079,0.4862,0.3484,-19.9691,-19.9691,0.3484
btc-updown-5m-1780094100,1780094176000,224,73397.43,73492.00,94.57,0.0000,0.0028,0.0214,0.2892,0.4240,0.0723,0.000511,0.0171,1.2523,73491.05,0.0000,0.0013,0.0129,0.0000,0.6400,83.73,0.6300,62.46,0.6200,26.00,0.6100,31.00,0.6000,56.00,0.6600,180.00,0.6700,34.44,0.6800,42.00,0.6900,62.10,0.7000,522.20,0.3400,180.00,0.3300,34.44,0.3200,42.00,0.3100,62.10,0.3000,522.20,0.3600,83.73,0.3700,62.46,0.3800,26.00,0.3900,31.00,0.4000,56.00,259.19,840.74,1099.93,840.74,259.19,1099.93,0.0200,0.0200,-0.5287,0.5287,0.6463,0.3537,0.5640,0.2551,0.2551,0.5640,-15.2838,83.1795,83.1511,-15.2785
btc-updown-5m-1780094100,1780094177000,223,73397.43,73492.00,94.57,0.0000,0.0000,0.0131,0.1096,0.0060,0.0723,0.000511,0.0175,0.7471,73491.07,0.0000,0.0013,0.0000,0.0000,0.6200,43.00,0.6100,31.00,0.6000,26.00,0.5900,51.09,0.5800,56.00,0.6300,9.20,0.6400,82.60,0.6500,31.70,0.6600,26.00,0.6700,29.44,0.3700,9.20,0.3600,82.60,0.3500,31.70,0.3400,26.00,0.3300,29.44,0.3800,43.00,0.3900,31.00,0.4000,26.00,0.4100,51.09,0.4200,56.00,207.09,178.94,386.03,178.94,207.09,386.03,0.0100,0.0100,0.0729,-0.0729,0.6282,0.3718,0.3573,0.5130,0.5130,0.3573,-24.9682,-20.4618,-20.4618,-24.9682
btc-updown-5m-1780094100,1780094178000,222,73397.43,73492.00,94.57,0.0000,0.0000,0.0015,0.0859,0.0040,0.0723,0.000511,0.0175,0.0883,73491.08,0.0000,0.0013,0.0000,0.0000,0.6100,55.53,0.6000,38.00,0.5900,48.00,0.5800,56.00,0.5700,53.67,0.6200,39.00,0.6300,40.80,0.6400,41.60,0.6500,31.70,0.6600,16.00,0.3800,39.00,0.3700,40.80,0.3600,41.60,0.3500,31.70,0.3400,16.00,0.3900,55.53,0.4000,38.00,0.4100,48.00,0.4200,56.00,0.4300,53.67,251.20,169.10,420.30,169.10,251.20,420.30,0.0100,0.0100,0.1953,-0.1953,0.6159,0.3841,0.3723,0.4719,0.4719,0.3723,-137.6926,4.3925,4.3925,-137.6926
btc-updown-5m-1780094100,1780094179000,221,73397.40,73486.01,88.61,-0.0082,-0.0081,1.1774,1.2134,1.2020,0.2723,0.001566,0.0555,21.2049,73487.61,-0.0006,-0.0022,-7.2223,-0.0001,0.5400,73.69,0.5300,25.70,0.5200,65.00,0.5100,10.00,0.5000,65.00,0.5700,398.16,0.5800,120.00,0.5900,109.88,0.6000,158.38,0.6100,61.98,0.4300,398.16,0.4200,120.00,0.4100,109.88,0.4000,158.38,0.3900,61.98,0.4600,73.69,0.4700,25.70,0.4800,65.00,0.4900,10.00,0.5000,65.00,239.39,848.40,1087.79,848.40,239.39,1087.79,0.0300,0.0300,-0.5599,0.5599,0.5447,0.4553,0.4152,0.6107,0.6107,0.4152,-27.1559,95.2158,95.2002,-27.1515
btc-updown-5m-1780094100,1780094180000,220,73397.43,73486.01,88.58,0.0000,-0.0081,0.0016,1.2150,1.2020,0.2723,0.001566,0.0536,0.0301,73487.52,-0.0002,-0.0021,0.0000,0.0000,0.4400,61.93,0.4300,50.00,0.4200,40.00,0.4100,140.00,0.4000,40.00,0.4500,408.08,0.4600,68.10,0.4700,48.00,0.4800,36.00,0.4900,71.00,0.5500,408.08,0.5400,68.10,0.5300,48.00,0.5200,36.00,0.5100,71.00,0.5600,61.93,0.5700,50.00,0.5800,40.00,0.5900,140.00,0.6000,40.00,331.93,631.18,963.11,631.18,331.93,963.11,0.0100,0.0100,-0.3107,0.3107,0.4413,0.5587,0.3372,0.7544,0.7544,0.3372,-12.0577,62.7834,62.8037,-12.0616
btc-updown-5m-1780094100,1780094181000,219,73395.64,73486.01,90.37,0.0000,-0.0082,0.0018,1.1954,1.2000,0.2723,0.001566,0.0536,0.0330,73487.52,-0.0002,-0.0021,0.0000,0.0000,0.4100,119.50,0.4000,40.00,0.3900,40.00,0.3800,50.00,0.3700,50.00,0.4200,213.69,0.4300,86.73,0.4400,53.00,0.4500,63.24,0.4600,26.00,0.5800,213.69,0.5700,86.73,0.5600,53.00,0.5500,63.24,0.5400,26.00,0.5900,119.50,0.6000,40.00,0.6100,40.00,0.6200,50.00,0.6300,50.00,299.50,442.66,742.16,442.66,299.50,742.16,0.0100,0.0100,-0.1929,0.1929,0.4136,0.5864,0.5326,0.6787,0.6787,0.5326,33.4641,55.9782,56.0163,33.4868
btc-updown-5m-1780094100,1780094182000,218,73388.76,73486.01,97.25,0.0000,-0.0082,0.0013,1.1837,1.2000,0.2723,0.001566,0.0536,0.0250,73487.52,-0.0001,-0.0021,0.0000,0.0000,0.3800,46.60,0.3700,66.00,0.3600,56.00,0.3500,56.00,0.3400,56.00,0.3900,197.57,0.4000,87.54,0.4100,66.60,0.4200,25.89,0.4300,26.00,0.6100,197.57,0.6000,87.54,0.5900,66.60,0.5800,25.89,0.5700,26.00,0.6200,46.60,0.6300,66.00,0.6400,56.00,0.6500,56.00,0.6600,56.00,280.60,403.60,684.20,403.60,280.60,684.20,0.0100,0.0100,-0.1798,0.1798,0.3819,0.6181,0.4013,0.7064,0.7064,0.4013,48.0662,-163.4216,-163.3078,48.0327
btc-updown-5m-1780094100,1780094183000,217,73386.36,73486.01,99.65,0.0000,-0.0082,0.0000,1.1821,1.2000,0.2723,0.001566,0.0536,0.0000,73487.52,-0.0000,-0.0021,0.0000,0.0000,0.3400,48.55,0.3300,73.00,0.3200,61.00,0.3100,195.54,0.3000,95.33,0.3500,44.71,0.3600,221.61,0.3700,21.55,0.3800,83.00,0.3900,46.36,0.6500,44.71,0.6400,221.61,0.6300,21.55,0.6200,83.00,0.6100,46.36,0.6600,48.55,0.6700,73.00,0.6800,61.00,0.6900,195.54,0.7000,95.33,473.42,417.23,890.65,417.23,473.42,890.65,0.0100,0.0100,0.0631,-0.0631,0.3452,0.6548,0.2567,0.6383,0.6383,0.2567,46.7353,-37.1780,-37.1666,46.7210
btc-updown-5m-1780094100,1780094184000,216,73386.45,73486.00,99.55,-0.0000,-0.0000,0.0033,0.0080,0.0020,0.2727,0.001566,0.0537,0.0614,73487.52,-0.0000,-0.0021,-0.0135,-0.0000,0.3400,19.10,0.3300,88.10,0.3200,61.00,0.3100,205.54,0.3000,95.33,0.3500,266.26,0.3600,88.20,0.3700,16.00,0.3800,16.00,0.3900,27.87,0.6500,266.26,0.6400,88.20,0.6300,16.00,0.6200,16.00,0.6100,27.87,0.6600,19.10,0.6700,88.10,0.6800,61.00,0.6900,205.54,0.7000,95.33,469.07,414.33,883.40,414.33,469.07,883.40,0.0100,0.0100,0.0620,-0.0620,0.3407,0.6593,0.2285,0.8555,0.8555,0.2285,42.1450,-66.6411,-66.6001,42.1192
btc-updown-5m-1780094100,1780094185000,215,73386.46,73497.22,110.76,0.0153,0.0153,0.4859,0.4923,2.2460,0.6467,0.003185,0.0664,7.3130,73489.70,0.0002,0.0102,16.9115,0.0002,0.3400,851.64,0.3300,138.00,0.3200,176.00,0.3100,191.00,0.3000,230.33,0.3500,71.85,0.3600,29.65,0.3900,11.87,0.4000,11.99,0.4100,21.21,0.6500,71.85,0.6400,29.65,0.6100,11.87,0.6000,11.99,0.5900,21.21,0.6600,851.64,0.6700,138.00,0.6800,176.00,0.6900,191.00,0.7000,230.33,1586.97,146.57,1733.54,146.57,1586.97,1733.54,0.0100,0.0100,0.8309,-0.8309,0.3492,0.6508,0.6236,0.6925,0.6925,0.6236,283.8490,-98.5566,-87.9435,283.7864
btc-updown-5m-1780094100,1780094186000,214,73389.66,73497.21,107.55,-0.0000,0.0152,0.3534,0.8440,2.2480,0.6470,0.003185,0.0778,4.5397,73490.80,0.0001,0.0087,-0.0146,-0.0000,0.4000,101.85,0.3800,71.00,0.3500,65.00,0.3400,700.62,0.3300,151.65,0.4500,24.83,0.4700,11.00,0.5300,5.00,0.5700,20.98,0.5800,278.45,0.5500,24.83,0.5300,11.00,0.4700,5.00,0.4300,20.98,0.4200,278.45,0.6000,101.85,0.6200,71.00,0.6500,65.00,0.6600,700.62,0.6700,151.65,1090.12,340.26,1430.38,340.26,1090.12,1430.38,0.0500,0.0500,0.5242,-0.5242,0.4402,0.5598,0.1586,0.1053,0.1053,0.1586,139.2525,-11.7223,-11.7223,139.2525
btc-updown-5m-1780094100,1780094187000,213,73393.11,73503.73,110.62,0.0089,0.0241,0.0859,0.9285,3.5520,0.8643,0.003533,0.0806,1.0657,73491.24,0.0081,0.0170,9.8130,0.0001,0.5200,11.28,0.5000,2.23,0.4500,126.03,0.4400,282.27,0.4300,70.00,0.5600,10.00,0.5700,60.00,0.5800,79.00,0.5900,11.37,0.6100,5.91,0.4400,10.00,0.4300,60.00,0.4200,79.00,0.4100,11.37,0.3900,5.91,0.4800,11.28,0.5000,2.23,0.5500,126.03,0.5600,282.27,0.5700,70.00,491.81,166.28,658.09,166.28,491.81,658.09,0.0400,0.0400,0.4947,-0.4947,0.5412,0.4588,0.0275,0.4210,0.4210,0.0275,31.6820,-51.0016,-50.9765,31.6664
btc-updown-5m-1780094100,1780094188000,212,73399.48,73503.74,104.26,0.0000,0.0241,0.0019,0.9304,3.5540,0.8647,0.003533,0.0807,0.0236,73491.25,0.0081,0.0170,0.0142,0.0000,0.5600,60.00,0.5500,887.40,0.5400,55.00,0.5300,55.00,0.5200,55.00,0.6200,25.03,0.6300,9.20,0.6600,20.00,0.6700,10.00,0.6800,10.00,0.3800,25.03,0.3700,9.20,0.3400,20.00,0.3300,10.00,0.3200,10.00,0.4400,60.00,0.4500,887.40,0.4600,55.00,0.4700,55.00,0.4800,55.00,1112.40,74.23,1186.63,74.23,1112.40,1186.63,0.0600,0.0600,0.8749,-0.8749,0.6023,0.3977,0.8517,0.4611,0.4611,0.8517,145.0325,-75.7597,-75.7720,145.0560
btc-updown-5m-1780094100,1780094189000,211,73405.51,73503.74,98.23,0.0000,0.0241,0.0659,0.9930,3.5540,0.8650,0.003533,0.0825,0.7991,73491.58,0.0076,0.0165,0.0000,0.0000,0.6100,42.86,0.6000,20.78,0.5900,20.74,0.5800,29.47,0.5700,65.00,0.6400,5.10,0.6500,18.00,0.6600,29.90,0.6700,10.00,0.6800,10.00,0.3600,5.10,0.3500,18.00,0.3400,29.90,0.3300,10.00,0.3200,10.00,0.3900,42.86,0.4000,20.78,0.4100,20.74,0.4200,29.47,0.4300,65.00,178.85,73.00,251.85,73.00,178.85,251.85,0.0300,0.0300,0.4203,-0.4203,0.6368,0.3632,0.3558,0.3164,0.3164,0.3558,-20.7150,-73.1617,-73.0556,-20.6849
btc-updown-5m-1780094100,1780094190000,210,73408.17,73503.74,95.57,0.0000,0.0089,0.0003,0.5074,1.3100,0.8647,0.003533,0.0825,0.0034,73491.58,0.0075,0.0165,0.0000,0.0000,0.6300,76.39,0.6100,50.00,0.5800,22.14,0.5700,5.00,0.5600,13.00,0.6400,92.32,0.7000,8.00,0.7100,16.00,0.7200,16.00,0.7700,112.57,0.3600,92.32,0.3000,8.00,0.2900,16.00,0.2800,16.00,0.2300,112.57,0.3700,76.39,0.3900,50.00,0.4200,22.14,0.4300,5.00,0.4400,13.00,166.53,244.89,411.42,244.89,166.53,411.42,0.0100,0.0100,-0.1905,0.1905,0.6345,0.3655,0.7590,0.4097,0.4097,0.7590,-278.7363,16.7425,16.7393,-278.6816
btc-updown-5m-1780094100,1780094191000,209,73408.17,73503.74,95.57,0.0000,0.0089,0.0000,0.1540,1.3080,0.8647,0.003533,0.0824,0.0000,73491.58,0.0062,0.0165,0.0000,0.0000,0.4900,411.00,0.4800,111.00,0.4700,137.00,0.4600,134.80,0.4500,516.98,0.6400,321.58,0.6500,68.00,0.6600,46.00,0.6700,56.00,0.6800,56.00,0.3600,321.58,0.3500,68.00,0.3400,46.00,0.3300,56.00,0.3200,56.00,0.5100,411.00,0.5200,111.00,0.5300,137.00,0.5400,134.80,0.5500,516.98,1310.78,547.58,1858.36,547.58,1310.78,1858.36,0.1500,0.1500,0.4107,-0.4107,0.5742,0.4258,0.3982,0.7115,0.7115,0.3982,-41.3475,78.6209,78.5773,-41.3246
btc-updown-5m-1780094100,1780094192000,208,73407.04,73503.74,96.70,0.0000,0.0000,0.0007,0.0688,0.0040,0.8643,0.003533,0.0824,0.0083,73491.59,0.0000,0.0165,0.0000,0.0000,0.5600,33.30,0.5500,98.00,0.5400,106.50,0.5300,95.00,0.5200,123.00,0.5700,5.00,0.5800,242.25,0.5900,26.00,0.6000,26.00,0.6100,56.00,0.4300,5.00,0.4200,242.25,0.4100,26.00,0.4000,26.00,0.3900,56.00,0.4400,33.30,0.4500,98.00,0.4600,106.50,0.4700,95.00,0.4800,123.00,455.80,355.25,811.05,355.25,455.80,811.05,0.0100,0.0100,0.1240,-0.1240,0.5687,0.4313,0.2881,0.6960,0.6960,0.2881,-95.4876,44.4826,44.4826,-95.4876
btc-updown-5m-1780094100,1780094193000,207,73406.91,73503.74,96.83,0.0000,0.0000,0.0000,0.0669,0.0020,0.8640,0.003533,0.0823,0.0000,73491.59,0.0000,0.0165,0.0000,0.0000,0.4900,211.70,0.4800,40.00,0.4700,40.00,0.4600,45.00,0.4500,445.98,0.5000,306.80,0.5100,73.40,0.5200,83.00,0.5300,81.22,0.5400,76.66,0.5000,306.80,0.4900,73.40,0.4800,83.00,0.4700,81.22,0.4600,76.66,0.5100,211.70,0.5200,40.00,0.5300,40.00,0.5400,45.00,0.5500,445.98,782.68,621.08,1403.76,621.08,782.68,1403.76,0.0100,0.0100,0.1151,-0.1151,0.4941,0.5059,0.3216,0.6122,0.6122,0.3216,27.5920,73.9283,73.9283,27.5920
btc-updown-5m-1780094100,1780094194000,206,73406.78,73503.74,96.96,0.0000,0.0000,0.0000,0.0010,0.0000,0.8640,0.003533,0.0822,0.0000,73491.59,0.0000,0.0165,0.0000,0.0000,0.4500,144.60,0.4400,350.65,0.4300,105.00,0.4200,150.00,0.4100,135.00,0.4600,35.00,0.4700,151.50,0.4800,36.00,0.4900,163.32,0.5000,52.00,0.5400,35.00,0.5300,151.50,0.5200,36.00,0.5100,163.32,0.5000,52.00,0.5500,144.60,0.5600,350.65,0.5700,105.00,0.5800,150.00,0.5900,135.00,885.25,437.82,1323.07,437.82,885.25,1323.07,0.0100,0.0100,0.3382,-0.3382,0.4581,0.5419,0.5594,0.4260,0.4260,0.5594,-31.8688,55.4983,55.5162,-31.8791
btc-updown-5m-1780094100,1780094195000,205,73406.96,73503.73,96.77,-0.0000,-0.0000,0.0006,0.0013,0.0020,0.8643,0.003533,0.0806,0.0078,73491.63,-0.0000,0.0165,-0.0132,-0.0000,0.4400,0.33,0.4100,10.00,0.4000,200.00,0.3900,11.25,0.3800,48.82,0.4600,239.32,0.4700,104.00,0.4800,91.00,0.4900,173.92,0.5000,86.00,0.5400,239.32,0.5300,104.00,0.5200,91.00,0.5100,173.92,0.5000,86.00,0.5600,53.90,0.5900,10.00,0.6000,200.00,0.6100,11.25,0.6200,48.82,270.40,694.24,964.64,694.24,323.97,1018.21,0.0200,0.0200,-0.4394,0.3636,0.4400,0.5563,0.0382,0.4945,0.4945,0.1972,36.1406,39.3330,30.0290,51.5031
btc-updown-5m-1780094100,1780094196000,204,73407.35,73503.74,96.39,0.0000,0.0000,0.0003,0.0016,0.0040,0.8647,0.003533,0.0805,0.0042,73491.63,0.0000,0.0165,0.0131,0.0000,0.4100,266.58,0.4000,180.79,0.3900,140.63,0.3800,104.82,0.3700,110.99,0.4200,57.01,0.4300,26.00,0.4400,26.00,0.4500,155.00,0.4600,54.32,0.5800,57.01,0.5700,26.00,0.5600,26.00,0.5500,155.00,0.5400,54.32,0.5900,266.58,0.6000,180.79,0.6100,140.63,0.6200,104.82,0.6300,110.99,803.81,318.33,1122.14,318.33,803.81,1122.14,0.0100,0.0100,0.4326,-0.4326,0.4182,0.5818,0.5566,0.2608,0.2608,0.5566,96.5602,-37.9699,-38.0283,96.7087
btc-updown-5m-1780094100,1780094197000,203,73406.07,73503.74,97.67,0.0000,0.0000,0.0000,0.0010,0.0040,0.8647,0.003533,0.0805,0.0000,73491.63,0.0000,0.0165,0.0000,0.0000,0.4100,359.86,0.4000,198.79,0.3900,67.25,0.3800,168.20,0.3700,61.00,0.4200,28.40,0.4300,21.00,0.4400,16.00,0.4500,26.00,0.4600,21.92,0.5800,28.40,0.5700,21.00,0.5600,16.00,0.5500,26.00,0.5400,21.92,0.5900,359.86,0.6000,198.79,0.6100,67.25,0.6200,168.20,0.6300,61.00,855.10,113.32,968.42,113.32,855.10,968.42,0.0100,0.0100,0.7660,-0.7660,0.4193,0.5807,0.6533,0.4359,0.4359,0.6533,13.5653,-122.2803,-122.4047,13.5791
btc-updown-5m-1780094100,1780094198000,202,73405.90,73503.73,97.83,-0.0000,-0.0000,0.0984,0.0994,0.0060,0.8647,0.003533,0.0837,1.1756,73492.09,-0.0000,0.0158,-0.0133,-0.0000,0.5200,229.74,0.5100,14.53,0.4900,16.00,0.4800,46.00,0.4700,46.00,0.5300,121.32,0.5400,136.66,0.5500,164.23,0.5600,81.00,0.5700,111.00,0.4700,121.32,0.4600,136.66,0.4500,164.23,0.4400,81.00,0.4300,111.00,0.4800,229.74,0.4900,14.53,0.5100,16.00,0.5200,46.00,0.5300,46.00,352.27,614.21,966.48,614.21,352.27,966.48,0.0100,0.0100,-0.2710,0.2710,0.5265,0.4735,0.6934,0.4200,0.4200,0.6934,-77.6600,35.0731,35.0731,-77.6600
btc-updown-5m-1780094100,1780094199000,201,73405.65,73503.73,98.08,0.0000,-0.0000,0.0000,0.0994,0.0060,0.8647,0.003533,0.0834,0.0000,73492.10,-0.0000,0.0158,0.0000,0.0000,0.4700,126.98,0.4600,23.00,0.4500,43.10,0.4400,56.00,0.4300,79.94,0.4800,158.97,0.4900,81.00,0.5000,81.00,0.5100,86.00,0.5200,111.00,0.5200,158.97,0.5100,81.00,0.5000,81.00,0.4900,86.00,0.4800,111.00,0.5300,126.98,0.5400,23.00,0.5500,43.10,0.5600,56.00,0.5700,79.94,329.02,517.97,846.99,517.97,329.02,846.99,0.0100,0.0100,-0.2231,0.2231,0.4744,0.5256,0.4558,0.4633,0.4633,0.4558,-109.2781,35.8622,35.8548,-109.2555
btc-updown-5m-1780094100,1780094200000,200,73405.65,73492.00,86.35,-0.0160,-0.0160,2.6262,2.7250,2.3500,1.2553,0.004621,0.1682,15.6180,73492.05,-0.0006,-0.0001,-13.7798,-0.0002,0.4200,11.93,0.4100,112.97,0.4000,313.79,0.3900,229.38,0.3800,163.82,0.4500,3.86,0.4600,100.00,0.4700,95.00,0.4800,64.00,0.4900,56.00,0.5500,3.86,0.5400,100.00,0.5300,95.00,0.5200,64.00,0.5100,56.00,0.5800,11.93,0.5900,112.97,0.6000,313.79,0.6100,229.38,0.6200,163.82,831.89,318.86,1150.75,318.86,831.89,1150.75,0.0300,0.0300,0.4458,-0.4458,0.4427,0.5573,0.1501,0.3257,0.3257,0.1501,-4.7637,-0.5753,-0.5754,-4.7645
btc-updown-5m-1780094100,1780094201000,199,73406.13,73489.86,83.73,-0.0029,-0.0189,0.0158,2.7404,2.7760,1.3267,0.004653,0.1686,0.0935,73492.04,-0.0035,-0.0030,-2.4382,-0.0000,0.2600,112.29,0.2500,295.00,0.2400,125.00,0.2300,167.18,0.2200,117.60,0.2700,372.04,0.2800,101.60,0.2900,250.69,0.3000,264.33,0.3100,116.00,0.7300,372.04,0.7200,101.60,0.7100,250.69,0.7000,264.33,0.6900,116.00,0.7400,112.29,0.7500,295.00,0.7600,125.00,0.7700,167.18,0.7800,117.60,817.07,1104.66,1921.73,1104.66,817.07,1921.73,0.0100,0.0100,-0.1497,0.1497,0.2623,0.7377,0.4985,0.4288,0.4288,0.4985,58.7124,58.1117,58.1117,58.7124
btc-updown-5m-1780094100,1780094202000,198,73398.49,73489.87,91.38,0.0000,-0.0189,0.0012,2.7415,2.7780,1.2573,0.004623,0.1686,0.0069,73492.04,-0.0035,-0.0030,0.0124,0.0000,0.2600,109.57,0.2500,295.00,0.2400,141.89,0.2300,159.99,0.2200,117.60,0.2700,250.71,0.2800,96.60,0.2900,189.02,0.3000,106.33,0.3100,111.00,0.7300,250.71,0.7200,96.60,0.7100,189.02,0.7000,106.33,0.6900,111.00,0.7400,109.57,0.7500,295.00,0.7600,141.89,0.7700,159.99,0.7800,117.60,824.05,753.66,1577.71,753.66,824.05,1577.71,0.0100,0.0100,0.0446,-0.0446,0.2630,0.7370,0.4910,0.4608,0.4608,0.4910,-25.9790,77.4884,77.5022,-25.9836
btc-updown-5m-1780094100,1780094203000,197,73398.49,73489.87,91.38,0.0000,-0.0189,0.0000,2.6431,2.7760,1.2570,0.004623,0.1624,0.0000,73492.04,-0.0035,-0.0030,0.0000,0.0000,0.2600,12.96,0.2500,265.00,0.2400,120.00,0.2300,208.96,0.2200,117.60,0.2700,79.62,0.2800,86.00,0.2900,206.02,0.3000,106.33,0.3100,111.00,0.7300,84.62,0.7200,86.00,0.7100,206.02,0.7000,106.33,0.6900,111.00,0.7400,12.96,0.7500,265.00,0.7600,120.00,0.7700,208.96,0.7800,117.60,724.52,588.97,1313.49,593.97,724.52,1318.49,0.0100,0.0100,0.1032,-0.0990,0.2614,0.7387,0.3836,0.2812,0.2873,0.3836,4.2179,49.0197,49.8539,4.2206
btc-updown-5m-1780094100,1780094204000,196,73392.00,73489.87,97.87,0.0000,-0.0189,0.0666,2.7097,2.7760,1.2567,0.004623,0.1637,0.4067,73492.02,-0.0028,-0.0029,0.0000,0.0000,0.2600,40.46,0.2500,349.99,0.2400,145.00,0.2300,164.99,0.2200,190.60,0.2700,337.46,0.2800,126.00,0.2900,189.69,0.3000,136.33,0.3100,121.00,0.7300,337.46,0.7200,126.00,0.7100,189.69,0.7000,136.33,0.6900,121.00,0.7400,40.46,0.7500,349.99,0.7600,145.00,0.7700,164.99,0.7800,190.60,891.04,910.48,1801.52,910.48,891.04,1801.52,0.0100,0.0100,-0.0108,0.0108,0.2611,0.7389,0.4382,0.5090,0.5090,0.4382,63.6134,112.6493,112.6493,63.6134
btc-updown-5m-1780094100,1780094205000,195,73390.96,73489.87,98.91,0.0000,-0.0029,0.0015,0.0850,0.4300,1.2567,0.004623,0.1621,0.0094,73492.02,-0.0028,-0.0029,0.0000,0.0000,0.3200,482.93,0.3100,111.00,0.3000,126.37,0.2900,111.00,0.2800,121.00,0.3300,20.00,0.3400,30.53,0.3500,79.32,0.3600,26.00,0.3700,26.00,0.6700,20.00,0.6600,30.53,0.6500,79.32,0.6400,26.00,0.6300,26.00,0.6800,482.93,0.6900,111.00,0.7000,126.37,0.7100,111.00,0.7200,121.00,952.30,181.85,1134.15,181.85,952.30,1134.15,0.0100,0.0100,0.6793,-0.6793,0.3296,0.6704,0.6237,0.2779,0.2779,0.6237,107.8526,-62.0488,-62.0595,107.8712
btc-updown-5m-1780094100,1780094206000,194,73390.76,73489.86,99.10,-0.0000,0.0000,0.0006,0.0698,0.0040,1.2567,0.004623,0.1621,0.0036,73492.02,-0.0000,-0.0029,-0.0135,-0.0000,0.3200,417.07,0.3100,91.32,0.3000,101.00,0.2900,86.00,0.2800,121.00,0.3300,45.08,0.3400,69.00,0.3500,109.32,0.3600,56.00,0.3700,56.00,0.6700,45.08,0.6600,69.00,0.6500,109.32,0.6400,56.00,0.6300,56.00,0.6800,417.07,0.6900,91.32,0.7000,101.00,0.7100,86.00,0.7200,121.00,816.39,335.40,1151.79,335.40,816.39,1151.79,0.0100,0.0100,0.4176,-0.4176,0.3290,0.6710,0.6227,0.3401,0.3401,0.6227,101.3981,-61.5097,-61.5197,101.4145
btc-updown-5m-1780094100,1780094207000,193,73390.76,73489.86,99.10,0.0000,-0.0000,0.0001,0.0688,0.0020,1.2567,0.004623,0.1615,0.0006,73492.02,-0.0000,-0.0029,0.0000,0.0000,0.3000,95.00,0.2900,22.00,0.2800,46.89,0.2700,285.99,0.2600,35.25,0.3100,449.24,0.3200,143.00,0.3300,168.95,0.3400,116.00,0.3500,164.32,0.6900,449.24,0.6800,143.00,0.6700,168.95,0.6600,116.00,0.6500,164.32,0.7000,95.00,0.7100,22.00,0.7200,46.89,0.7300,285.99,0.7400,35.25,485.13,1041.51,1526.64,1041.51,485.13,1526.64,0.0100,0.0100,-0.3644,0.3644,0.3017,0.6983,0.2412,0.5686,0.5686,0.2412,-40.6642,-20.8351,-20.8385,-40.6708
btc-updown-5m-1780094100,1780094208000,192,73391.31,73486.58,95.27,-0.0045,-0.0045,0.3360,0.4048,0.6580,1.3660,0.004689,0.1719,1.9548,73491.67,-0.0008,-0.0069,-4.2522,-0.0001,0.2500,117.59,0.2400,106.88,0.2300,23.00,0.2200,66.00,0.2100,26.00,0.2600,214.60,0.2700,114.00,0.2800,189.00,0.2900,131.00,0.3000,141.00,0.7400,214.60,0.7300,114.00,0.7200,189.00,0.7100,131.00,0.7000,141.00,0.7500,117.59,0.7600,106.88,0.7700,23.00,0.7800,66.00,0.7900,26.00,339.47,789.60,1129.07,789.60,339.47,1129.07,0.0100,0.0100,-0.3987,0.3987,0.2535,0.7465,0.6612,0.4162,0.4162,0.6612,-83.6204,6.7196,6.7196,-83.6204
btc-updown-5m-1780094100,1780094209000,191,73391.31,73486.58,95.27,0.0000,-0.0045,0.0000,0.3382,0.6580,1.1660,0.004453,0.1718,0.0000,73491.67,-0.0008,-0.0069,0.0000,0.0000,0.2400,100.00,0.2300,31.00,0.2200,83.53,0.2100,71.00,0.2000,244.50,0.2500,214.48,0.2600,106.00,0.2700,129.00,0.2800,194.00,0.2900,121.00,0.7500,214.48,0.7400,106.00,0.7300,129.00,0.7200,194.00,0.7100,121.00,0.7600,100.00,0.7700,31.00,0.7800,83.53,0.7900,71.00,0.8000,244.50,530.03,764.48,1294.51,764.48,530.03,1294.51,0.0100,0.0100,-0.1811,0.1811,0.2432,0.7568,0.2472,0.4192,0.4192,0.2472,-32.0204,8.1327,8.1314,-32.1633
btc-updown-5m-1780094100,1780094210000,190,73389.02,73486.57,97.55,-0.0000,-0.0045,0.0010,0.3377,0.6600,1.1663,0.004453,0.1339,0.0075,73493.28,-0.0000,-0.0091,-0.0133,-0.0000,0.2600,205.00,0.2500,145.50,0.2400,239.34,0.2300,133.30,0.2200,156.00,0.2700,46.29,0.2800,109.20,0.2900,57.00,0.3000,53.00,0.3100,66.00,0.7300,46.29,0.7200,109.20,0.7100,57.00,0.7000,53.00,0.6900,66.00,0.7400,205.00,0.7500,145.50,0.7600,239.34,0.7700,133.30,0.7800,156.00,879.14,331.49,1210.63,331.49,879.14,1210.63,0.0100,0.0100,0.4524,-0.4524,0.2682,0.7318,0.3987,0.4691,0.4691,0.3987,-5.2580,-98.2248,-98.2410,-5.2588
btc-updown-5m-1780094100,1780094211000,189,73387.24,73486.57,99.33,0.0000,-0.0045,0.0002,0.3373,0.6580,1.1663,0.004453,0.1338,0.0018,73493.28,-0.0000,-0.0091,0.0000,0.0000,0.2700,198.16,0.2600,103.00,0.2500,137.63,0.2400,234.34,0.2300,121.00,0.2800,111.99,0.2900,45.00,0.3000,52.00,0.3100,58.00,0.3200,61.00,0.7200,111.99,0.7100,45.00,0.7000,52.00,0.6900,58.00,0.6800,61.00,0.7300,198.16,0.7400,103.00,0.7500,137.63,0.7600,234.34,0.7700,121.00,794.13,327.99,1122.12,327.99,794.13,1122.12,0.0100,0.0100,0.4154,-0.4154,0.2764,0.7236,0.3792,0.4786,0.4786,0.3792,8.8737,-3.1456,-3.1456,8.8737
btc-updown-5m-1780094100,1780094212000,188,73387.44,73486.57,99.13,0.0000,-0.0045,0.0029,0.3401,0.6580,1.1663,0.004453,0.1339,0.0213,73493.28,-0.0000,-0.0091,0.0000,0.0000,0.2700,211.23,0.2600,103.00,0.2500,137.63,0.2400,234.34,0.2300,121.00,0.3300,40.89,0.3400,66.00,0.3500,66.00,0.3600,56.00,0.3700,82.00,0.6700,40.89,0.6600,66.00,0.6500,66.00,0.6400,56.00,0.6300,82.00,0.7300,211.23,0.7400,103.00,0.7500,137.63,0.7600,234.34,0.7700,121.00,807.20,310.89,1118.09,310.89,807.20,1118.09,0.0600,0.0600,0.4439,-0.4439,0.3203,0.6797,0.3893,0.3438,0.3438,0.3893,1.8210,-4.4410,-4.4410,1.8210
btc-updown-5m-1780094100,1780094213000,187,73388.17,73486.58,98.41,0.0000,0.0000,0.0001,0.0042,0.0040,1.1667,0.004453,0.1338,0.0006,73493.28,0.0000,-0.0091,0.0134,0.0000,0.2900,212.00,0.2800,106.00,0.2700,109.86,0.2600,81.00,0.2500,86.00,0.3000,53.96,0.3100,5.00,0.3200,20.00,0.3300,10.00,0.3400,45.00,0.7000,53.96,0.6900,5.00,0.6800,20.00,0.6700,10.00,0.6600,45.00,0.7100,212.00,0.7200,106.00,0.7300,109.86,0.7400,81.00,0.7500,86.00,594.86,133.96,728.82,133.96,594.86,728.82,0.0100,0.0100,0.6324,-0.6324,0.2980,0.7020,0.5346,0.4401,0.4401,0.5346,18.3710,-151.9421,-151.9166,18.3679
btc-updown-5m-1780094100,1780094214000,186,73387.59,73486.58,98.99,0.0000,0.0000,0.0754,0.0796,0.0040,1.1663,0.004453,0.1363,0.5536,73493.16,0.0000,-0.0090,0.0000,0.0000,0.2900,324.22,0.2800,106.00,0.2700,114.86,0.2600,81.00,0.2500,86.00,0.3000,38.96,0.3100,5.00,0.3200,50.00,0.3300,10.00,0.3400,45.00,0.7000,38.96,0.6900,5.00,0.6800,50.00,0.6700,10.00,0.6600,45.00,0.7100,324.22,0.7200,106.00,0.7300,114.86,0.7400,81.00,0.7500,86.00,712.08,148.96,861.04,148.96,712.08,861.04,0.0100,0.0100,0.6540,-0.6540,0.2989,0.7011,0.6042,0.2951,0.2951,0.6042,69.7380,-119.3693,-119.3693,69.7380
btc-updown-5m-1780094100,1780094215000,185,73388.11,73486.58,98.47,0.0000,0.0000,0.0000,0.0786,0.0020,0.7923,0.003439,0.1362,0.0000,73493.17,0.0000,-0.0090,0.0000,0.0000,0.3300,471.99,0.3200,143.41,0.3100,126.04,0.3000,101.00,0.2900,128.11,0.3500,23.88,0.3600,40.00,0.3700,50.00,0.3800,79.00,0.3900,63.00,0.6500,23.88,0.6400,40.00,0.6300,50.00,0.6200,79.00,0.6100,63.00,0.6700,471.99,0.6800,143.41,0.6900,126.04,0.7000,101.00,0.7100,128.11,970.55,255.88,1226.43,255.88,970.55,1226.43,0.0200,0.0200,0.5827,-0.5827,0.3490,0.6510,0.6341,0.2496,0.2496,0.6341,70.9540,-81.4779,-81.4779,70.9540
btc-updown-5m-1780094100,1780094216000,184,73388.11,73486.58,98.47,0.0000,0.0000,0.0120,0.0904,0.0020,0.7920,0.003439,0.1209,0.0993,73492.62,0.0000,-0.0082,0.0000,0.0000,0.3400,334.42,0.3300,138.72,0.3200,86.00,0.3100,130.69,0.3000,91.00,0.3500,138.76,0.3600,10.00,0.3700,20.00,0.3800,45.00,0.3900,55.00,0.6500,138.76,0.6400,10.00,0.6300,20.00,0.6200,45.00,0.6100,55.00,0.6600,334.42,0.6700,138.72,0.6800,86.00,0.6900,130.69,0.7000,91.00,780.83,268.76,1049.59,268.76,780.83,1049.59,0.0100,0.0100,0.4879,-0.4879,0.3471,0.6529,0.6059,0.5535,0.5535,0.6059,-56.1615,-7.0396,-7.0385,-56.1523
btc-updown-5m-1780094100,1780094217000,183,73388.27,73486.58,98.31,0.0000,0.0000,0.0063,0.0938,0.0020,0.5747,0.002972,0.1097,0.0574,73492.13,0.0000,-0.0076,0.0000,0.0000,0.3300,1.63,0.3200,26.00,0.3100,65.69,0.3000,26.00,0.2900,25.87,0.3400,65.00,0.3500,750.75,0.3600,121.00,0.3700,104.27,0.3800,116.00,0.6600,65.00,0.6500,750.75,0.6400,121.00,0.6300,104.27,0.6200,116.00,0.6700,1.63,0.6800,26.00,0.6900,65.69,0.7000,26.00,0.7100,25.87,145.19,1157.02,1302.21,1157.02,145.19,1302.21,0.0100,0.0100,-0.7770,0.7770,0.3302,0.6698,0.1903,0.7050,0.7050,0.1903,-112.7147,133.3088,133.3088,-112.7147
btc-updown-5m-1780094100,1780094218000,182,73388.81,73486.58,97.77,0.0000,0.0000,0.0017,0.0955,0.0020,0.5747,0.002972,0.1070,0.0162,73491.83,0.0000,-0.0071,0.0000,0.0000,0.3200,11.85,0.3100,57.69,0.3000,31.52,0.2900,25.87,0.2800,41.00,0.3300,469.48,0.3400,188.00,0.3500,196.62,0.3600,147.00,0.3700,104.27,0.6700,469.48,0.6600,188.00,0.6500,196.62,0.6400,147.00,0.6300,104.27,0.6800,11.85,0.6900,57.69,0.7000,31.52,0.7100,25.87,0.7200,41.00,167.93,1105.37,1273.30,1105.37,167.93,1273.30,0.0100,0.0100,-0.7362,0.7362,0.3202,0.6798,0.4141,0.5948,0.5948,0.4141,-21.7064,142.0021,141.9774,-21.7026
btc-updown-5m-1780094100,1780094219000,181,73388.81,73486.57,97.76,-0.0000,-0.0000,0.0020,0.0220,0.0040,0.5747,0.002972,0.1070,0.0187,73491.82,-0.0000,-0.0071,-0.0133,-0.0000,0.2600,38.48,0.2500,106.00,0.2400,144.35,0.2300,81.00,0.2200,126.00,0.2900,25.00,0.3000,260.62,0.3100,106.00,0.3200,141.40,0.3300,128.00,0.7100,25.00,0.7000,260.62,0.6900,106.00,0.6800,141.40,0.6700,128.00,0.7400,38.48,0.7500,106.00,0.7600,144.35,0.7700,81.00,0.7800,126.00,495.83,661.02,1156.85,661.02,495.83,1156.85,0.0300,0.0300,-0.1428,0.1428,0.2782,0.7218,0.2914,0.4321,0.4321,0.2914,-16.6409,88.5666,88.5666,-16.6409
btc-updown-5m-1780094100,1780094220000,180,73388.20,73486.58,98.38,0.0000,0.0000,0.0068,0.0288,0.0060,0.5750,0.002972,0.1051,0.0647,73491.57,0.0000,-0.0068,0.0134,0.0000,0.2600,59.39,0.2500,111.00,0.2400,121.24,0.2300,135.99,0.2200,126.00,0.2700,157.81,0.2800,26.00,0.2900,38.00,0.3000,81.00,0.3100,56.00,0.7300,157.81,0.7200,26.00,0.7100,38.00,0.7000,81.00,0.6900,56.00,0.7400,59.39,0.7500,111.00,0.7600,121.24,0.7700,135.99,0.7800,126.00,553.62,358.81,912.43,358.81,553.62,912.43,0.0100,0.0100,0.2135,-0.2135,0.2627,0.7373,0.3078,0.5123,0.5123,0.3078,-43.9979,31.3372,31.3372,-43.9979
btc-updown-5m-1780094100,1780094221000,179,73388.14,73486.57,98.43,-0.0000,-0.0000,0.0001,0.0169,0.0080,0.5753,0.002972,0.1050,0.0007,73491.56,-0.0000,-0.0068,-0.0134,-0.0000,0.2600,10.52,0.2500,116.00,0.2400,151.24,0.2300,135.99,0.2200,126.00,0.2700,259.68,0.2800,130.80,0.2900,81.00,0.3000,106.00,0.3100,111.00,0.7300,259.68,0.7200,130.80,0.7100,81.00,0.7000,106.00,0.6900,111.00,0.7400,10.52,0.7500,116.00,0.7600,151.24,0.7700,135.99,0.7800,126.00,539.75,688.48,1228.23,688.48,539.75,1228.23,0.0100,0.0100,-0.1211,0.1211,0.2604,0.7396,0.2344,0.5672,0.5672,0.2344,-97.9414,82.9859,83.0002,-97.9582
btc-updown-5m-1780094100,1780094222000,178,73387.97,73486.57,98.60,0.0000,-0.0000,0.0030,0.0136,0.0080,0.5753,0.002972,0.1051,0.0283,73491.56,-0.0000,-0.0068,0.0000,0.0000,0.2600,10.52,0.2500,116.00,0.2400,151.24,0.2300,135.99,0.2200,126.00,0.2700,259.68,0.2800,130.80,0.2900,81.00,0.3000,106.00,0.3100,111.00,0.7300,259.68,0.7200,130.80,0.7100,81.00,0.7000,106.00,0.6900,111.00,0.7400,10.52,0.7500,116.00,0.7600,151.24,0.7700,135.99,0.7800,126.00,539.75,688.48,1228.23,688.48,539.75,1228.23,0.0100,0.0100,-0.1211,0.1211,0.2604,0.7396,0.2344,0.5672,0.5672,0.2344,-51.0330,88.8484,88.8672,-51.0438
btc-updown-5m-1780094100,1780094223000,177,73387.94,73486.58,98.64,0.0000,0.0000,0.0001,0.0119,0.0080,0.5757,0.002972,0.1051,0.0008,73491.56,0.0000,-0.0068,0.0134,0.0000,0.2300,60.00,0.2200,235.99,0.2100,103.88,0.2000,189.50,0.1900,161.00,0.2400,13.76,0.2500,757.11,0.2600,103.00,0.2700,131.00,0.2800,121.00,0.7600,13.76,0.7500,757.11,0.7400,103.00,0.7300,131.00,0.7200,121.00,0.7700,60.00,0.7800,235.99,0.7900,103.88,0.8000,189.50,0.8100,161.00,750.37,1125.87,1876.24,1125.87,750.37,1876.24,0.0100,0.0100,-0.2001,0.2001,0.2381,0.7619,0.3945,0.6847,0.6847,0.3945,99.5633,-26.9562,-26.9517,99.5468
btc-updown-5m-1780094100,1780094224000,176,73387.94,73486.58,98.64,0.0000,0.0000,0.7319,0.7418,0.0060,0.5757,0.002972,0.1287,5.6853,73490.64,0.0000,-0.0055,0.0000,0.0000,0.2400,405.65,0.2300,144.94,0.2200,278.51,0.2100,101.00,0.2000,199.50,0.2700,37.50,0.2800,71.00,0.2900,71.00,0.3000,76.00,0.3100,116.00,0.7300,37.50,0.7200,71.00,0.7100,71.00,0.7000,76.00,0.6900,116.00,0.7600,405.65,0.7700,144.94,0.7800,278.51,0.7900,101.00,0.8000,199.50,1129.60,371.50,1501.10,371.50,1129.60,1501.10,0.0300,0.0300,0.5050,-0.5050,0.2675,0.7325,0.4874,0.2921,0.2921,0.4874,155.5390,-113.8337,-113.8337,155.5390
btc-updown-5m-1780094100,1780094225000,175,73387.93,73486.58,98.65,0.0000,0.0000,0.0002,0.7352,0.0040,0.5753,0.002972,0.1287,0.0014,73490.64,0.0000,-0.0055,0.0000,0.0000,0.2900,219.64,0.2800,58.00,0.2700,26.00,0.2600,62.36,0.2500,66.00,0.3000,52.61,0.3100,71.84,0.3200,76.00,0.3300,96.00,0.3400,56.00,0.7000,52.61,0.6900,71.84,0.6800,76.00,0.6700,96.00,0.6600,56.00,0.7100,219.64,0.7200,58.00,0.7300,26.00,0.7400,62.36,0.7500,66.00,432.00,352.45,784.45,352.45,432.00,784.45,0.0100,0.0100,0.1014,-0.1014,0.2981,0.7019,0.6427,0.3531,0.3531,0.6427,7.3341,-73.1033,-73.0911,7.3329
btc-updown-5m-1780094100,1780094226000,174,73387.93,73486.58,98.65,0.0000,0.0000,0.0001,0.7352,0.0020,0.5750,0.002972,0.1287,0.0007,73490.64,0.0000,-0.0055,0.0000,0.0000,0.2900,176.46,0.2800,48.00,0.2700,26.00,0.2600,32.36,0.2500,66.00,0.3000,128.61,0.3100,63.84,0.3200,46.00,0.3300,96.00,0.3400,56.00,0.7000,128.61,0.6900,63.84,0.6800,46.00,0.6700,96.00,0.6600,56.00,0.7100,176.46,0.7200,48.00,0.7300,26.00,0.7400,32.36,0.7500,66.00,348.82,390.45,739.27,390.45,348.82,739.27,0.0100,0.0100,-0.0563,0.0563,0.2958,0.7042,0.6435,0.4929,0.4929,0.6435,-68.0985,-5.3461,-5.3461,-68.0985
btc-updown-5m-1780094100,1780094227000,173,73387.93,73486.58,98.65,0.0000,0.0000,0.0007,0.7329,0.0020,0.5750,0.002972,0.1287,0.0052,73490.64,0.0000,-0.0055,0.0000,0.0000,0.2900,186.69,0.2800,58.00,0.2700,26.00,0.2600,26.00,0.2500,66.00,0.3000,108.72,0.3100,41.84,0.3200,58.00,0.3300,96.00,0.3400,56.00,0.7000,108.72,0.6900,41.84,0.6800,58.00,0.6700,96.00,0.6600,56.00,0.7100,186.69,0.7200,58.00,0.7300,26.00,0.7400,26.00,0.7500,66.00,362.69,360.56,723.25,360.56,362.69,723.25,0.0100,0.0100,0.0029,-0.0029,0.2963,0.7037,0.6747,0.4176,0.4176,0.6747,-31.7882,-66.5072,-66.5628,-31.8148
btc-updown-5m-1780094100,1780094228000,172,73387.93,73485.76,97.83,-0.0011,-0.0011,0.2805,1.0133,0.1640,0.6020,0.002969,0.1378,2.0357,73490.32,-0.0008,-0.0062,-1.0916,-0.0000,0.2100,13.48,0.2000,113.50,0.1900,125.29,0.1800,112.01,0.1700,87.00,0.2200,557.95,0.2300,106.00,0.2400,198.68,0.2500,136.00,0.2600,223.00,0.7800,557.95,0.7700,106.00,0.7600,198.68,0.7500,136.00,0.7400,223.00,0.7900,13.48,0.8000,113.50,0.8100,125.29,0.8200,112.01,0.8300,87.00,451.28,1221.63,1672.91,1221.63,451.28,1672.91,0.0100,0.0100,-0.4605,0.4605,0.2102,0.7898,0.2814,0.5435,0.5435,0.2814,-11.0632,94.4319,94.4812,-11.0689
btc-updown-5m-1780094100,1780094229000,171,73387.95,73485.35,97.40,-0.0006,-0.0017,0.0007,0.2822,0.2460,0.6157,0.002965,0.1346,0.0055,73490.00,-0.0014,-0.0063,-0.5434,-0.0000,0.2000,118.89,0.1900,125.29,0.1800,122.01,0.1700,57.00,0.1600,181.01,0.2100,317.79,0.2200,84.95,0.2300,106.00,0.2400,203.68,0.2500,136.00,0.7900,317.79,0.7800,84.95,0.7700,106.00,0.7600,203.68,0.7500,136.00,0.8000,118.89,0.8100,125.29,0.8200,122.01,0.8300,57.00,0.8400,181.01,604.20,848.42,1452.62,848.42,604.20,1452.62,0.0100,0.0100,-0.1681,0.1681,0.2027,0.7973,0.4041,0.4747,0.4747,0.4041,-9.7282,-54.6551,-54.6551,-9.7282
btc-updown-5m-1780094100,1780094230000,170,73386.20,73485.36,99.16,0.0000,-0.0017,0.0004,0.2823,0.2480,0.2250,0.000953,0.1346,0.0027,73490.00,-0.0005,-0.0063,0.0135,0.0000,0.2000,355.68,0.1900,155.29,0.1800,152.01,0.1700,92.00,0.1600,143.01,0.2400,13.67,0.2500,81.00,0.2600,153.00,0.2700,96.00,0.2800,126.00,0.7600,13.67,0.7500,81.00,0.7400,153.00,0.7300,96.00,0.7200,126.00,0.8000,355.68,0.8100,155.29,0.8200,152.01,0.8300,92.00,0.8400,143.01,897.99,469.67,1367.66,469.67,897.99,1367.66,0.0400,0.0400,0.3132,-0.3132,0.2385,0.7615,0.5690,0.2016,0.2016,0.5690,-51.9133,-2.5207,-2.5215,-51.9301
btc-updown-5m-1780094100,1780094231000,169,73385.57,73485.35,99.78,-0.0000,-0.0017,0.0006,0.2828,0.2500,0.1540,0.000821,0.0499,0.0120,73486.61,-0.0006,-0.0017,-0.0136,-0.0000,0.2200,73.25,0.2100,41.00,0.2000,137.38,0.1900,151.63,0.1800,152.01,0.2400,22.33,0.2500,61.00,0.2600,173.00,0.2700,96.00,0.2800,126.00,0.7600,22.33,0.7500,61.00,0.7400,173.00,0.7300,96.00,0.7200,126.00,0.7800,73.25,0.7900,41.00,0.8000,137.38,0.8100,151.63,0.8200,152.01,555.27,478.33,1033.60,478.33,555.27,1033.60,0.0200,0.0200,0.0744,-0.0744,0.2353,0.7647,0.2058,0.1742,0.1742,0.2058,7.2868,20.6869,20.6869,7.2868
btc-updown-5m-1780094100,1780094232000,168,73385.44,73485.35,99.91,0.0000,-0.0017,0.0008,0.2830,0.2500,0.1537,0.000821,0.0495,0.0162,73486.58,-0.0006,-0.0017,0.0000,0.0000,0.2400,14.00,0.2300,26.00,0.2200,77.00,0.2100,71.00,0.2000,137.38,0.2500,204.28,0.2600,223.60,0.2700,151.00,0.2800,181.00,0.2900,116.00,0.7500,204.28,0.7400,223.60,0.7300,151.00,0.7200,181.00,0.7100,116.00,0.7600,14.00,0.7700,26.00,0.7800,77.00,0.7900,71.00,0.8000,137.38,325.38,875.88,1201.26,875.88,325.38,1201.26,0.0100,0.0100,-0.4583,0.4583,0.2406,0.7594,0.1229,0.4885,0.4885,0.1229,-3.8170,79.0474,79.0474,-3.8170
btc-updown-5m-1780094100,1780094233000,167,73385.43,73485.35,99.92,0.0000,-0.0006,0.0000,0.0025,0.0860,0.1537,0.000821,0.0494,0.0000,73486.58,-0.0006,-0.0017,0.0000,0.0000,0.2300,12.22,0.2200,42.00,0.2100,36.00,0.2000,117.38,0.1900,96.63,0.2400,160.12,0.2500,198.43,0.2600,203.00,0.2700,156.00,0.2800,181.00,0.7600,160.12,0.7500,198.43,0.7400,203.00,0.7300,156.00,0.7200,181.00,0.7700,12.22,0.7800,42.00,0.7900,36.00,0.8000,117.38,0.8100,96.63,304.23,898.55,1202.78,898.55,304.23,1202.78,0.0100,0.0100,-0.4941,0.4941,0.2307,0.7693,0.1782,0.3990,0.3990,0.1782,-10.2489,94.3180,94.3015,-10.2472
btc-updown-5m-1780094100,1780094234000,166,73385.23,73485.36,100.13,0.0000,0.0000,0.0561,0.0579,0.0060,0.1540,0.000821,0.0512,1.0950,73486.53,0.0000,-0.0016,0.0136,0.0000,0.2200,38.58,0.2100,41.00,0.2000,127.38,0.1900,104.15,0.1800,177.01,0.2300,55.53,0.2400,61.00,0.2500,112.98,0.2600,153.00,0.2700,101.00,0.7700,55.53,0.7600,61.00,0.7500,112.98,0.7400,153.00,0.7300,101.00,0.7800,38.58,0.7900,41.00,0.8000,127.38,0.8100,104.15,0.8200,177.01,488.12,483.51,971.63,483.51,488.12,971.63,0.0100,0.0100,0.0047,-0.0047,0.2241,0.7759,0.1630,0.2410,0.2410,0.1630,4.5697,-107.6841,-107.6314,4.5674
btc-updown-5m-1780094100,1780094235000,165,73385.23,73485.35,100.12,-0.0000,-0.0000,0.0010,0.0585,0.0060,0.1543,0.000821,0.0491,0.0204,73486.39,-0.0000,-0.0014,-0.0136,-0.0000,0.2200,155.58,0.2100,52.29,0.2000,139.38,0.1900,91.63,0.1800,177.01,0.2500,101.62,0.2600,153.00,0.2700,101.00,0.2800,126.00,0.2900,61.00,0.7500,101.62,0.7400,153.00,0.7300,101.00,0.7200,126.00,0.7100,61.00,0.7800,155.58,0.7900,52.29,0.8000,139.38,0.8100,91.63,0.8200,177.01,615.89,542.62,1158.51,542.62,615.89,1158.51,0.0300,0.0300,0.0632,-0.0632,0.2381,0.7619,0.3375,0.4692,0.4692,0.3375,1.9055,-49.8452,-49.8614,1.9061
btc-updown-5m-1780094100,1780094236000,164,73385.26,73485.35,100.09,0.0000,0.0000,0.0003,0.0582,0.0040,0.1540,0.000821,0.0491,0.0057,73486.38,-0.0000,-0.0014,0.0000,0.0000,0.2400,27.68,0.2300,26.00,0.2200,46.77,0.2100,36.00,0.2000,122.38,0.2500,163.94,0.2600,183.00,0.2700,168.00,0.2800,181.00,0.2900,121.00,0.7500,163.94,0.7400,183.00,0.7300,168.00,0.7200,181.00,0.7100,121.00,0.7600,27.68,0.7700,26.00,0.7800,46.77,0.7900,36.00,0.8000,122.38,258.83,816.94,1075.77,816.94,258.83,1075.77,0.0100,0.0100,-0.5188,0.5188,0.2414,0.7586,0.2074,0.4247,0.4247,0.2074,-112.3403,77.7253,77.7122,-112.3214
btc-updown-5m-1780094100,1780094237000,163,73385.26,73485.35,100.09,0.0000,0.0000,0.0000,0.0574,0.0040,0.1540,0.000821,0.0491,0.0000,73486.38,-0.0000,-0.0014,0.0000,0.0000,0.2700,204.10,0.2600,86.00,0.2500,112.48,0.2400,81.00,0.2300,89.00,0.2800,64.88,0.2900,71.00,0.3000,40.00,0.3100,40.00,0.3200,55.00,0.7200,64.88,0.7100,71.00,0.7000,40.00,0.6900,40.00,0.6800,55.00,0.7300,204.10,0.7400,86.00,0.7500,112.48,0.7600,81.00,0.7700,89.00,572.58,270.88,843.46,270.88,572.58,843.46,0.0100,0.0100,0.3577,-0.3577,0.2776,0.7224,0.5067,0.5016,0.5016,0.5067,-4.5939,-28.6916,-28.7008,-4.5954
btc-updown-5m-1780094100,1780094238000,162,73385.26,73485.35,100.09,0.0000,0.0000,0.0000,0.0574,0.0040,0.0447,0.000221,0.0491,0.0000,73486.38,-0.0000,-0.0014,0.0000,0.0000,0.2700,230.43,0.2600,86.00,0.2500,103.00,0.2400,90.88,0.2300,89.00,0.2800,179.44,0.2900,71.00,0.3000,57.00,0.3100,40.00,0.3200,55.00,0.7200,179.44,0.7100,71.00,0.7000,57.00,0.6900,40.00,0.6800,55.00,0.7300,230.43,0.7400,86.00,0.7500,103.00,0.7600,90.88,0.7700,89.00,599.31,402.44,1001.75,402.44,599.31,1001.75,0.0100,0.0100,0.1965,-0.1965,0.2756,0.7244,0.5280,0.6223,0.6223,0.5280,49.8326,-86.1270,-86.1270,49.8326
btc-updown-5m-1780094100,1780094239000,161,73385.17,73485.35,100.18,0.0000,-0.0000,0.0000,0.0013,0.0020,0.0447,0.000221,0.0382,0.0000,73486.32,-0.0000,-0.0013,0.0000,0.0000,0.2500,35.48,0.2400,41.00,0.2300,24.00,0.2200,136.00,0.2100,42.36,0.2600,188.49,0.2700,151.76,0.2800,230.56,0.2900,142.00,0.3000,116.00,0.7400,188.49,0.7300,151.76,0.7200,230.56,0.7100,142.00,0.7000,116.00,0.7500,35.48,0.7600,41.00,0.7700,24.00,0.7800,136.00,0.7900,42.36,278.84,828.81,1107.65,828.81,278.84,1107.65,0.0100,0.0100,-0.4965,0.4965,0.2516,0.7484,0.2743,0.4105,0.4105,0.2743,-3.1507,-16.0569,-16.0597,-3.1512
btc-updown-5m-1780094100,1780094240000,160,73385.17,73476.00,90.83,-0.0127,-0.0127,0.8355,0.8358,1.8700,0.3560,0.002285,0.0652,12.8204,73482.05,-0.0000,-0.0082,-11.5565,-0.0002,0.2300,18.28,0.2200,126.00,0.2100,57.36,0.2000,152.38,0.1900,91.63,0.2400,226.60,0.2500,274.92,0.2600,312.41,0.2700,144.00,0.2800,126.00,0.7600,226.60,0.7500,274.92,0.7400,312.41,0.7300,144.00,0.7200,126.00,0.7700,18.28,0.7800,126.00,0.7900,57.36,0.8000,152.38,0.8100,91.63,445.65,1083.93,1529.58,1083.93,445.65,1529.58,0.0100,0.0100,-0.4173,0.4173,0.2307,0.7693,0.3238,0.4627,0.4627,0.3238,-7.5341,106.5141,106.5708,-7.5382
btc-updown-5m-1780094100,1780094241000,159,73385.13,73476.00,90.87,0.0000,-0.0127,0.0001,0.8356,1.8700,0.3560,0.002285,0.0651,0.0014,73482.05,-0.0000,-0.0082,0.0000,0.0000,0.2200,124.28,0.2100,57.36,0.2000,147.38,0.1900,91.63,0.1800,142.01,0.2400,192.79,0.2500,254.92,0.2600,312.41,0.2700,157.00,0.2800,116.00,0.7600,192.79,0.7500,254.92,0.7400,312.41,0.7300,157.00,0.7200,116.00,0.7800,124.28,0.7900,57.36,0.8000,147.38,0.8100,91.63,0.8200,142.01,562.66,1033.12,1595.78,1033.12,562.66,1595.78,0.0200,0.0200,-0.2948,0.2948,0.2278,0.7722,0.3228,0.4334,0.4334,0.3228,-0.3432,101.0018,100.9852,-0.3432
btc-updown-5m-1780094100,1780094242000,158,73380.03,73476.01,95.98,0.0000,-0.0127,0.0001,0.8357,1.8720,0.3563,0.002285,0.0651,0.0020,73482.05,0.0000,-0.0082,0.0131,0.0000,0.1700,82.96,0.1600,53.01,0.1500,225.01,0.1400,79.00,0.1300,149.00,0.1800,288.39,0.1900,181.86,0.2000,183.87,0.2100,116.00,0.2200,116.00,0.8200,288.39,0.8100,181.86,0.8000,183.87,0.7900,116.00,0.7800,116.00,0.8300,82.96,0.8400,53.01,0.8500,225.01,0.8600,79.00,0.8700,149.00,588.98,886.12,1475.10,886.12,588.98,1475.10,0.0100,0.0100,-0.2014,0.2014,0.1722,0.8278,0.2309,0.5307,0.5307,0.2309,54.6606,11.4536,11.4536,54.6606
btc-updown-5m-1780094100,1780094243000,157,73378.15,73476.00,97.85,-0.0000,-0.0127,0.0001,0.8358,1.8740,0.3563,0.002284,0.0650,0.0014,73482.04,-0.0000,-0.0082,-0.0133,-0.0000,0.1800,278.08,0.1700,102.85,0.1600,133.01,0.1500,284.01,0.1400,124.00,0.1900,48.61,0.2000,96.18,0.2100,73.00,0.2200,61.00,0.2300,151.00,0.8100,48.61,0.8000,96.18,0.7900,73.00,0.7800,61.00,0.7700,151.00,0.8200,278.08,0.8300,102.85,0.8400,133.01,0.8500,284.01,0.8600,124.00,921.95,429.79,1351.74,429.79,921.95,1351.74,0.0100,0.0100,0.3641,-0.3641,0.1885,0.8115,0.4132,0.3369,0.3369,0.4132,46.6420,26.7076,26.6986,46.6263
btc-updown-5m-1780094100,1780094244000,156,73376.89,73476.01,99.12,0.0000,-0.0127,0.0632,0.8990,1.8760,0.3567,0.002285,0.0671,0.9421,73481.86,0.0000,-0.0080,0.0135,0.0000,0.2100,133.48,0.2000,151.56,0.1900,147.25,0.1800,138.77,0.1700,98.89,0.2200,70.00,0.2300,93.00,0.2400,117.00,0.2500,89.44,0.2600,87.00,0.7800,70.00,0.7700,93.00,0.7600,117.00,0.7500,89.44,0.7400,87.00,0.7900,133.48,0.8000,151.56,0.8100,147.25,0.8200,138.77,0.8300,98.89,669.95,456.44,1126.39,456.44,669.95,1126.39,0.0100,0.0100,0.1896,-0.1896,0.2166,0.7834,0.4255,0.3571,0.3571,0.4255,93.5848,-57.5557,-57.5456,93.5684
btc-updown-5m-1780094100,1780094245000,155,73376.57,73476.00,99.43,-0.0000,0.0000,0.0300,0.0935,0.0080,0.3570,0.002284,0.0656,0.4572,73481.60,-0.0000,-0.0076,-0.0135,-0.0000,0.2200,986.71,0.2100,111.00,0.2000,111.00,0.1900,125.25,0.1800,111.00,0.2300,50.15,0.2400,20.00,0.2500,26.31,0.2600,15.00,0.2700,20.00,0.7700,50.15,0.7600,20.00,0.7500,26.31,0.7400,15.00,0.7300,20.00,0.7800,986.71,0.7900,111.00,0.8000,111.00,0.8100,125.25,0.8200,111.00,1444.96,131.46,1576.42,131.46,1444.96,1576.42,0.0100,0.0100,0.8332,-0.8332,0.2295,0.7705,0.7597,0.5336,0.5336,0.7597,189.8243,-90.9705,-90.9558,189.7937
btc-updown-5m-1780094100,1780094246000,154,73376.84,73476.00,99.16,0.0000,0.0000,0.0000,0.0934,0.0080,0.3570,0.002284,0.0656,0.0000,73481.60,-0.0000,-0.0076,0.0000,0.0000,0.2600,216.22,0.2500,86.00,0.2400,212.03,0.2300,128.00,0.2200,86.00,0.2700,283.11,0.2800,25.00,0.2900,15.00,0.3000,15.62,0.3100,22.17,0.7300,283.11,0.7200,25.00,0.7100,15.00,0.7000,15.62,0.6900,22.17,0.7400,216.22,0.7500,86.00,0.7600,212.03,0.7700,128.00,0.7800,86.00,728.25,360.90,1089.15,360.90,728.25,1089.15,0.0100,0.0100,0.3373,-0.3373,0.2643,0.7357,0.4150,0.8537,0.8537,0.4150,32.7253,-132.8498,-132.8498,32.7253
btc-updown-5m-1780094100,1780094247000,153,73376.84,73476.01,99.17,0.0000,0.0000,0.0013,0.0945,0.0080,0.3573,0.002285,0.0653,0.0192,73481.57,0.0000,-0.0076,0.0135,0.0000,0.2600,205.79,0.2500,26.00,0.2400,157.03,0.2300,86.00,0.2200,46.00,0.2700,304.10,0.2800,125.00,0.2900,70.00,0.3000,86.62,0.3100,93.17,0.7300,304.10,0.7200,125.00,0.7100,70.00,0.7000,86.62,0.6900,93.17,0.7400,205.79,0.7500,26.00,0.7600,157.03,0.7700,86.00,0.7800,46.00,520.82,678.89,1199.71,678.89,520.82,1199.71,0.0100,0.0100,-0.1318,0.1318,0.2640,0.7360,0.4450,0.6321,0.6321,0.4450,-6.8714,-58.1754,-58.1754,-6.8714
btc-updown-5m-1780094100,1780094248000,152,73377.80,73476.00,98.20,-0.0000,0.0000,0.0040,0.0985,0.0080,0.3573,0.002284,0.0652,0.0617,73481.54,-0.0000,-0.0075,-0.0134,-0.0000,0.2600,28.49,0.2500,26.00,0.2400,145.03,0.2300,76.00,0.2200,26.00,0.2700,305.58,0.2800,125.00,0.2900,70.00,0.3000,98.62,0.3100,93.17,0.7300,305.58,0.7200,125.00,0.7100,70.00,0.7000,98.62,0.6900,93.17,0.7400,28.49,0.7500,26.00,0.7600,145.03,0.7700,76.00,0.7800,26.00,301.52,692.37,993.89,692.37,301.52,993.89,0.0100,0.0100,-0.3933,0.3933,0.2609,0.7391,0.1807,0.6219,0.6219,0.1807,-48.8654,-24.2359,-24.2275,-48.8486
btc-updown-5m-1780094100,1780094249000,151,73377.86,73476.01,98.15,0.0000,0.0000,0.0113,0.0465,0.0080,0.3573,0.002285,0.0655,0.1719,73481.50,0.0000,-0.0075,0.0134,0.0000,0.2400,156.19,0.2300,61.27,0.2200,26.00,0.2100,56.00,0.2000,56.00,0.2700,361.67,0.2800,130.00,0.2900,86.00,0.3000,98.62,0.3100,98.17,0.7300,361.67,0.7200,130.00,0.7100,86.00,0.7000,98.62,0.6900,98.17,0.7600,156.19,0.7700,61.27,0.7800,26.00,0.7900,56.00,0.8000,56.00,355.46,774.46,1129.92,774.46,355.46,1129.92,0.0300,0.0300,-0.3708,0.3708,0.2490,0.7510,0.6118,0.6349,0.6349,0.6118,-95.6465,58.7454,58.7454,-95.6465
btc-updown-5m-1780094100,1780094250000,150,73377.86,73476.01,98.15,0.0000,0.0000,0.0000,0.0165,0.0060,0.3570,0.002285,0.0654,0.0000,73481.50,0.0000,-0.0075,0.0000,0.0000,0.2200,16.39,0.2100,26.00,0.2000,26.00,0.1900,26.00,0.1800,69.18,0.2300,499.60,0.2400,189.05,0.2500,96.00,0.2600,172.05,0.2700,216.29,0.7700,499.60,0.7600,189.05,0.7500,96.00,0.7400,172.05,0.7300,216.29,0.7800,16.39,0.7900,26.00,0.8000,26.00,0.8100,26.00,0.8200,69.18,163.57,1172.99,1336.56,1172.99,163.57,1336.56,0.0100,0.0100,-0.7552,0.7552,0.2203,0.7797,0.2592,0.5871,0.5871,0.2592,-82.9451,117.3710,117.3710,-82.9451
btc-updown-5m-1780094100,1780094251000,149,73377.86,73476.01,98.15,0.0000,0.0000,0.0000,0.0165,0.0060,0.3567,0.002285,0.0652,0.0000,73481.48,0.0000,-0.0074,0.0000,0.0000,0.2200,72.77,0.2100,40.00,0.2000,56.00,0.1900,56.00,0.1800,69.18,0.2300,403.26,0.2400,181.58,0.2500,91.00,0.2600,144.30,0.2700,216.29,0.7700,403.26,0.7600,181.58,0.7500,91.00,0.7400,144.30,0.7300,216.29,0.7800,72.77,0.7900,40.00,0.8000,56.00,0.8100,56.00,0.8200,69.18,293.95,1036.43,1330.38,1036.43,293.95,1330.38,0.0100,0.0100,-0.5581,0.5581,0.2215,0.7785,0.3836,0.5643,0.5643,0.3836,-169.0553,168.8258,168.8258,-169.0553
btc-updown-5m-1780094100,1780094252000,148,73377.78,73476.00,98.22,-0.0000,-0.0000,0.0001,0.0154,0.0060,0.3570,0.002285,0.0652,0.0021,73481.48,-0.0000,-0.0075,-0.0134,-0.0000,0.1800,89.66,0.1700,31.00,0.1600,38.00,0.1500,227.14,0.1400,79.00,0.1900,215.93,0.2000,41.70,0.2200,27.30,0.2500,50.00,0.2700,35.00,0.8100,215.93,0.8000,41.70,0.7800,27.30,0.7500,50.00,0.7300,35.00,0.8200,89.66,0.8300,31.00,0.8400,38.00,0.8500,227.14,0.8600,79.00,464.80,369.93,834.73,369.93,464.80,834.73,0.0100,0.0100,0.1137,-0.1137,0.1829,0.8171,0.2596,0.6964,0.6964,0.2596,-71.2461,20.9330,20.9364,-71.2577
btc-updown-5m-1780094100,1780094253000,147,73377.75,73476.00,98.25,0.0000,0.0000,0.0000,0.0114,0.0040,0.3567,0.002284,0.0651,0.0000,73481.47,-0.0000,-0.0075,0.0000,0.0000,0.1800,281.91,0.1700,121.00,0.1600,130.69,0.1500,275.13,0.1400,126.00,0.1900,278.26,0.2100,20.00,0.2200,46.00,0.2300,51.00,0.2400,26.00,0.8100,278.26,0.7900,20.00,0.7800,46.00,0.7700,51.00,0.7600,26.00,0.8200,281.91,0.8300,121.00,0.8400,130.69,0.8500,275.13,0.8600,126.00,934.73,421.26,1355.99,421.26,934.73,1355.99,0.0100,0.0100,0.3787,-0.3787,0.1850,0.8150,0.4310,0.7080,0.7080,0.4310,62.0474,-39.4388,-39.4388,62.0474
btc-updown-5m-1780094100,1780094254000,146,73377.74,73476.01,98.27,0.0000,0.0000,0.0957,0.0958,0.0040,0.3570,0.002285,0.0682,1.4027,73481.23,0.0000,-0.0071,0.0134,0.0000,0.2200,309.89,0.2100,139.47,0.2000,282.90,0.1900,161.00,0.1800,164.82,0.2300,21.77,0.2400,10.00,0.2500,26.00,0.2600,26.00,0.2700,40.00,0.7700,21.77,0.7600,10.00,0.7500,26.00,0.7400,26.00,0.7300,40.00,0.7800,309.89,0.7900,139.47,0.8000,282.90,0.8100,161.00,0.8200,164.82,1058.08,123.77,1181.85,123.77,1058.08,1181.85,0.0100,0.0100,0.7905,-0.7905,0.2293,0.7707,0.4247,0.2567,0.2567,0.4247,147.5793,-132.7190,-132.7190,147.5793
btc-updown-5m-1780094100,1780094255000,145,73378.02,73476.01,97.99,0.0000,0.0000,0.0027,0.0985,0.0040,0.3570,0.002285,0.0447,0.0597,73478.39,0.0000,-0.0032,0.0000,0.0000,0.2200,603.48,0.2100,178.27,0.2000,117.00,0.1900,141.00,0.1800,121.00,0.2300,16.22,0.2400,36.00,0.2500,24.25,0.2600,26.00,0.2700,50.00,0.7700,16.22,0.7600,36.00,0.7500,24.25,0.7400,26.00,0.7300,50.00,0.7800,603.48,0.7900,178.27,0.8000,117.00,0.8100,141.00,0.8200,121.00,1160.75,152.47,1313.22,152.47,1160.75,1313.22,0.0100,0.0100,0.7678,-0.7678,0.2297,0.7703,0.6735,0.3425,0.3425,0.6735,198.5726,-155.0289,-155.0289,198.5726
btc-updown-5m-1780094100,1780094256000,144,73378.02,73476.01,97.99,0.0000,0.0000,0.0301,0.1285,0.0060,0.3573,0.002285,0.0457,0.6583,73478.34,0.0000,-0.0032,0.0000,0.0000,0.2500,455.59,0.2400,103.35,0.2300,96.19,0.2200,167.31,0.2100,116.00,0.2600,174.50,0.2700,39.00,0.2800,15.00,0.2900,41.63,0.3000,31.00,0.7400,174.50,0.7300,39.00,0.7200,15.00,0.7100,41.63,0.7000,31.00,0.7500,455.59,0.7600,103.35,0.7700,96.19,0.7800,167.31,0.7900,116.00,938.44,301.13,1239.57,301.13,938.44,1239.57,0.0100,0.0100,0.5141,-0.5141,0.2572,0.7428,0.5956,0.7090,0.7090,0.5956,124.4203,-112.6026,-112.6026,124.4203
btc-updown-5m-1780094100,1780094257000,143,73378.06,73476.01,97.95,0.0000,0.0000,0.0000,0.1284,0.0040,0.3573,0.002285,0.0456,0.0000,73478.34,0.0000,-0.0032,0.0000,0.0000,0.2500,454.40,0.2400,91.00,0.2300,108.19,0.2200,137.31,0.2100,121.00,0.2600,160.65,0.2700,39.00,0.2800,15.00,0.2900,41.63,0.3000,31.00,0.7400,160.65,0.7300,39.00,0.7200,15.00,0.7100,41.63,0.7000,31.00,0.7500,454.40,0.7600,91.00,0.7700,108.19,0.7800,137.31,0.7900,121.00,911.90,287.28,1199.18,287.28,911.90,1199.18,0.0100,0.0100,0.5209,-0.5209,0.2574,0.7426,0.5981,0.6950,0.6950,0.5981,109.7820,-99.4878,-99.4878,109.7820
btc-updown-5m-1780094100,1780094258000,142,73377.81,73476.00,98.19,-0.0000,0.0000,0.0188,0.1472,0.0060,0.3303,0.002283,0.0462,0.4073,73478.30,-0.0000,-0.0031,-0.0134,-0.0000,0.1900,29.40,0.1800,10.00,0.1700,10.00,0.1600,36.00,0.1500,150.13,0.2000,489.93,0.2100,163.60,0.2200,149.35,0.2300,172.00,0.2400,166.00,0.8000,489.93,0.7900,163.60,0.7800,149.35,0.7700,172.00,0.7600,166.00,0.8100,29.40,0.8200,10.00,0.8300,10.00,0.8400,36.00,0.8500,150.13,235.53,1140.88,1376.41,1140.88,235.53,1376.41,0.0100,0.0100,-0.6578,0.6578,0.1906,0.8094,0.1673,0.5728,0.5728,0.1673,-87.9494,97.5808,97.5648,-87.9351
btc-updown-5m-1780094100,1780094259000,141,73377.81,73476.00,98.19,0.0000,-0.0000,0.0001,0.0516,0.0040,0.3167,0.002284,0.0372,0.0016,73476.49,-0.0000,-0.0007,0.0000,0.0000,0.1900,17.23,0.1800,10.00,0.1700,10.00,0.1600,36.00,0.1500,150.13,0.2000,460.18,0.2100,149.00,0.2200,169.35,0.2300,177.00,0.2400,171.00,0.8000,460.18,0.7900,149.00,0.7800,169.35,0.7700,177.00,0.7600,171.00,0.8100,17.23,0.8200,10.00,0.8300,10.00,0.8400,36.00,0.8500,150.13,223.36,1126.53,1349.89,1126.53,223.36,1349.89,0.0100,0.0100,-0.6691,0.6691,0.1904,0.8096,0.1219,0.5408,0.5408,0.1219,-131.2975,130.1717,130.1717,-131.2975
btc-updown-5m-1780094100,1780094260000,140,73377.17,73476.01,98.84,0.0000,0.0000,0.0002,0.0491,0.0060,0.3167,0.002284,0.0372,0.0054,73476.48,0.0000,-0.0006,0.0135,0.0000,0.1800,10.00,0.1700,40.00,0.1600,71.00,0.1500,180.13,0.1400,106.00,0.1900,16.69,0.2000,469.41,0.2100,149.00,0.2200,93.00,0.2300,167.00,0.8100,16.69,0.8000,469.41,0.7900,149.00,0.7800,93.00,0.7700,167.00,0.8200,10.00,0.8300,40.00,0.8400,71.00,0.8500,180.13,0.8600,106.00,407.13,895.10,1302.23,895.10,407.13,1302.23,0.0100,0.0100,-0.3747,0.3747,0.1837,0.8163,0.1228,0.5431,0.5431,0.1228,-137.2645,125.1217,125.1217,-137.2645
btc-updown-5m-1780094100,1780094261000,139,73376.48,73474.00,97.52,-0.0027,-0.0027,0.1034,0.1225,0.4060,0.3833,0.002320,0.0405,2.5543,73476.28,-0.0009,-0.0031,-2.6678,-0.0000,0.1500,129.85,0.1400,70.00,0.1300,116.00,0.1200,55.68,0.1100,92.74,0.1600,770.63,0.1700,201.71,0.1800,133.00,0.1900,417.05,0.2000,132.25,0.8400,770.63,0.8300,201.71,0.8200,133.00,0.8100,417.05,0.8000,132.25,0.8500,129.85,0.8600,70.00,0.8700,116.00,0.8800,55.68,0.8900,92.74,464.27,1654.64,2118.91,1654.64,464.27,2118.91,0.0100,0.0100,-0.5618,0.5618,0.1514,0.8486,0.4305,0.5876,0.5876,0.4305,-127.7443,261.5073,261.4620,-127.7222
btc-updown-5m-1780094100,1780094262000,138,73376.47,73474.00,97.53,0.0000,-0.0027,0.0049,0.1275,0.4080,0.3837,0.002320,0.0406,0.1211,73476.26,-0.0004,-0.0031,0.0000,0.0000,0.1600,530.56,0.1500,186.14,0.1400,171.00,0.1300,206.70,0.1200,140.68,0.1700,59.46,0.1800,26.00,0.1900,92.69,0.2000,88.25,0.2100,71.00,0.8300,59.46,0.8200,26.00,0.8100,92.69,0.8000,88.25,0.7900,71.00,0.8400,530.56,0.8500,186.14,0.8600,171.00,0.8700,206.70,0.8800,140.68,1235.08,337.40,1572.48,337.40,1235.08,1572.48,0.0100,0.0100,0.5709,-0.5709,0.1690,0.8310,0.5803,0.2533,0.2533,0.5803,46.9855,5.8500,5.8491,46.9779
btc-updown-5m-1780094100,1780094263000,137,73376.33,73474.00,97.67,0.0000,-0.0027,0.0000,0.1086,0.4060,0.3837,0.002320,0.0406,0.0000,73476.26,-0.0004,-0.0031,0.0000,0.0000,0.1600,365.88,0.1500,191.14,0.1400,181.09,0.1300,196.00,0.1200,140.68,0.1700,18.07,0.1800,26.00,0.1900,98.45,0.2000,88.25,0.2100,76.00,0.8300,18.07,0.8200,26.00,0.8100,98.45,0.8000,88.25,0.7900,76.00,0.8400,365.88,0.8500,191.14,0.8600,181.09,0.8700,196.00,0.8800,140.68,1074.79,306.77,1381.56,306.77,1074.79,1381.56,0.0100,0.0100,0.5559,-0.5559,0.1695,0.8305,0.5183,0.1437,0.1437,0.5183,26.8662,3.2146,3.2146,26.8662
btc-updown-5m-1780094100,1780094264000,136,73373.41,73474.01,100.60,0.0000,-0.0027,0.0033,0.1118,0.4080,0.3837,0.002320,0.0407,0.0803,73476.25,0.0000,-0.0030,0.0137,0.0000,0.1600,370.04,0.1500,213.39,0.1400,188.00,0.1300,196.00,0.1200,140.68,0.1700,36.78,0.1800,26.00,0.1900,93.45,0.2000,103.25,0.2100,76.00,0.8300,36.78,0.8200,26.00,0.8100,93.45,0.8000,103.25,0.7900,76.00,0.8400,370.04,0.8500,213.39,0.8600,188.00,0.8700,196.00,0.8800,140.68,1108.11,335.48,1443.59,335.48,1108.11,1443.59,0.0100,0.0100,0.5352,-0.5352,0.1691,0.8309,0.5265,0.1871,0.1871,0.5265,145.5135,-163.5197,-163.4931,145.4898
btc-updown-5m-1780094100,1780094265000,135,73373.33,73474.01,100.68,0.0000,-0.0027,0.0000,0.1116,0.4060,0.3833,0.002320,0.0389,0.0000,73475.83,0.0000,-0.0025,0.0000,0.0000,0.1800,675.75,0.1700,186.09,0.1600,147.59,0.1500,206.14,0.1400,156.00,0.1900,72.18,0.2000,103.25,0.2100,41.91,0.2200,66.00,0.2300,117.00,0.8100,72.18,0.8000,103.25,0.7900,41.91,0.7800,66.00,0.7700,117.00,0.8200,675.75,0.8300,186.09,0.8400,147.59,0.8500,206.14,0.8600,156.00,1371.57,400.34,1771.91,400.34,1371.57,1771.91,0.0100,0.0100,0.5481,-0.5481,0.1890,0.8110,0.6284,0.4382,0.4382,0.6284,210.0397,-113.1622,-113.1622,210.0396
btc-updown-5m-1780094100,1780094266000,134,73374.07,73474.01,99.94,0.0000,0.0000,0.0000,0.0082,0.0040,0.3833,0.002320,0.0389,0.0000,73475.82,0.0000,-0.0025,0.0000,0.0000,0.1800,596.80,0.1700,192.67,0.1600,147.59,0.1500,206.14,0.1400,156.00,0.1900,76.36,0.2000,73.25,0.2100,41.91,0.2200,66.00,0.2300,117.00,0.8100,76.36,0.8000,73.25,0.7900,41.91,0.7800,66.00,0.7700,117.00,0.8200,596.80,0.8300,192.67,0.8400,147.59,0.8500,206.14,0.8600,156.00,1299.20,374.52,1673.72,374.52,1299.20,1673.72,0.0100,0.0100,0.5525,-0.5525,0.1889,0.8111,0.6077,0.3995,0.3995,0.6077,172.8366,-104.4668,-104.4668,172.8366
btc-updown-5m-1780094100,1780094267000,133,73374.43,73474.01,99.58,0.0000,0.0000,0.0001,0.0034,0.0020,0.3833,0.002320,0.0389,0.0033,73475.82,0.0000,-0.0025,0.0000,0.0000,0.2100,380.31,0.2000,139.64,0.1900,64.21,0.1800,175.77,0.1700,151.25,0.2200,64.22,0.2300,135.39,0.2400,143.00,0.2500,117.22,0.2600,112.15,0.7800,64.22,0.7700,135.39,0.7600,143.00,0.7500,117.22,0.7400,112.15,0.7900,380.31,0.8000,139.64,0.8100,64.21,0.8200,175.77,0.8300,151.25,911.18,571.98,1483.16,571.98,911.18,1483.16,0.0100,0.0100,0.2287,-0.2287,0.2186,0.7814,0.5706,0.3490,0.3490,0.5706,72.6919,-171.9226,-171.8946,72.6801
btc-updown-5m-1780094100,1780094268000,132,73374.43,73474.00,99.57,-0.0000,0.0000,0.0012,0.0046,0.0040,0.3837,0.002320,0.0389,0.0319,73475.81,-0.0000,-0.0025,-0.0136,-0.0000,0.2100,273.81,0.2000,135.00,0.1900,61.00,0.1800,170.77,0.1700,133.00,0.2200,243.23,0.2300,135.39,0.2400,143.00,0.2500,87.22,0.2600,117.15,0.7800,243.23,0.7700,135.39,0.7600,143.00,0.7500,87.22,0.7400,117.15,0.7900,273.81,0.8000,135.00,0.8100,61.00,0.8200,170.77,0.8300,133.00,773.58,725.99,1499.57,725.99,773.58,1499.57,0.0100,0.0100,0.0317,-0.0317,0.2153,0.7847,0.5285,0.5215,0.5215,0.5285,-56.5908,55.6636,55.6636,-56.5908
btc-updown-5m-1780094100,1780094269000,131,73375.19,73474.01,98.82,0.0000,0.0000,0.0942,0.0955,0.0040,0.3840,0.002320,0.0419,2.2448,73475.68,0.0000,-0.0023,0.0134,0.0000,0.2100,328.17,0.2000,145.00,0.1900,61.00,0.1800,170.77,0.1700,143.00,0.2200,230.23,0.2300,135.39,0.2400,153.00,0.2500,117.22,0.2600,117.15,0.7800,230.23,0.7700,135.39,0.7600,153.00,0.7500,117.22,0.7400,117.15,0.7900,328.17,0.8000,145.00,0.8100,61.00,0.8200,170.77,0.8300,143.00,847.94,752.99,1600.93,752.99,847.94,1600.93,0.0100,0.0100,0.0593,-0.0593,0.2159,0.7841,0.5580,0.4856,0.4856,0.5580,-43.6922,85.9438,85.9272,-43.6838
btc-updown-5m-1780094100,1780094270000,130,73375.19,73474.01,98.82,0.0000,0.0000,0.0099,0.1055,0.0040,0.0723,0.000491,0.0423,0.2347,73475.67,0.0000,-0.0023,0.0000,0.0000,0.2100,612.29,0.2000,163.98,0.1900,56.00,0.1800,134.01,0.1700,143.00,0.2200,236.27,0.2300,94.39,0.2400,146.00,0.2500,93.00,0.2600,77.15,0.7800,236.27,0.7700,94.39,0.7600,146.00,0.7500,93.00,0.7400,77.15,0.7900,612.29,0.8000,163.98,0.8100,56.00,0.8200,134.01,0.8300,143.00,1109.28,646.81,1756.09,646.81,1109.28,1756.09,0.0100,0.0100,0.2634,-0.2634,0.2172,0.7828,0.6998,0.5112,0.5112,0.6998,0.1775,51.1719,51.1635,0.1775
btc-updown-5m-1780094100,1780094271000,129,73375.46,73474.01,98.55,0.0000,0.0000,0.0000,0.1055,0.0040,0.0723,0.000491,0.0153,0.0000,73475.09,0.0000,-0.0015,0.0000,0.0000,0.1900,26.00,0.1800,92.01,0.1700,113.00,0.1600,61.00,0.1500,141.14,0.2000,74.77,0.2200,534.27,0.2300,115.39,0.2400,164.11,0.2500,121.00,0.8000,74.77,0.7800,534.27,0.7700,115.39,0.7600,164.11,0.7500,121.00,0.8100,26.00,0.8200,92.01,0.8300,113.00,0.8400,61.00,0.8500,141.14,433.15,1009.54,1442.69,1009.54,433.15,1442.69,0.0100,0.0100,-0.3995,0.3995,0.1926,0.8074,0.2724,0.6033,0.6033,0.2724,-155.2390,100.7775,100.7608,-155.2134
btc-updown-5m-1780094100,1780094272000,128,73375.60,73474.00,98.40,-0.0000,-0.0000,0.0027,0.1080,0.0060,0.0723,0.000491,0.0154,0.1760,73475.09,-0.0000,-0.0015,-0.0134,-0.0000,0.1800,349.29,0.1700,292.00,0.1600,146.00,0.1500,166.14,0.1400,211.00,0.1900,172.04,0.2000,122.61,0.2100,33.00,0.2200,60.57,0.2300,31.00,0.8100,172.04,0.8000,122.61,0.7900,33.00,0.7800,60.57,0.7700,31.00,0.8200,349.29,0.8300,292.00,0.8400,146.00,0.8500,166.14,0.8600,211.00,1164.43,419.22,1583.65,419.22,1164.43,1583.65,0.0100,0.0100,0.4706,-0.4706,0.1867,0.8133,0.5507,0.7029,0.7029,0.5507,3.8016,-0.8048,-0.8048,3.8016
btc-updown-5m-1780094100,1780094273000,127,73375.63,73474.01,98.38,0.0000,0.0000,0.0027,0.1095,0.0060,0.0723,0.000491,0.0155,0.1763,73475.08,0.0000,-0.0015,0.0134,0.0000,0.1800,198.69,0.1700,341.74,0.1600,146.00,0.1500,166.14,0.1400,206.00,0.1900,174.19,0.2000,90.77,0.2100,33.00,0.2200,64.58,0.2300,36.00,0.8100,174.19,0.8000,90.77,0.7900,33.00,0.7800,64.58,0.7700,36.00,0.8200,198.69,0.8300,341.74,0.8400,146.00,0.8500,166.14,0.8600,206.00,1058.57,398.54,1457.11,398.54,1058.57,1457.11,0.0100,0.0100,0.4530,-0.4530,0.1853,0.8147,0.5105,0.6648,0.6648,0.5105,13.4967,-30.3993,-30.3993,13.4967
btc-updown-5m-1780094100,1780094274000,126,73375.70,73474.01,98.31,0.0000,0.0000,0.0000,0.0154,0.0040,0.0720,0.000491,0.0155,0.0000,73475.08,0.0000,-0.0015,0.0000,0.0000,0.1800,184.58,0.1700,351.74,0.1600,138.00,0.1500,166.14,0.1400,206.00,0.1900,233.44,0.2000,133.89,0.2100,43.00,0.2200,69.58,0.2300,31.00,0.8100,233.44,0.8000,133.89,0.7900,43.00,0.7800,69.58,0.7700,31.00,0.8200,184.58,0.8300,351.74,0.8400,138.00,0.8500,166.14,0.8600,206.00,1046.46,510.91,1557.37,510.91,1046.46,1557.37,0.0100,0.0100,0.3439,-0.3439,0.1844,0.8156,0.5125,0.7190,0.7190,0.5125,44.2054,-34.8421,-34.8421,44.2054
btc-updown-5m-1780094100,1780094275000,125,73377.70,73474.01,96.31,0.0000,0.0000,0.0109,0.0164,0.0060,0.0720,0.000491,0.0138,0.7924,73474.91,0.0000,-0.0012,0.0000,0.0000,0.1800,60.32,0.1700,338.00,0.1600,163.00,0.1500,206.14,0.1400,206.00,0.1900,254.78,0.2000,69.96,0.2100,43.00,0.2200,110.57,0.2300,51.00,0.8100,254.78,0.8000,69.96,0.7900,43.00,0.7800,110.57,0.7700,51.00,0.8200,60.32,0.8300,338.00,0.8400,163.00,0.8500,206.14,0.8600,206.00,973.46,529.31,1502.77,529.31,973.46,1502.77,0.0100,0.0100,0.2956,-0.2956,0.1819,0.8181,0.4092,0.6135,0.6135,0.4092,32.5748,-40.7821,-40.7821,32.5748
btc-updown-5m-1780094100,1780094276000,124,73377.52,73474.01,96.49,0.0000,0.0000,0.0000,0.0164,0.0060,0.0720,0.000491,0.0128,0.0000,73474.83,0.0000,-0.0011,0.0000,0.0000,0.1700,414.03,0.1600,161.00,0.1500,228.14,0.1400,206.00,0.1300,121.00,0.1800,487.18,0.1900,47.77,0.2000,16.00,0.2100,43.00,0.2200,82.58,0.8200,487.18,0.8100,47.77,0.8000,16.00,0.7900,43.00,0.7800,82.58,0.8300,414.03,0.8400,161.00,0.8500,228.14,0.8600,206.00,0.8700,121.00,1130.17,676.53,1806.70,676.53,1130.17,1806.70,0.0100,0.0100,0.2511,-0.2511,0.1746,0.8254,0.5088,0.7907,0.7907,0.5088,-5.6511,-5.9904,-5.9904,-5.6511
btc-updown-5m-1780094100,1780094277000,123,73377.53,73474.00,96.47,-0.0000,0.0000,0.0001,0.0138,0.0060,0.0720,0.000491,0.0128,0.0109,73474.83,-0.0000,-0.0011,-0.0131,-0.0000,0.1700,261.43,0.1600,176.60,0.1500,228.14,0.1400,196.00,0.1300,131.00,0.1800,624.18,0.1900,21.77,0.2000,16.00,0.2100,43.00,0.2200,82.58,0.8200,624.18,0.8100,21.77,0.8000,16.00,0.7900,43.00,0.7800,82.58,0.8300,261.43,0.8400,176.60,0.8500,228.14,0.8600,196.00,0.8700,131.00,993.17,787.53,1780.70,787.53,993.17,1780.70,0.0100,0.0100,0.1155,-0.1155,0.1730,0.8270,0.4410,0.8202,0.8202,0.4410,85.9527,-43.3155,-43.3155,85.9527
btc-updown-5m-1780094100,1780094278000,122,73377.13,73474.01,96.88,0.0000,0.0000,0.0325,0.0436,0.0060,0.0720,0.000491,0.0138,2.3505,73474.77,0.0000,-0.0010,0.0132,0.0000,0.1700,284.41,0.1600,201.60,0.1500,238.14,0.1400,196.00,0.1300,131.00,0.1800,599.18,0.1900,21.77,0.2000,26.00,0.2100,43.00,0.2200,82.58,0.8200,599.18,0.8100,21.77,0.8000,26.00,0.7900,43.00,0.7800,82.58,0.8300,284.41,0.8400,201.60,0.8500,238.14,0.8600,196.00,0.8700,131.00,1051.15,772.53,1823.68,772.53,1051.15,1823.68,0.0100,0.0100,0.1528,-0.1528,0.1732,0.8268,0.4624,0.8038,0.8038,0.4624,-20.4587,63.8089,63.7974,-20.4550
btc-updown-5m-1780094100,1780094279000,121,73376.83,73473.67,96.84,-0.0005,-0.0005,0.4286,0.4722,0.0740,0.0830,0.000495,0.0275,15.5661,73474.21,-0.0000,-0.0007,-0.4481,-0.0000,0.1300,56.03,0.1200,255.68,0.1100,87.20,0.1000,489.66,0.0900,78.80,0.1500,76.70,0.1600,160.33,0.1700,594.73,0.1800,408.25,0.1900,38.00,0.8500,76.70,0.8400,160.33,0.8300,594.73,0.8200,408.25,0.8100,38.00,0.8700,56.03,0.8800,255.68,0.8900,87.20,0.9000,489.66,0.9100,78.80,967.37,1278.01,2245.38,1278.01,967.37,2245.38,0.0200,0.0200,-0.1383,0.1383,0.1384,0.8616,0.3222,0.1855,0.1855,0.3222,-20.7809,140.3293,140.3292,-20.7809
btc-updown-5m-1780094100,1780094280000,120,73376.58,73473.66,97.08,-0.0000,-0.0005,0.0004,0.4617,0.0740,0.0833,0.000495,0.0272,0.0147,73474.19,-0.0001,-0.0007,-0.0132,-0.0000,0.1300,45.00,0.1200,264.00,0.1100,84.41,0.1000,509.66,0.0900,73.80,0.1400,635.21,0.1500,120.97,0.1600,193.00,0.1700,390.12,0.1800,252.10,0.8600,635.21,0.8500,120.97,0.8400,193.00,0.8300,390.12,0.8200,252.10,0.8700,45.00,0.8800,264.00,0.8900,84.41,0.9000,509.66,0.9100,73.80,976.87,1591.40,2568.27,1591.40,976.87,2568.27,0.0100,0.0100,-0.2393,0.2393,0.1307,0.8693,0.3163,0.4752,0.4752,0.3163,-11.6332,182.5844,182.5844,-11.6332
btc-updown-5m-1780094100,1780094281000,119,73376.11,73473.67,97.56,0.0000,-0.0005,0.0185,0.4803,0.0760,0.0837,0.000495,0.0278,0.6673,73474.17,-0.0000,-0.0007,0.0133,0.0000,0.1200,55.00,0.1100,73.20,0.1000,514.66,0.0900,73.80,0.0800,95.62,0.1300,522.70,0.1400,139.68,0.1500,149.88,0.1600,156.00,0.1700,485.12,0.8700,522.70,0.8600,139.68,0.8500,149.88,0.8400,156.00,0.8300,485.12,0.8800,55.00,0.8900,73.20,0.9000,514.66,0.9100,73.80,0.9200,95.62,812.28,1453.38,2265.66,1453.38,812.28,2265.66,0.0100,0.0100,-0.2830,0.2830,0.1210,0.8790,0.1578,0.4558,0.4558,0.1578,-20.0370,172.9520,172.9519,-20.0370
btc-updown-5m-1780094100,1780094282000,118,73375.69,73473.67,97.98,0.0000,-0.0004,0.0000,0.4801,0.0740,0.0833,0.000495,0.0278,0.0000,73474.17,-0.0000,-0.0007,0.0000,0.0000,0.1200,35.91,0.1100,73.20,0.1000,531.53,0.0900,73.80,0.0800,95.62,0.1300,536.06,0.1400,139.68,0.1500,169.88,0.1600,166.00,0.1700,491.12,0.8700,536.06,0.8600,139.68,0.8500,169.88,0.8400,166.00,0.8300,491.12,0.8800,35.91,0.8900,73.20,0.9000,531.53,0.9100,73.80,0.9200,95.62,810.06,1502.74,2312.80,1502.74,810.06,2312.80,0.0100,0.0100,-0.2995,0.2995,0.1206,0.8794,0.1347,0.4497,0.4497,0.1347,-55.2336,141.4017,141.4501,-55.2525
btc-updown-5m-1780094100,1780094283000,117,73375.69,73473.67,97.98,0.0000,-0.0005,0.0000,0.4476,0.0720,0.0833,0.000495,0.0278,0.0000,73474.17,-0.0000,-0.0007,0.0000,0.0000,0.1200,45.14,0.1100,130.00,0.1000,641.53,0.0900,278.80,0.0800,90.62,0.1300,592.64,0.1400,123.68,0.1500,156.68,0.1600,156.00,0.1700,465.12,0.8700,592.64,0.8600,123.68,0.8500,156.68,0.8400,156.00,0.8300,465.12,0.8800,45.14,0.8900,130.00,0.9000,641.53,0.9100,278.80,0.9200,90.62,1186.09,1494.12,2680.21,1494.12,1186.09,2680.21,0.0100,0.0100,-0.1149,0.1149,0.1207,0.8793,0.1477,0.4794,0.4794,0.1477,32.1748,117.8436,117.8436,32.1748
btc-updown-5m-1780094100,1780094284000,116,73375.92,73473.67,97.75,0.0000,0.0000,0.0487,0.0676,0.0060,0.0833,0.000495,0.0294,1.6582,73474.15,0.0000,-0.0006,0.0000,0.0000,0.1200,93.92,0.1100,148.20,0.1000,653.53,0.0900,278.80,0.0800,90.62,0.1300,561.53,0.1400,128.68,0.1500,151.68,0.1600,156.00,0.1700,465.12,0.8700,561.53,0.8600,128.68,0.8500,151.68,0.8400,156.00,0.8300,465.12,0.8800,93.92,0.8900,148.20,0.9000,653.53,0.9100,278.80,0.9200,90.62,1265.07,1463.01,2728.08,1463.01,1265.07,2728.08,0.0100,0.0100,-0.0726,0.0726,0.1214,0.8786,0.1914,0.4718,0.4718,0.1914,68.5545,172.5968,172.5603,68.5400
btc-updown-5m-1780094100,1780094285000,115,73375.92,73473.67,97.75,0.0000,0.0000,0.0004,0.0676,0.0040,0.0833,0.000495,0.0263,0.0141,73473.93,0.0000,-0.0004,0.0000,0.0000,0.1100,31.23,0.1000,677.91,0.0900,290.80,0.0800,95.62,0.0700,185.57,0.1200,371.74,0.1300,81.74,0.1400,85.68,0.1500,54.58,0.1600,122.00,0.8800,371.74,0.8700,81.74,0.8600,85.68,0.8500,54.58,0.8400,122.00,0.8900,31.23,0.9000,677.91,0.9100,290.80,0.9200,95.62,0.9300,185.57,1281.13,715.74,1996.87,715.74,1281.13,1996.87,0.0100,0.0100,0.2831,-0.2831,0.1108,0.8892,0.5535,0.6336,0.6336,0.5535,136.1470,-31.5178,-31.5282,136.1920
btc-updown-5m-1780094100,1780094286000,114,73375.69,73473.67,97.98,0.0000,0.0000,0.0000,0.0490,0.0020,0.0830,0.000495,0.0262,0.0000,73473.92,-0.0000,-0.0003,0.0000,0.0000,0.1100,85.04,0.1000,687.91,0.0900,105.80,0.0800,95.62,0.0700,185.57,0.1200,297.24,0.1300,61.74,0.1400,80.68,0.1500,49.58,0.1600,122.00,0.8800,297.24,0.8700,61.74,0.8600,80.68,0.8500,49.58,0.8400,122.00,0.8900,85.04,0.9000,687.91,0.9100,105.80,0.9200,95.62,0.9300,185.57,1159.94,611.24,1771.18,611.24,1159.94,1771.18,0.0100,0.0100,0.3098,-0.3098,0.1122,0.8878,0.6664,0.5873,0.5873,0.6664,30.3750,-162.6282,-162.6282,30.3750
btc-updown-5m-1780094100,1780094287000,113,73375.69,73478.42,102.73,0.0065,0.0065,0.6632,0.7122,0.9520,0.2413,0.001280,0.0466,14.2275,73475.94,0.0004,0.0034,6.6413,0.0001,0.1600,119.00,0.1200,43.77,0.1100,19.05,0.1000,1406.66,0.0900,158.79,0.1700,44.38,0.1800,46.10,0.1900,15.00,0.2000,15.00,0.2100,31.00,0.8300,44.38,0.8200,46.10,0.8100,15.00,0.8000,15.00,0.7900,31.00,0.8400,119.00,0.8800,43.77,0.8900,19.05,0.9000,1406.66,0.9100,158.79,1747.27,151.48,1898.75,151.48,1747.27,1898.75,0.0100,0.0100,0.8404,-0.8404,0.1673,0.8327,0.0932,0.5973,0.5973,0.0932,111.3969,-173.2031,-173.2031,111.3969
btc-updown-5m-1780094100,1780094288000,112,73375.69,73478.42,102.73,0.0000,0.0065,0.0000,0.7122,0.9520,0.2410,0.001280,0.0466,0.0000,73475.94,0.0004,0.0034,0.0000,0.0000,0.2100,21.02,0.1900,26.31,0.1600,120.00,0.1500,35.50,0.1400,20.00,0.2200,33.74,0.2300,31.00,0.2400,38.17,0.2500,94.40,0.2600,22.15,0.7800,33.74,0.7700,31.00,0.7600,38.17,0.7500,94.40,0.7400,22.15,0.7900,21.02,0.8100,26.31,0.8400,120.00,0.8500,35.50,0.8600,20.00,222.83,219.46,442.29,219.46,222.83,442.29,0.0100,0.0100,0.0076,-0.0076,0.2138,0.7862,0.2124,0.2950,0.2950,0.2124,-107.1524,-232.7138,-232.6729,-107.1336
btc-updown-5m-1780094100,1780094289000,111,73378.96,73478.41,99.45,-0.0000,0.0065,0.0810,0.7446,0.9520,0.2413,0.001280,0.0486,1.6670,73476.07,0.0004,0.0032,-0.0135,-0.0000,0.2100,252.00,0.2000,46.00,0.1900,78.00,0.1800,166.92,0.1700,147.00,0.2200,203.98,0.2300,36.00,0.2400,38.17,0.2500,94.40,0.2600,22.15,0.7800,203.98,0.7700,36.00,0.7600,38.17,0.7500,94.40,0.7400,22.15,0.7900,252.00,0.8000,46.00,0.8100,78.00,0.8200,166.92,0.8300,147.00,689.92,394.70,1084.62,394.70,689.92,1084.62,0.0100,0.0100,0.2722,-0.2722,0.2155,0.7845,0.4319,0.6080,0.6080,0.4319,-79.6513,-183.8336,-183.8026,-79.6379
btc-updown-5m-1780094100,1780094290000,110,73380.87,73478.42,97.55,0.0000,0.0065,0.0003,0.7445,0.9540,0.2413,0.001280,0.0486,0.0056,73476.08,0.0000,0.0032,0.0133,0.0000,0.2100,139.83,0.2000,91.00,0.1900,85.24,0.1800,184.00,0.1700,187.00,0.2200,103.82,0.2300,46.00,0.2400,26.00,0.2500,94.40,0.2600,22.15,0.7800,103.82,0.7700,46.00,0.7600,26.00,0.7500,94.40,0.7400,22.15,0.7900,139.83,0.8000,91.00,0.8100,85.24,0.8200,184.00,0.8300,187.00,687.07,292.37,979.44,292.37,687.07,979.44,0.0100,0.0100,0.4030,-0.4030,0.2157,0.7843,0.3360,0.5124,0.5124,0.3360,-149.4131,-152.7162,-152.6628,-149.3609
btc-updown-5m-1780094100,1780094291000,109,73381.44,73478.42,96.98,0.0000,0.0065,0.0000,0.7445,0.9540,0.1743,0.001166,0.0486,0.0000,73476.08,0.0000,0.0032,0.0000,0.0000,0.2000,140.59,0.1900,111.00,0.1800,196.00,0.1700,187.00,0.1600,170.00,0.2100,123.34,0.2200,163.24,0.2300,46.00,0.2400,38.00,0.2500,94.40,0.7900,123.34,0.7800,163.24,0.7700,46.00,0.7600,38.00,0.7500,94.40,0.8000,140.59,0.8100,111.00,0.8200,196.00,0.8300,187.00,0.8400,170.00,804.59,464.98,1269.57,464.98,804.59,1269.57,0.0100,0.0100,0.2675,-0.2675,0.2053,0.7947,0.3127,0.6163,0.6163,0.3127,-77.8915,-40.9873,-40.9739,-77.8660
btc-updown-5m-1780094100,1780094292000,108,73381.84,73478.42,96.58,0.0000,0.0000,0.0105,0.0918,0.0040,0.1740,0.001166,0.0456,0.2299,73476.24,0.0000,0.0030,0.0000,0.0000,0.1900,239.06,0.1800,221.28,0.1700,172.00,0.1600,185.00,0.1500,154.00,0.2000,21.00,0.2100,31.00,0.2200,204.24,0.2300,37.04,0.2400,31.00,0.8000,21.00,0.7900,31.00,0.7800,204.24,0.7700,37.04,0.7600,31.00,0.8100,239.06,0.8200,221.28,0.8300,172.00,0.8400,185.00,0.8500,154.00,971.34,324.28,1295.62,324.28,971.34,1295.62,0.0100,0.0100,0.4994,-0.4994,0.1992,0.8008,0.4739,0.1604,0.1604,0.4739,-31.1427,-47.3844,-47.3844,-31.1427
btc-updown-5m-1780094100,1780094293000,107,73382.32,73478.42,96.10,0.0000,0.0000,0.0000,0.0918,0.0040,0.1740,0.001166,0.0455,0.0000,73476.25,0.0000,0.0030,0.0000,0.0000,0.1900,40.00,0.1800,198.95,0.1700,179.00,0.1600,190.00,0.1500,154.00,0.2000,154.50,0.2100,31.00,0.2200,130.52,0.2300,31.00,0.2400,31.00,0.8000,154.50,0.7900,31.00,0.7800,130.52,0.7700,31.00,0.7600,31.00,0.8100,40.00,0.8200,198.95,0.8300,179.00,0.8400,190.00,0.8500,154.00,761.95,378.02,1139.97,378.02,761.95,1139.97,0.0100,0.0100,0.3368,-0.3368,0.1921,0.8079,0.3136,0.4907,0.4907,0.3136,-221.3811,29.0580,29.0675,-221.4536
btc-updown-5m-1780094100,1780094294000,106,73383.50,73478.42,94.92,0.0000,0.0000,0.0000,0.0108,0.0020,0.1737,0.001166,0.0455,0.0000,73476.25,0.0000,0.0030,0.0000,0.0000,0.1900,81.65,0.1800,202.34,0.1700,172.00,0.1600,202.00,0.1500,154.00,0.2000,86.90,0.2100,31.00,0.2200,148.50,0.2300,31.00,0.2400,31.00,0.8000,86.90,0.7900,31.00,0.7800,148.50,0.7700,31.00,0.7600,31.00,0.8100,81.65,0.8200,202.34,0.8300,172.00,0.8400,202.00,0.8500,154.00,811.99,328.40,1140.39,328.40,811.99,1140.39,0.0100,0.0100,0.4241,-0.4241,0.1948,0.8052,0.3497,0.3590,0.3590,0.3497,-175.3120,1.4758,1.4758,-175.3120
btc-updown-5m-1780094100,1780094295000,105,73383.92,73478.42,94.50,0.0000,0.0000,0.0014,0.0118,0.0000,0.1737,0.001166,0.0454,0.0300,73476.26,-0.0000,0.0029,0.0000,0.0000,0.1900,39.58,0.1800,182.34,0.1700,172.00,0.1600,202.00,0.1500,154.00,0.2000,131.00,0.2100,31.00,0.2200,148.50,0.2300,36.00,0.2400,26.00,0.8000,131.00,0.7900,31.00,0.7800,148.50,0.7700,36.00,0.7600,26.00,0.8100,39.58,0.8200,182.34,0.8300,172.00,0.8400,202.00,0.8500,154.00,749.92,372.50,1122.42,372.50,749.92,1122.42,0.0100,0.0100,0.3363,-0.3363,0.1923,0.8077,0.2959,0.4349,0.4349,0.2959,20.0190,-0.1581,-0.1581,20.0190
btc-updown-5m-1780094100,1780094296000,104,73384.11,73478.42,94.31,0.0000,0.0000,0.0006,0.0124,0.0000,0.1737,0.001166,0.0454,0.0128,73476.26,0.0000,0.0029,0.0000,0.0000,0.1900,65.36,0.1800,174.39,0.1700,190.71,0.1600,202.00,0.1500,154.00,0.2200,91.95,0.2300,36.00,0.2400,26.00,0.2500,94.40,0.2600,22.15,0.7800,91.95,0.7700,36.00,0.7600,26.00,0.7500,94.40,0.7400,22.15,0.8100,65.36,0.8200,174.39,0.8300,190.71,0.8400,202.00,0.8500,154.00,786.46,270.50,1056.96,270.50,786.46,1056.96,0.0300,0.0300,0.4882,-0.4882,0.2025,0.7975,0.3048,0.4730,0.4730,0.3048,15.4329,-3.6480,-3.6480,15.4329
btc-updown-5m-1780094100,1780094297000,103,73383.87,73478.42,94.55,0.0000,0.0000,0.0505,0.0524,0.0020,0.1740,0.001166,0.0471,1.0727,73476.33,0.0000,0.0028,0.0000,0.0000,0.2000,11.00,0.1800,167.62,0.1700,167.00,0.1600,180.00,0.1500,154.00,0.2100,18.00,0.2200,100.95,0.2300,31.00,0.2400,26.00,0.2500,94.40,0.7900,18.00,0.7800,100.95,0.7700,31.00,0.7600,26.00,0.7500,94.40,0.8000,11.00,0.8200,167.62,0.8300,167.00,0.8400,180.00,0.8500,154.00,679.62,270.35,949.97,270.35,679.62,949.97,0.0100,0.0100,0.4308,-0.4308,0.2038,0.7962,0.2628,0.4400,0.4400,0.2628,-23.4661,-20.5601,-20.5601,-23.4661
btc-updown-5m-1780094100,1780094298000,102,73384.01,73478.42,94.41,0.0000,0.0000,0.0017,0.0541,0.0020,0.1737,0.001166,0.0471,0.0361,73476.34,0.0000,0.0028,0.0000,0.0000,0.1900,45.00,0.1800,111.54,0.1700,184.00,0.1600,184.47,0.1500,154.00,0.2000,104.34,0.2100,132.81,0.2200,69.95,0.2300,36.00,0.2400,31.00,0.8000,104.34,0.7900,132.81,0.7800,69.95,0.7700,36.00,0.7600,31.00,0.8100,45.00,0.8200,111.54,0.8300,184.00,0.8400,184.47,0.8500,154.00,679.01,374.10,1053.11,374.10,679.01,1053.11,0.0100,0.0100,0.2895,-0.2895,0.1930,0.8070,0.2305,0.6339,0.6339,0.2305,-40.0725,13.3125,13.3125,-40.0725
btc-updown-5m-1780094100,1780094299000,101,73384.25,73478.42,94.17,0.0000,0.0000,0.0010,0.0551,0.0020,0.1733,0.001166,0.0471,0.0214,73476.34,0.0000,0.0028,0.0000,0.0000,0.1800,97.84,0.1700,222.62,0.1600,170.00,0.1500,164.00,0.1400,159.00,0.1900,299.37,0.2000,81.41,0.2100,31.86,0.2200,86.95,0.2300,31.00,0.8100,299.37,0.8000,81.41,0.7900,31.86,0.7800,86.95,0.7700,31.00,0.8200,97.84,0.8300,222.62,0.8400,170.00,0.8500,164.00,0.8600,159.00,813.46,530.59,1344.05,530.59,813.46,1344.05,0.0100,0.0100,0.2105,-0.2105,0.1825,0.8175,0.3939,0.7177,0.7177,0.3939,8.4888,25.1434,25.1434,8.4888
btc-updown-5m-1780094100,1780094300000,100,73384.25,73478.41,94.16,-0.0000,-0.0000,0.0010,0.0547,0.0040,0.1737,0.001166,0.0441,0.0220,73476.50,-0.0000,0.0026,-0.0128,-0.0000,0.1800,35.10,0.1700,184.62,0.1600,180.00,0.1500,164.00,0.1400,159.00,0.1900,426.77,0.2000,172.67,0.2100,36.86,0.2200,74.95,0.2300,31.00,0.8100,426.77,0.8000,172.67,0.7900,36.86,0.7800,74.95,0.7700,31.00,0.8200,35.10,0.8300,184.62,0.8400,180.00,0.8500,164.00,0.8600,159.00,722.72,742.25,1464.97,742.25,722.72,1464.97,0.0100,0.0100,-0.0133,0.0133,0.1808,0.8192,0.3040,0.8076,0.8076,0.3040,-15.3887,71.3411,71.3411,-15.3887
btc-updown-5m-1780094100,1780094301000,99,73384.25,73478.42,94.17,0.0000,0.0000,0.0002,0.0544,0.0060,0.1740,0.001166,0.0438,0.0048,73476.52,0.0000,0.0026,0.0128,0.0000,0.1800,30.42,0.1700,184.62,0.1600,175.00,0.1500,169.00,0.1400,159.00,0.1900,417.58,0.2000,61.99,0.2100,36.86,0.2200,74.95,0.2300,31.00,0.8100,417.58,0.8000,61.99,0.7900,36.86,0.7800,74.95,0.7700,31.00,0.8200,30.42,0.8300,184.62,0.8400,175.00,0.8500,169.00,0.8600,159.00,718.04,622.38,1340.42,622.38,718.04,1340.42,0.0100,0.0100,0.0714,-0.0714,0.1807,0.8193,0.2995,0.7705,0.7705,0.2995,-15.0543,60.6643,60.6643,-15.0543
btc-updown-5m-1780094100,1780094302000,98,73383.59,73478.42,94.83,0.0000,0.0000,0.0050,0.0089,0.0040,0.1737,0.001166,0.0439,0.1143,73476.53,0.0000,0.0026,0.0000,0.0000,0.1800,31.64,0.1700,171.00,0.1600,206.47,0.1500,169.00,0.1400,159.00,0.1900,468.31,0.2000,61.99,0.2100,43.86,0.2200,74.95,0.2300,31.00,0.8100,468.31,0.8000,61.99,0.7900,43.86,0.7800,74.95,0.7700,31.00,0.8200,31.64,0.8300,171.00,0.8400,206.47,0.8500,169.00,0.8600,159.00,737.11,680.11,1417.22,680.11,737.11,1417.22,0.0100,0.0100,0.0402,-0.0402,0.1806,0.8194,0.2749,0.7797,0.7797,0.2749,-8.5543,71.0019,71.0019,-8.5543
btc-updown-5m-1780094100,1780094303000,97,73384.41,73478.41,94.00,-0.0000,-0.0000,0.0002,0.0074,0.0060,0.1737,0.001166,0.0439,0.0048,73476.53,-0.0000,0.0026,-0.0128,-0.0000,0.1700,85.09,0.1600,206.47,0.1500,169.00,0.1400,159.00,0.1300,144.00,0.1900,234.44,0.2000,61.99,0.2100,48.86,0.2200,74.95,0.2300,31.00,0.8100,234.44,0.8000,61.99,0.7900,48.86,0.7800,74.95,0.7700,31.00,0.8300,85.09,0.8400,206.47,0.8500,169.00,0.8600,159.00,0.8700,144.00,763.56,451.24,1214.80,451.24,763.56,1214.80,0.0200,0.0200,0.2571,-0.2571,0.1753,0.8247,0.3818,0.6569,0.6569,0.3818,17.9790,5.3306,5.3279,17.9699
btc-updown-5m-1780094100,1780094304000,96,73384.55,73478.42,93.87,0.0000,0.0000,0.1027,0.1091,0.0080,0.1740,0.001166,0.0471,2.1820,73476.67,0.0000,0.0024,0.0128,0.0000,0.1200,136.38,0.1100,95.00,0.1000,594.99,0.0900,43.80,0.0800,90.62,0.1300,555.70,0.1400,99.00,0.1500,64.00,0.1600,26.00,0.1700,51.00,0.8700,555.70,0.8600,99.00,0.8500,64.00,0.8400,26.00,0.8300,51.00,0.8800,136.38,0.8900,95.00,0.9000,594.99,0.9100,43.80,0.9200,90.62,960.79,795.70,1756.49,795.70,960.79,1756.49,0.0100,0.0100,0.0940,-0.0940,0.1220,0.8780,0.2408,0.8228,0.8228,0.2408,46.1783,69.0921,69.0921,46.1783
btc-updown-5m-1780094100,1780094305000,95,73384.00,73478.42,94.42,0.0000,0.0000,0.0068,0.1150,0.0060,0.1737,0.001166,0.0473,0.1438,73476.68,0.0000,0.0024,0.0000,0.0000,0.1200,195.51,0.1100,125.00,0.1000,624.99,0.0900,98.27,0.0800,115.62,0.1300,537.00,0.1400,104.00,0.1500,74.00,0.1600,31.00,0.1700,31.00,0.8700,537.00,0.8600,104.00,0.8500,74.00,0.8400,31.00,0.8300,31.00,0.8800,195.51,0.8900,125.00,0.9000,624.99,0.9100,98.27,0.9200,115.62,1159.39,777.00,1936.39,777.00,1159.39,1936.39,0.0100,0.0100,0.1975,-0.1975,0.1227,0.8773,0.2764,0.8250,0.8250,0.2764,67.9508,39.7649,39.7649,67.9508
btc-updown-5m-1780094100,1780094306000,94,73382.70,73478.42,95.72,0.0000,0.0000,0.0000,0.1148,0.0040,0.1737,0.001166,0.0469,0.0000,73476.70,0.0000,0.0023,0.0000,0.0000,0.1700,154.14,0.1600,76.00,0.1500,61.00,0.1400,83.00,0.1300,178.88,0.1800,20.00,0.1900,10.00,0.2000,10.00,0.2100,18.00,0.2200,49.94,0.8200,20.00,0.8100,10.00,0.8000,10.00,0.7900,18.00,0.7800,49.94,0.8300,154.14,0.8400,76.00,0.8500,61.00,0.8600,83.00,0.8700,178.88,553.02,107.94,660.96,107.94,553.02,660.96,0.0100,0.0100,0.6734,-0.6734,0.1789,0.8211,0.4162,0.2779,0.2779,0.4162,-23.3648,-108.2446,-108.2061,-23.3565
btc-updown-5m-1780094100,1780094307000,93,73381.63,73478.42,96.79,0.0000,0.0000,0.0000,0.1097,0.0040,0.1733,0.001166,0.0469,0.0000,73476.70,0.0000,0.0023,0.0000,0.0000,0.1700,353.69,0.1600,213.56,0.1500,89.41,0.1400,66.70,0.1300,71.00,0.1800,157.61,0.1900,10.00,0.2000,15.78,0.2100,20.00,0.2200,10.00,0.8200,157.61,0.8100,10.00,0.8000,15.78,0.7900,20.00,0.7800,10.00,0.8300,353.69,0.8400,213.56,0.8500,89.41,0.8600,66.70,0.8700,71.00,794.36,213.39,1007.75,213.39,794.36,1007.75,0.0100,0.0100,0.5765,-0.5765,0.1769,0.8231,0.7141,0.7855,0.7855,0.7141,15.9938,-58.3833,-58.3833,15.9938
btc-updown-5m-1780094100,1780094308000,92,73381.94,73478.42,96.48,0.0000,0.0000,0.0220,0.1316,0.0040,0.1733,0.001166,0.0477,0.4621,73476.73,0.0000,0.0023,0.0000,0.0000,0.1700,52.95,0.1600,176.00,0.1500,59.41,0.1400,36.00,0.1300,71.00,0.1800,445.26,0.1900,70.00,0.2000,378.00,0.2100,91.00,0.2200,86.00,0.8200,445.26,0.8100,70.00,0.8000,378.00,0.7900,91.00,0.7800,86.00,0.8300,52.95,0.8400,176.00,0.8500,59.41,0.8600,36.00,0.8700,71.00,395.36,1070.26,1465.62,1070.26,395.36,1465.62,0.0100,0.0100,-0.4605,0.4605,0.1711,0.8289,0.5791,0.4814,0.4814,0.5791,-61.4583,96.2324,96.2324,-61.4583
btc-updown-5m-1780094100,1780094309000,91,73381.94,73478.42,96.48,0.0000,0.0000,0.0000,0.0288,0.0020,0.1620,0.001160,0.0466,0.0000,73476.79,0.0000,0.0022,0.0000,0.0000,0.1600,166.00,0.1500,74.41,0.1400,71.00,0.1300,71.00,0.1200,236.51,0.1700,166.59,0.1800,525.53,0.1900,75.00,0.2000,378.00,0.2100,101.00,0.8300,166.59,0.8200,525.53,0.8100,75.00,0.8000,378.00,0.7900,101.00,0.8400,166.00,0.8500,74.41,0.8600,71.00,0.8700,71.00,0.8800,236.51,618.92,1246.12,1865.04,1246.12,618.92,1865.04,0.0100,0.0100,-0.3363,0.3363,0.1650,0.8350,0.3884,0.5554,0.5554,0.3884,-21.5591,138.2689,138.2689,-21.5591
btc-updown-5m-1780094100,1780094310000,90,73382.81,73478.42,95.61,0.0000,0.0000,0.0000,0.0220,0.0020,0.1617,0.001160,0.0328,0.0000,73478.10,0.0000,0.0004,0.0000,0.0000,0.1600,51.11,0.1500,46.55,0.1400,49.00,0.1300,41.00,0.1200,226.51,0.1700,691.48,0.1800,257.96,0.1900,121.71,0.2000,426.00,0.2100,116.00,0.8300,691.48,0.8200,257.96,0.8100,121.71,0.8000,426.00,0.7900,116.00,0.8400,51.11,0.8500,46.55,0.8600,49.00,0.8700,41.00,0.8800,226.51,414.17,1613.15,2027.32,1613.15,414.17,2027.32,0.0100,0.0100,-0.5914,0.5914,0.1607,0.8393,0.2358,0.5886,0.5886,0.2358,-63.8358,152.4119,152.4119,-63.8358
btc-updown-5m-1780094100,1780094311000,89,73383.65,73478.42,94.77,0.0000,0.0000,0.0000,0.0220,0.0020,0.1613,0.001160,0.0328,0.0000,73478.10,0.0000,0.0004,0.0000,0.0000,0.1600,37.24,0.1500,46.55,0.1400,65.51,0.1300,46.00,0.1200,301.97,0.1700,589.82,0.1800,240.84,0.1900,91.71,0.2000,406.00,0.2100,86.00,0.8300,589.82,0.8200,240.84,0.8100,91.71,0.8000,406.00,0.7900,86.00,0.8400,37.24,0.8500,46.55,0.8600,65.51,0.8700,46.00,0.8800,301.97,497.27,1414.37,1911.64,1414.37,497.27,1911.64,0.0100,0.0100,-0.4797,0.4797,0.1606,0.8394,0.1685,0.5873,0.5873,0.1685,-133.7715,171.8794,171.8794,-133.7715
btc-updown-5m-1780094100,1780094312000,88,73383.63,73478.42,94.79,0.0000,0.0000,0.0214,0.0434,0.0020,0.1613,0.001160,0.0329,0.6519,73478.19,0.0000,0.0003,0.0000,0.0000,0.1600,21.16,0.1500,46.55,0.1400,78.51,0.1300,56.00,0.1200,271.97,0.1700,550.76,0.1800,225.51,0.1900,103.71,0.2000,406.00,0.2100,86.00,0.8300,550.76,0.8200,225.51,0.8100,103.71,0.8000,406.00,0.7900,86.00,0.8400,21.16,0.8500,46.55,0.8600,78.51,0.8700,56.00,0.8800,271.97,474.19,1371.98,1846.17,1371.98,474.19,1846.17,0.0100,0.0100,-0.4863,0.4863,0.1604,0.8396,0.1428,0.5658,0.5658,0.1428,-13.0018,208.4842,208.4842,-13.0018
btc-updown-5m-1780094100,1780094313000,87,73383.79,73478.42,94.63,0.0000,0.0000,0.0000,0.0214,0.0000,0.1613,0.001160,0.0329,0.0000,73478.19,0.0000,0.0003,0.0000,0.0000,0.1600,21.16,0.1500,46.55,0.1400,78.51,0.1300,56.00,0.1200,271.97,0.1700,550.76,0.1800,225.51,0.1900,103.71,0.2000,406.00,0.2100,86.00,0.8300,550.76,0.8200,225.51,0.8100,103.71,0.8000,406.00,0.7900,86.00,0.8400,21.16,0.8500,46.55,0.8600,78.51,0.8700,56.00,0.8800,271.97,474.19,1371.98,1846.17,1371.98,474.19,1846.17,0.0100,0.0100,-0.4863,0.4863,0.1604,0.8396,0.1428,0.5658,0.5658,0.1428,-62.9800,230.7180,230.7180,-62.9800
btc-updown-5m-1780094100,1780094314000,86,73383.79,73478.42,94.63,0.0000,0.0000,0.0110,0.0324,0.0000,0.1610,0.001160,0.0332,0.3318,73478.19,0.0000,0.0003,0.0000,0.0000,0.1500,35.97,0.1400,78.51,0.1300,51.00,0.1200,306.97,0.1100,103.20,0.1700,496.57,0.1800,225.51,0.1900,103.71,0.2000,401.00,0.2100,86.00,0.8300,496.57,0.8200,225.51,0.8100,103.71,0.8000,401.00,0.7900,86.00,0.8500,35.97,0.8600,78.51,0.8700,51.00,0.8800,306.97,0.8900,103.20,575.65,1312.79,1888.44,1312.79,575.65,1888.44,0.0200,0.0200,-0.3903,0.3903,0.1514,0.8486,0.1989,0.5500,0.5500,0.1989,30.2016,32.6723,32.6723,30.2016
btc-updown-5m-1780094100,1780094315000,85,73383.80,73478.42,94.62,0.0000,0.0000,0.0323,0.0647,0.0000,0.1610,0.001160,0.0327,0.9871,73478.42,0.0000,0.0000,0.0000,0.0000,0.1400,63.35,0.1300,68.78,0.1200,301.97,0.1100,103.20,0.1000,574.99,0.1600,347.70,0.1700,265.53,0.1800,86.64,0.1900,98.00,0.2000,391.00,0.8400,347.70,0.8300,265.53,0.8200,86.64,0.8100,98.00,0.8000,391.00,0.8600,63.35,0.8700,68.78,0.8800,301.97,0.8900,103.20,0.9000,574.99,1112.29,1188.87,2301.16,1188.87,1112.29,2301.16,0.0200,0.0200,-0.0333,0.0333,0.1431,0.8569,0.1188,0.5158,0.5158,0.1188,99.4472,-44.9064,-44.9064,99.4472
btc-updown-5m-1780094100,1780094316000,84,73383.74,73478.41,94.67,-0.0000,-0.0000,0.0316,0.0963,0.0020,0.1613,0.001161,0.0337,0.9374,73478.42,-0.0000,-0.0000,-0.0129,-0.0000,0.1300,72.85,0.1200,316.97,0.1100,118.20,0.1000,569.99,0.0900,88.80,0.1400,240.80,0.1500,118.85,0.1600,272.50,0.1700,197.59,0.1800,26.00,0.8600,240.80,0.8500,118.85,0.8400,272.50,0.8300,197.59,0.8200,26.00,0.8700,72.85,0.8800,316.97,0.8900,118.20,0.9000,569.99,0.9100,88.80,1166.81,855.74,2022.55,855.74,1166.81,2022.55,0.0100,0.0100,0.1538,-0.1538,0.1323,0.8677,0.3341,0.4203,0.4203,0.3341,133.4468,-121.8617,-121.8617,133.4468
btc-updown-5m-1780094100,1780094317000,83,73383.73,73478.42,94.69,0.0000,0.0000,0.0003,0.0752,0.0040,0.0033,0.000007,0.0337,0.0095,73478.42,0.0000,0.0000,0.0129,0.0000,0.1300,76.95,0.1200,316.97,0.1100,139.26,0.1000,369.99,0.0900,83.80,0.1400,136.92,0.1500,118.85,0.1600,267.68,0.1700,197.59,0.1800,26.00,0.8600,136.92,0.8500,118.85,0.8400,267.68,0.8300,197.59,0.8200,26.00,0.8700,76.95,0.8800,316.97,0.8900,139.26,0.9000,369.99,0.9100,83.80,986.97,747.04,1734.01,747.04,986.97,1734.01,0.0100,0.0100,0.1384,-0.1384,0.1336,0.8664,0.3991,0.3424,0.3424,0.3991,79.4131,-112.7314,-112.7314,79.4131
btc-updown-5m-1780094100,1780094318000,82,73383.70,73478.42,94.72,0.0000,0.0000,0.0000,0.0752,0.0040,0.0033,0.000007,0.0123,0.0000,73478.42,0.0000,0.0000,0.0000,0.0000,0.1300,65.20,0.1200,316.97,0.1100,151.26,0.1000,369.99,0.0900,283.80,0.1400,181.11,0.1500,98.85,0.1600,267.68,0.1700,197.59,0.1800,26.00,0.8600,181.11,0.8500,98.85,0.8400,267.68,0.8300,197.59,0.8200,26.00,0.8700,65.20,0.8800,316.97,0.8900,151.26,0.9000,369.99,0.9100,283.80,1187.22,771.23,1958.45,771.23,1187.22,1958.45,0.0100,0.0100,0.2124,-0.2124,0.1326,0.8674,0.3219,0.3630,0.3630,0.3219,120.0792,-101.1704,-101.1704,120.0792
btc-updown-5m-1780094100,1780094319000,81,73383.70,73478.41,94.71,-0.0000,-0.0000,0.1324,0.1966,0.0060,0.0033,0.000007,0.0166,7.9874,73478.42,-0.0000,-0.0000,-0.0129,-0.0000,0.1000,151.46,0.0900,236.56,0.0800,85.62,0.0700,200.57,0.0600,246.17,0.1100,80.00,0.1200,226.86,0.1300,526.79,0.1400,141.59,0.1500,126.00,0.8900,80.00,0.8800,226.86,0.8700,526.79,0.8600,141.59,0.8500,126.00,0.9000,151.46,0.9100,236.56,0.9200,85.62,0.9300,200.57,0.9400,246.17,920.38,1101.24,2021.62,1101.24,920.38,2021.62,0.0100,0.0100,-0.0895,0.0895,0.1065,0.8935,0.4216,0.2786,0.2786,0.4216,70.0375,-32.2875,-32.2930,70.0494
btc-updown-5m-1780094100,1780094320000,80,73383.83,73478.41,94.58,0.0000,-0.0000,0.0005,0.1648,0.0060,0.0030,0.000007,0.0140,0.0379,73478.42,-0.0000,-0.0000,0.0000,0.0000,0.1000,252.83,0.0900,267.24,0.0800,95.62,0.0700,160.57,0.0600,246.17,0.1100,257.02,0.1200,153.72,0.1300,341.83,0.1400,122.00,0.1500,116.00,0.8900,257.02,0.8800,153.72,0.8700,341.83,0.8600,122.00,0.8500,116.00,0.9000,252.83,0.9100,267.24,0.9200,95.62,0.9300,160.57,0.9400,246.17,1022.43,990.57,2013.00,990.57,1022.43,2013.00,0.0100,0.0100,0.0158,-0.0158,0.1050,0.8950,0.5087,0.4147,0.4147,0.5087,85.1699,-52.7767,-52.7767,85.1699
btc-updown-5m-1780094100,1780094321000,79,73383.63,73478.41,94.78,0.0000,0.0000,0.0000,0.1333,0.0040,0.0030,0.000007,0.0140,0.0000,73478.42,-0.0000,-0.0000,0.0000,0.0000,0.1000,96.17,0.0900,267.24,0.0800,90.62,0.0700,170.57,0.0600,216.17,0.1100,601.85,0.1200,133.72,0.1300,342.45,0.1400,122.00,0.1500,121.00,0.8900,601.85,0.8800,133.72,0.8700,342.45,0.8600,122.00,0.8500,121.00,0.9000,96.17,0.9100,267.24,0.9200,90.62,0.9300,170.57,0.9400,216.17,840.77,1321.02,2161.79,1321.02,840.77,2161.79,0.0100,0.0100,-0.2222,0.2222,0.1014,0.8986,0.4322,0.5568,0.5568,0.4322,-47.7114,56.5876,56.5876,-47.7114
btc-updown-5m-1780094100,1780094322000,78,73383.38,73478.42,95.04,0.0000,0.0000,0.0005,0.1334,0.0040,0.0033,0.000007,0.0140,0.0336,73478.42,0.0000,0.0000,0.0129,0.0000,0.0900,214.89,0.0800,125.02,0.0700,165.57,0.0600,221.17,0.0500,2039.59,0.1000,695.19,0.1100,180.78,0.1200,116.27,0.1300,331.86,0.1400,122.00,0.9000,695.19,0.8900,180.78,0.8800,116.27,0.8700,331.86,0.8600,122.00,0.9100,214.89,0.9200,125.02,0.9300,165.57,0.9400,221.17,0.9500,2039.59,2766.24,1446.10,4212.34,1446.10,2766.24,4212.34,0.0100,0.0100,0.3134,-0.3134,0.0924,0.9076,0.1229,0.6057,0.6057,0.1229,335.4091,71.2037,71.2037,335.4091
btc-updown-5m-1780094100,1780094323000,77,73381.46,73475.88,94.42,-0.0035,-0.0035,0.3032,0.4366,0.5120,0.0880,0.000621,0.0234,12.9404,73477.36,-0.0011,-0.0020,-3.2638,-0.0000,0.0900,148.16,0.0800,130.02,0.0700,155.57,0.0600,221.17,0.0500,2028.59,0.1000,579.30,0.1100,137.63,0.1200,138.84,0.1300,331.86,0.1400,116.00,0.9000,579.30,0.8900,137.63,0.8800,138.84,0.8700,331.86,0.8600,116.00,0.9100,148.16,0.9200,130.02,0.9300,155.57,0.9400,221.17,0.9500,2028.59,2683.51,1303.63,3987.14,1303.63,2683.51,3987.14,0.0100,0.0100,0.3461,-0.3461,0.0920,0.9080,0.1037,0.5499,0.5499,0.1037,296.2985,97.1794,97.1793,296.2984
btc-updown-5m-1780094100,1780094324000,76,73381.26,73472.01,90.75,-0.0053,-0.0087,0.1359,0.4401,1.2860,0.2173,0.001113,0.0278,4.8868,73476.51,-0.0048,-0.0061,-4.7797,-0.0001,0.0900,131.93,0.0800,35.62,0.0700,116.99,0.0600,177.83,0.0500,1867.19,0.1000,701.12,0.1100,26.00,0.1200,26.00,0.1300,231.86,0.1400,26.00,0.9000,701.12,0.8900,26.00,0.8800,26.00,0.8700,231.86,0.8600,26.00,0.9100,131.93,0.9200,35.62,0.9300,116.99,0.9400,177.83,0.9500,1867.19,2329.56,1010.98,3340.54,1010.98,2329.56,3340.54,0.0100,0.0100,0.3947,-0.3947,0.0916,0.9084,0.0719,0.7192,0.7192,0.0719,187.3303,39.3162,39.3162,187.3303
btc-updown-5m-1780094100,1780094325000,75,73381.09,73472.00,90.91,-0.0000,-0.0087,0.0913,0.5308,1.2880,0.2177,0.001113,0.0308,2.9682,73476.08,-0.0030,-0.0056,-0.0124,-0.0000,0.0600,58.01,0.0500,1887.19,0.0400,401.00,0.0300,1233.91,0.0200,1721.30,0.0700,571.54,0.0800,352.87,0.0900,147.31,0.1000,402.53,0.1100,191.00,0.9300,571.54,0.9200,352.87,0.9100,147.31,0.9000,402.53,0.8900,191.00,0.9400,58.01,0.9500,1887.19,0.9600,401.00,0.9700,1233.91,0.9800,1721.30,5301.41,1665.25,6966.66,1665.25,5301.41,6966.66,0.0100,0.0100,0.5219,-0.5219,0.0609,0.9391,0.3669,0.5551,0.5551,0.3669,718.7200,-10.1040,-10.1040,718.7200
btc-updown-5m-1780094100,1780094326000,74,73379.13,73472.00,92.87,0.0000,-0.0087,0.0000,0.5308,1.2880,0.2177,0.001113,0.0307,0.0000,73476.08,-0.0030,-0.0056,0.0000,0.0000,0.0500,233.91,0.0400,481.00,0.0300,1374.99,0.0200,2506.29,0.0100,6778.80,0.0600,321.84,0.0700,273.56,0.0800,289.87,0.0900,118.00,0.1000,203.49,0.9400,321.84,0.9300,273.56,0.9200,289.87,0.9100,118.00,0.9000,203.49,0.9500,233.91,0.9600,481.00,0.9700,1374.99,0.9800,2506.29,0.9900,6778.80,11374.99,1206.76,12581.75,1206.76,11374.99,12581.75,0.0100,0.0100,0.8082,-0.8082,0.0542,0.9458,0.0628,0.4934,0.4934,0.0628,1749.9257,36.5433,36.5433,1749.9256
btc-updown-5m-1780094100,1780094327000,73,73374.42,73472.01,97.59,0.0000,-0.0087,0.0314,0.5617,1.2880,0.2177,0.001113,0.0317,0.9888,73475.95,-0.0028,-0.0054,0.0133,0.0000,0.0500,318.53,0.0400,481.00,0.0300,1324.99,0.0200,2636.29,0.0100,6721.85,0.0600,310.35,0.0700,342.56,0.0800,387.37,0.0900,193.00,0.1000,258.49,0.9400,310.35,0.9300,342.56,0.9200,387.37,0.9100,193.00,0.9000,258.49,0.9500,318.53,0.9600,481.00,0.9700,1324.99,0.9800,2636.29,0.9900,6721.85,11482.66,1491.77,12974.43,1491.77,11482.66,12974.43,0.0100,0.0100,0.7700,-0.7700,0.0551,0.9449,0.0696,0.4377,0.4377,0.0696,1713.9459,35.7851,35.7852,1713.9459
btc-updown-5m-1780094100,1780094328000,72,73374.23,73440.00,65.77,-0.0436,-0.0488,5.7986,6.0571,7.1820,1.2847,0.007847,0.2171,26.7058,73444.96,-0.0041,-0.0068,-28.6527,-0.0004,0.0500,283.30,0.0400,481.00,0.0300,1319.99,0.0200,2639.29,0.0100,6726.85,0.0600,272.35,0.0700,337.56,0.0800,387.37,0.0900,193.00,0.1000,258.49,0.9400,272.35,0.9300,337.56,0.9200,387.37,0.9100,193.00,0.9000,258.49,0.9500,283.30,0.9600,481.00,0.9700,1319.99,0.9800,2639.29,0.9900,6726.85,11450.43,1448.77,12899.20,1448.77,11450.43,12899.20,0.0100,0.0100,0.7754,-0.7754,0.0551,0.9449,0.0667,0.4210,0.4210,0.0667,1545.7120,-14.7264,-14.7264,1545.7120
btc-updown-5m-1780094100,1780094329000,71,73373.92,73440.01,66.09,0.0000,-0.0436,0.0390,5.9602,6.4080,1.2850,0.007848,0.2183,0.1785,73444.92,-0.0018,-0.0067,0.0090,0.0000,0.0300,512.10,0.0200,1439.00,0.0100,5687.85,,,,,0.0500,209.78,0.0600,563.88,0.0700,447.56,0.0800,801.87,0.0900,248.00,0.9500,209.78,0.9400,563.88,0.9300,447.56,0.9200,801.87,0.9100,248.00,0.9700,512.10,0.9800,1439.00,0.9900,5687.85,,,,,7638.95,2271.09,9910.04,2271.09,7638.95,9910.04,0.0200,0.0200,0.5417,-0.5417,0.0442,0.9558,,0.3407,0.3407,,1133.0650,118.4906,118.4906,1133.0650
btc-updown-5m-1780094100,1780094330000,70,73373.92,73440.00,66.08,-0.0000,-0.0436,0.0061,5.8750,6.4080,1.2850,0.007848,0.2185,0.0281,73444.91,-0.0009,-0.0067,-0.0090,-0.0000,0.0200,913.46,0.0100,5868.84,,,,,,,0.0300,336.59,0.0400,528.32,0.0500,548.92,0.0600,268.62,0.0700,366.56,0.9700,342.59,0.9600,528.32,0.9500,548.92,0.9400,268.62,0.9300,366.56,0.9800,913.46,0.9900,5868.84,,,,,,,6782.30,2049.01,8831.31,2055.01,6782.30,8837.31,0.0100,0.0100,0.5360,-0.5349,0.0273,0.9727,,0.4221,0.4238,,-1460.3682,183.3973,185.2537,-1460.3681
btc-updown-5m-1780094100,1780094331000,69,73346.45,73442.38,95.93,0.0032,-0.0403,0.1756,6.0507,6.8840,1.3640,0.007893,0.2241,0.7836,73444.85,0.0029,-0.0034,3.1088,0.0000,0.0100,4715.18,,,,,,,,,0.0200,2217.17,0.0300,412.39,0.0400,549.32,0.0500,563.96,0.0600,299.62,0.9800,2217.17,0.9700,412.39,0.9600,549.32,0.9500,563.96,0.9400,299.62,0.9900,4715.18,,,,,,,,,4715.18,4042.46,8757.64,4042.46,4715.18,8757.64,0.0100,0.0100,0.0768,-0.0768,0.0168,0.9832,,0.6505,0.6505,,-1505.9389,1067.0239,1067.4890,-1506.5954
btc-updown-5m-1780094100,1780094332000,68,73343.27,73442.39,99.12,0.0000,-0.0403,0.0001,6.0194,6.8840,1.3643,0.007893,0.2241,0.0004,73444.84,0.0029,-0.0033,0.0135,0.0000,0.0100,4036.82,,,,,,,,,0.0200,2901.18,0.0300,443.39,0.0400,579.32,0.0500,300.43,0.0600,238.98,0.9800,2901.18,0.9700,443.39,0.9600,579.32,0.9500,300.43,0.9400,238.98,0.9900,4036.82,,,,,,,,,4036.82,4463.30,8500.12,4463.30,4036.82,8500.12,0.0100,0.0100,-0.0502,0.0502,0.0158,0.9842,,0.7493,0.7493,,-1315.2344,803.0073,803.0073,-1315.2344
btc-updown-5m-1780094100,1780094333000,67,73344.80,73442.38,97.58,-0.0000,0.0032,0.0009,0.2218,0.4840,1.3643,0.007893,0.2240,0.0042,73444.82,0.0031,-0.0033,-0.0133,-0.0000,0.0100,2868.71,,,,,,,,,0.0200,3359.06,0.0300,442.39,0.0400,616.32,0.0500,360.43,0.0600,306.98,0.9800,3359.06,0.9700,442.39,0.9600,616.32,0.9500,360.43,0.9400,306.98,0.9900,2868.71,,,,,,,,,2868.71,5085.18,7953.89,5085.18,2868.71,7953.89,0.0100,0.0100,-0.2787,0.2787,0.0146,0.9854,,0.7476,0.7476,,-1023.9793,701.4309,701.2447,-1023.7075
btc-updown-5m-1780094100,1780094334000,66,73349.71,73442.39,92.68,0.0000,0.0032,0.0002,0.1830,0.4840,1.3643,0.007893,0.2240,0.0008,73444.82,0.0007,-0.0033,0.0126,0.0000,0.0100,2872.63,,,,,,,,,0.0200,3195.55,0.0300,413.39,0.0400,821.74,0.0500,275.43,0.0600,204.51,0.9800,3195.55,0.9700,413.39,0.9600,821.74,0.9500,275.43,0.9400,204.51,0.9900,2872.63,,,,,,,,,2872.63,4910.62,7783.25,4910.62,2872.63,7783.25,0.0100,0.0100,-0.2618,0.2618,0.0147,0.9853,,0.7349,0.7349,,-867.2485,709.8712,709.7136,-867.0560
btc-updown-5m-1780094100,1780094335000,65,73349.36,73442.39,93.03,0.0000,0.0033,0.0005,0.1773,0.4820,1.3643,0.007893,0.2207,0.0021,73444.31,0.0001,-0.0026,0.0000,0.0000,0.0100,1992.34,,,,,,,,,0.0200,1297.70,0.0300,468.39,0.0400,869.42,0.0500,384.76,0.0600,291.04,0.9800,1297.70,0.9700,468.39,0.9600,869.42,0.9500,384.76,0.9400,291.04,0.9900,1992.34,,,,,,,,,1992.34,3311.31,5303.65,3311.31,1992.34,5303.65,0.0100,0.0100,-0.2487,0.2487,0.0161,0.9839,,0.5334,0.5334,,-899.6678,305.2912,305.2912,-899.6678
btc-updown-5m-1780094100,1780094336000,64,73349.36,73442.39,93.03,0.0000,0.0000,0.0033,0.0050,0.0060,1.3643,0.007893,0.2206,0.0150,73444.28,0.0000,-0.0026,0.0000,0.0000,0.0100,1824.62,,,,,,,,,0.0200,481.50,0.0300,813.39,0.0400,814.42,0.0500,351.76,0.0600,227.04,0.9800,481.50,0.9700,813.39,0.9600,814.42,0.9500,351.76,0.9400,227.04,0.9900,1824.62,,,,,,,,,1824.62,2688.11,4512.73,2688.11,1824.62,4512.73,0.0100,0.0100,-0.1913,0.1913,0.0179,0.9821,,0.4817,0.4817,,-837.8913,113.1047,113.1047,-836.7056
btc-updown-5m-1780094100,1780094337000,63,73349.41,73447.21,97.80,0.0066,0.0066,0.1308,0.1357,0.9700,1.5253,0.008025,0.2248,0.5816,73444.33,0.0002,0.0039,6.4184,0.0001,0.0100,1272.69,,,,,,,,,0.0200,331.80,0.0300,91.39,0.0400,370.42,0.0500,196.76,0.0600,217.04,0.9800,331.80,0.9700,91.39,0.9600,370.42,0.9500,196.76,0.9400,217.04,0.9900,1272.69,,,,,,,,,1272.69,1207.41,2480.10,1207.41,1272.69,2480.10,0.0100,0.0100,0.0263,-0.0263,0.0179,0.9821,,0.3505,0.3505,,-583.7411,-474.0304,-474.0304,-583.7411
btc-updown-5m-1780094100,1780094338000,62,73349.37,73447.21,97.84,0.0000,0.0066,0.0000,0.1347,0.9680,1.5250,0.008025,0.2248,0.0000,73444.33,0.0002,0.0039,0.0000,0.0000,0.0100,1293.85,,,,,,,,,0.0200,323.68,0.0300,202.39,0.0400,455.42,0.0500,202.36,0.0600,254.04,0.9800,323.68,0.9700,202.39,0.9600,455.42,0.9500,202.36,0.9400,254.04,0.9900,1293.85,,,,,,,,,1293.85,1437.89,2731.74,1437.89,1293.85,2731.74,0.0100,0.0100,-0.0527,0.0527,0.0180,0.9820,,0.3659,0.3659,,-486.9162,-563.9497,-564.1598,-487.0976
btc-updown-5m-1780094100,1780094339000,61,73349.38,73447.22,97.84,0.0000,0.0066,0.0010,0.1356,0.9680,1.5253,0.008025,0.2241,0.0046,73444.23,0.0002,0.0041,0.0133,0.0000,0.0100,1470.08,,,,,,,,,0.0200,521.00,0.0300,151.39,0.0400,375.42,0.0500,142.36,0.0600,217.04,0.9800,521.00,0.9700,151.39,0.9600,375.42,0.9500,142.36,0.9400,217.04,0.9900,1470.08,,,,,,,,,1470.08,1407.21,2877.29,1407.21,1470.08,2877.29,0.0100,0.0100,0.0219,-0.0219,0.0174,0.9826,,0.4778,0.4778,,-315.3037,-486.2645,-486.3441,-315.3553
btc-updown-5m-1780094100,1780094340000,60,73350.40,73447.21,96.81,-0.0000,0.0066,0.0131,0.1482,0.9700,1.5257,0.008025,0.2245,0.0585,73444.23,0.0002,0.0041,-0.0132,-0.0000,0.0100,847.27,,,,,,,,,0.0200,645.14,0.0300,647.94,0.0400,512.50,0.0500,233.99,0.0600,256.04,0.9800,645.14,0.9700,647.94,0.9600,512.50,0.9500,233.99,0.9400,256.04,0.9900,847.27,,,,,,,,,847.27,2295.61,3142.88,2295.61,847.27,3142.88,0.0100,0.0100,-0.4608,0.4608,0.0157,0.9843,,0.5633,0.5633,,-334.1076,-431.3774,-431.3774,-334.1076
btc-updown-5m-1780094100,1780094341000,59,73352.60,73459.17,106.57,0.0163,0.0228,0.4517,0.5966,3.3620,1.9243,0.008630,0.2391,1.8891,73445.14,0.0041,0.0191,17.3545,0.0002,0.0100,449.60,,,,,,,,,0.0200,498.14,0.0300,155.16,0.0400,136.08,0.0500,159.99,0.0600,58.04,0.9800,498.14,0.9700,155.16,0.9600,136.08,0.9500,159.99,0.9400,58.04,0.9900,449.60,,,,,,,,,449.60,1007.41,1457.01,1007.41,449.60,1457.01,0.0100,0.0100,-0.3828,0.3828,0.0147,0.9853,,0.6485,0.6485,,-329.5642,-574.7395,-574.7395,-329.5642
btc-updown-5m-1780094100,1780094342000,58,73354.10,73459.17,105.07,0.0000,0.0163,0.0068,0.4727,2.3980,1.9247,0.008630,0.2393,0.0285,73445.16,0.0039,0.0191,0.0000,0.0000,0.0100,449.60,,,,,,,,,0.0200,498.14,0.0300,155.16,0.0400,136.08,0.0500,159.99,0.0600,58.04,0.9800,498.14,0.9700,155.16,0.9600,136.08,0.9500,159.99,0.9400,58.04,0.9900,449.60,,,,,,,,,449.60,1007.41,1457.01,1007.41,449.60,1457.01,0.0100,0.0100,-0.3828,0.3828,0.0147,0.9853,,0.6485,0.6485,,-273.8212,-331.0832,-331.2151,-273.9303
btc-updown-5m-1780094100,1780094343000,57,73355.82,73459.17,103.35,0.0000,0.0163,0.0000,0.4727,2.3980,1.9247,0.008630,0.2386,0.0000,73445.06,0.0005,0.0192,0.0000,0.0000,,,,,,,,,,,0.0400,210.78,0.0500,12.18,0.0700,5.00,0.0800,123.12,0.1000,163.33,0.9600,210.78,0.9500,12.18,0.9300,5.00,0.9200,123.12,0.9000,163.33,,,,,,,,,,,-0.00,514.41,514.41,514.41,-0.00,514.41,,,-1.0000,1.0000,,,,0.4334,0.4334,,-211.9759,-115.7508,-115.7508,-211.9759
btc-updown-5m-1780094100,1780094344000,56,73365.97,73459.17,93.20,0.0000,0.0163,0.0509,0.5225,2.3960,1.9247,0.008630,0.2403,0.2117,73445.16,0.0004,0.0191,0.0000,0.0000,0.0100,472.55,,,,,,,,,0.0200,41.00,0.0300,147.46,0.0400,112.64,0.0500,5.00,0.0600,5.00,0.9800,41.00,0.9700,147.46,0.9600,112.64,0.9500,5.00,0.9400,5.00,0.9900,472.55,,,,,,,,,472.55,311.10,783.65,311.10,472.55,783.65,0.0100,0.0100,0.2060,-0.2060,0.0192,0.9808,,0.6058,0.6058,,-129.8939,-182.3628,-182.1843,-129.7667
btc-updown-5m-1780094100,1780094345000,55,73365.97,73467.52,101.55,0.0114,0.0277,0.0789,0.5883,4.0640,2.2030,0.008905,0.2425,0.3255,73445.34,0.0102,0.0302,11.5428,0.0002,0.0900,201.07,0.0800,21.00,0.0500,10.00,0.0300,80.16,0.0200,235.20,0.1000,328.68,0.1200,5.00,0.1300,15.00,0.1600,91.90,0.1700,40.00,0.9000,328.68,0.8800,5.00,0.8700,15.00,0.8400,91.90,0.8300,40.00,0.9100,201.07,0.9200,21.00,0.9500,10.00,0.9700,80.16,0.9800,235.20,547.43,480.58,1028.01,480.58,547.43,1028.01,0.0100,0.0100,0.0650,-0.0650,0.0938,0.9062,0.4057,0.6943,0.6943,0.4057,-151.0807,-151.7324,-151.7573,-151.1055
btc-updown-5m-1780094100,1780094346000,54,73366.23,73467.52,101.29,0.0000,0.0114,0.0001,0.1367,1.6720,2.2027,0.008905,0.2414,0.0003,73445.20,0.0098,0.0304,0.0000,0.0000,0.0900,75.01,0.0600,61.70,0.0500,20.00,0.0300,65.77,0.0200,341.72,0.1000,200.63,0.1100,5.00,0.1200,5.00,0.1300,10.00,0.1400,5.00,0.9000,200.63,0.8900,5.00,0.8800,5.00,0.8700,10.00,0.8600,5.00,0.9100,75.01,0.9400,61.70,0.9500,20.00,0.9700,65.77,0.9800,341.72,564.20,225.63,789.83,225.63,564.20,789.83,0.0100,0.0100,0.4287,-0.4287,0.0927,0.9073,0.2423,0.9114,0.9114,0.2423,-48.1004,-282.0909,-282.1857,-48.1165
btc-updown-5m-1780094100,1780094347000,53,73374.76,73467.52,92.76,0.0000,0.0114,0.0000,0.1299,1.6700,2.2023,0.008905,0.2404,0.0000,73445.06,0.0048,0.0306,0.0000,0.0000,0.0300,120.44,0.0200,653.89,0.0100,537.82,,,,,0.0500,209.78,0.0600,30.00,0.0700,30.00,0.0800,47.00,0.0900,30.00,0.9500,209.78,0.9400,30.00,0.9300,30.00,0.9200,47.00,0.9100,30.00,0.9700,120.44,0.9800,653.89,0.9900,537.82,,,,,1312.15,346.78,1658.93,346.78,1312.15,1658.93,0.0200,0.0200,0.5819,-0.5819,0.0373,0.9627,,0.6914,0.6914,,136.5920,-173.4267,-173.6331,136.7545
btc-updown-5m-1780094100,1780094348000,52,73377.47,73470.45,92.98,0.0040,0.0154,0.3154,0.4452,2.2560,2.3000,0.008942,0.2506,1.2585,73446.09,0.0025,0.0332,3.7082,0.0001,0.0400,22.19,0.0300,188.37,0.0200,923.31,0.0100,940.30,,,0.0500,40.00,0.0700,10.00,0.0800,5.00,0.1000,10.00,0.1200,5.00,0.9500,40.00,0.9300,10.00,0.9200,5.00,0.9000,10.00,0.8800,5.00,0.9600,22.19,0.9700,188.37,0.9800,923.31,0.9900,940.30,,,2074.17,70.00,2144.17,70.00,2074.17,2144.17,0.0100,0.0100,0.9347,-0.9347,0.0436,0.9564,,0.7143,0.7143,,385.2672,-94.1309,-94.1485,385.3395
btc-updown-5m-1780094100,1780094349000,51,73377.82,73471.99,94.17,0.0021,0.0175,0.0619,0.4563,2.5660,2.3513,0.008952,0.2526,0.2451,73446.29,0.0040,0.0350,1.9738,0.0000,0.0900,13.92,0.0800,40.00,0.0600,283.21,0.0500,42.50,0.0400,53.75,0.1000,73.00,0.1100,5.00,0.1200,39.83,0.1300,30.00,0.1400,30.00,0.9000,73.00,0.8900,5.00,0.8800,39.83,0.8700,30.00,0.8600,30.00,0.9100,13.92,0.9200,40.00,0.9400,283.21,0.9500,42.50,0.9600,53.75,433.38,177.83,611.21,177.83,433.38,611.21,0.0100,0.0100,0.4181,-0.4181,0.0916,0.9084,0.1244,0.4386,0.4386,0.1244,-34.5082,-20.3865,-20.3899,-34.5139
btc-updown-5m-1780094100,1780094350000,50,73377.68,73472.00,94.32,0.0000,0.0061,0.0040,0.3813,0.8980,2.3517,0.008952,0.2484,0.0161,73445.75,0.0025,0.0357,0.0128,0.0000,0.0600,208.70,0.0500,65.00,0.0400,54.96,0.0300,10.00,0.0200,812.92,0.0700,247.29,0.0900,53.32,0.1000,5.40,0.1100,10.00,0.1200,30.00,0.9300,247.29,0.9100,53.32,0.9000,5.40,0.8900,10.00,0.8800,30.00,0.9400,208.70,0.9500,65.00,0.9600,54.96,0.9700,10.00,0.9800,812.92,1151.58,346.01,1497.59,346.01,1151.58,1497.59,0.0100,0.0100,0.5379,-0.5379,0.0646,0.9354,0.2377,0.8688,0.8688,0.2377,129.8184,2.4080,2.4076,129.7973
btc-updown-5m-1780094100,1780094351000,49,73377.68,73471.99,94.31,-0.0000,0.0061,0.0171,0.3984,0.9000,2.3520,0.008952,0.2490,0.0687,73445.81,0.0017,0.0356,-0.0128,-0.0000,0.0700,102.00,0.0600,169.45,0.0500,94.00,0.0400,54.96,0.0300,5.00,0.0900,74.73,0.1000,30.00,0.1100,24.73,0.1300,10.00,0.1500,20.00,0.9100,74.73,0.9000,30.00,0.8900,24.73,0.8700,10.00,0.8500,20.00,0.9300,102.00,0.9400,169.45,0.9500,94.00,0.9600,54.96,0.9700,5.00,425.41,159.46,584.87,159.46,425.41,584.87,0.0200,0.0200,0.4547,-0.4547,0.0815,0.9185,0.6381,0.6568,0.6568,0.6381,-26.8075,-17.4065,-17.4037,-26.8032
btc-updown-5m-1780094100,1780094352000,48,73378.93,73471.99,93.06,0.0000,0.0061,0.0000,0.3984,0.9000,2.3517,0.008952,0.2490,0.0000,73445.81,0.0017,0.0356,0.0000,0.0000,0.0800,1.27,0.0600,184.45,0.0500,80.65,0.0400,35.00,0.0300,5.00,0.0900,229.06,0.1000,30.00,0.1100,24.73,0.1300,15.00,0.1500,20.00,0.9100,229.06,0.9000,30.00,0.8900,24.73,0.8700,15.00,0.8500,20.00,0.9200,1.27,0.9400,184.45,0.9500,80.65,0.9600,35.00,0.9700,5.00,306.37,318.79,625.16,318.79,306.37,625.16,0.0100,0.0100,-0.0199,0.0199,0.0801,0.9199,0.6062,0.8126,0.8126,0.6062,10.4621,17.3638,17.3638,10.4621
btc-updown-5m-1780094100,1780094353000,47,73379.64,73472.00,92.36,0.0000,0.0021,0.0003,0.0833,0.3160,2.2673,0.008933,0.2490,0.0014,73445.81,0.0017,0.0357,0.0126,0.0000,0.0500,27.58,0.0400,25.00,0.0300,78.19,0.0200,639.94,0.0100,1335.60,0.0700,345.57,0.0800,75.12,0.0900,54.46,0.1100,11.80,0.1300,15.00,0.9300,345.57,0.9200,75.12,0.9100,54.46,0.8900,11.80,0.8700,15.00,0.9500,27.58,0.9600,25.00,0.9700,78.19,0.9800,639.94,0.9900,1335.60,2106.31,501.95,2608.26,501.95,2106.31,2608.26,0.0200,0.0200,0.6151,-0.6151,0.0515,0.9485,0.0250,0.8381,0.8381,0.0250,48.4957,49.2310,49.2145,48.4794
btc-updown-5m-1780094100,1780094354000,46,73379.64,73472.00,92.36,0.0000,0.0000,0.0008,0.0222,0.0060,2.1380,0.008883,0.2392,0.0031,73444.58,0.0000,0.0373,0.0000,0.0000,0.0700,10.00,0.0600,40.00,0.0500,5.00,0.0400,54.35,0.0300,10.00,0.0800,61.18,0.0900,34.73,0.1000,5.00,0.1300,20.00,0.1400,5.00,0.9200,61.18,0.9100,34.73,0.9000,5.00,0.8700,20.00,0.8600,5.00,0.9300,10.00,0.9400,40.00,0.9500,5.00,0.9600,54.35,0.9700,10.00,119.35,125.91,245.26,125.91,119.35,245.26,0.0100,0.0100,-0.0267,0.0267,0.0714,0.9286,0.4189,0.7617,0.7617,0.4189,-323.0574,9.2398,9.2352,-322.8973
btc-updown-5m-1780094100,1780094355000,45,73379.78,73472.00,92.22,0.0000,0.0000,0.0018,0.0200,0.0040,2.1377,0.008883,0.2349,0.0077,73444.08,0.0000,0.0380,0.0000,0.0000,0.0700,91.44,0.0600,39.48,0.0500,5.00,0.0400,54.35,0.0300,10.00,0.0900,99.73,0.1000,5.00,0.1200,50.51,0.1300,20.00,0.1400,10.00,0.9100,99.73,0.9000,5.00,0.8800,50.51,0.8700,20.00,0.8600,10.00,0.9300,91.44,0.9400,39.48,0.9500,5.00,0.9600,54.35,0.9700,10.00,200.27,185.24,385.51,185.24,200.27,385.51,0.0200,0.0200,0.0390,-0.0390,0.0796,0.9204,0.6537,0.5654,0.5654,0.6537,-41.9536,-19.1779,-19.1779,-41.9536
btc-updown-5m-1780094100,1780094356000,44,73380.26,73472.00,91.74,0.0000,0.0000,0.0000,0.0029,0.0020,2.1377,0.008883,0.2319,0.0000,73443.72,0.0000,0.0385,0.0000,0.0000,0.0700,83.67,0.0600,39.48,0.0500,5.00,0.0400,69.35,0.0300,10.00,0.0800,61.68,0.0900,64.73,0.1000,24.87,0.1100,26.51,0.1300,26.99,0.9200,61.68,0.9100,64.73,0.9000,24.87,0.8900,26.51,0.8700,26.99,0.9300,83.67,0.9400,39.48,0.9500,5.00,0.9600,69.35,0.9700,10.00,207.50,204.78,412.28,204.78,207.50,412.28,0.0100,0.0100,0.0066,-0.0066,0.0758,0.9242,0.5935,0.6173,0.6173,0.5935,-151.5830,7.3688,7.3688,-151.5830
btc-updown-5m-1780094100,1780094357000,43,73380.26,73471.99,91.73,-0.0000,0.0000,0.0047,0.0076,0.0040,2.1377,0.008883,0.2321,0.0201,73443.74,-0.0000,0.0385,-0.0125,-0.0000,0.0900,58.89,0.0800,142.17,0.0700,50.32,0.0600,65.49,0.0400,10.00,0.1000,30.96,0.1100,12.00,0.1200,5.00,0.2000,90.76,0.2100,76.15,0.9000,30.96,0.8900,12.00,0.8800,5.00,0.8000,90.76,0.7900,76.15,0.9100,58.89,0.9200,142.17,0.9300,50.32,0.9400,65.49,0.9600,10.00,326.87,214.87,541.74,214.87,326.87,541.74,0.0100,0.0100,0.2067,-0.2067,0.0966,0.9034,0.6151,0.1999,0.1999,0.6151,-130.7025,22.5372,22.5448,-130.7462
btc-updown-5m-1780094100,1780094358000,42,73379.86,73471.99,92.13,0.0000,-0.0000,0.0000,0.0072,0.0020,1.0707,0.003674,0.2311,0.0000,73443.62,-0.0000,0.0386,0.0000,0.0000,0.0700,65.24,0.0600,44.48,0.0200,583.43,0.0100,1501.01,,,0.0800,80.00,0.0900,67.77,0.1000,70.23,0.1100,5.00,0.1400,60.00,0.9200,80.00,0.9100,67.77,0.9000,70.23,0.8900,5.00,0.8600,60.00,0.9300,65.24,0.9400,44.48,0.9800,583.43,0.9900,1501.01,,,2194.16,283.00,2477.16,283.00,2194.16,2477.16,0.0100,0.0100,0.7715,-0.7715,0.0745,0.9255,,0.5222,0.5222,,314.1271,-26.3072,-26.3072,314.1271
btc-updown-5m-1780094100,1780094359000,41,73379.71,73472.00,92.29,0.0000,0.0000,0.0898,0.0963,0.0040,1.0707,0.003674,0.0469,1.9140,73459.79,0.0000,0.0166,0.0126,0.0000,0.0700,48.44,0.0600,44.48,0.0500,48.50,0.0400,10.00,0.0300,50.00,0.0800,17.50,0.1000,32.51,0.1100,5.00,0.1400,60.00,0.1500,100.00,0.9200,17.50,0.9000,32.51,0.8900,5.00,0.8600,60.00,0.8500,100.00,0.9300,48.44,0.9400,44.48,0.9500,48.50,0.9600,10.00,0.9700,50.00,201.42,215.01,416.43,215.01,201.42,416.43,0.0100,0.0100,-0.0326,0.0326,0.0773,0.9227,0.4613,0.2326,0.2326,0.4613,-345.9662,-52.1141,-52.1141,-345.9662
btc-updown-5m-1780094100,1780094360000,40,73379.71,73471.99,92.28,-0.0000,-0.0000,0.0011,0.0956,0.0060,1.0707,0.003674,0.0457,0.0236,73460.34,-0.0000,0.0159,-0.0126,-0.0000,0.0700,25.44,0.0600,80.73,0.0500,5.00,0.0200,583.43,0.0100,1413.53,0.0800,80.00,0.0900,130.00,0.1000,20.51,0.1100,25.51,0.1200,12.00,0.9200,130.00,0.9100,130.00,0.9000,20.51,0.8900,25.51,0.8800,12.00,0.9300,25.44,0.9400,80.73,0.9500,5.00,0.9800,583.43,0.9900,1413.53,2108.13,268.02,2376.15,318.02,2108.13,2426.15,0.0100,0.0100,0.7744,-0.7378,0.0724,0.9284,0.0504,0.7835,0.8176,0.0504,333.5200,23.8320,32.2278,333.6319
btc-updown-5m-1780094100,1780094361000,39,73379.71,73471.99,92.28,0.0000,-0.0000,0.0000,0.0956,0.0060,0.9913,0.003668,0.0455,0.0000,73460.43,-0.0000,0.0157,0.0000,0.0000,0.0700,2.95,0.0600,44.48,0.0500,82.98,0.0300,50.00,0.0200,583.43,0.0800,182.00,0.0900,60.51,0.1000,37.51,0.1100,20.51,0.1200,30.00,0.9200,182.00,0.9100,60.51,0.9000,37.51,0.8900,20.51,0.8800,30.00,0.9300,2.95,0.9400,44.48,0.9500,82.98,0.9700,50.00,0.9800,583.43,763.84,330.53,1094.37,330.53,763.84,1094.37,0.0100,0.0100,0.3959,-0.3959,0.0702,0.9298,0.0621,0.7337,0.7337,0.0621,96.7194,8.3375,8.3375,96.7194
btc-updown-5m-1780094100,1780094362000,38,73379.89,73472.00,92.11,0.0000,0.0000,0.0230,0.1139,0.0060,0.9913,0.003668,0.0406,0.5660,73463.16,0.0000,0.0120,0.0125,0.0000,0.0300,50.60,0.0200,583.43,0.0100,1398.53,,,,,0.0800,1.47,0.0900,60.51,0.1200,7.95,0.1400,66.26,0.1500,100.00,0.9200,1.47,0.9100,60.51,0.8800,7.95,0.8600,66.26,0.8500,100.00,0.9700,50.60,0.9800,583.43,0.9900,1398.53,,,,,2032.56,236.19,2268.75,236.19,2032.56,2268.75,0.0500,0.0500,0.7918,-0.7918,0.0786,0.9214,,0.2624,0.2624,,310.9661,-5.2973,-5.2973,310.9661
btc-updown-5m-1780094100,1780094363000,37,73379.96,73472.00,92.04,0.0000,0.0000,0.0000,0.1139,0.0060,0.9910,0.003667,0.0406,0.0000,73463.16,0.0000,0.0120,0.0000,0.0000,0.0700,310.12,0.0600,25.00,0.0500,85.63,0.0300,30.00,0.0200,588.43,0.0800,46.87,0.0900,60.51,0.1000,5.00,0.1200,7.95,0.1300,6.61,0.9200,46.87,0.9100,60.51,0.9000,5.00,0.8800,7.95,0.8700,6.61,0.9300,310.12,0.9400,25.00,0.9500,85.63,0.9700,30.00,0.9800,588.43,1039.18,126.94,1166.12,126.94,1039.18,1166.12,0.0100,0.0100,0.7823,-0.7823,0.0787,0.9213,0.3225,0.8459,0.8459,0.3225,118.4063,-14.4765,-14.4717,118.3673
btc-updown-5m-1780094100,1780094364000,36,73380.07,73472.00,91.93,0.0000,0.0000,0.0204,0.0445,0.0040,0.9907,0.003668,0.0412,0.4950,73463.32,0.0000,0.0118,0.0000,0.0000,0.1100,258.87,0.1000,117.62,0.0900,17.00,0.0800,14.28,0.0700,211.54,0.1200,17.95,0.1400,72.00,0.1500,100.00,0.1600,49.69,0.1700,69.19,0.8800,17.95,0.8600,72.00,0.8500,100.00,0.8400,49.69,0.8300,69.19,0.8900,258.87,0.9000,117.62,0.9100,17.00,0.9200,14.28,0.9300,211.54,619.31,308.83,928.14,308.83,619.31,928.14,0.0100,0.0100,0.3345,-0.3345,0.1194,0.8806,0.6079,0.2913,0.2913,0.6079,-280.2757,15.8090,15.8090,-280.2757
btc-updown-5m-1780094100,1780094365000,35,73378.96,73472.00,93.04,0.0000,0.0000,0.0000,0.0434,0.0020,0.9907,0.003668,0.0412,0.0000,73463.32,0.0000,0.0118,0.0000,0.0000,0.1000,103.16,0.0900,29.21,0.0700,211.54,0.0200,429.49,0.0100,1288.42,0.1100,46.00,0.1200,28.15,0.1300,153.95,0.1400,88.96,0.1500,110.19,0.8900,46.00,0.8800,28.15,0.8700,153.95,0.8600,88.96,0.8500,110.19,0.9000,103.16,0.9100,29.21,0.9300,211.54,0.9800,429.49,0.9900,1288.42,2061.82,427.25,2489.07,427.25,2061.82,2489.07,0.0100,0.0100,0.6567,-0.6567,0.1069,0.8931,0.0642,0.1736,0.1736,0.0642,325.1154,34.7211,34.7150,325.0577
btc-updown-5m-1780094100,1780094366000,34,73379.84,73472.00,92.16,0.0000,0.0000,0.0000,0.0434,0.0020,0.9907,0.003668,0.0412,0.0000,73463.33,0.0000,0.0118,0.0000,0.0000,0.1000,42.29,0.0900,5.00,0.0800,32.24,0.0700,211.54,0.0600,10.00,0.1100,271.27,0.1200,18.15,0.1300,5.00,0.1400,88.96,0.1500,110.19,0.8900,271.27,0.8800,18.15,0.8700,5.00,0.8600,88.96,0.8500,110.19,0.9000,42.29,0.9100,5.00,0.9200,32.24,0.9300,211.54,0.9400,10.00,301.07,493.57,794.64,493.57,301.07,794.64,0.0100,0.0100,-0.2422,0.2422,0.1013,0.8987,0.1571,0.5864,0.5864,0.1571,14.5965,41.1358,41.1495,14.6013
btc-updown-5m-1780094100,1780094367000,33,73380.24,73472.00,91.76,0.0000,0.0000,0.0062,0.0266,0.0000,0.8297,0.003543,0.0413,0.1492,73463.43,0.0000,0.0117,0.0000,0.0000,0.1000,32.79,0.0900,5.00,0.0800,27.24,0.0700,216.54,0.0500,10.00,0.1100,210.75,0.1200,18.15,0.1300,26.04,0.1400,81.01,0.1500,110.19,0.8900,210.75,0.8800,18.15,0.8700,26.04,0.8600,81.01,0.8500,110.19,0.9000,32.79,0.9100,5.00,0.9200,27.24,0.9300,216.54,0.9500,10.00,291.57,446.14,737.71,446.14,291.57,737.71,0.0100,0.0100,-0.2095,0.2095,0.1013,0.8987,0.1296,0.5131,0.5131,0.1296,-77.5867,18.9929,18.9961,-77.5994
btc-updown-5m-1780094100,1780094368000,32,73378.82,73472.00,93.18,0.0000,0.0000,0.0018,0.0283,0.0000,0.8297,0.003543,0.0371,0.0474,73465.28,0.0000,0.0091,0.0000,0.0000,0.0700,189.78,0.0500,10.00,0.0200,429.49,0.0100,1380.77,,,0.1100,230.43,0.1200,25.32,0.1300,26.04,0.1400,75.80,0.1500,110.19,0.8900,230.43,0.8800,25.32,0.8700,26.04,0.8600,75.80,0.8500,110.19,0.9300,189.78,0.9500,10.00,0.9800,429.49,0.9900,1380.77,,,2010.04,467.78,2477.82,467.78,2010.04,2477.82,0.0400,0.0400,0.6224,-0.6224,0.0881,0.9119,,0.5467,0.5467,,-40.7480,35.4223,35.4223,-40.7480
btc-updown-5m-1780094100,1780094369000,31,73379.27,73472.00,92.73,0.0000,0.0000,0.0001,0.0081,0.0000,0.8293,0.003543,0.0371,0.0040,73465.28,0.0000,0.0091,0.0000,0.0000,0.0700,240.53,0.0600,5.00,0.0500,5.00,0.0300,33.36,0.0200,429.49,0.0800,119.12,0.0900,167.17,0.1000,5.00,0.1100,22.77,0.1200,25.32,0.9200,119.12,0.9100,167.17,0.9000,5.00,0.8900,22.77,0.8800,25.32,0.9300,240.53,0.9400,5.00,0.9500,5.00,0.9700,33.36,0.9800,429.49,713.38,339.38,1052.76,339.38,713.38,1052.76,0.0100,0.0100,0.3553,-0.3553,0.0767,0.9233,0.3442,0.8436,0.8436,0.3442,-55.3685,32.2432,32.2328,-55.3506
btc-updown-5m-1780094100,1780094370000,30,73379.83,73464.38,84.55,-0.0104,-0.0104,2.1732,2.1813,1.5240,1.0830,0.004099,0.1072,20.2737,73464.70,-0.0000,-0.0004,-8.7691,-0.0001,0.0200,320.81,0.0100,1184.38,,,,,,,0.0300,468.30,0.0400,278.60,0.0500,100.47,0.0600,60.00,0.0700,76.08,0.9700,468.30,0.9600,278.60,0.9500,100.47,0.9400,60.00,0.9300,76.08,0.9800,320.81,0.9900,1184.38,,,,,,,1505.19,983.45,2488.64,983.45,1505.19,2488.64,0.0100,0.0100,0.2096,-0.2096,0.0241,0.9759,,0.7595,0.7595,,147.3275,112.1936,112.2309,147.3765
btc-updown-5m-1780094100,1780094371000,29,73379.78,73464.38,84.60,0.0000,-0.0104,0.0000,2.1813,1.5240,0.6843,0.002918,0.1068,0.0000,73464.77,-0.0000,-0.0005,0.0000,0.0000,0.0100,1155.28,,,,,,,,,0.0200,358.36,0.0300,30.00,0.0400,20.00,0.0500,121.62,0.0600,85.00,0.9800,358.36,0.9700,30.00,0.9600,20.00,0.9500,121.62,0.9400,85.00,0.9900,1155.28,,,,,,,,,1155.28,614.98,1770.26,614.98,1155.28,1770.26,0.0100,0.0100,0.3052,-0.3052,0.0176,0.9824,,0.6315,0.6315,,-147.5516,30.4806,30.4806,-147.5516
btc-updown-5m-1780094100,1780094372000,28,73379.78,73464.39,84.61,0.0000,-0.0104,0.0002,2.1753,1.5260,0.6843,0.002918,0.0922,0.0023,73465.65,-0.0000,-0.0017,0.0115,0.0000,,,,,,,,,,,0.0100,2268.30,0.0200,20.00,0.0300,40.00,0.0400,15.00,0.0500,114.44,0.9900,2268.30,0.9800,20.00,0.9700,40.00,0.9600,15.00,0.9500,114.44,,,,,,,,,,,-0.00,2457.74,2457.74,2457.74,-0.00,2457.74,,,-1.0000,1.0000,,,,0.9311,0.9311,,-53.4924,321.9550,321.8516,-53.4752
btc-updown-5m-1780094100,1780094373000,27,73371.21,73464.39,93.18,0.0000,-0.0104,0.0019,2.1755,1.5260,0.6843,0.002918,0.0920,0.0205,73465.67,0.0000,-0.0017,0.0000,0.0000,,,,,,,,,,,0.0100,1152.89,0.0300,40.00,0.0400,15.00,0.0500,146.93,0.0600,88.00,0.9900,1152.89,0.9700,40.00,0.9600,15.00,0.9500,146.93,0.9400,88.00,,,,,,,,,,,-0.00,1442.82,1442.82,1442.82,-0.00,1442.82,,,-1.0000,1.0000,,,,0.8268,0.8268,,-50.5506,166.5795,166.5795,-50.5506
btc-updown-5m-1780094100,1780094374000,26,73367.93,73464.39,96.46,0.0000,-0.0104,0.0000,2.1753,1.5260,0.6843,0.002918,0.0920,0.0000,73465.67,0.0000,-0.0017,0.0000,0.0000,,,,,,,,,,,0.0100,38.85,0.0300,84.70,0.0400,48.90,0.0500,148.90,0.0600,88.00,0.9900,38.85,0.9700,84.70,0.9600,48.90,0.9500,148.90,0.9400,88.00,,,,,,,,,,,-0.00,409.35,409.35,409.35,-0.00,409.35,,,-1.0000,1.0000,,,,0.3018,0.3018,,-332.7881,-9.6738,-9.6738,-332.7881
btc-updown-5m-1780094100,1780094375000,25,73368.84,73464.39,95.55,0.0000,0.0000,0.0000,0.0021,0.0020,0.4060,0.002060,0.0904,0.0000,73465.78,0.0000,-0.0019,0.0000,0.0000,0.0200,389.66,0.0100,308.54,,,,,,,0.0300,40.00,0.0400,25.00,0.0500,153.07,0.0600,77.00,0.0700,66.25,0.9700,40.00,0.9600,25.00,0.9500,153.07,0.9400,77.00,0.9300,66.25,0.9800,389.66,0.9900,308.54,,,,,,,698.20,361.32,1059.52,361.32,698.20,1059.52,0.0100,0.0100,0.3180,-0.3180,0.0291,0.9709,,0.1799,0.1799,,-2.0030,14.8870,14.8820,-2.0023
btc-updown-5m-1780094100,1780094376000,24,73369.00,73464.39,95.39,0.0000,0.0000,0.0002,0.0023,0.0020,0.4060,0.002060,0.0879,0.0022,73465.73,0.0000,-0.0018,0.0000,0.0000,0.0200,349.14,0.0100,303.54,,,,,,,0.0300,41.66,0.0400,20.00,0.0500,153.07,0.0600,65.00,0.0700,71.25,0.9700,41.66,0.9600,20.00,0.9500,153.07,0.9400,65.00,0.9300,71.25,0.9800,349.14,0.9900,303.54,,,,,,,652.68,350.98,1003.66,350.98,652.68,1003.66,0.0100,0.0100,0.3006,-0.3006,0.0289,0.9711,,0.1757,0.1757,,-182.1194,-90.6578,-90.6416,-182.0870
btc-updown-5m-1780094100,1780094377000,23,73369.00,73464.39,95.39,0.0000,0.0000,0.0000,0.0021,0.0000,0.4060,0.002060,0.0879,0.0000,73465.73,0.0000,-0.0018,0.0000,0.0000,0.0100,307.47,,,,,,,,,0.0200,565.00,0.0300,63.25,0.0400,56.29,0.0500,103.93,0.0600,71.93,0.9800,565.00,0.9700,63.25,0.9600,56.29,0.9500,103.93,0.9400,71.93,0.9900,307.47,,,,,,,,,307.47,860.40,1167.87,860.40,307.47,1167.87,0.0100,0.0100,-0.4735,0.4735,0.0135,0.9865,,0.7302,0.7302,,-161.4779,50.6223,50.6305,-161.5040
btc-updown-5m-1780094100,1780094378000,22,73368.93,73464.38,95.45,-0.0000,-0.0000,0.0002,0.0004,0.0020,0.3087,0.001912,0.0879,0.0020,73465.73,-0.0000,-0.0018,-0.0130,-0.0000,0.0100,398.68,,,,,,,,,0.0200,906.79,0.0300,49.18,0.0400,51.00,0.0500,111.29,0.0600,65.00,0.9800,906.79,0.9700,49.18,0.9600,51.00,0.9500,111.29,0.9400,65.00,0.9900,398.68,,,,,,,,,398.68,1183.26,1581.94,1183.26,398.68,1581.94,0.0100,0.0100,-0.4960,0.4960,0.0131,0.9869,,0.8079,0.8079,,66.6578,-203.1600,-203.1940,66.6689
btc-updown-5m-1780094100,1780094379000,21,73371.26,73464.39,93.13,0.0000,0.0000,0.0952,0.0956,0.0040,0.2573,0.001862,0.0808,1.1792,73465.09,0.0000,-0.0010,0.0127,0.0000,0.0100,272.73,,,,,,,,,0.0200,863.79,0.0300,49.18,0.0400,51.00,0.0500,111.29,0.0600,65.00,0.9800,863.79,0.9700,49.18,0.9600,51.00,0.9500,111.29,0.9400,65.00,0.9900,272.73,,,,,,,,,272.73,1140.26,1412.99,1140.26,272.73,1412.99,0.0100,0.0100,-0.6140,0.6140,0.0124,0.9876,,0.8007,0.8007,,48.5457,-28.3588,-28.3588,48.5457
btc-updown-5m-1780094100,1780094380000,20,73371.70,73464.38,92.68,-0.0000,-0.0000,0.0574,0.1530,0.0060,0.2573,0.001862,0.0806,0.7122,73464.90,-0.0000,-0.0007,-0.0126,-0.0000,0.0100,272.73,,,,,,,,,0.0200,863.79,0.0300,49.18,0.0400,51.00,0.0500,111.29,0.0600,65.00,0.9800,863.79,0.9700,49.18,0.9600,51.00,0.9500,111.29,0.9400,65.00,0.9900,272.73,,,,,,,,,272.73,1140.26,1412.99,1140.26,272.73,1412.99,0.0100,0.0100,-0.6140,0.6140,0.0124,0.9876,,0.8007,0.8007,,57.5501,90.4495,90.4495,57.5501
btc-updown-5m-1780094100,1780094381000,19,73369.08,73464.39,95.31,0.0000,0.0000,0.0042,0.1571,0.0080,0.2573,0.001862,0.0806,0.0526,73464.89,0.0000,-0.0007,0.0130,0.0000,0.0100,272.73,,,,,,,,,0.0200,863.79,0.0300,49.18,0.0400,51.00,0.0500,111.29,0.0600,65.00,0.9800,863.79,0.9700,49.18,0.9600,51.00,0.9500,111.29,0.9400,65.00,0.9900,272.73,,,,,,,,,272.73,1140.26,1412.99,1140.26,272.73,1412.99,0.0100,0.0100,-0.6140,0.6140,0.0124,0.9876,,0.8007,0.8007,,-106.8488,202.9881,202.9355,-106.8211
btc-updown-5m-1780094100,1780094382000,18,73366.96,73464.38,97.42,-0.0000,-0.0000,0.0002,0.1573,0.0100,0.2577,0.001862,0.0801,0.0021,73464.84,-0.0000,-0.0006,-0.0133,-0.0000,,,,,,,,,,,,,,,,,,,,,,,,,,,,,,,,,,,,,,,,,-0.00,-0.00,-0.00,-0.00,-0.00,-0.00,,,,,,,,,,,,,,
btc-updown-5m-1780094100,1780094383000,17,73366.94,73464.38,97.44,0.0000,0.0000,0.0000,0.1571,0.0080,0.2573,0.001862,0.0801,0.0000,73464.84,-0.0000,-0.0006,0.0000,0.0000,,,,,,,,,,,,,,,,,,,,,,,,,,,,,,,,,,,,,,,,,-0.00,-0.00,-0.00,-0.00,-0.00,-0.00,,,,,,,,,,,,,,
btc-updown-5m-1780094100,1780094384000,16,73366.94,73464.38,97.44,0.0000,-0.0000,0.0000,0.0618,0.0060,0.2573,0.001862,0.0801,0.0000,73464.84,-0.0000,-0.0006,0.0000,0.0000,,,,,,,,,,,,,,,,,,,,,,,,,,,,,,,,,,,,,,,,,-0.00,-0.00,-0.00,-0.00,-0.00,-0.00,,,,,,,,,,,,,,
btc-updown-5m-1780094100,1780094385000,15,73366.96,73464.38,97.42,0.0000,0.0000,0.0000,0.0044,0.0040,0.2573,0.001862,0.0801,0.0000,73464.84,-0.0000,-0.0006,0.0000,0.0000,,,,,,,,,,,,,,,,,,,,,,,,,,,,,,,,,,,,,,,,,-0.00,-0.00,-0.00,-0.00,-0.00,-0.00,,,,,,,,,,,,,,
btc-updown-5m-1780094100,1780094386000,14,73366.95,73464.38,97.43,0.0000,-0.0000,0.0010,0.0012,0.0020,0.2573,0.001862,0.0800,0.0125,73464.83,-0.0000,-0.0006,0.0000,0.0000,,,,,,,,,,,,,,,,,,,,,,,,,,,,,,,,,,,,,,,,,-0.00,-0.00,-0.00,-0.00,-0.00,-0.00,,,,,,,,,,,,,,
btc-updown-5m-1780094100,1780094387000,13,73366.96,73464.39,97.43,0.0000,0.0000,0.0010,0.0020,0.0020,0.2573,0.001862,0.0801,0.0121,73464.83,0.0000,-0.0006,0.0133,0.0000,,,,,,,,,,,,,,,,,,,,,,,,,,,,,,,,,,,,,,,,,-0.00,-0.00,-0.00,-0.00,-0.00,-0.00,,,,,,,,,,,,,,
btc-updown-5m-1780094100,1780094388000,12,73366.95,73464.39,97.44,0.0000,0.0000,0.0002,0.0022,0.0020,0.2573,0.001862,0.0799,0.0024,73464.82,0.0000,-0.0006,0.0000,0.0000,,,,,,,,,,,,,,,,,,,,,,,,,,,,,,,,,,,,,,,,,-0.00,-0.00,-0.00,-0.00,-0.00,-0.00,,,,,,,,,,,,,,
btc-updown-5m-1780094100,1780094389000,11,73367.10,73464.39,97.29,0.0000,0.0000,0.0000,0.0022,0.0020,0.2570,0.001862,0.0799,0.0000,73464.82,0.0000,-0.0006,0.0000,0.0000,,,,,,,,,,,,,,,,,,,,,,,,,,,,,,,,,,,,,,,,,-0.00,-0.00,-0.00,-0.00,-0.00,-0.00,,,,,,,,,,,,,,
btc-updown-5m-1780094100,1780094390000,10,73366.98,73464.38,97.40,-0.0000,0.0000,0.0043,0.0065,0.0040,0.2570,0.001862,0.0772,0.0564,73464.55,-0.0000,-0.0002,-0.0133,-0.0000,,,,,,,,,,,,,,,,,,,,,,,,,,,,,,,,,,,,,,,,,-0.00,-0.00,-0.00,-0.00,-0.00,-0.00,,,,,,,,,,,,,,
btc-updown-5m-1780094100,1780094391000,9,73366.98,73464.38,97.40,0.0000,0.0000,0.0000,0.0055,0.0040,0.2570,0.001862,0.0771,0.0000,73464.54,-0.0000,-0.0002,0.0000,0.0000,,,,,,,,,,,,,,,,,,,,,,,,,,,,,,,,,,,,,,,,,-0.00,-0.00,-0.00,-0.00,-0.00,-0.00,,,,,,,,,,,,,,
btc-updown-5m-1780094100,1780094392000,8,73367.01,73464.38,97.37,0.0000,-0.0000,0.0007,0.0053,0.0020,0.2567,0.001862,0.0771,0.0095,73464.54,-0.0000,-0.0002,0.0000,0.0000,,,,,,,,,,,,,,,,,,,,,,,,,,,,,,,,,,,,,,,,,-0.00,-0.00,-0.00,-0.00,-0.00,-0.00,,,,,,,,,,,,,,
btc-updown-5m-1780094100,1780094393000,7,73365.85,73464.38,98.53,0.0000,-0.0000,0.0000,0.0051,0.0020,0.2567,0.001862,0.0764,0.0000,73464.47,-0.0000,-0.0001,0.0000,0.0000,,,,,,,,,,,,,,,,,,,,,,,,,,,,,,,,,,,,,,,,,-0.00,-0.00,-0.00,-0.00,-0.00,-0.00,,,,,,,,,,,,,,
btc-updown-5m-1780094100,1780094394000,6,73365.63,73464.39,98.76,0.0000,0.0000,0.0576,0.0627,0.0040,0.2570,0.001862,0.0783,0.7364,73464.47,0.0000,-0.0001,0.0134,0.0000,,,,,,,,,,,,,,,,,,,,,,,,,,,,,,,,,,,,,,,,,-0.00,-0.00,-0.00,-0.00,-0.00,-0.00,,,,,,,,,,,,,,
btc-updown-5m-1780094100,1780094395000,5,73365.63,73464.38,98.75,-0.0000,0.0000,0.0742,0.1326,0.0040,0.2573,0.001862,0.0800,0.9275,73464.41,-0.0000,-0.0000,-0.0134,-0.0000,,,,,,,,,,,,,,,,,,,,,,,,,,,,,,,,,,,,,,,,,-0.00,-0.00,-0.00,-0.00,-0.00,-0.00,,,,,,,,,,,,,,
btc-updown-5m-1780094100,1780094396000,4,73365.64,73464.38,98.74,0.0000,0.0000,0.0000,0.1326,0.0040,0.2573,0.001862,0.0800,0.0000,73464.41,-0.0000,-0.0000,0.0000,0.0000,,,,,,,,,,,,,,,,,,,,,,,,,,,,,,,,,,,,,,,,,-0.00,-0.00,-0.00,-0.00,-0.00,-0.00,,,,,,,,,,,,,,
btc-updown-5m-1780094100,1780094397000,3,73365.67,73457.58,91.91,-0.0093,-0.0093,0.3474,0.4792,1.3640,0.4840,0.002452,0.0912,3.8089,73463.57,-0.0026,-0.0081,-8.5076,-0.0001,,,,,,,,,,,,,,,,,,,,,,,,,,,,,,,,,,,,,,,,,-0.00,-0.00,-0.00,-0.00,-0.00,-0.00,,,,,,,,,,,,,,
btc-updown-5m-1780094100,1780094398000,2,73365.66,73457.58,91.92,0.0000,-0.0093,0.0000,0.4792,1.3640,0.4840,0.002452,0.0910,0.0000,73463.55,-0.0025,-0.0081,0.0000,0.0000,,,,,,,,,,,,,,,,,,,,,,,,,,,,,,,,,,,,,,,,,-0.00,-0.00,-0.00,-0.00,-0.00,-0.00,,,,,,,,,,,,,,
btc-updown-5m-1780094100,1780094399000,1,73365.67,73457.57,91.90,-0.0000,-0.0093,0.0103,0.4318,1.3640,0.4843,0.002452,0.0913,0.1124,73463.52,-0.0025,-0.0081,-0.0125,-0.0000,,,,,,,,,,,,,,,,,,,,,,,,,,,,,,,,,,,,,,,,,-0.00,-0.00,-0.00,-0.00,-0.00,-0.00,,,,,,,,,,,,,,
btc-updown-5m-1780094100,1780094400000,0,73360.41,73457.58,97.17,0.0000,-0.0093,0.0018,0.3594,1.3640,0.2307,0.001662,0.0913,0.0192,73463.52,-0.0016,-0.0081,0.0132,0.0000,,,,,,,,,,,,,,,,,,,,,,,,,,,,,,,,,,,,,,,,,-0.00,-0.00,-0.00,-0.00,-0.00,-0.00,,,,,,,,,,,,,,
