market_slug,timestamp_ms,seconds_till_end,oracle_btc_price,binance_btc_price,lag,binance_ret1s_x100,binance_ret5s_x100,binance_volume_1s,binance_volume_5s,binance_atr_5s,binance_atr_30s,binance_rvol_30s,binance_volma_30s,binance_volume_spike,binance_vwap_30s,binance_p_vwap_5s,binance_p_vwap_30s,lat_dir_raw_x1000,lat_dir_norm_x1000,up_bid_1_price,up_bid_1_size,up_bid_2_price,up_bid_2_size,up_bid_3_price,up_bid_3_size,up_bid_4_price,up_bid_4_size,up_bid_5_price,up_bid_5_size,up_ask_1_price,up_ask_1_size,up_ask_2_price,up_ask_2_size,up_ask_3_price,up_ask_3_size,up_ask_4_price,up_ask_4_size,up_ask_5_price,up_ask_5_size,down_bid_1_price,down_bid_1_size,down_bid_2_price,down_bid_2_size,down_bid_3_price,down_bid_3_size,down_bid_4_price,down_bid_4_size,down_bid_5_price,down_bid_5_size,down_ask_1_price,down_ask_1_size,down_ask_2_price,down_ask_2_size,down_ask_3_price,down_ask_3_size,down_ask_4_price,down_ask_4_size,down_ask_5_price,down_ask_5_size,pm_up_bid_depth5,pm_up_ask_depth5,pm_up_total_depth5,pm_down_bid_depth5,pm_down_ask_depth5,pm_down_total_depth5,pm_up_spread,pm_down_spread,pm_up_imbalance,pm_down_imbalance,pm_up_microprice,pm_down_microprice,pm_up_bid_slope,pm_up_ask_slope,pm_down_bid_slope,pm_down_ask_slope,pm_up_bid_eatflow,pm_up_ask_eatflow,pm_down_bid_eatflow,pm_down_ask_eatflow
btc-updown-5m-1780096500,1780096502000,298,73316.12,73415.20,99.08,0.0000,0.0000,0.0003,0.3547,0.0080,0.3657,0.002660,0.0516,0.0050,73415.85,0.0000,-0.0009,0.0135,0.0000,,,,,,,,,,,,,,,,,,,,,,,,,,,,,,,,,,,,,,,,,-0.00,-0.00,-0.00,-0.00,-0.00,-0.00,,,,,,,,,,,,,,
btc-updown-5m-1780096500,1780096503000,297,73317.15,73415.19,98.04,-0.0000,0.0000,0.0024,0.3480,0.0080,0.3660,0.002660,0.0517,0.0462,73415.85,-0.0000,-0.0009,-0.0134,-0.0000,0.5600,263.07,0.5500,153.00,0.5400,126.00,0.5300,288.44,0.5200,163.00,0.5700,47.94,0.5800,55.52,0.5900,96.39,0.6000,74.00,0.6100,124.00,0.4300,47.94,0.4200,55.52,0.4100,96.39,0.4000,74.00,0.3900,124.00,0.4400,263.07,0.4500,153.00,0.4600,126.00,0.4700,288.44,0.4800,163.00,993.51,397.85,1391.36,397.85,993.51,1391.36,0.0100,0.0100,0.4281,-0.4281,0.5685,0.4315,0.4188,0.2600,0.2600,0.4188,244.9268,147.5661,147.1345,244.2105
btc-updown-5m-1780096500,1780096504000,296,73318.29,73415.20,96.91,0.0000,0.0000,0.0509,0.3978,0.0100,0.3660,0.002660,0.0533,0.9542,73415.83,0.0000,-0.0009,0.0132,0.0000,0.5700,260.19,0.5600,166.74,0.5500,141.00,0.5400,132.00,0.5300,283.44,0.5800,48.00,0.5900,86.05,0.6000,84.00,0.6100,124.00,0.6200,229.00,0.4200,48.00,0.4100,86.05,0.4000,84.00,0.3900,124.00,0.3800,229.00,0.4300,260.19,0.4400,166.74,0.4500,141.00,0.4600,132.00,0.4700,283.44,983.37,571.05,1554.42,571.05,983.37,1554.42,0.0100,0.0100,0.2653,-0.2653,0.5784,0.4216,0.4341,0.2347,0.2347,0.4341,61.1500,186.2667,186.1116,61.0991
btc-updown-5m-1780096500,1780096505000,295,73318.29,73415.20,96.91,0.0000,0.0000,0.0000,0.0570,0.0080,0.3660,0.002660,0.0503,0.0000,73415.21,0.0000,-0.0000,0.0000,0.0000,0.5800,73.37,0.5700,66.00,0.5600,72.55,0.5500,91.00,0.5400,66.00,0.5900,141.05,0.6000,144.00,0.6100,184.95,0.6200,289.00,0.6300,135.00,0.4100,141.05,0.4000,144.00,0.3900,184.95,0.3800,289.00,0.3700,135.00,0.4200,73.37,0.4300,66.00,0.4400,72.55,0.4500,91.00,0.4600,66.00,368.92,894.00,1262.92,894.00,368.92,1262.92,0.0100,0.0100,-0.4158,0.4158,0.5834,0.4166,0.3778,0.3188,0.3188,0.3778,-229.6562,231.9482,232.0467,-229.7537
btc-updown-5m-1780096500,1780096506000,294,73318.45,73431.99,113.54,0.0229,0.0229,0.4845,0.5381,3.3660,0.9260,0.004968,0.0658,7.3585,73419.18,0.0024,0.0174,25.9657,0.0004,0.5800,55.82,0.5700,38.00,0.5600,88.55,0.5500,91.00,0.5400,66.00,0.5900,249.47,0.6000,144.80,0.6100,184.41,0.6200,289.00,0.6300,135.66,0.4100,249.47,0.4000,144.80,0.3900,184.41,0.3800,289.00,0.3700,135.66,0.4200,55.82,0.4300,38.00,0.4400,88.55,0.4500,91.00,0.4600,66.00,339.37,1003.34,1342.71,1003.34,339.37,1342.71,0.0100,0.0100,-0.4945,0.4945,0.5818,0.4182,0.2765,0.3930,0.3930,0.2765,-211.4191,242.9826,242.8926,-211.3407
btc-updown-5m-1780096500,1780096507000,293,73320.23,73431.99,111.76,0.0000,0.0229,0.0000,0.5378,3.3640,0.9260,0.004968,0.0658,0.0000,73419.18,0.0023,0.0174,0.0000,0.0000,0.6700,30.00,0.6600,150.90,0.6500,55.00,0.6400,55.00,0.6300,284.74,0.7000,8.34,0.7100,8.00,0.7200,13.00,0.7300,8.00,0.7400,105.00,0.3000,8.34,0.2900,8.00,0.2800,13.00,0.2700,8.00,0.2600,105.00,0.3300,30.00,0.3400,150.90,0.3500,55.00,0.3600,55.00,0.3700,284.74,575.64,142.34,717.98,142.34,575.64,717.98,0.0300,0.0300,0.6035,-0.6035,0.6935,0.3065,0.3143,0.1148,0.1148,0.3143,-76.7210,-47.0835,-47.0835,-76.7210
btc-updown-5m-1780096500,1780096508000,292,73324.76,73431.99,107.23,0.0000,0.0229,0.0000,0.5354,3.3620,0.9257,0.004968,0.0658,0.0000,73419.18,0.0023,0.0174,0.0000,0.0000,0.6800,307.58,0.6700,96.00,0.6600,211.00,0.6500,136.00,0.6400,146.00,0.6900,121.92,0.7000,18.34,0.7100,8.00,0.7200,18.00,0.7300,28.00,0.3100,121.92,0.3000,18.34,0.2900,8.00,0.2800,18.00,0.2700,28.00,0.3200,307.58,0.3300,96.00,0.3400,211.00,0.3500,136.00,0.3600,146.00,896.58,194.26,1090.84,194.26,896.58,1090.84,0.0100,0.0100,0.6438,-0.6438,0.6872,0.3128,0.4501,0.7220,0.7220,0.4501,-2.8477,-32.5483,-32.5414,-2.8471
btc-updown-5m-1780096500,1780096509000,291,73334.98,73431.99,97.01,0.0000,0.0229,0.0029,0.4874,3.3620,0.5633,0.004105,0.0659,0.0437,73419.20,0.0022,0.0174,0.0000,0.0000,0.6800,107.27,0.6700,66.00,0.6600,161.00,0.6500,86.00,0.6400,116.00,0.6900,123.73,0.7000,38.34,0.7100,38.00,0.7200,43.00,0.7300,48.00,0.3100,123.73,0.3000,38.34,0.2900,38.00,0.2800,43.00,0.2700,48.00,0.3200,107.27,0.3300,66.00,0.3400,161.00,0.3500,86.00,0.3600,116.00,536.27,291.07,827.34,291.07,536.27,827.34,0.0100,0.0100,0.2964,-0.2964,0.6846,0.3154,0.3231,0.5568,0.5568,0.3231,-74.7980,-17.4677,-17.4734,-74.8225
btc-updown-5m-1780096500,1780096510000,290,73335.05,73431.99,96.94,0.0000,0.0229,0.0005,0.4879,3.3620,0.5630,0.004105,0.0330,0.0157,73423.20,0.0000,0.0120,0.0000,0.0000,0.6700,79.45,0.6600,83.00,0.6500,56.34,0.6400,87.00,0.6300,101.10,0.6800,292.04,0.6900,164.12,0.7000,176.36,0.7100,189.00,0.7200,134.97,0.3200,292.04,0.3100,164.12,0.3000,176.36,0.2900,189.00,0.2800,134.97,0.3300,79.45,0.3400,83.00,0.3500,56.34,0.3600,87.00,0.3700,101.10,406.89,956.49,1363.38,956.49,406.89,1363.38,0.0100,0.0100,-0.4031,0.4031,0.6721,0.3279,0.3992,0.4769,0.4769,0.3992,-86.6457,68.2110,68.2110,-86.6457
btc-updown-5m-1780096500,1780096511000,289,73334.36,73431.99,97.63,0.0000,0.0000,0.0123,0.0157,0.0020,0.5630,0.004105,0.0334,0.3698,73423.32,0.0000,0.0118,0.0000,0.0000,0.6700,36.61,0.6600,98.00,0.6500,51.00,0.6400,102.00,0.6300,96.00,0.6800,322.32,0.6900,219.11,0.7000,204.36,0.7100,189.00,0.7200,169.00,0.3200,322.32,0.3100,219.11,0.3000,204.36,0.2900,189.00,0.2800,169.00,0.3300,36.61,0.3400,98.00,0.3500,51.00,0.3600,102.00,0.3700,96.00,383.61,1103.79,1487.40,1103.79,383.61,1487.40,0.0100,0.0100,-0.4842,0.4842,0.6710,0.3290,0.3509,0.4905,0.4905,0.3509,2.4305,34.7105,34.6932,2.4293
btc-updown-5m-1780096500,1780096512000,288,73334.20,73432.00,97.80,0.0000,0.0000,0.0006,0.0164,0.0040,0.5630,0.004105,0.0329,0.0198,73423.45,0.0000,0.0116,0.0133,0.0000,0.6500,84.04,0.6400,28.00,0.6300,61.14,0.6200,92.00,0.6100,117.25,0.6600,227.19,0.6700,202.15,0.6800,140.99,0.6900,182.12,0.7000,201.73,0.3400,227.19,0.3300,202.15,0.3200,140.99,0.3100,182.12,0.3000,201.73,0.3500,84.04,0.3600,28.00,0.3700,61.14,0.3800,92.00,0.3900,117.25,382.43,954.18,1336.61,954.18,382.43,1336.61,0.0100,0.0100,-0.4278,0.4278,0.6527,0.3473,0.2930,0.4500,0.4500,0.2930,-130.4712,148.3136,148.3398,-130.4943
btc-updown-5m-1780096500,1780096513000,287,73335.06,73432.00,96.94,0.0000,0.0000,0.0000,0.0164,0.0040,0.5630,0.004105,0.0326,0.0000,73423.52,0.0000,0.0115,0.0000,0.0000,0.6500,134.69,0.6400,54.70,0.6300,81.00,0.6200,128.00,0.6100,147.25,0.6600,132.09,0.6700,140.67,0.6800,168.78,0.6900,161.00,0.7000,166.52,0.3400,132.09,0.3300,140.67,0.3200,168.78,0.3100,161.00,0.3000,166.52,0.3500,134.69,0.3600,54.70,0.3700,81.00,0.3800,128.00,0.3900,147.25,545.64,769.06,1314.70,769.06,545.64,1314.70,0.0100,0.0100,-0.1699,0.1699,0.6550,0.3450,0.3471,0.3547,0.3547,0.3471,-0.6483,115.5559,115.5372,-0.6482
btc-updown-5m-1780096500,1780096514000,286,73335.12,73432.00,96.88,0.0000,0.0000,0.0825,0.0960,0.0020,0.5627,0.004105,0.0353,2.3401,73424.16,0.0000,0.0107,0.0000,0.0000,0.6600,107.53,0.6500,136.62,0.6400,59.51,0.6300,51.00,0.6200,127.00,0.6700,78.67,0.6800,125.78,0.6900,156.00,0.7000,89.13,0.7100,99.00,0.3300,78.67,0.3200,125.78,0.3100,156.00,0.3000,89.13,0.2900,99.00,0.3400,107.53,0.3500,136.62,0.3600,59.51,0.3700,51.00,0.3800,127.00,481.66,548.58,1030.24,548.58,481.66,1030.24,0.0100,0.0100,-0.0650,0.0650,0.6658,0.3342,0.5069,0.3727,0.3727,0.5069,-26.0930,53.7674,53.7447,-26.0820
btc-updown-5m-1780096500,1780096515000,285,73336.06,73432.00,95.94,0.0000,0.0000,0.0030,0.0985,0.0040,0.5630,0.004105,0.0354,0.0857,73424.18,0.0000,0.0106,0.0000,0.0000,0.6600,93.55,0.6500,70.00,0.6400,72.00,0.6300,86.00,0.6200,122.00,0.6700,108.67,0.6800,178.61,0.6900,176.41,0.7000,134.34,0.7100,162.00,0.3300,108.67,0.3200,178.61,0.3100,176.41,0.3000,134.34,0.2900,162.00,0.3400,93.55,0.3500,70.00,0.3600,72.00,0.3700,86.00,0.3800,122.00,443.55,760.03,1203.58,760.03,443.55,1203.58,0.0100,0.0100,-0.2629,0.2629,0.6646,0.3354,0.3687,0.3780,0.3780,0.3687,-27.3502,78.8639,78.8372,-27.3409
btc-updown-5m-1780096500,1780096516000,284,73335.91,73432.00,96.09,0.0000,0.0000,0.0000,0.0862,0.0040,0.5630,0.004105,0.0354,0.0000,73424.18,0.0000,0.0106,0.0000,0.0000,0.6700,344.90,0.6600,150.18,0.6500,173.00,0.6400,146.05,0.6300,141.00,0.6800,58.62,0.6900,91.41,0.7000,71.73,0.7100,99.00,0.7200,89.00,0.3200,58.62,0.3100,91.41,0.3000,71.73,0.2900,99.00,0.2800,89.00,0.3300,344.90,0.3400,150.18,0.3500,173.00,0.3600,146.05,0.3700,141.00,955.13,409.76,1364.89,409.76,955.13,1364.89,0.0100,0.0100,0.3996,-0.3996,0.6785,0.3215,0.5183,0.3661,0.3661,0.5183,96.2450,-97.3103,-97.3103,96.2450
btc-updown-5m-1780096500,1780096517000,283,73336.28,73432.00,95.72,0.0000,0.0000,0.0106,0.0962,0.0040,0.5633,0.004105,0.0357,0.2980,73424.26,0.0000,0.0105,0.0000,0.0000,0.6700,238.04,0.6600,147.83,0.6500,141.00,0.6400,147.00,0.6300,156.00,0.6800,34.14,0.6900,88.41,0.7000,79.34,0.7100,107.00,0.7200,89.00,0.3200,34.14,0.3100,88.41,0.3000,79.34,0.2900,107.00,0.2800,89.00,0.3300,238.04,0.3400,147.83,0.3500,141.00,0.3600,147.00,0.3700,156.00,829.87,397.89,1227.76,397.89,829.87,1227.76,0.0100,0.0100,0.3518,-0.3518,0.6787,0.3213,0.4650,0.3080,0.3080,0.4650,74.3643,-117.6304,-117.6500,74.3767
btc-updown-5m-1780096500,1780096518000,282,73337.84,73431.99,94.15,-0.0000,-0.0000,0.2088,0.3050,0.0060,0.5637,0.004105,0.0424,4.9202,73425.49,-0.0000,0.0089,-0.0128,-0.0000,0.6700,82.82,0.6600,252.97,0.6500,131.00,0.6400,147.00,0.6300,187.25,0.6800,68.83,0.6900,103.00,0.7000,82.34,0.7100,99.92,0.7200,89.00,0.3200,68.83,0.3100,103.00,0.3000,82.34,0.2900,99.92,0.2800,89.00,0.3300,82.82,0.3400,252.97,0.3500,131.00,0.3600,147.00,0.3700,187.25,801.04,443.09,1244.13,443.09,801.04,1244.13,0.0100,0.0100,0.2877,-0.2877,0.6755,0.3245,0.4192,0.3878,0.3878,0.4192,67.8536,-84.7493,-84.7629,67.8645
btc-updown-5m-1780096500,1780096519000,281,73338.32,73432.00,93.68,0.0000,0.0000,0.0006,0.2231,0.0080,0.5640,0.004105,0.0422,0.0142,73425.55,0.0000,0.0088,0.0128,0.0000,0.6600,6.24,0.6500,612.44,0.6400,136.00,0.6300,146.00,0.6200,182.00,0.6700,18.00,0.6800,119.64,0.6900,116.00,0.7000,85.34,0.7100,64.00,0.3300,18.00,0.3200,119.64,0.3100,116.00,0.3000,85.34,0.2900,64.00,0.3400,6.24,0.3500,612.44,0.3600,136.00,0.3700,146.00,0.3800,182.00,1082.68,402.98,1485.66,402.98,1082.68,1485.66,0.0100,0.0100,0.4575,-0.4575,0.6626,0.3374,0.5714,0.3416,0.3416,0.5714,92.0872,-54.9502,-54.9502,92.0872
btc-updown-5m-1780096500,1780096520000,280,73338.87,73432.00,93.13,0.0000,0.0000,0.0000,0.2200,0.0060,0.5640,0.004105,0.0422,0.0000,73425.55,0.0000,0.0088,0.0000,0.0000,0.6700,65.00,0.6600,560.49,0.6500,123.71,0.6400,121.00,0.6300,151.00,0.6800,74.49,0.6900,96.00,0.7000,85.34,0.7100,64.00,0.7200,64.00,0.3200,74.49,0.3100,96.00,0.3000,85.34,0.2900,64.00,0.2800,64.00,0.3300,65.00,0.3400,560.49,0.3500,123.71,0.3600,121.00,0.3700,151.00,1021.20,383.83,1405.03,383.83,1021.20,1405.03,0.0100,0.0100,0.4536,-0.4536,0.6747,0.3253,0.6125,0.4442,0.4442,0.6125,119.9938,-78.1471,-78.1471,119.9938
btc-updown-5m-1780096500,1780096521000,279,73338.92,73432.00,93.08,0.0000,0.0000,0.0000,0.2200,0.0060,0.5640,0.004105,0.0416,0.0000,73425.70,0.0000,0.0086,0.0000,0.0000,0.6700,429.11,0.6600,185.09,0.6500,123.71,0.6400,121.00,0.6300,151.00,0.6800,30.07,0.6900,95.41,0.7000,55.34,0.7100,34.00,0.7200,64.00,0.3200,30.07,0.3100,95.41,0.3000,55.34,0.2900,34.00,0.2800,64.00,0.3300,429.11,0.3400,185.09,0.3500,123.71,0.3600,121.00,0.3700,151.00,1009.91,278.82,1288.73,278.82,1009.91,1288.73,0.0100,0.0100,0.5673,-0.5673,0.6793,0.3207,0.6082,0.4500,0.4500,0.6082,94.3619,-80.1749,-80.1749,94.3619
btc-updown-5m-1780096500,1780096522000,278,73339.26,73432.00,92.74,0.0000,0.0000,0.0000,0.2094,0.0040,0.5640,0.004105,0.0416,0.0000,73425.70,0.0000,0.0086,0.0000,0.0000,0.6700,278.54,0.6600,200.33,0.6500,123.71,0.6400,121.00,0.6300,151.00,0.6800,12.87,0.6900,97.41,0.7000,55.34,0.7100,64.00,0.7200,64.00,0.3200,12.87,0.3100,97.41,0.3000,55.34,0.2900,64.00,0.2800,64.00,0.3300,278.54,0.3400,200.33,0.3500,123.71,0.3600,121.00,0.3700,151.00,874.58,293.62,1168.20,293.62,874.58,1168.20,0.0100,0.0100,0.4973,-0.4973,0.6796,0.3204,0.5475,0.3756,0.3756,0.5475,-13.0045,-18.7504,-18.7504,-13.0045
btc-updown-5m-1780096500,1780096523000,277,73339.43,73443.55,104.12,0.0157,0.0157,0.3655,0.3661,2.3140,0.9493,0.004901,0.0522,7.0068,73429.98,0.0057,0.0185,16.3770,0.0002,0.6800,5.00,0.6700,1122.52,0.6600,122.67,0.6500,111.71,0.6400,116.00,0.7300,13.00,0.7400,53.00,0.7500,28.20,0.7600,18.00,0.7700,28.00,0.2700,13.00,0.2600,53.00,0.2500,28.20,0.2400,18.00,0.2300,28.00,0.3200,5.00,0.3300,1122.52,0.3400,122.67,0.3500,111.71,0.3600,116.00,1477.90,140.20,1618.10,140.20,1477.90,1618.10,0.0500,0.0500,0.8267,-0.8267,0.6939,0.3061,0.7629,0.4708,0.4708,0.7629,107.3075,-42.6710,-42.6710,107.3075
btc-updown-5m-1780096500,1780096524000,276,73339.88,73443.54,103.66,-0.0000,0.0157,0.0277,0.3932,2.3140,0.9497,0.004901,0.0524,0.5290,73430.41,0.0000,0.0179,-0.0141,-0.0000,0.7200,24.00,0.7100,20.00,0.7000,133.70,0.6900,15.00,0.6800,25.00,0.7700,8.91,0.7800,51.00,0.7900,152.56,0.8000,54.00,0.8100,60.00,0.2300,8.91,0.2200,51.00,0.2100,152.56,0.2000,54.00,0.1900,60.00,0.2800,24.00,0.2900,20.00,0.3000,133.70,0.3100,15.00,0.3200,25.00,217.70,326.47,544.17,326.47,217.70,544.17,0.0500,0.0500,-0.1999,0.1999,0.7565,0.2435,0.2021,0.1835,0.1835,0.2021,-108.0182,-13.8613,-13.8636,-108.0360
btc-updown-5m-1780096500,1780096525000,275,73342.78,73443.54,100.76,0.0000,0.0157,0.0014,0.3946,2.3140,0.9497,0.004901,0.0524,0.0258,73430.42,-0.0000,0.0179,0.0000,0.0000,0.7100,34.66,0.7000,10.00,0.6900,75.00,0.6800,48.00,0.6700,66.20,0.7300,228.86,0.7400,205.89,0.7500,165.93,0.7600,211.00,0.7700,220.62,0.2700,228.86,0.2600,205.89,0.2500,165.93,0.2400,211.00,0.2300,220.62,0.2900,34.66,0.3000,10.00,0.3100,75.00,0.3200,48.00,0.3300,66.20,233.86,1032.30,1266.16,1032.30,233.86,1266.16,0.0200,0.0200,-0.6306,0.6306,0.7126,0.2874,0.1910,0.4211,0.4211,0.1910,-161.3441,109.2246,109.2071,-161.3183
btc-updown-5m-1780096500,1780096526000,274,73344.98,73443.55,98.57,0.0000,0.0157,0.0001,0.3947,2.3160,0.9500,0.004901,0.0524,0.0015,73430.43,0.0000,0.0179,0.0134,0.0000,0.7000,168.56,0.6900,87.00,0.6800,53.00,0.6700,88.20,0.6600,49.00,0.7100,184.88,0.7200,175.14,0.7300,277.00,0.7400,205.00,0.7500,221.00,0.2900,184.88,0.2800,175.14,0.2700,277.00,0.2600,205.00,0.2500,221.00,0.3000,168.56,0.3100,87.00,0.3200,53.00,0.3300,88.20,0.3400,49.00,445.76,1063.02,1508.78,1063.02,445.76,1508.78,0.0100,0.0100,-0.4091,0.4091,0.7048,0.2952,0.5733,0.3387,0.3387,0.5733,-105.8469,144.7152,144.7152,-105.8469
btc-updown-5m-1780096500,1780096527000,273,73345.94,73443.55,97.61,0.0000,0.0157,0.2193,0.6139,2.3180,0.9503,0.004901,0.0590,3.7178,73432.13,0.0000,0.0156,0.0000,0.0000,0.7000,103.26,0.6900,72.00,0.6800,53.00,0.6700,68.20,0.6600,69.00,0.7100,132.80,0.7200,144.00,0.7300,232.00,0.7400,180.00,0.7500,166.00,0.2900,132.80,0.2800,144.00,0.2700,232.00,0.2600,180.00,0.2500,166.00,0.3000,103.26,0.3100,72.00,0.3200,53.00,0.3300,68.20,0.3400,69.00,365.46,854.80,1220.26,854.80,365.46,1220.26,0.0100,0.0100,-0.4010,0.4010,0.7044,0.2956,0.4796,0.3238,0.3238,0.4796,-105.3712,94.1759,94.1605,-105.3539
btc-updown-5m-1780096500,1780096528000,272,73344.10,73443.54,99.44,-0.0000,-0.0000,0.0017,0.2501,0.0080,0.9503,0.004901,0.0590,0.0293,73432.14,-0.0000,0.0155,-0.0135,-0.0000,0.7000,170.43,0.6900,85.74,0.6800,33.00,0.6700,98.20,0.6600,29.64,0.7100,149.31,0.7200,197.14,0.7300,232.00,0.7400,225.00,0.7500,161.00,0.2900,149.31,0.2800,197.14,0.2700,232.00,0.2600,225.00,0.2500,161.00,0.3000,170.43,0.3100,85.74,0.3200,33.00,0.3300,98.20,0.3400,29.64,417.01,964.45,1381.46,964.45,417.01,1381.46,0.0100,0.0100,-0.3963,0.3963,0.7053,0.2947,0.6143,0.3592,0.3592,0.6143,-88.6823,115.7232,115.7232,-88.6823
btc-updown-5m-1780096500,1780096529000,271,73344.14,73443.54,99.40,0.0000,0.0000,0.0476,0.2701,0.0080,0.9507,0.004901,0.0603,0.7901,73432.51,-0.0000,0.0150,0.0000,0.0000,0.7000,186.43,0.6900,119.19,0.6800,58.00,0.6700,102.95,0.6600,71.00,0.7100,147.43,0.7200,192.14,0.7300,202.00,0.7400,240.00,0.7500,161.00,0.2900,147.43,0.2800,192.14,0.2700,202.00,0.2600,240.00,0.2500,161.00,0.3000,186.43,0.3100,119.19,0.3200,58.00,0.3300,102.95,0.3400,71.00,537.57,942.57,1480.14,942.57,537.57,1480.14,0.0100,0.0100,-0.2736,0.2736,0.7056,0.2944,0.5685,0.3603,0.3603,0.5685,-55.4654,136.2190,136.2190,-55.4654
btc-updown-5m-1780096500,1780096530000,270,73344.14,73443.54,99.40,0.0000,0.0000,0.0039,0.2726,0.0080,0.9503,0.004901,0.0604,0.0649,73432.54,-0.0000,0.0150,0.0000,0.0000,0.7000,552.40,0.6900,165.00,0.6800,150.31,0.6700,159.95,0.6600,132.00,0.7100,9.08,0.7200,102.14,0.7300,152.00,0.7400,140.00,0.7500,106.00,0.2900,9.08,0.2800,102.14,0.2700,152.00,0.2600,140.00,0.2500,106.00,0.3000,552.40,0.3100,165.00,0.3200,150.31,0.3300,159.95,0.3400,132.00,1159.66,509.22,1668.88,509.22,1159.66,1668.88,0.0100,0.0100,0.3897,-0.3897,0.7098,0.2902,0.6186,0.2184,0.2184,0.6186,169.7753,33.9341,33.9341,169.7753
btc-updown-5m-1780096500,1780096531000,269,73344.14,73443.55,99.41,0.0000,0.0000,0.0761,0.3487,0.0080,0.9503,0.004901,0.0518,1.4690,73436.74,0.0000,0.0093,0.0135,0.0000,0.7000,376.92,0.6900,135.06,0.6800,125.31,0.6700,121.00,0.6600,107.00,0.7100,68.77,0.7200,112.14,0.7300,147.00,0.7400,161.00,0.7500,114.00,0.2900,68.77,0.2800,112.14,0.2700,147.00,0.2600,161.00,0.2500,114.00,0.3000,376.92,0.3100,135.06,0.3200,125.31,0.3300,121.00,0.3400,107.00,865.29,602.91,1468.20,602.91,865.29,1468.20,0.0100,0.0100,0.1787,-0.1787,0.7085,0.2915,0.5917,0.3001,0.3001,0.5917,75.9764,-15.8665,-15.8665,75.9764
btc-updown-5m-1780096500,1780096532000,268,73342.97,73443.55,100.58,0.0000,0.0000,0.0000,0.1294,0.0060,0.9500,0.004901,0.0517,0.0000,73436.79,0.0000,0.0092,0.0000,0.0000,0.7100,315.37,0.7000,261.78,0.6900,160.00,0.6800,98.53,0.6700,122.00,0.7200,144.50,0.7300,177.00,0.7400,139.79,0.7500,110.90,0.7600,155.63,0.2800,144.50,0.2700,177.00,0.2600,139.79,0.2500,110.90,0.2400,155.63,0.2900,315.37,0.3000,261.78,0.3100,160.00,0.3200,98.53,0.3300,122.00,957.68,727.82,1685.50,727.82,957.68,1685.50,0.0100,0.0100,0.1364,-0.1364,0.7169,0.2831,0.6027,0.4417,0.4417,0.6027,84.9565,-37.9273,-37.9273,84.9565
btc-updown-5m-1780096500,1780096533000,267,73342.97,73443.55,100.58,0.0000,0.0000,0.0083,0.1360,0.0040,0.9497,0.004901,0.0520,0.1589,73436.83,0.0000,0.0092,0.0000,0.0000,0.7100,351.41,0.7000,37.03,0.6900,90.00,0.6800,99.78,0.6700,96.00,0.7200,327.61,0.7300,248.60,0.7400,182.80,0.7500,230.04,0.7600,198.24,0.2800,327.61,0.2700,248.60,0.2600,182.80,0.2500,230.04,0.2400,198.24,0.2900,351.41,0.3000,37.03,0.3100,90.00,0.3200,99.78,0.3300,96.00,674.22,1187.29,1861.51,1187.29,674.22,1861.51,0.0100,0.0100,-0.2756,0.2756,0.7152,0.2848,0.5761,0.4853,0.4853,0.5761,34.7903,51.1152,51.1322,34.8019
btc-updown-5m-1780096500,1780096534000,266,73343.05,73443.55,100.50,0.0000,0.0000,0.0000,0.0883,0.0020,0.9493,0.004901,0.0519,0.0000,73436.86,0.0000,0.0091,0.0000,0.0000,0.7100,371.23,0.7000,37.03,0.6900,90.00,0.6800,99.78,0.6700,96.00,0.7200,176.30,0.7300,269.08,0.7400,182.80,0.7500,225.90,0.7600,183.24,0.2800,176.30,0.2700,269.08,0.2600,182.80,0.2500,225.90,0.2400,183.24,0.2900,371.23,0.3000,37.03,0.3100,90.00,0.3200,99.78,0.3300,96.00,694.04,1037.32,1731.36,1037.32,694.04,1731.36,0.0100,0.0100,-0.1983,0.1983,0.7168,0.2832,0.5882,0.4294,0.4294,0.5882,34.8306,28.3508,28.3508,34.8306
btc-updown-5m-1780096500,1780096535000,265,73343.38,73443.55,100.17,0.0000,0.0000,0.0000,0.0844,0.0020,0.9493,0.004901,0.0503,0.0000,73437.57,0.0000,0.0081,0.0000,0.0000,0.7100,513.23,0.7000,115.11,0.6900,135.00,0.6800,97.00,0.6700,162.26,0.7200,31.78,0.7300,185.60,0.7400,122.80,0.7500,155.90,0.7600,135.49,0.2800,31.78,0.2700,185.60,0.2600,122.80,0.2500,155.90,0.2400,135.49,0.2900,513.23,0.3000,115.11,0.3100,135.00,0.3200,97.00,0.3300,162.26,1022.60,631.57,1654.17,631.57,1022.60,1654.17,0.0100,0.0100,0.2364,-0.2364,0.7194,0.2806,0.6145,0.3442,0.3442,0.6145,93.2855,-58.4004,-57.5367,93.2855
btc-updown-5m-1780096500,1780096536000,264,73343.38,73443.54,100.16,-0.0000,-0.0000,0.0036,0.0118,0.0020,0.3897,0.002823,0.0504,0.0707,73437.58,-0.0000,0.0081,-0.0136,-0.0000,0.7100,534.57,0.7000,148.83,0.6900,147.00,0.6800,92.00,0.6700,144.51,0.7200,19.19,0.7300,197.60,0.7400,122.80,0.7500,147.90,0.7600,144.49,0.2800,19.19,0.2700,197.60,0.2600,122.80,0.2500,147.90,0.2400,144.49,0.2900,534.57,0.3000,148.83,0.3100,147.00,0.3200,92.00,0.3300,144.51,1066.91,631.98,1698.89,631.98,1066.91,1698.89,0.0100,0.0100,0.2560,-0.2560,0.7197,0.2803,0.6405,0.3430,0.3430,0.6405,30.9009,19.0818,19.0785,30.8955
btc-updown-5m-1780096500,1780096537000,263,73343.50,73443.54,100.04,0.0000,-0.0000,0.0000,0.0118,0.0020,0.3897,0.002823,0.0347,0.0000,73440.09,-0.0000,0.0047,0.0000,0.0000,0.7100,167.09,0.7000,49.97,0.6900,100.00,0.6800,38.48,0.6700,89.51,0.7200,334.47,0.7300,253.60,0.7400,207.40,0.7500,202.90,0.7600,215.16,0.2800,334.47,0.2700,253.60,0.2600,207.40,0.2500,202.90,0.2400,215.16,0.2900,167.09,0.3000,49.97,0.3100,100.00,0.3200,38.48,0.3300,89.51,445.05,1213.53,1658.58,1213.53,445.05,1658.58,0.0100,0.0100,-0.4633,0.4633,0.7133,0.2867,0.4877,0.4846,0.4846,0.4877,-75.0403,102.5907,102.5907,-75.0403
btc-updown-5m-1780096500,1780096538000,262,73343.48,73443.54,100.06,0.0000,-0.0000,0.0012,0.0047,0.0020,0.3897,0.002823,0.0348,0.0336,73440.10,-0.0000,0.0047,0.0000,0.0000,0.7100,485.34,0.7000,141.05,0.6900,140.00,0.6800,98.24,0.6700,151.54,0.7200,76.06,0.7300,200.60,0.7400,152.40,0.7500,162.90,0.7600,160.44,0.2800,76.06,0.2700,200.60,0.2600,152.40,0.2500,162.90,0.2400,160.44,0.2900,485.34,0.3000,141.05,0.3100,140.00,0.3200,98.24,0.3300,151.54,1016.17,752.40,1768.57,752.40,1016.17,1768.57,0.0100,0.0100,0.1491,-0.1491,0.7186,0.2814,0.6164,0.3677,0.3677,0.6164,-20.4214,11.4001,11.4001,-20.4214
btc-updown-5m-1780096500,1780096539000,261,73343.48,73443.55,100.07,0.0000,0.0000,0.0430,0.0477,0.0040,0.3897,0.002823,0.0362,1.1885,73440.23,0.0000,0.0045,0.0136,0.0000,0.7100,492.87,0.7000,108.78,0.6900,140.00,0.6800,98.24,0.6700,125.29,0.7200,28.61,0.7300,192.60,0.7400,152.40,0.7500,162.90,0.7600,138.05,0.2800,28.61,0.2700,192.60,0.2600,152.40,0.2500,162.90,0.2400,138.05,0.2900,492.87,0.3000,108.78,0.3100,140.00,0.3200,98.24,0.3300,125.29,965.18,674.56,1639.74,674.56,965.18,1639.74,0.0100,0.0100,0.1772,-0.1772,0.7195,0.2805,0.6234,0.3279,0.3279,0.6234,47.7610,-84.1645,-84.1231,47.7375
btc-updown-5m-1780096500,1780096540000,260,73343.28,73443.54,100.26,-0.0000,-0.0000,0.0010,0.0487,0.0060,0.3900,0.002823,0.0361,0.0274,73440.25,-0.0000,0.0045,-0.0137,-0.0000,0.7200,130.60,0.7100,119.19,0.7000,44.78,0.6900,73.00,0.6800,36.00,0.7300,482.64,0.7400,247.40,0.7500,195.29,0.7600,207.10,0.7700,203.30,0.2700,482.64,0.2600,247.40,0.2500,195.29,0.2400,207.10,0.2300,203.30,0.2800,130.60,0.2900,119.19,0.3000,44.78,0.3100,73.00,0.3200,36.00,403.57,1335.73,1739.30,1335.73,403.57,1739.30,0.0100,0.0100,-0.5359,0.5359,0.7221,0.2779,0.6190,0.5465,0.5465,0.6190,-50.6222,52.0059,52.0059,-50.6222
btc-updown-5m-1780096500,1780096541000,259,73343.26,73443.54,100.28,0.0000,0.0000,0.0000,0.0451,0.0040,0.3900,0.002823,0.0361,0.0000,73440.26,-0.0000,0.0045,0.0000,0.0000,0.7200,395.35,0.7100,97.19,0.7000,44.78,0.6900,73.00,0.6800,53.05,0.7300,384.70,0.7400,229.80,0.7500,172.05,0.7600,244.04,0.7700,198.30,0.2700,384.70,0.2600,229.80,0.2500,172.05,0.2400,244.04,0.2300,198.30,0.2800,395.35,0.2900,97.19,0.3000,44.78,0.3100,73.00,0.3200,53.05,663.37,1228.89,1892.26,1228.89,663.37,1892.26,0.0100,0.0100,-0.2989,0.2989,0.7251,0.2749,0.7425,0.5000,0.5000,0.7425,-66.8751,119.8634,119.8634,-66.8751
btc-updown-5m-1780096500,1780096542000,258,73343.29,73443.54,100.25,0.0000,0.0000,0.1602,0.2053,0.0060,0.3900,0.002823,0.0409,3.9200,73440.75,-0.0000,0.0038,0.0000,0.0000,0.7200,462.40,0.7100,114.19,0.7000,69.78,0.6900,103.00,0.6800,76.00,0.7300,108.63,0.7400,72.00,0.7500,94.44,0.7600,63.10,0.7700,113.30,0.2700,108.63,0.2600,72.00,0.2500,94.44,0.2400,63.10,0.2300,113.30,0.2800,462.40,0.2900,114.19,0.3000,69.78,0.3100,103.00,0.3200,76.00,825.37,451.47,1276.84,451.47,825.37,1276.84,0.0100,0.0100,0.2928,-0.2928,0.7281,0.2719,0.6986,0.4001,0.4001,0.6986,-31.1430,-25.9298,-25.9298,-31.1430
btc-updown-5m-1780096500,1780096543000,257,73343.28,73443.55,100.27,0.0000,0.0000,0.0584,0.2626,0.0080,0.3903,0.002823,0.0427,1.3671,73440.88,0.0000,0.0036,0.0137,0.0000,0.7200,951.39,0.7100,104.42,0.7000,56.78,0.6900,103.00,0.6800,66.00,0.7700,0.60,0.7800,20.20,0.7900,174.07,0.8000,39.20,0.8100,51.80,0.2300,0.60,0.2200,20.20,0.2100,174.07,0.2000,39.20,0.1900,51.80,0.2800,951.39,0.2900,104.42,0.3000,56.78,0.3100,103.00,0.3200,66.00,1281.59,285.87,1567.46,285.87,1281.59,1567.46,0.0500,0.0500,0.6352,-0.6352,0.7700,0.2300,0.8238,0.0728,0.0728,0.8238,128.7467,-153.1964,-153.2509,128.7925
btc-updown-5m-1780096500,1780096544000,256,73343.35,73454.00,110.65,0.0142,0.0142,0.4564,0.6760,2.0960,0.7387,0.003741,0.0574,7.9450,73444.24,0.0052,0.0133,15.7443,0.0002,0.7700,50.00,0.7400,6.00,0.7300,111.72,0.7200,18.67,0.7100,80.00,0.7800,347.33,0.7900,361.32,0.8000,86.10,0.8100,110.80,0.8200,1380.60,0.2200,347.33,0.2100,361.32,0.2000,86.10,0.1900,110.80,0.1800,1380.60,0.2300,50.00,0.2600,6.00,0.2700,111.72,0.2800,18.67,0.2900,80.00,266.39,2286.15,2552.54,2286.15,266.39,2552.54,0.0100,0.0100,-0.7913,0.7913,0.7713,0.2287,0.2102,0.3100,0.3100,0.2102,-115.8511,253.4126,253.4126,-115.8511
btc-updown-5m-1780096500,1780096545000,255,73345.53,73457.99,112.46,0.0054,0.0197,0.1084,0.7834,2.8960,0.8720,0.003819,0.0583,1.8598,73445.63,0.0087,0.0168,6.1089,0.0001,0.7700,469.66,0.7600,13.00,0.7400,61.15,0.7300,31.00,0.7200,20.39,0.7800,158.13,0.7900,198.15,0.8000,43.00,0.8100,75.80,0.8200,1325.60,0.2200,158.13,0.2100,198.15,0.2000,43.00,0.1900,75.80,0.1800,1325.60,0.2300,469.66,0.2400,13.00,0.2600,61.15,0.2700,31.00,0.2800,20.39,595.20,1800.68,2395.88,1800.68,595.20,2395.88,0.0100,0.0100,-0.5031,0.5031,0.7775,0.2225,0.8109,0.1979,0.1979,0.8109,-66.3284,201.8860,201.9222,-66.3403
btc-updown-5m-1780096500,1780096546000,254,73348.50,73458.00,109.50,0.0000,0.0197,0.0472,0.8306,2.8980,0.8723,0.003819,0.0597,0.7900,73445.97,0.0082,0.0164,0.0149,0.0000,0.7700,469.66,0.7600,13.00,0.7400,61.15,0.7300,31.00,0.7200,20.39,0.7800,158.13,0.7900,198.15,0.8000,43.00,0.8100,75.80,0.8200,1325.60,0.2200,158.13,0.2100,198.15,0.2000,43.00,0.1900,75.80,0.1800,1325.60,0.2300,469.66,0.2400,13.00,0.2600,61.15,0.2700,31.00,0.2800,20.39,595.20,1800.68,2395.88,1800.68,595.20,2395.88,0.0100,0.0100,-0.5031,0.5031,0.7775,0.2225,0.8109,0.1979,0.1979,0.8109,-13.7638,143.7374,143.7374,-13.7638
btc-updown-5m-1780096500,1780096547000,253,73351.77,73457.99,106.22,-0.0000,0.0197,0.0819,0.7523,2.8980,0.8723,0.003819,0.0624,1.3137,73446.47,0.0074,0.0157,-0.0145,-0.0000,0.7700,606.49,0.7600,13.00,0.7500,39.19,0.7400,61.15,0.7300,31.00,0.7800,24.42,0.8000,48.00,0.8100,71.00,0.8200,1316.80,0.8300,39.19,0.2200,9.71,0.2000,48.00,0.1900,59.00,0.1800,1316.80,0.1700,39.19,0.2300,595.86,0.2400,13.00,0.2500,39.19,0.2600,61.15,0.2700,31.00,750.83,1499.41,2250.24,1472.70,740.20,2212.90,0.0100,0.0100,-0.3327,0.3310,0.7796,0.2202,0.8251,0.0483,0.0392,0.8226,15.3471,54.0768,49.7339,13.6137
btc-updown-5m-1780096500,1780096548000,252,73364.43,73457.99,93.56,0.0000,0.0197,0.1336,0.8275,2.8980,0.8723,0.003819,0.0663,2.0147,73447.30,0.0041,0.0146,0.0000,0.0000,0.7700,223.27,0.7600,36.54,0.7500,144.63,0.7400,27.00,0.7300,71.00,0.7800,111.35,0.8200,1193.47,0.8300,50.00,0.8400,70.26,0.8500,430.52,0.2200,111.35,0.1800,1193.47,0.1700,50.00,0.1600,70.26,0.1500,430.52,0.2300,223.27,0.2400,36.54,0.2500,144.63,0.2600,27.00,0.2700,71.00,502.44,1855.60,2358.04,1855.60,502.44,2358.04,0.0100,0.0100,-0.5738,0.5738,0.7767,0.2233,0.5171,0.7032,0.7032,0.5171,-128.3846,292.4430,292.4430,-128.3846
btc-updown-5m-1780096500,1780096549000,251,73364.64,73458.00,93.36,0.0000,0.0054,0.0573,0.4284,0.8100,0.8723,0.003819,0.0614,0.9336,73449.30,0.0028,0.0118,0.0127,0.0000,0.7700,178.19,0.7600,118.54,0.7500,75.63,0.7400,66.19,0.7300,138.10,0.7800,20.72,0.7900,20.00,0.8200,1193.47,0.8300,50.00,0.8400,78.26,0.2200,20.72,0.2100,20.00,0.1800,1193.47,0.1700,50.00,0.1600,78.26,0.2300,178.19,0.2400,118.54,0.2500,75.63,0.2600,66.19,0.2700,138.10,576.65,1362.45,1939.10,1362.45,576.65,1939.10,0.0100,0.0100,-0.4052,0.4052,0.7790,0.2210,0.5146,0.0299,0.0299,0.5146,-100.0644,196.6754,196.6754,-100.0644
btc-updown-5m-1780096500,1780096550000,250,73363.49,73458.00,94.51,0.0000,0.0000,0.1201,0.4401,0.0080,0.8723,0.003819,0.0653,1.8394,73449.82,0.0000,0.0111,0.0000,0.0000,0.7700,79.71,0.7600,115.00,0.7500,75.63,0.7400,66.19,0.7300,118.10,0.7900,12.39,0.8000,10.00,0.8100,24.78,0.8200,1193.47,0.8300,30.00,0.2100,12.39,0.2000,10.00,0.1900,24.78,0.1800,1193.47,0.1700,30.00,0.2300,79.71,0.2400,115.00,0.2500,75.63,0.2600,66.19,0.2700,118.10,454.63,1270.64,1725.27,1270.64,454.63,1725.27,0.0200,0.0200,-0.4730,0.4730,0.7873,0.2127,0.4283,0.0176,0.0176,0.4283,36.8307,-163.8712,-163.8448,36.8248
btc-updown-5m-1780096500,1780096551000,249,73361.67,73458.00,96.33,0.0000,0.0000,0.0084,0.4013,0.0080,0.8727,0.003819,0.0656,0.1278,73449.85,0.0000,0.0111,0.0000,0.0000,0.7700,558.36,0.7600,81.00,0.7500,99.63,0.7400,94.19,0.7300,143.10,0.7800,14.87,0.7900,24.41,0.8000,42.44,0.8100,24.78,0.8200,1193.47,0.2200,14.87,0.2100,24.41,0.2000,42.44,0.1900,24.78,0.1800,1193.47,0.2300,558.36,0.2400,81.00,0.2500,99.63,0.2600,94.19,0.2700,143.10,976.28,1299.97,2276.25,1299.97,976.28,2276.25,0.0100,0.0100,-0.1422,0.1422,0.7797,0.2203,0.6549,0.0302,0.0302,0.6549,73.3865,-86.4586,-86.8049,73.6805
btc-updown-5m-1780096500,1780096552000,248,73363.33,73458.00,94.67,0.0000,0.0000,0.0012,0.3206,0.0080,0.8730,0.003819,0.0656,0.0180,73449.86,0.0000,0.0111,0.0000,0.0000,0.7700,624.23,0.7600,61.00,0.7500,94.63,0.7400,490.00,0.7300,163.10,0.8000,32.39,0.8100,17.99,0.8200,1193.47,0.8300,22.00,0.8400,10.00,0.2000,32.39,0.1900,17.99,0.1800,1193.47,0.1700,22.00,0.1600,10.00,0.2300,624.23,0.2400,61.00,0.2500,94.63,0.2600,490.00,0.2700,163.10,1432.96,1275.85,2708.81,1275.85,1432.96,2708.81,0.0300,0.0300,0.0580,-0.0580,0.7985,0.2015,0.4782,0.0395,0.0395,0.4782,152.9278,-78.0203,-78.3004,153.4770
btc-updown-5m-1780096500,1780096553000,247,73364.79,73457.99,93.20,-0.0000,0.0000,0.0002,0.1872,0.0080,0.4880,0.002702,0.0656,0.0027,73449.86,-0.0000,0.0111,-0.0127,-0.0000,0.7800,330.58,0.7700,499.95,0.7600,61.00,0.7500,21.00,0.7400,470.00,0.8200,1155.17,0.8300,22.00,0.8400,44.14,0.8500,415.33,0.8600,119.08,0.1800,1155.17,0.1700,22.00,0.1600,44.14,0.1500,415.33,0.1400,119.08,0.2200,330.58,0.2300,499.95,0.2400,61.00,0.2500,21.00,0.2600,470.00,1382.53,1755.72,3138.25,1755.72,1382.53,3138.25,0.0400,0.0400,-0.1189,0.1189,0.7889,0.2111,0.6007,0.6705,0.6705,0.6007,115.4754,28.1336,28.1336,115.4754
btc-updown-5m-1780096500,1780096554000,246,73362.17,73457.99,95.82,0.0000,-0.0000,0.0000,0.1298,0.0060,0.4877,0.002702,0.0538,0.0000,73451.24,-0.0000,0.0092,0.0000,0.0000,0.7900,111.53,0.7800,36.00,0.7700,31.00,0.7600,21.00,0.7500,26.00,0.8000,198.92,0.8100,115.00,0.8200,1195.26,0.8300,117.00,0.8400,95.00,0.2000,198.92,0.1900,115.00,0.1800,1195.26,0.1700,117.00,0.1600,95.00,0.2100,111.53,0.2200,36.00,0.2300,31.00,0.2400,21.00,0.2500,26.00,225.53,1721.18,1946.71,1721.18,225.53,1946.71,0.0100,0.0100,-0.7683,0.7683,0.7936,0.2064,0.6541,0.1824,0.1824,0.6541,-46.3681,-22.5084,-6.8632,-49.6320
btc-updown-5m-1780096500,1780096555000,245,73362.17,73458.00,95.83,0.0000,0.0000,0.0276,0.0373,0.0080,0.4880,0.002702,0.0538,0.5126,73451.48,0.0000,0.0089,0.0130,0.0000,0.7900,104.44,0.7800,41.81,0.7700,26.00,0.7600,26.00,0.7500,31.00,0.8000,365.99,0.8100,115.00,0.8200,1255.26,0.8300,132.00,0.8400,90.00,0.2000,365.99,0.1900,115.00,0.1800,1255.26,0.1700,132.00,0.1600,90.00,0.2100,104.44,0.2200,41.81,0.2300,26.00,0.2400,26.00,0.2500,31.00,229.25,1958.25,2187.50,1958.25,229.25,2187.50,0.0100,0.0100,-0.7904,0.7904,0.7922,0.2078,0.6379,0.2456,0.2456,0.6379,-62.6300,97.3700,97.3700,-42.5341
btc-updown-5m-1780096500,1780096556000,244,73358.76,73462.00,103.24,0.0054,0.0054,0.1214,0.1504,0.8060,0.6210,0.002832,0.0577,2.1049,73452.20,0.0013,0.0133,5.6216,0.0001,0.7900,963.54,0.7800,26.00,0.7700,56.00,0.7600,61.00,0.7500,31.00,0.8200,1138.35,0.8300,22.00,0.8400,33.00,0.8500,370.33,0.8600,101.28,0.1800,1138.35,0.1700,22.00,0.1600,33.00,0.1500,370.33,0.1400,101.28,0.2100,963.54,0.2200,26.00,0.2300,56.00,0.2400,61.00,0.2500,31.00,1137.54,1664.96,2802.50,1664.96,1137.54,2802.50,0.0300,0.0300,-0.1882,0.1882,0.8038,0.1962,0.8699,0.6969,0.6969,0.8699,92.5477,65.5777,65.5777,92.5477
btc-updown-5m-1780096500,1780096557000,243,73359.06,73462.00,102.94,0.0000,0.0054,0.0000,0.1492,0.8040,0.6207,0.002832,0.0577,0.0000,73452.20,0.0010,0.0133,0.0000,0.0000,0.8100,527.66,0.8000,189.89,0.7900,81.39,0.7800,90.00,0.7700,96.00,0.8200,831.56,0.8300,113.00,0.8400,123.09,0.8500,477.51,0.8600,196.28,0.1800,831.56,0.1700,113.00,0.1600,123.09,0.1500,477.51,0.1400,196.28,0.1900,527.66,0.2000,189.89,0.2100,81.39,0.2200,90.00,0.2300,96.00,984.94,1741.44,2726.38,1741.44,984.94,2726.38,0.0100,0.0100,-0.2775,0.2775,0.8139,0.1861,0.7285,0.5424,0.5424,0.7285,-84.4990,-7.2020,-7.2020,-84.4990
btc-updown-5m-1780096500,1780096558000,242,73360.22,73461.99,101.77,-0.0000,0.0054,0.0004,0.1494,0.8040,0.6207,0.002832,0.0506,0.0075,73453.41,0.0010,0.0117,-0.0139,-0.0000,0.8100,517.87,0.8000,163.39,0.7900,108.89,0.7800,105.21,0.7700,86.00,0.8200,566.82,0.8300,95.00,0.8400,93.09,0.8500,447.51,0.8600,186.28,0.1800,566.82,0.1700,95.00,0.1600,93.09,0.1500,447.51,0.1400,186.28,0.1900,517.87,0.2000,163.39,0.2100,108.89,0.2200,105.21,0.2300,86.00,981.36,1388.70,2370.06,1388.70,981.36,2370.06,0.0100,0.0100,-0.1719,0.1719,0.8148,0.1852,0.6942,0.4766,0.4766,0.6942,198.0035,-65.6881,-65.6881,198.0035
btc-updown-5m-1780096500,1780096559000,241,73365.34,73461.99,96.65,0.0000,0.0054,0.0000,0.1494,0.8040,0.6203,0.002832,0.0506,0.0000,73453.42,0.0010,0.0117,0.0000,0.0000,0.8100,493.28,0.8000,157.00,0.7900,134.64,0.7800,100.00,0.7700,66.00,0.8200,481.17,0.8300,102.35,0.8400,87.01,0.8500,430.34,0.8600,216.28,0.1800,481.17,0.1700,102.35,0.1600,87.01,0.1500,430.34,0.1400,216.28,0.1900,493.28,0.2000,157.00,0.2100,134.64,0.2200,100.00,0.2300,66.00,950.92,1317.15,2268.07,1317.15,950.92,2268.07,0.0100,0.0100,-0.1615,0.1615,0.8151,0.1849,0.6838,0.4430,0.4430,0.6838,202.3511,-186.2410,-186.2410,202.3511
btc-updown-5m-1780096500,1780096560000,240,73365.80,73463.99,98.19,0.0027,0.0082,0.0361,0.1579,1.2040,0.6873,0.002847,0.0502,0.7193,73453.97,0.0030,0.0136,2.6733,0.0000,0.8200,40.03,0.8100,971.98,0.8000,230.00,0.7900,136.75,0.7800,145.00,0.8300,24.35,0.8400,27.01,0.8500,390.34,0.8600,116.28,0.8700,41.00,0.1700,24.35,0.1600,27.01,0.1500,390.34,0.1400,116.28,0.1300,41.00,0.1800,40.03,0.1900,971.98,0.2000,230.00,0.2100,136.75,0.2200,145.00,1523.76,598.98,2122.74,598.98,1523.76,2122.74,0.0100,0.0100,0.4357,-0.4357,0.8262,0.1738,0.6642,0.0857,0.0857,0.6642,131.3697,-253.4855,-253.4855,131.3697
btc-updown-5m-1780096500,1780096561000,239,73365.82,73463.99,98.17,0.0000,0.0027,0.0000,0.0365,0.4040,0.6870,0.002847,0.0501,0.0000,73454.00,0.0021,0.0136,0.0000,0.0000,0.8400,717.13,0.8300,216.94,0.8200,335.56,0.8100,156.00,0.8000,234.00,0.8500,91.29,0.8600,147.54,0.8700,90.58,0.8800,269.35,0.8900,521.80,0.1500,91.29,0.1400,147.54,0.1300,90.58,0.1200,269.35,0.1100,521.80,0.1600,717.13,0.1700,216.94,0.1800,335.56,0.1900,156.00,0.2000,229.00,1659.63,1120.56,2780.19,1120.56,1654.63,2775.19,0.0100,0.0100,0.1939,-0.1924,0.8489,0.1511,0.5628,0.2131,0.2131,0.5645,191.3005,-122.2234,-122.2234,190.1965
btc-updown-5m-1780096500,1780096562000,238,73366.91,73464.00,97.09,0.0000,0.0027,0.0011,0.0376,0.4060,0.6873,0.002847,0.0476,0.0239,73454.55,0.0000,0.0129,0.0132,0.0000,0.8500,686.64,0.8400,225.00,0.8300,265.37,0.8200,320.67,0.8100,161.00,0.8600,123.32,0.8700,118.09,0.8800,312.69,0.8900,508.50,0.9000,442.82,0.1400,123.32,0.1300,118.09,0.1200,312.69,0.1100,508.50,0.1000,442.82,0.1500,686.64,0.1600,225.00,0.1700,265.37,0.1800,320.67,0.1900,161.00,1658.68,1505.42,3164.10,1505.42,1658.68,3164.10,0.0100,0.0100,0.0484,-0.0484,0.8585,0.1415,0.5496,0.1604,0.1604,0.5496,138.1193,-49.6382,-49.6382,138.1193
btc-updown-5m-1780096500,1780096563000,237,73371.44,73464.00,92.56,0.0000,0.0027,0.0000,0.0372,0.4040,0.6873,0.002847,0.0476,0.0000,73454.55,0.0000,0.0129,0.0000,0.0000,0.8600,514.75,0.8500,577.73,0.8400,197.42,0.8300,164.89,0.8200,88.94,0.8700,112.33,0.8800,381.66,0.8900,581.80,0.9000,497.82,0.9100,325.35,0.1300,112.33,0.1200,381.66,0.1100,581.80,0.1000,497.82,0.0900,325.35,0.1400,514.75,0.1500,577.73,0.1600,197.42,0.1700,164.89,0.1800,88.94,1543.73,1898.96,3442.69,1898.96,1543.73,3442.69,0.0100,0.0100,-0.1032,0.1032,0.8682,0.1318,0.7077,0.2601,0.2601,0.7077,87.0431,35.1745,35.1806,87.0580
btc-updown-5m-1780096500,1780096564000,236,73369.90,73464.00,94.10,0.0000,0.0027,0.0571,0.0944,0.4040,0.6873,0.002847,0.0492,1.1612,73454.96,0.0000,0.0123,0.0000,0.0000,0.8600,914.02,0.8500,335.77,0.8400,247.42,0.8300,219.89,0.8200,143.94,0.8700,30.00,0.8800,326.66,0.8900,513.50,0.9000,442.82,0.9100,275.27,0.1300,30.00,0.1200,326.66,0.1100,513.50,0.1000,442.82,0.0900,275.27,0.1400,914.02,0.1500,335.77,0.1600,247.42,0.1700,219.89,0.1800,143.94,1861.04,1588.25,3449.29,1588.25,1861.04,3449.29,0.0100,0.0100,0.0791,-0.0791,0.8697,0.1303,0.6716,0.2246,0.2246,0.6716,149.7456,26.5335,26.5335,149.7456
btc-updown-5m-1780096500,1780096565000,235,73369.90,73464.00,94.10,0.0000,0.0000,0.0006,0.0588,0.0020,0.6873,0.002847,0.0492,0.0114,73454.96,0.0000,0.0123,0.0000,0.0000,0.8600,917.00,0.8500,348.15,0.8400,235.42,0.8300,262.73,0.8200,143.94,0.8700,12.25,0.8800,312.69,0.8900,527.19,0.9000,447.82,0.9100,266.27,0.1300,12.25,0.1200,312.69,0.1100,527.19,0.1000,447.82,0.0900,266.27,0.1400,917.00,0.1500,348.15,0.1600,235.42,0.1700,262.73,0.1800,143.94,1907.24,1566.22,3473.46,1566.22,1907.24,3473.46,0.0100,0.0100,0.0982,-0.0982,0.8699,0.1301,0.6633,0.2075,0.2075,0.6633,162.6584,36.9046,36.9046,162.6584
btc-updown-5m-1780096500,1780096566000,234,73368.60,73463.99,95.39,-0.0000,0.0000,0.0003,0.0592,0.0040,0.6873,0.002847,0.0492,0.0069,73454.96,-0.0000,0.0123,-0.0130,-0.0000,0.8600,1015.84,0.8500,355.53,0.8400,225.42,0.8300,244.89,0.8200,143.94,0.8800,341.66,0.8900,511.50,0.9000,482.23,0.9100,246.00,0.9200,394.42,0.1200,341.66,0.1100,511.50,0.1000,482.23,0.0900,246.00,0.0800,394.42,0.1400,1015.84,0.1500,355.53,0.1600,225.42,0.1700,244.89,0.1800,143.94,1985.62,1975.81,3961.43,1975.81,1985.62,3961.43,0.0200,0.0200,0.0025,-0.0025,0.8750,0.1250,0.6907,0.4318,0.4318,0.6907,40.4270,215.6057,215.6057,40.4270
btc-updown-5m-1780096500,1780096567000,233,73368.79,73464.00,95.21,0.0000,0.0000,0.0102,0.0682,0.0040,0.6877,0.002847,0.0495,0.2058,73455.05,0.0000,0.0122,0.0130,0.0000,0.8700,452.43,0.8600,490.97,0.8500,271.58,0.8400,140.00,0.8300,164.89,0.8800,536.58,0.8900,571.50,0.9000,537.23,0.9100,304.09,0.9200,458.35,0.1200,536.58,0.1100,571.50,0.1000,537.23,0.0900,304.09,0.0800,458.35,0.1300,452.43,0.1400,490.97,0.1500,271.58,0.1600,140.00,0.1700,164.89,1519.87,2407.75,3927.62,2407.75,1519.87,3927.62,0.0100,0.0100,-0.2261,0.2261,0.8746,0.1254,0.6207,0.4602,0.4602,0.6207,-7.2351,205.6110,205.6109,-7.2351
btc-updown-5m-1780096500,1780096568000,232,73368.38,73464.00,95.62,0.0000,0.0000,0.0000,0.0682,0.0040,0.6877,0.002847,0.0495,0.0000,73455.05,0.0000,0.0122,0.0000,0.0000,0.8700,592.97,0.8600,315.59,0.8500,271.58,0.8400,201.84,0.8300,132.00,0.8800,503.53,0.8900,590.89,0.9000,528.23,0.9100,326.09,0.9200,458.35,0.1200,503.53,0.1100,590.89,0.1000,528.23,0.0900,326.09,0.0800,458.35,0.1300,592.97,0.1400,315.59,0.1500,271.58,0.1600,201.84,0.1700,132.00,1513.98,2407.09,3921.07,2407.09,1513.98,3921.07,0.0100,0.0100,-0.2278,0.2278,0.8754,0.1246,0.6001,0.4547,0.4547,0.6001,-6.4310,150.5349,150.5601,-6.4320
btc-updown-5m-1780096500,1780096569000,231,73369.92,73464.00,94.08,0.0000,0.0000,0.0020,0.0131,0.0040,0.6873,0.002847,0.0495,0.0400,73455.07,0.0000,0.0122,0.0000,0.0000,0.8700,163.98,0.8600,167.10,0.8500,271.56,0.8400,207.25,0.8300,132.00,0.8800,550.55,0.8900,585.68,0.9000,430.82,0.9100,345.04,0.9200,448.42,0.1200,550.55,0.1100,585.68,0.1000,430.82,0.0900,345.04,0.0800,448.42,0.1300,163.98,0.1400,167.10,0.1500,271.56,0.1600,207.25,0.1700,132.00,941.89,2360.51,3302.40,2360.51,941.89,3302.40,0.0100,0.0100,-0.4296,0.4296,0.8723,0.1277,0.3515,0.4813,0.4813,0.3515,-145.4326,118.9533,118.9533,-145.4326
btc-updown-5m-1780096500,1780096570000,230,73368.95,73463.99,95.04,-0.0000,-0.0000,0.0866,0.0991,0.0060,0.6873,0.002847,0.0509,1.7021,73455.87,-0.0000,0.0110,-0.0129,-0.0000,0.8700,211.34,0.8600,126.69,0.8500,231.15,0.8400,165.00,0.8300,137.61,0.8800,115.40,0.8900,578.20,0.9000,430.82,0.9100,351.94,0.9200,483.00,0.1200,115.40,0.1100,578.20,0.1000,430.82,0.0900,351.94,0.0800,483.00,0.1300,211.34,0.1400,126.69,0.1500,231.15,0.1600,165.00,0.1700,137.61,871.79,1959.36,2831.15,1959.36,871.79,2831.15,0.0100,0.0100,-0.3841,0.3841,0.8765,0.1235,0.3877,0.3540,0.3540,0.3877,-168.5461,67.0266,67.0266,-168.5462
btc-updown-5m-1780096500,1780096571000,229,73368.95,73463.99,95.04,0.0000,0.0000,0.0000,0.0988,0.0040,0.6873,0.002847,0.0509,0.0000,73455.88,-0.0000,0.0110,0.0000,0.0000,0.8700,346.75,0.8600,124.03,0.8500,274.04,0.8400,155.00,0.8300,142.61,0.9100,29.13,0.9200,498.00,0.9300,936.68,0.9400,670.34,0.9500,1877.83,0.0900,29.13,0.0800,498.00,0.0700,936.68,0.0600,670.34,0.0500,1877.83,0.1300,346.75,0.1400,124.03,0.1500,274.04,0.1600,155.00,0.1700,142.61,1042.43,4011.98,5054.41,4011.98,1042.43,5054.41,0.0400,0.0400,-0.5875,0.5875,0.9069,0.0931,0.4516,0.1314,0.1314,0.4516,-138.6148,392.3384,392.3384,-138.6148
btc-updown-5m-1780096500,1780096572000,228,73368.95,73463.99,95.04,0.0000,-0.0000,0.0109,0.0995,0.0020,0.6870,0.002847,0.0512,0.2124,73455.94,-0.0000,0.0110,0.0000,0.0000,0.8900,304.50,0.8800,131.58,0.8700,426.63,0.8600,111.75,0.8500,71.00,0.9000,138.42,0.9100,142.02,0.9200,527.00,0.9300,1035.89,0.9400,681.21,0.1000,138.42,0.0900,142.02,0.0800,527.00,0.0700,1035.89,0.0600,681.21,0.1100,304.50,0.1200,131.58,0.1300,426.63,0.1400,111.75,0.1500,71.00,1045.46,2524.54,3570.00,2524.54,1045.46,3570.00,0.0100,0.0100,-0.4143,0.4143,0.8969,0.1031,0.4171,0.1111,0.1111,0.4171,-153.5247,167.2147,167.2148,-153.5247
btc-updown-5m-1780096500,1780096573000,227,73369.65,73463.99,94.34,0.0000,-0.0000,0.0000,0.0995,0.0020,0.6867,0.002847,0.0460,0.0000,73457.33,-0.0000,0.0091,0.0000,0.0000,0.9000,530.43,0.8900,234.36,0.8800,211.40,0.8700,367.27,0.8600,146.00,0.9100,38.90,0.9200,445.40,0.9300,1033.28,0.9400,615.34,0.9500,1822.83,0.0900,38.90,0.0800,445.40,0.0700,1033.28,0.0600,615.34,0.0500,1822.83,0.1000,530.43,0.1100,234.36,0.1200,211.40,0.1300,367.27,0.1400,146.00,1489.46,3955.75,5445.21,3955.75,1489.46,5445.21,0.0100,0.0100,-0.4529,0.4529,0.9093,0.0907,0.5135,0.1224,0.1224,0.5135,5.4898,264.0546,264.0546,5.4898
btc-updown-5m-1780096500,1780096574000,226,73371.23,73464.00,92.77,0.0000,0.0000,0.0035,0.1010,0.0040,0.3387,0.001419,0.0443,0.0791,73457.93,0.0000,0.0083,0.0126,0.0000,0.8900,271.05,0.8800,206.40,0.8700,347.27,0.8600,146.00,0.8500,507.84,0.9000,37.48,0.9100,32.08,0.9200,451.91,0.9300,1018.28,0.9400,615.34,0.1000,37.48,0.0900,32.08,0.0800,451.91,0.0700,1018.28,0.0600,615.34,0.1100,271.05,0.1200,206.40,0.1300,347.27,0.1400,146.00,0.1500,507.84,1478.56,2155.09,3633.65,2155.09,1478.56,3633.65,0.0100,0.0100,-0.1862,0.1862,0.8988,0.1012,0.3229,0.0323,0.0323,0.3229,-6.7096,-47.7363,-47.7363,-6.7096
btc-updown-5m-1780096500,1780096575000,225,73372.01,73463.99,91.98,-0.0000,0.0000,0.0094,0.0238,0.0040,0.2053,0.001078,0.0299,0.3159,73459.93,-0.0000,0.0055,-0.0125,-0.0000,0.8900,211.23,0.8800,166.86,0.8700,186.17,0.8600,181.78,0.8500,466.00,0.9000,118.50,0.9100,113.77,0.9200,475.92,0.9300,1016.89,0.9400,635.84,0.1000,118.50,0.0900,113.77,0.0800,475.92,0.0700,1016.89,0.0600,635.84,0.1100,211.23,0.1200,166.86,0.1300,186.17,0.1400,181.78,0.1500,466.00,1212.04,2360.92,3572.96,2360.92,1212.04,3572.96,0.0100,0.0100,-0.3215,0.3215,0.8964,0.1036,0.3119,0.0984,0.0984,0.3119,43.2090,-2.4847,-2.4847,43.2090
btc-updown-5m-1780096500,1780096576000,224,73372.35,73464.00,91.65,0.0000,0.0000,0.0021,0.0259,0.0060,0.2053,0.001078,0.0264,0.0798,73460.20,0.0000,0.0052,0.0125,0.0000,0.8900,173.70,0.8800,302.16,0.8700,186.17,0.8600,141.09,0.8500,406.00,0.9000,104.90,0.9100,174.89,0.9200,525.92,0.9300,1086.89,0.9400,685.84,0.1000,104.90,0.0900,174.89,0.0800,525.92,0.0700,1086.89,0.0600,685.84,0.1100,173.70,0.1200,302.16,0.1300,186.17,0.1400,141.09,0.1500,406.00,1209.12,2578.44,3787.56,2578.44,1209.12,3787.56,0.0100,0.0100,-0.3615,0.3615,0.8962,0.1038,0.3936,0.1085,0.1085,0.3936,56.8374,104.3100,104.3100,56.8374
btc-updown-5m-1780096500,1780096577000,223,73373.14,73464.00,90.86,0.0000,0.0000,0.0016,0.0166,0.0060,0.2050,0.001078,0.0250,0.0625,73460.34,0.0000,0.0050,0.0000,0.0000,0.8900,56.09,0.8800,135.41,0.8700,56.00,0.8600,133.65,0.8500,411.00,0.9000,272.46,0.9100,186.90,0.9200,468.88,0.9300,1093.78,0.9400,673.34,0.1000,272.46,0.0900,186.90,0.0800,468.88,0.0700,1093.78,0.0600,673.34,0.1100,56.09,0.1200,135.41,0.1300,56.00,0.1400,133.65,0.1500,411.00,792.15,2695.36,3487.51,2695.36,792.15,3487.51,0.0100,0.0100,-0.5457,0.5457,0.8917,0.1083,0.2417,0.1704,0.1704,0.2417,-46.0640,119.2510,119.2704,-46.0715
btc-updown-5m-1780096500,1780096578000,222,73373.28,73463.99,90.71,-0.0000,0.0000,0.0013,0.0179,0.0080,0.2050,0.001078,0.0224,0.0595,73460.63,-0.0000,0.0046,-0.0123,-0.0000,0.8600,9.30,0.8500,315.32,0.8400,149.92,0.8300,317.93,0.8200,100.53,0.8800,38.25,0.8900,69.10,0.9000,374.52,0.9100,180.70,0.9200,456.17,0.1200,38.25,0.1100,69.10,0.1000,374.52,0.0900,180.70,0.0800,456.17,0.1400,9.30,0.1500,315.32,0.1600,149.92,0.1700,317.93,0.1800,100.53,893.00,1118.74,2011.74,1118.74,893.00,2011.74,0.0200,0.0200,-0.1122,0.1122,0.8639,0.1361,0.3635,0.0960,0.0960,0.3635,-82.1634,-251.4805,-251.3031,-82.1054
btc-updown-5m-1780096500,1780096579000,221,73373.43,73464.00,90.57,0.0000,0.0000,0.0753,0.0897,0.0080,0.2050,0.001078,0.0205,3.6776,73461.58,0.0000,0.0033,0.0123,0.0000,0.8700,199.96,0.8600,112.94,0.8500,398.57,0.8400,149.92,0.8300,317.93,0.8800,311.82,0.8900,145.91,0.9000,246.68,0.9100,119.32,0.9200,509.28,0.1200,311.82,0.1100,145.91,0.1000,246.68,0.0900,119.32,0.0800,509.28,0.1300,199.96,0.1400,112.94,0.1500,398.57,0.1600,149.92,0.1700,317.93,1179.32,1333.01,2512.33,1333.01,1179.32,2512.33,0.0100,0.0100,-0.0612,0.0612,0.8739,0.1261,0.2653,0.3434,0.3434,0.2653,-70.4953,-446.4238,-446.4238,-70.4953
btc-updown-5m-1780096500,1780096580000,220,73373.48,73464.00,90.52,0.0000,0.0000,0.0043,0.0847,0.0080,0.2053,0.001078,0.0188,0.2318,73461.96,0.0000,0.0028,0.0000,0.0000,0.8700,353.80,0.8600,179.94,0.8500,448.32,0.8400,214.92,0.8300,382.12,0.8800,103.74,0.8900,85.91,0.9000,726.68,0.9100,91.32,0.9200,445.18,0.1200,103.74,0.1100,85.91,0.1000,726.68,0.0900,91.32,0.0800,445.18,0.1300,353.80,0.1400,179.94,0.1500,448.32,0.1600,214.92,0.1700,382.12,1579.10,1452.83,3031.93,1452.83,1579.10,3031.93,0.0100,0.0100,0.0416,-0.0416,0.8777,0.1223,0.3380,0.1305,0.1305,0.3380,57.6319,-170.3992,-170.3992,57.6319
btc-updown-5m-1780096500,1780096581000,219,73373.23,73464.00,90.77,0.0000,0.0000,0.0229,0.1054,0.0080,0.2053,0.001078,0.0156,1.4639,73463.03,0.0000,0.0013,0.0000,0.0000,0.8700,290.32,0.8600,22.00,0.8500,367.76,0.8400,164.93,0.8300,332.12,0.8800,527.78,0.8900,149.20,0.9000,690.68,0.9100,180.88,0.9200,566.18,0.1200,527.78,0.1100,149.20,0.1000,690.68,0.0900,180.88,0.0800,566.18,0.1300,290.32,0.1400,22.00,0.1500,367.76,0.1600,164.93,0.1700,332.12,1177.13,2114.72,3291.85,2114.72,1177.13,3291.85,0.0100,0.0100,-0.2848,0.2848,0.8735,0.1265,0.2653,0.3201,0.3201,0.2653,-37.1227,-48.5281,-48.5364,-37.1290
btc-updown-5m-1780096500,1780096582000,218,73372.82,73461.99,89.17,-0.0027,-0.0027,0.1876,0.2915,0.4100,0.2720,0.001205,0.0214,8.7631,73462.80,-0.0010,-0.0011,-2.4397,-0.0000,0.8500,245.57,0.8400,19.92,0.8300,190.93,0.8200,39.53,0.8000,13.10,0.8600,85.88,0.8700,50.00,0.8800,957.55,0.8900,120.98,0.9000,635.02,0.1400,85.88,0.1300,50.00,0.1200,957.55,0.1100,120.98,0.1000,635.02,0.1500,245.57,0.1600,19.92,0.1700,190.93,0.1800,39.53,0.2000,13.10,509.05,1849.43,2358.48,1849.43,509.05,2358.48,0.0100,0.0100,-0.5683,0.5683,0.8574,0.1426,0.5215,0.0735,0.0735,0.5215,-113.3900,-118.0774,-118.0965,-113.4084
btc-updown-5m-1780096500,1780096583000,217,73372.61,73461.99,89.38,0.0000,-0.0027,0.0020,0.2922,0.4080,0.2717,0.001205,0.0214,0.0933,73462.81,-0.0010,-0.0011,0.0000,0.0000,0.8300,37.38,0.8200,34.53,0.8100,8.40,0.8000,13.10,0.7900,65.36,0.8400,154.00,0.8500,166.72,0.8600,426.16,0.8700,113.35,0.8800,235.06,0.1600,154.00,0.1500,166.72,0.1400,426.16,0.1300,113.35,0.1200,235.06,0.1700,37.38,0.1800,34.53,0.1900,8.40,0.2000,13.10,0.2100,65.36,158.77,1095.29,1254.06,1095.29,158.77,1254.06,0.0100,0.0100,-0.7468,0.7468,0.8320,0.1680,0.4529,0.2928,0.2928,0.4529,-99.8576,-233.4363,-233.3243,-99.8096
btc-updown-5m-1780096500,1780096584000,216,73372.51,73461.99,89.48,0.0000,-0.0027,0.0000,0.2169,0.4060,0.2717,0.001205,0.0214,0.0000,73462.81,-0.0010,-0.0011,0.0000,0.0000,0.8200,227.70,0.8100,123.00,0.8000,198.87,0.7900,248.16,0.7800,675.60,0.8300,49.21,0.8400,90.00,0.8500,64.55,0.8600,152.22,0.8700,101.90,0.1700,49.21,0.1600,90.00,0.1500,64.55,0.1400,152.22,0.1300,101.90,0.1800,227.70,0.1900,123.00,0.2000,198.87,0.2100,248.16,0.2200,675.60,1473.33,457.88,1931.21,457.88,1473.33,1931.21,0.0100,0.0100,0.5258,-0.5258,0.8282,0.1718,0.2380,0.3040,0.3040,0.2380,77.1621,-370.2866,-370.2866,77.1621
btc-updown-5m-1780096500,1780096585000,215,73363.24,73461.99,98.75,0.0000,-0.0027,0.0050,0.2175,0.4040,0.2713,0.001205,0.0216,0.2306,73462.80,-0.0003,-0.0011,0.0000,0.0000,0.8400,336.86,0.8300,129.97,0.8200,136.00,0.8100,160.73,0.8000,124.10,0.8500,71.24,0.8600,102.05,0.8700,122.13,0.8800,104.67,0.8900,117.30,0.1500,71.24,0.1400,102.05,0.1300,122.13,0.1200,104.67,0.1100,117.30,0.1600,336.86,0.1700,129.97,0.1800,136.00,0.1900,160.73,0.2000,124.10,887.66,517.39,1405.05,517.39,887.66,1405.05,0.0100,0.0100,0.2635,-0.2635,0.8483,0.1517,0.5259,0.3349,0.3349,0.5259,-75.0542,-124.3714,-124.3489,-75.0406
btc-updown-5m-1780096500,1780096586000,214,73362.51,73461.99,99.48,0.0000,-0.0027,0.0000,0.1946,0.4020,0.1380,0.000705,0.0207,0.0000,73463.01,-0.0003,-0.0014,0.0000,0.0000,0.8400,340.65,0.8300,36.96,0.8200,157.75,0.8100,113.44,0.8000,69.10,0.8500,309.51,0.8600,174.74,0.8700,160.00,0.8800,185.77,0.8900,143.88,0.1500,309.51,0.1400,174.74,0.1300,160.00,0.1200,185.77,0.1100,143.88,0.1600,340.65,0.1700,36.96,0.1800,157.75,0.1900,113.44,0.2000,69.10,717.90,973.90,1691.80,973.90,717.90,1691.80,0.0100,0.0100,-0.1513,0.1513,0.8452,0.1548,0.5260,0.4972,0.4972,0.5260,-143.7915,-79.6929,-79.6929,-143.7915
btc-updown-5m-1780096500,1780096587000,213,73361.60,73461.99,100.39,0.0000,0.0000,0.0032,0.0101,0.0020,0.1383,0.000705,0.0169,0.1871,73463.24,0.0000,-0.0017,0.0000,0.0000,0.8400,521.27,0.8300,150.24,0.8200,170.75,0.8100,182.84,0.8000,129.10,0.8500,58.70,0.8600,144.91,0.8700,93.00,0.8800,176.71,0.8900,93.88,0.1500,58.70,0.1400,144.91,0.1300,93.00,0.1200,176.71,0.1100,93.88,0.1600,521.27,0.1700,150.24,0.1800,170.75,0.1900,182.84,0.2000,129.10,1154.20,567.20,1721.40,567.20,1154.20,1721.40,0.0100,0.0100,0.3410,-0.3410,0.8490,0.1510,0.5818,0.3590,0.3590,0.5818,-9.0368,-251.7812,-251.7812,-9.0368
btc-updown-5m-1780096500,1780096588000,212,73361.60,73461.99,100.39,0.0000,0.0000,0.0010,0.0091,0.0020,0.1380,0.000705,0.0169,0.0585,73463.23,0.0000,-0.0017,0.0000,0.0000,0.8400,285.54,0.8300,111.94,0.8200,194.75,0.8100,207.84,0.8000,129.10,0.8500,110.02,0.8600,149.91,0.8700,98.00,0.8800,162.71,0.8900,93.88,0.1500,110.02,0.1400,149.91,0.1300,98.00,0.1200,162.71,0.1100,93.88,0.1600,285.54,0.1700,111.94,0.1800,194.75,0.1900,207.84,0.2000,129.10,929.17,614.52,1543.69,614.52,929.17,1543.69,0.0100,0.0100,0.2038,-0.2038,0.8472,0.1528,0.4278,0.4230,0.4230,0.4278,48.2577,-329.9321,-329.8228,48.2417
btc-updown-5m-1780096500,1780096589000,211,73361.59,73462.00,100.41,0.0000,0.0000,0.0553,0.0644,0.0040,0.1383,0.000705,0.0187,2.9564,73463.12,0.0000,-0.0015,0.0137,0.0000,0.8400,307.16,0.8300,103.93,0.8200,194.75,0.8100,187.84,0.8000,1063.83,0.8500,28.34,0.8600,141.91,0.8700,98.00,0.8800,123.62,0.8900,93.88,0.1500,28.34,0.1400,141.91,0.1300,98.00,0.1200,123.62,0.1100,93.88,0.1600,307.16,0.1700,103.93,0.1800,194.75,0.1900,187.84,0.2000,1063.83,1857.51,485.75,2343.26,485.75,1857.51,2343.26,0.0100,0.0100,0.5854,-0.5854,0.8492,0.1508,0.2213,0.3505,0.3505,0.2213,270.8212,-182.6000,-182.6000,270.8212
btc-updown-5m-1780096500,1780096590000,210,73361.59,73462.00,100.41,0.0000,0.0000,0.0000,0.0594,0.0040,0.0713,0.000491,0.0187,0.0000,73463.12,0.0000,-0.0015,0.0000,0.0000,0.8500,207.93,0.8400,195.77,0.8300,139.06,0.8200,92.00,0.8100,80.40,0.8600,160.95,0.8700,161.00,0.8800,206.22,0.8900,183.88,0.9000,664.00,0.1400,160.95,0.1300,161.00,0.1200,206.22,0.1100,183.88,0.1000,664.00,0.1500,207.93,0.1600,195.77,0.1700,139.06,0.1800,92.00,0.1900,80.40,715.16,1376.05,2091.21,1376.05,715.16,2091.21,0.0100,0.0100,-0.3160,0.3160,0.8556,0.1444,0.5645,0.2340,0.2340,0.5645,-123.2596,149.2717,149.2717,-123.2596
btc-updown-5m-1780096500,1780096591000,209,73362.77,73461.99,99.22,-0.0000,0.0000,0.0008,0.0602,0.0060,0.0717,0.000491,0.0176,0.0439,73463.06,-0.0000,-0.0015,-0.0135,-0.0000,0.8500,152.74,0.8400,50.00,0.8300,171.74,0.8200,92.00,0.8100,80.40,0.8600,148.15,0.8700,174.93,0.8800,149.68,0.8900,166.20,0.9000,646.02,0.1400,148.15,0.1300,174.93,0.1200,149.68,0.1100,166.20,0.1000,646.02,0.1500,152.74,0.1600,50.00,0.1700,171.74,0.1800,92.00,0.1900,80.40,546.88,1284.98,1831.86,1284.98,546.88,1831.86,0.0100,0.0100,-0.4029,0.4029,0.8551,0.1449,0.3707,0.2514,0.2514,0.3707,-103.0249,138.4023,138.4023,-103.0249
btc-updown-5m-1780096500,1780096592000,208,73362.74,73461.99,99.25,0.0000,0.0000,0.0327,0.0898,0.0040,0.0713,0.000491,0.0186,1.7589,73463.00,-0.0000,-0.0014,0.0000,0.0000,0.8500,26.25,0.8400,55.00,0.8300,176.74,0.8200,87.00,0.8100,76.40,0.8600,144.81,0.8700,179.93,0.8800,149.68,0.8900,181.37,0.9000,677.60,0.1400,144.81,0.1300,179.93,0.1200,149.68,0.1100,181.37,0.1000,677.60,0.1500,26.25,0.1600,55.00,0.1700,176.74,0.1800,87.00,0.1900,76.40,421.39,1333.39,1754.78,1333.39,421.39,1754.78,0.0100,0.0100,-0.5197,0.5197,0.8515,0.1485,0.1928,0.2435,0.2435,0.1928,-53.0361,65.6482,65.6367,-53.0267
btc-updown-5m-1780096500,1780096593000,207,73361.54,73462.00,100.46,0.0000,0.0000,0.0052,0.0940,0.0060,0.0717,0.000491,0.0187,0.2770,73462.99,0.0000,-0.0013,0.0137,0.0000,0.8500,26.25,0.8400,55.00,0.8300,176.74,0.8200,87.00,0.8100,76.40,0.8600,144.81,0.8700,179.93,0.8800,149.68,0.8900,181.37,0.9000,677.60,0.1400,144.81,0.1300,179.93,0.1200,149.68,0.1100,181.37,0.1000,677.60,0.1500,26.25,0.1600,55.00,0.1700,176.74,0.1800,87.00,0.1900,76.40,421.39,1333.39,1754.78,1333.39,421.39,1754.78,0.0100,0.0100,-0.5197,0.5197,0.8515,0.1485,0.1928,0.2435,0.2435,0.1928,-143.1567,166.0187,165.9835,-143.1263
btc-updown-5m-1780096500,1780096594000,206,73361.68,73461.99,100.31,-0.0000,-0.0000,0.0027,0.0414,0.0060,0.0720,0.000491,0.0188,0.1418,73462.98,-0.0000,-0.0014,-0.0137,-0.0000,0.8800,480.75,0.8700,390.13,0.8600,260.94,0.8500,346.18,0.8400,143.69,0.9000,322.50,0.9100,38.08,0.9200,376.25,0.9300,577.06,0.9400,582.00,0.1000,322.50,0.0900,38.08,0.0800,376.25,0.0700,577.06,0.0600,582.00,0.1200,480.75,0.1300,390.13,0.1400,260.94,0.1500,346.18,0.1600,143.69,1621.69,1895.89,3517.58,1895.89,1621.69,3517.58,0.0200,0.0200,-0.0780,0.0780,0.8920,0.1080,0.5370,0.1902,0.1902,0.5370,115.0174,212.8168,212.8168,115.0174
btc-updown-5m-1780096500,1780096595000,205,73366.24,73462.00,95.76,0.0000,0.0000,0.0028,0.0441,0.0080,0.0723,0.000491,0.0171,0.1617,73462.87,0.0000,-0.0012,0.0130,0.0000,0.8900,249.34,0.8800,278.56,0.8700,309.44,0.8600,169.80,0.8500,88.19,0.9000,424.10,0.9100,287.57,0.9200,416.75,0.9300,668.39,0.9400,722.90,0.1000,424.10,0.0900,287.57,0.0800,416.75,0.0700,668.39,0.0600,722.90,0.1100,249.34,0.1200,278.56,0.1300,309.44,0.1400,169.80,0.1500,88.19,1095.33,2519.71,3615.04,2519.71,1095.33,3615.04,0.0100,0.0100,-0.3940,0.3940,0.8937,0.1063,0.4820,0.2824,0.2824,0.4820,73.5963,171.4216,171.4216,73.5963
btc-updown-5m-1780096500,1780096596000,204,73369.41,73462.00,92.59,0.0000,0.0000,0.0000,0.0433,0.0060,0.0720,0.000491,0.0171,0.0000,73462.87,0.0000,-0.0012,0.0000,0.0000,0.8900,98.34,0.8800,268.56,0.8700,309.44,0.8600,169.80,0.8500,58.19,0.9000,415.72,0.9100,287.57,0.9200,449.09,0.9300,662.77,0.9400,715.63,0.1000,415.72,0.0900,287.57,0.0800,449.09,0.0700,662.77,0.0600,715.63,0.1100,98.34,0.1200,268.56,0.1300,309.44,0.1400,169.80,0.1500,58.19,904.33,2530.78,3435.11,2530.78,904.33,3435.11,0.0100,0.0100,-0.4735,0.4735,0.8919,0.1081,0.4057,0.2779,0.2779,0.4057,29.4515,195.6941,195.8275,29.4716
btc-updown-5m-1780096500,1780096597000,203,73370.53,73461.99,91.46,-0.0000,0.0000,0.0134,0.0240,0.0080,0.0720,0.000491,0.0175,0.7652,73462.84,-0.0000,-0.0012,-0.0125,-0.0000,0.8800,270.31,0.8700,242.69,0.8600,164.80,0.8500,58.19,0.8400,81.69,0.9000,140.51,0.9100,287.57,0.9200,460.73,0.9300,666.77,0.9400,722.16,0.1000,140.51,0.0900,287.57,0.0800,460.73,0.0700,666.77,0.0600,722.16,0.1200,270.31,0.1300,242.69,0.1400,164.80,0.1500,58.19,0.1600,81.69,817.68,2277.74,3095.42,2277.74,817.68,3095.42,0.0200,0.0200,-0.4717,0.4717,0.8932,0.1068,0.6274,0.1879,0.1879,0.6274,1.4934,222.6644,222.6644,1.4934
btc-updown-5m-1780096500,1780096598000,202,73370.68,73462.00,91.32,0.0000,0.0000,0.0004,0.0192,0.0080,0.0723,0.000491,0.0172,0.0233,73462.82,0.0000,-0.0011,0.0124,0.0000,0.8800,427.46,0.8700,261.36,0.8600,385.93,0.8500,113.19,0.8400,136.69,0.8900,51.95,0.9000,75.59,0.9100,235.64,0.9200,407.64,0.9300,621.28,0.1100,51.95,0.1000,75.59,0.0900,235.64,0.0800,407.64,0.0700,621.28,0.1200,427.46,0.1300,261.36,0.1400,385.93,0.1500,113.19,0.1600,136.69,1324.63,1392.10,2716.73,1392.10,1324.63,2716.73,0.0100,0.0100,-0.0248,0.0248,0.8889,0.1111,0.5200,0.0916,0.0916,0.5200,58.7955,172.3099,172.3099,58.7955
btc-updown-5m-1780096500,1780096599000,201,73369.52,73462.00,92.48,0.0000,0.0000,0.0016,0.0182,0.0060,0.0723,0.000491,0.0172,0.0953,73462.82,0.0000,-0.0011,0.0000,0.0000,0.8800,480.42,0.8700,294.25,0.8600,365.33,0.8500,118.19,0.8400,131.69,0.8900,28.00,0.9000,77.86,0.9100,73.08,0.9200,363.50,0.9300,660.95,0.1100,28.00,0.1000,77.86,0.0900,73.08,0.0800,363.50,0.0700,660.95,0.1200,480.42,0.1300,294.25,0.1400,365.33,0.1500,118.19,0.1600,131.69,1389.88,1203.39,2593.27,1203.39,1389.88,2593.27,0.0100,0.0100,0.0719,-0.0719,0.8894,0.1106,0.5574,0.0880,0.0880,0.5574,60.9131,104.8565,104.8769,60.9250
btc-updown-5m-1780096500,1780096600000,200,73370.69,73461.99,91.30,-0.0000,-0.0000,0.0036,0.0190,0.0060,0.0723,0.000491,0.0173,0.2062,73462.81,-0.0000,-0.0011,-0.0124,-0.0000,0.8900,78.06,0.8800,254.96,0.8700,254.94,0.8600,315.33,0.8500,363.19,0.9000,417.26,0.9100,142.20,0.9200,477.84,0.9300,719.95,0.9400,735.18,0.1000,417.26,0.0900,142.20,0.0800,477.84,0.0700,719.95,0.0600,735.18,0.1100,78.06,0.1200,254.96,0.1300,254.94,0.1400,315.33,0.1500,363.19,1266.48,2492.43,3758.91,2492.43,1266.48,3758.91,0.0100,0.0100,-0.3261,0.3261,0.8916,0.1084,0.2629,0.2245,0.2245,0.2629,18.9064,118.5747,118.5938,18.9095
btc-updown-5m-1780096500,1780096601000,199,73370.73,73462.00,91.27,0.0000,0.0000,0.0024,0.0214,0.0080,0.0727,0.000491,0.0145,0.1664,73462.58,0.0000,-0.0008,0.0124,0.0000,0.8600,34.51,0.8500,310.81,0.8400,6.00,0.8300,9.19,0.8200,38.60,0.8700,527.74,0.8800,224.50,0.8900,383.72,0.9000,189.37,0.9100,144.25,0.1300,527.74,0.1200,224.50,0.1100,383.72,0.1000,189.37,0.0900,144.25,0.1400,34.51,0.1500,310.81,0.1600,6.00,0.1700,9.19,0.1800,38.60,399.11,1469.58,1868.69,1469.58,399.11,1868.69,0.0100,0.0100,-0.5728,0.5728,0.8606,0.1394,0.8652,0.5119,0.5119,0.8652,-114.0783,-172.0678,-172.0678,-114.0783
btc-updown-5m-1780096500,1780096602000,198,73370.18,73462.00,91.82,0.0000,0.0000,0.0000,0.0080,0.0060,0.0727,0.000491,0.0145,0.0000,73462.58,0.0000,-0.0008,0.0000,0.0000,0.8500,382.64,0.8400,16.00,0.8300,14.19,0.8200,48.60,0.8100,18.40,0.8600,741.97,0.8700,287.74,0.8800,255.97,0.8900,325.20,0.9000,188.42,0.1400,741.97,0.1300,287.74,0.1200,255.97,0.1100,325.20,0.1000,188.42,0.1500,382.64,0.1600,16.00,0.1700,14.19,0.1800,48.60,0.1900,18.40,479.83,1799.30,2279.13,1799.30,479.83,2279.13,0.0100,0.0100,-0.5789,0.5789,0.8534,0.1466,0.8308,0.5723,0.5723,0.8308,-78.8623,-82.0588,-82.0588,-78.8623
btc-updown-5m-1780096500,1780096603000,197,73365.64,73451.16,85.52,-0.0148,-0.0148,0.4522,0.4598,2.1720,0.4340,0.002678,0.0288,15.7121,73456.77,-0.0003,-0.0076,-12.6192,-0.0002,0.8500,533.48,0.8400,15.00,0.8300,14.19,0.8200,83.60,0.8100,48.40,0.8600,506.16,0.8700,301.70,0.8800,263.13,0.8900,246.20,0.9000,183.42,0.1400,506.16,0.1300,301.70,0.1200,263.13,0.1100,246.20,0.1000,183.42,0.1500,533.48,0.1600,15.00,0.1700,14.19,0.1800,83.60,0.1900,48.40,694.67,1500.61,2195.28,1500.61,694.67,2195.28,0.0100,0.0100,-0.3671,0.3671,0.8551,0.1449,0.7896,0.5384,0.5384,0.7896,-22.3330,-141.0911,-141.0911,-22.3330
btc-updown-5m-1780096500,1780096604000,196,73365.64,73451.16,85.52,0.0000,-0.0148,0.0000,0.4582,2.1720,0.4337,0.002678,0.0288,0.0000,73456.77,-0.0002,-0.0076,0.0000,0.0000,0.8000,493.15,0.7900,55.56,0.7800,371.13,0.7700,15.00,0.7600,48.31,0.8100,475.73,0.8200,255.14,0.8300,180.14,0.8400,183.09,0.8500,151.00,0.1900,475.73,0.1800,255.14,0.1700,180.14,0.1600,183.09,0.1500,151.00,0.2000,493.15,0.2100,55.56,0.2200,371.13,0.2300,15.00,0.2400,48.31,983.15,1245.10,2228.25,1245.10,983.15,2228.25,0.0100,0.0100,-0.1176,0.1176,0.8051,0.1949,0.5581,0.5870,0.5870,0.5581,-57.7507,-24.8605,-24.8605,-57.7507
btc-updown-5m-1780096500,1780096605000,195,73362.67,73451.16,88.49,0.0000,-0.0147,0.0277,0.4824,2.1700,0.4333,0.002678,0.0296,0.9377,73456.58,-0.0002,-0.0074,0.0000,0.0000,0.8100,131.67,0.8000,880.31,0.7900,155.56,0.7800,457.45,0.7700,95.00,0.8200,63.14,0.8300,110.34,0.8400,46.00,0.8500,63.00,0.8600,76.50,0.1800,63.14,0.1700,110.34,0.1600,46.00,0.1500,63.00,0.1400,76.50,0.1900,131.67,0.2000,880.31,0.2100,155.56,0.2200,457.45,0.2300,95.00,1719.99,358.98,2078.97,358.98,1719.99,2078.97,0.0100,0.0100,0.6547,-0.6547,0.8168,0.1832,0.5884,0.4833,0.4833,0.5884,53.7288,-137.4365,-137.4142,53.7201
btc-updown-5m-1780096500,1780096606000,194,73352.28,73451.16,98.88,0.0000,-0.0148,0.0000,0.4799,2.1680,0.4330,0.002678,0.0293,0.0000,73456.50,-0.0001,-0.0073,0.0000,0.0000,0.8100,283.60,0.8000,557.62,0.7900,298.51,0.7800,459.13,0.7700,103.00,0.8300,0.95,0.8400,5.00,0.8500,33.50,0.8600,86.00,0.8700,37.50,0.1700,0.95,0.1600,5.00,0.1500,33.50,0.1400,86.00,0.1300,37.50,0.1900,283.60,0.2000,557.62,0.2100,298.51,0.2200,459.13,0.2300,103.00,1701.86,162.95,1864.81,162.95,1701.86,1864.81,0.0200,0.0200,0.8252,-0.8252,0.8299,0.1701,0.4943,0.0365,0.0365,0.4943,74.5003,-409.4850,-409.4149,74.4876
btc-updown-5m-1780096500,1780096607000,193,73353.26,73451.16,97.90,0.0000,-0.0148,0.0000,0.4799,2.1680,0.4330,0.002678,0.0292,0.0000,73456.48,0.0000,-0.0072,0.0000,0.0000,0.8200,246.06,0.8100,168.59,0.8000,568.84,0.7900,339.28,0.7800,477.13,0.8300,65.80,0.8400,54.83,0.8500,85.85,0.8600,170.60,0.8700,92.50,0.1700,65.80,0.1600,54.83,0.1500,85.85,0.1400,170.60,0.1300,92.50,0.1800,246.06,0.1900,168.59,0.2000,568.84,0.2100,339.28,0.2200,477.13,1799.90,469.58,2269.48,469.58,1799.90,2269.48,0.0100,0.0100,0.5862,-0.5862,0.8279,0.1721,0.2304,0.2569,0.2569,0.2304,211.2616,-160.8134,-160.8134,211.2616
btc-updown-5m-1780096500,1780096608000,192,73353.26,73451.16,97.90,0.0000,0.0000,0.0002,0.0279,0.0000,0.4327,0.002678,0.0291,0.0072,73456.47,0.0000,-0.0072,0.0000,0.0000,0.8200,335.06,0.8100,152.32,0.8000,556.84,0.7900,334.28,0.7800,477.13,0.8300,14.69,0.8400,72.00,0.8500,111.83,0.8600,159.80,0.8700,62.50,0.1700,14.69,0.1600,72.00,0.1500,111.83,0.1400,159.80,0.1300,62.50,0.1800,335.06,0.1900,152.32,0.2000,556.84,0.2100,334.28,0.2200,477.13,1855.63,420.82,2276.45,420.82,1855.63,2276.45,0.0100,0.0100,0.6303,-0.6303,0.8296,0.1704,0.2626,0.2060,0.2060,0.2626,213.2182,-197.3066,-197.3066,213.2182
btc-updown-5m-1780096500,1780096609000,191,73355.47,73451.16,95.69,0.0000,0.0000,0.0000,0.0279,0.0000,0.4323,0.002678,0.0291,0.0000,73456.46,0.0000,-0.0072,0.0000,0.0000,0.8300,299.51,0.8200,156.33,0.8100,153.42,0.8000,556.84,0.7900,199.43,0.8400,62.00,0.8500,68.00,0.8600,83.77,0.8700,92.50,0.8800,93.98,0.1600,62.00,0.1500,68.00,0.1400,83.77,0.1300,92.50,0.1200,93.98,0.1700,299.51,0.1800,156.33,0.1900,153.42,0.2000,556.84,0.2100,199.43,1365.53,400.25,1765.78,400.25,1365.53,1765.78,0.0100,0.0100,0.5467,-0.5467,0.8383,0.1617,0.3338,0.3248,0.3248,0.3338,-47.0481,-233.7969,-233.7512,-47.0389
btc-updown-5m-1780096500,1780096610000,190,73353.61,73451.16,97.55,0.0000,0.0000,0.0097,0.0099,0.0000,0.4320,0.002678,0.0270,0.3594,73455.72,0.0000,-0.0062,0.0000,0.0000,0.8300,212.71,0.8200,189.11,0.8100,285.81,0.8000,552.84,0.7900,171.56,0.8400,74.46,0.8500,65.00,0.8600,135.76,0.8700,158.32,0.8800,105.64,0.1600,74.46,0.1500,65.00,0.1400,135.76,0.1300,158.32,0.1200,105.64,0.1700,212.71,0.1800,189.11,0.1900,285.81,0.2000,552.84,0.2100,171.56,1412.03,539.18,1951.21,539.18,1412.03,1951.21,0.0100,0.0100,0.4473,-0.4473,0.8374,0.1626,0.2846,0.2587,0.2587,0.2846,73.7922,-121.4591,-121.4382,73.7795
btc-updown-5m-1780096500,1780096611000,189,73353.61,73451.16,97.55,0.0000,0.0000,0.0000,0.0099,0.0000,0.4317,0.002678,0.0268,0.0000,73455.67,0.0000,-0.0061,0.0000,0.0000,0.8400,105.82,0.8300,120.00,0.8200,186.60,0.8100,266.16,0.8000,590.71,0.8500,44.45,0.8600,123.90,0.8700,117.44,0.8800,256.70,0.8900,150.80,0.1500,44.45,0.1400,123.90,0.1300,117.44,0.1200,256.70,0.1100,150.80,0.1600,105.82,0.1700,120.00,0.1800,186.60,0.1900,266.16,0.2000,590.71,1269.29,693.29,1962.58,693.29,1269.29,1962.58,0.0100,0.0100,0.2935,-0.2935,0.8470,0.1530,0.1779,0.2428,0.2428,0.1779,-63.6131,71.2368,71.1899,-63.5712
btc-updown-5m-1780096500,1780096612000,188,73353.96,73451.17,97.21,0.0000,0.0000,0.0155,0.0254,0.0020,0.3650,0.002649,0.0266,0.5814,73455.36,0.0000,-0.0057,0.0132,0.0000,0.8400,104.29,0.8300,143.10,0.8200,186.60,0.8100,266.16,0.8000,590.71,0.8500,44.45,0.8600,108.90,0.8700,102.44,0.8800,285.70,0.8900,122.80,0.1500,44.45,0.1400,108.90,0.1300,102.44,0.1200,285.70,0.1100,122.80,0.1600,104.29,0.1700,143.10,0.1800,186.60,0.1900,266.16,0.2000,590.71,1290.86,664.29,1955.15,664.29,1290.86,1955.15,0.0100,0.0100,0.3205,-0.3205,0.8470,0.1530,0.1916,0.2308,0.2308,0.1916,-75.9512,44.2233,44.2233,-75.9512
btc-updown-5m-1780096500,1780096613000,187,73353.97,73451.16,97.19,-0.0000,0.0000,0.0001,0.0253,0.0040,0.3653,0.002649,0.0206,0.0044,73453.40,-0.0000,-0.0031,-0.0132,-0.0000,0.8300,71.89,0.8200,108.89,0.8100,206.49,0.8000,507.84,0.7900,111.56,0.8400,170.41,0.8500,83.00,0.8600,195.90,0.8700,142.50,0.8800,306.70,0.1600,170.41,0.1500,83.00,0.1400,195.90,0.1300,142.50,0.1200,306.70,0.1700,71.89,0.1800,108.89,0.1900,206.49,0.2000,507.84,0.2100,111.56,1006.67,898.51,1905.18,898.51,1006.67,1905.18,0.0100,0.0100,0.0568,-0.0568,0.8330,0.1670,0.1796,0.2820,0.2820,0.1796,-140.8934,76.1865,76.1865,-140.8934
btc-updown-5m-1780096500,1780096614000,186,73354.15,73451.17,97.02,0.0000,0.0000,0.0755,0.1008,0.0060,0.3657,0.002649,0.0229,3.2932,73453.14,0.0000,-0.0027,0.0132,0.0000,0.8300,81.59,0.8200,51.89,0.8100,243.40,0.8000,497.84,0.7900,111.56,0.8400,64.22,0.8500,111.00,0.8600,143.22,0.8700,127.50,0.8800,360.50,0.1600,64.22,0.1500,111.00,0.1400,143.22,0.1300,127.50,0.1200,360.50,0.1700,81.59,0.1800,51.89,0.1900,243.40,0.2000,497.84,0.2100,111.56,986.28,806.44,1792.72,806.44,986.28,1792.72,0.0100,0.0100,0.1003,-0.1003,0.8356,0.1644,0.1353,0.2173,0.2173,0.1353,-163.8737,72.6899,72.7036,-163.9046
btc-updown-5m-1780096500,1780096615000,185,73354.07,73451.17,97.10,0.0000,0.0000,0.0037,0.0948,0.0080,0.3660,0.002649,0.0230,0.1597,73453.13,0.0000,-0.0027,0.0000,0.0000,0.8300,87.94,0.8200,122.71,0.8100,254.43,0.8000,522.84,0.7900,111.56,0.8400,87.06,0.8500,127.27,0.8600,153.22,0.8700,211.93,0.8800,337.28,0.1600,87.06,0.1500,127.27,0.1400,153.22,0.1300,211.93,0.1200,337.28,0.1700,87.94,0.1800,122.71,0.1900,254.43,0.2000,522.84,0.2100,111.56,1099.48,916.76,2016.24,916.76,1099.48,2016.24,0.0100,0.0100,0.0906,-0.0906,0.8350,0.1650,0.1916,0.2338,0.2338,0.1916,-66.0022,69.5468,69.5468,-66.0022
btc-updown-5m-1780096500,1780096616000,184,73354.22,73451.17,96.95,0.0000,0.0000,0.0690,0.1638,0.0100,0.3663,0.002649,0.0251,2.7483,73452.90,0.0000,-0.0024,0.0000,0.0000,0.8100,61.27,0.8000,498.84,0.7900,87.74,0.7800,382.13,0.7700,33.30,0.8200,447.98,0.8300,289.72,0.8400,202.72,0.8500,141.00,0.8600,121.00,0.1800,447.98,0.1700,289.72,0.1600,202.72,0.1500,141.00,0.1400,121.00,0.1900,61.27,0.2000,498.84,0.2100,87.74,0.2200,382.13,0.2300,33.30,1063.28,1202.42,2265.70,1202.42,1063.28,2265.70,0.0100,0.0100,-0.0614,0.0614,0.8112,0.1888,0.5268,0.6135,0.6135,0.5268,-60.9578,127.8562,127.8562,-60.9578
btc-updown-5m-1780096500,1780096617000,183,73354.19,73451.16,96.97,-0.0000,-0.0000,0.0209,0.1692,0.0100,0.3663,0.002649,0.0258,0.8112,73452.86,-0.0000,-0.0023,-0.0132,-0.0000,0.8100,126.32,0.8000,632.20,0.7900,114.65,0.7800,382.13,0.7700,63.30,0.8200,534.59,0.8300,294.72,0.8400,157.72,0.8500,131.00,0.8600,169.80,0.1800,534.59,0.1700,294.72,0.1600,157.72,0.1500,131.00,0.1400,169.80,0.1900,126.32,0.2000,632.20,0.2100,114.65,0.2200,382.13,0.2300,63.30,1318.60,1287.83,2606.43,1287.83,1318.60,2606.43,0.0100,0.0100,0.0118,-0.0118,0.8119,0.1881,0.5752,0.6440,0.6440,0.5752,4.9876,101.4894,101.4894,4.9876
btc-updown-5m-1780096500,1780096618000,182,73353.22,73451.16,97.94,0.0000,0.0000,0.0564,0.2256,0.0080,0.3663,0.002649,0.0275,2.0515,73452.71,-0.0000,-0.0021,0.0000,0.0000,0.8100,126.32,0.8000,632.20,0.7900,130.47,0.7800,388.39,0.7700,33.30,0.8200,432.87,0.8300,329.72,0.8400,169.72,0.8500,121.00,0.8600,189.44,0.1800,432.87,0.1700,329.72,0.1600,169.72,0.1500,121.00,0.1400,189.44,0.1900,126.32,0.2000,632.20,0.2100,130.47,0.2200,388.39,0.2300,33.30,1310.68,1242.75,2553.43,1242.75,1310.68,2553.43,0.0100,0.0100,0.0266,-0.0266,0.8123,0.1877,0.5787,0.6136,0.6136,0.5787,-17.4246,71.4403,71.4403,-17.4246
btc-updown-5m-1780096500,1780096619000,181,73353.22,73451.17,97.95,0.0000,0.0000,0.0009,0.1509,0.0080,0.3663,0.002649,0.0275,0.0313,73452.70,0.0000,-0.0021,0.0133,0.0000,0.8100,126.32,0.8000,493.84,0.7900,109.74,0.7800,415.00,0.7700,38.30,0.8200,418.07,0.8300,374.72,0.8400,159.72,0.8500,139.80,0.8600,136.00,0.1800,418.07,0.1700,374.72,0.1600,159.72,0.1500,139.80,0.1400,136.00,0.1900,126.32,0.2000,493.84,0.2100,109.74,0.2200,415.00,0.2300,38.30,1183.20,1228.31,2411.51,1228.31,1183.20,2411.51,0.0100,0.0100,-0.0187,0.0187,0.8123,0.1877,0.5241,0.6454,0.6454,0.5241,34.7792,74.5090,74.4958,34.7731
btc-updown-5m-1780096500,1780096620000,180,73353.18,73451.16,97.98,-0.0000,-0.0000,0.0080,0.1552,0.0080,0.3667,0.002649,0.0260,0.3060,73452.04,-0.0000,-0.0012,-0.0133,-0.0000,0.8100,276.32,0.8000,548.84,0.7900,164.74,0.7800,475.00,0.7700,88.30,0.8200,263.76,0.8300,314.12,0.8400,99.72,0.8500,125.96,0.8600,86.33,0.1800,263.76,0.1700,314.12,0.1600,99.72,0.1500,125.96,0.1400,86.33,0.1900,276.32,0.2000,548.84,0.2100,164.74,0.2200,475.00,0.2300,88.30,1553.20,889.89,2443.09,889.89,1553.20,2443.09,0.0100,0.0100,0.2715,-0.2715,0.8151,0.1849,0.5313,0.6494,0.6494,0.5313,83.4300,-9.3748,-9.3601,83.2994
btc-updown-5m-1780096500,1780096621000,179,73353.16,73451.16,98.00,0.0000,-0.0000,0.0218,0.1079,0.0060,0.3663,0.002649,0.0267,0.8156,73452.02,-0.0000,-0.0012,0.0000,0.0000,0.8000,447.96,0.7900,73.76,0.7800,394.00,0.7700,44.00,0.7600,76.00,0.8200,600.14,0.8300,357.01,0.8400,141.72,0.8500,144.80,0.8600,131.00,0.1800,600.14,0.1700,357.01,0.1600,141.72,0.1500,144.80,0.1400,131.00,0.2000,447.96,0.2100,73.76,0.2200,394.00,0.2300,44.00,0.2400,76.00,1035.72,1374.67,2410.39,1374.67,1035.72,2410.39,0.0200,0.0200,-0.1406,0.1406,0.8085,0.1915,0.5037,0.6963,0.6963,0.5037,-15.8338,81.5503,81.5503,-15.8338
btc-updown-5m-1780096500,1780096622000,178,73352.00,73451.17,99.17,0.0000,0.0000,0.0021,0.0891,0.0060,0.3667,0.002649,0.0267,0.0767,73452.01,0.0000,-0.0011,0.0135,0.0000,0.8000,1061.64,0.7900,159.65,0.7800,465.00,0.7700,121.00,0.7600,131.00,0.8100,26.76,0.8200,25.00,0.8300,34.41,0.8400,114.62,0.8500,114.80,0.1900,26.76,0.1800,25.00,0.1700,34.41,0.1600,114.62,0.1500,114.80,0.2000,1061.64,0.2100,159.65,0.2200,465.00,0.2300,121.00,0.2400,131.00,1938.29,315.59,2253.88,315.59,1938.29,2253.88,0.0100,0.0100,0.7200,-0.7200,0.8098,0.1902,0.6301,0.1640,0.1640,0.6301,124.1914,-145.5135,-145.5135,124.1914
btc-updown-5m-1780096500,1780096623000,177,73351.50,73451.17,99.67,0.0000,0.0000,0.0000,0.0326,0.0060,0.3663,0.002649,0.0257,0.0000,73451.60,0.0000,-0.0006,0.0000,0.0000,0.8000,919.60,0.7900,190.09,0.7800,493.28,0.7700,111.00,0.7600,141.00,0.8100,84.25,0.8200,25.00,0.8300,34.41,0.8400,124.62,0.8500,119.97,0.1900,84.25,0.1800,25.00,0.1700,34.41,0.1600,124.62,0.1500,119.97,0.2000,919.60,0.2100,190.09,0.2200,493.28,0.2300,111.00,0.2400,141.00,1854.97,388.25,2243.22,388.25,1854.97,2243.22,0.0100,0.0100,0.6538,-0.6538,0.8092,0.1908,0.5982,0.2814,0.2814,0.5982,101.5656,-163.2991,-163.2991,101.5656
btc-updown-5m-1780096500,1780096624000,176,73351.50,73451.16,99.66,-0.0000,-0.0000,0.0795,0.1112,0.0060,0.3663,0.002649,0.0281,2.8315,73451.50,-0.0000,-0.0005,-0.0136,-0.0000,0.8000,997.30,0.7900,231.71,0.7800,483.41,0.7700,111.00,0.7600,141.00,0.8100,70.02,0.8200,83.60,0.8300,20.00,0.8400,124.62,0.8500,96.17,0.1900,70.02,0.1800,83.60,0.1700,20.00,0.1600,124.62,0.1500,96.17,0.2000,997.30,0.2100,231.71,0.2200,483.41,0.2300,111.00,0.2400,141.00,1964.42,394.41,2358.83,394.41,1964.42,2358.83,0.0100,0.0100,0.6656,-0.6656,0.8093,0.1907,0.6256,0.3895,0.3895,0.6256,109.1386,-141.8297,-141.8297,109.1386
btc-updown-5m-1780096500,1780096625000,175,73351.16,73451.16,100.00,0.0000,0.0000,0.0010,0.1043,0.0040,0.3660,0.002649,0.0280,0.0364,73451.46,-0.0000,-0.0004,0.0000,0.0000,0.8100,50.00,0.8000,935.25,0.7900,221.65,0.7800,489.13,0.7700,111.00,0.8200,48.72,0.8300,25.00,0.8400,119.62,0.8500,96.17,0.8600,86.79,0.1800,48.72,0.1700,25.00,0.1600,119.62,0.1500,96.17,0.1400,86.79,0.1900,50.00,0.2000,935.25,0.2100,221.65,0.2200,489.13,0.2300,111.00,1807.03,376.30,2183.33,376.30,1807.03,2183.33,0.0100,0.0100,0.6553,-0.6553,0.8151,0.1849,0.5452,0.1959,0.1959,0.5452,108.5488,-148.2530,-148.2788,108.5677
btc-updown-5m-1780096500,1780096626000,174,73351.13,73451.17,100.04,0.0000,0.0000,0.0022,0.0847,0.0060,0.3663,0.002649,0.0280,0.0779,73451.43,0.0000,-0.0004,0.0136,0.0000,0.8100,333.09,0.8000,799.26,0.7900,197.56,0.7800,479.13,0.7700,111.00,0.8200,36.56,0.8300,10.00,0.8400,125.98,0.8500,109.17,0.8600,86.79,0.1800,36.56,0.1700,10.00,0.1600,125.98,0.1500,109.17,0.1400,86.79,0.1900,333.09,0.2000,799.26,0.2100,197.56,0.2200,479.13,0.2300,111.00,1920.04,368.50,2288.54,368.50,1920.04,2288.54,0.0100,0.0100,0.6780,-0.6780,0.8190,0.1810,0.5898,0.1264,0.1264,0.5898,70.4243,-100.0941,-100.2480,70.5326
btc-updown-5m-1780096500,1780096627000,173,73351.11,73451.17,100.06,0.0000,0.0000,0.0000,0.0827,0.0040,0.3660,0.002649,0.0280,0.0000,73451.43,0.0000,-0.0004,0.0000,0.0000,0.8100,678.38,0.8000,493.27,0.7900,219.56,0.7800,467.13,0.7700,111.00,0.8300,70.00,0.8400,98.61,0.8500,94.17,0.8600,86.64,0.8700,97.50,0.1700,70.00,0.1600,98.61,0.1500,94.17,0.1400,86.64,0.1300,97.50,0.1900,678.38,0.2000,493.27,0.2100,219.56,0.2200,467.13,0.2300,111.00,1969.34,446.92,2416.26,446.92,1969.34,2416.26,0.0200,0.0200,0.6301,-0.6301,0.8281,0.1719,0.5949,0.3773,0.3773,0.5949,181.0394,-143.9888,-143.9608,181.0043
btc-updown-5m-1780096500,1780096628000,172,73351.04,73451.17,100.13,0.0000,0.0000,0.0000,0.0827,0.0040,0.3657,0.002649,0.0276,0.0000,73451.26,0.0000,-0.0001,0.0000,0.0000,0.8400,513.29,0.8300,138.63,0.8200,206.57,0.8100,288.73,0.8000,498.89,0.8500,71.56,0.8600,88.04,0.8700,37.69,0.8800,95.64,0.8900,160.60,0.1500,71.56,0.1400,88.04,0.1300,37.69,0.1200,95.64,0.1100,160.60,0.1600,513.29,0.1700,138.63,0.1800,206.57,0.1900,288.73,0.2000,498.89,1646.11,453.53,2099.64,453.53,1646.11,2099.64,0.0100,0.0100,0.5680,-0.5680,0.8488,0.1512,0.3960,0.3519,0.3519,0.3960,43.6745,-25.0090,-25.0090,43.6745
btc-updown-5m-1780096500,1780096629000,171,73350.99,73451.16,100.17,-0.0000,0.0000,0.0068,0.0100,0.0040,0.3660,0.002649,0.0278,0.2453,73451.26,-0.0000,-0.0001,-0.0136,-0.0000,0.8400,594.37,0.8300,123.84,0.8200,334.57,0.8100,293.73,0.8000,488.89,0.8500,47.14,0.8600,78.51,0.8700,47.69,0.8800,103.98,0.8900,164.60,0.1500,47.14,0.1400,78.51,0.1300,47.69,0.1200,103.98,0.1100,164.60,0.1600,594.37,0.1700,123.84,0.1800,334.57,0.1900,293.73,0.2000,488.89,1835.40,441.92,2277.32,441.92,1835.40,2277.32,0.0100,0.0100,0.6119,-0.6119,0.8493,0.1507,0.3913,0.2843,0.2843,0.3913,-4.4600,8.2208,8.2208,-4.4600
btc-updown-5m-1780096500,1780096630000,170,73351.01,73451.17,100.16,0.0000,0.0000,0.1573,0.1663,0.0060,0.3660,0.002649,0.0328,4.7972,73451.23,0.0000,-0.0001,0.0136,0.0000,0.8400,534.70,0.8300,172.36,0.8200,322.57,0.8100,328.73,0.8000,481.71,0.8500,44.14,0.8600,146.97,0.8700,47.69,0.8800,73.98,0.8900,140.80,0.1500,44.14,0.1400,146.97,0.1300,47.69,0.1200,73.98,0.1100,140.80,0.1600,534.70,0.1700,172.36,0.1800,322.57,0.1900,328.73,0.2000,481.71,1840.07,453.58,2293.65,453.58,1840.07,2293.65,0.0100,0.0100,0.6045,-0.6045,0.8492,0.1508,0.3843,0.4213,0.4213,0.3843,-20.4254,9.7191,9.7191,-20.4254
btc-updown-5m-1780096500,1780096631000,169,73351.27,73451.17,99.90,0.0000,0.0000,0.0000,0.1641,0.0040,0.3657,0.002649,0.0327,0.0000,73451.19,0.0000,-0.0000,0.0000,0.0000,0.8400,527.30,0.8300,137.40,0.8200,316.57,0.8100,186.63,0.8000,481.71,0.8500,44.14,0.8600,54.41,0.8700,66.60,0.8800,73.98,0.8900,135.80,0.1500,44.14,0.1400,54.41,0.1300,66.60,0.1200,73.98,0.1100,135.80,0.1600,527.30,0.1700,137.40,0.1800,316.57,0.1900,186.63,0.2000,481.71,1649.61,374.93,2024.54,374.93,1649.61,2024.54,0.0100,0.0100,0.6296,-0.6296,0.8492,0.1508,0.4029,0.2628,0.2628,0.4029,-45.5423,1.0829,1.0829,-45.5423
btc-updown-5m-1780096500,1780096632000,168,73351.33,73451.17,99.84,0.0000,0.0000,0.0005,0.1646,0.0040,0.3657,0.002649,0.0326,0.0144,73451.16,0.0000,0.0000,0.0000,0.0000,0.8500,406.97,0.8400,178.84,0.8300,145.84,0.8200,288.57,0.8100,145.63,0.8600,36.07,0.8700,110.41,0.8800,96.87,0.8900,142.80,0.9000,151.81,0.1400,36.07,0.1300,110.41,0.1200,96.87,0.1100,142.80,0.1000,151.81,0.1500,406.97,0.1600,178.84,0.1700,145.84,0.1800,288.57,0.1900,145.63,1165.85,537.96,1703.81,537.96,1165.85,1703.81,0.0100,0.0100,0.3685,-0.3685,0.8592,0.1408,0.5025,0.2723,0.2723,0.5025,-109.5330,30.9213,30.9491,-109.6315
btc-updown-5m-1780096500,1780096633000,167,73351.33,73451.17,99.84,0.0000,0.0000,0.0156,0.1802,0.0040,0.0043,0.000008,0.0331,0.4712,73451.16,0.0000,0.0000,0.0000,0.0000,0.8500,422.21,0.8400,181.98,0.8300,150.84,0.8200,339.57,0.8100,135.63,0.8600,30.26,0.8700,128.17,0.8800,96.87,0.8900,99.50,0.9000,175.61,0.1400,30.26,0.1300,128.17,0.1200,96.87,0.1100,99.50,0.1000,175.61,0.1500,422.21,0.1600,181.98,0.1700,150.84,0.1800,339.57,0.1900,135.63,1230.23,530.41,1760.64,530.41,1230.23,1760.64,0.0100,0.0100,0.3975,-0.3975,0.8593,0.1407,0.4911,0.2987,0.2987,0.4911,-99.6164,47.1048,47.1048,-99.6164
btc-updown-5m-1780096500,1780096634000,166,73351.16,73451.17,100.01,0.0000,0.0000,0.0000,0.1733,0.0020,0.0043,0.000008,0.0185,0.0000,73451.17,0.0000,0.0000,0.0000,0.0000,0.8600,317.92,0.8500,80.54,0.8400,110.60,0.8300,67.92,0.8200,107.65,0.8700,145.90,0.8800,166.98,0.8900,281.05,0.9000,195.61,0.9100,382.12,0.1300,145.90,0.1200,166.98,0.1100,281.05,0.1000,195.61,0.0900,382.12,0.1400,317.92,0.1500,80.54,0.1600,110.60,0.1700,67.92,0.1800,107.65,684.63,1171.66,1856.29,1171.66,684.63,1856.29,0.0100,0.0100,-0.2624,0.2624,0.8669,0.1331,0.5820,0.2670,0.2670,0.5820,-159.7143,119.2907,119.2907,-159.7143
btc-updown-5m-1780096500,1780096635000,165,73351.19,73451.17,99.98,0.0000,0.0000,0.0000,0.0161,0.0000,0.0043,0.000008,0.0185,0.0000,73451.17,0.0000,0.0000,0.0000,0.0000,0.8600,339.32,0.8500,90.54,0.8400,103.76,0.8300,86.00,0.8200,107.65,0.8700,107.13,0.8800,179.20,0.8900,288.87,0.9000,195.61,0.9100,382.12,0.1300,107.13,0.1200,179.20,0.1100,288.87,0.1000,195.61,0.0900,382.12,0.1400,339.32,0.1500,90.54,0.1600,103.76,0.1700,86.00,0.1800,107.65,727.27,1152.93,1880.20,1152.93,727.27,1880.20,0.0100,0.0100,-0.2264,0.2264,0.8676,0.1324,0.5911,0.2483,0.2483,0.5911,-220.5744,130.3021,130.3021,-220.5744
btc-updown-5m-1780096500,1780096636000,164,73351.45,73451.16,99.71,-0.0000,-0.0000,0.0002,0.0162,0.0020,0.0047,0.000009,0.0176,0.0091,73451.17,-0.0000,-0.0000,-0.0136,-0.0000,0.8600,142.88,0.8500,80.54,0.8400,103.76,0.8300,86.00,0.8200,107.65,0.8700,87.13,0.8800,179.20,0.8900,288.87,0.9000,146.82,0.9100,430.91,0.1300,87.13,0.1200,179.20,0.1100,288.87,0.1000,146.82,0.0900,430.91,0.1400,142.88,0.1500,80.54,0.1600,103.76,0.1700,86.00,0.1800,107.65,520.83,1132.93,1653.76,1132.93,520.83,1653.76,0.0100,0.0100,-0.3701,0.3701,0.8662,0.1338,0.4290,0.2351,0.2351,0.4290,-219.8714,106.1727,106.1727,-219.8714
btc-updown-5m-1780096500,1780096637000,163,73351.50,73451.16,99.66,0.0000,-0.0000,0.0319,0.0477,0.0040,0.0050,0.000009,0.0187,1.7109,73451.17,-0.0000,-0.0000,0.0000,0.0000,0.8600,142.88,0.8500,80.54,0.8400,103.76,0.8300,86.00,0.8200,107.65,0.8700,87.13,0.8800,179.20,0.8900,288.87,0.9000,146.82,0.9100,430.91,0.1300,87.13,0.1200,179.20,0.1100,288.87,0.1000,146.82,0.0900,430.91,0.1400,142.88,0.1500,80.54,0.1600,103.76,0.1700,86.00,0.1800,107.65,520.83,1132.93,1653.76,1132.93,520.83,1653.76,0.0100,0.0100,-0.3701,0.3701,0.8662,0.1338,0.4290,0.2351,0.2351,0.4290,-236.6415,158.9098,158.9099,-236.6415
btc-updown-5m-1780096500,1780096638000,162,73351.55,73451.17,99.62,0.0000,0.0000,0.0021,0.0342,0.0060,0.0053,0.000009,0.0187,0.1111,73451.17,0.0000,0.0000,0.0136,0.0000,0.8600,329.61,0.8500,151.67,0.8400,81.85,0.8300,302.22,0.8200,121.00,0.8700,33.63,0.8800,109.20,0.8900,64.32,0.9000,237.09,0.9100,410.91,0.1300,33.63,0.1200,109.20,0.1100,64.32,0.1000,237.09,0.0900,410.91,0.1400,329.61,0.1500,151.67,0.1600,81.85,0.1700,302.22,0.1800,121.00,986.35,855.15,1841.50,855.15,986.35,1841.50,0.0100,0.0100,0.0712,-0.0712,0.8691,0.1309,0.4879,0.1670,0.1670,0.4879,-30.0973,53.1841,53.1841,-30.0973
btc-updown-5m-1780096500,1780096639000,161,73351.51,73451.16,99.65,-0.0000,-0.0000,0.0008,0.0350,0.0080,0.0057,0.000009,0.0187,0.0443,73451.17,-0.0000,-0.0000,-0.0136,-0.0000,0.8900,61.64,0.8800,26.58,0.8700,82.60,0.8600,95.55,0.8500,131.41,0.9000,492.69,0.9100,430.75,0.9200,507.55,0.9300,593.56,0.9400,550.34,0.1000,492.69,0.0900,430.75,0.0800,507.55,0.0700,593.56,0.0600,550.34,0.1100,61.64,0.1200,26.58,0.1300,82.60,0.1400,95.55,0.1500,131.41,397.78,2574.89,2972.67,2574.89,397.78,2972.67,0.0100,0.0100,-0.7324,0.7324,0.8911,0.1089,0.2218,0.3586,0.3586,0.2218,-111.1392,323.2322,323.1778,-111.1205
btc-updown-5m-1780096500,1780096640000,160,73352.01,73451.16,99.15,0.0000,-0.0000,0.0000,0.0350,0.0080,0.0057,0.000009,0.0187,0.0000,73451.17,-0.0000,-0.0000,0.0000,0.0000,0.8700,42.60,0.8600,37.68,0.8500,67.87,0.8400,52.00,0.8300,179.22,0.8800,9.57,0.9000,810.98,0.9100,452.75,0.9200,473.75,0.9300,593.56,0.1200,9.57,0.1000,810.98,0.0900,452.75,0.0800,473.75,0.0700,593.56,0.1300,42.60,0.1400,37.68,0.1500,67.87,0.1600,52.00,0.1700,179.22,379.37,2340.61,2719.98,2340.61,379.37,2719.98,0.0100,0.0100,-0.7210,0.7210,0.8782,0.1218,0.2116,0.3506,0.3506,0.2116,-52.4386,190.6895,190.6583,-52.4300
btc-updown-5m-1780096500,1780096641000,159,73352.49,73440.00,87.51,-0.0152,-0.0152,0.4115,0.4463,2.2380,0.3777,0.002728,0.0317,12.9764,73446.49,-0.0012,-0.0088,-13.2955,-0.0002,0.8700,185.78,0.8600,57.68,0.8500,50.00,0.8400,195.05,0.8300,26.00,0.8800,197.79,0.8900,161.92,0.9000,426.21,0.9100,457.96,0.9200,442.85,0.1200,197.79,0.1100,161.92,0.1000,426.21,0.0900,457.96,0.0800,442.85,0.1300,185.78,0.1400,57.68,0.1500,50.00,0.1600,195.05,0.1700,26.00,514.51,1686.73,2201.24,1686.73,514.51,2201.24,0.0100,0.0100,-0.5325,0.5325,0.8748,0.1252,0.4732,0.2133,0.2133,0.4732,-38.3075,96.1109,96.1109,-38.3075
btc-updown-5m-1780096500,1780096642000,158,73352.65,73440.01,87.36,0.0000,-0.0152,0.0004,0.4148,2.2380,0.3777,0.002728,0.0317,0.0126,73446.49,-0.0012,-0.0088,0.0119,0.0000,0.7200,10.67,0.7100,35.00,0.7000,15.78,0.6900,10.00,0.6800,45.00,0.7800,16.00,0.7900,643.95,0.8000,298.76,0.8100,351.21,0.8200,149.60,0.2200,16.00,0.2100,643.95,0.2000,298.76,0.1900,351.21,0.1800,149.60,0.2800,10.67,0.2900,35.00,0.3000,15.78,0.3100,10.00,0.3200,45.00,116.45,1459.52,1575.97,1459.52,116.45,1575.97,0.0600,0.0600,-0.8522,0.8522,0.7440,0.2560,0.3922,0.4522,0.4522,0.3922,-132.9614,58.5558,58.5558,-132.9614
btc-updown-5m-1780096500,1780096643000,157,73350.60,73440.01,89.41,0.0000,-0.0152,0.0000,0.4127,2.2360,0.3773,0.002728,0.0312,0.0000,73446.41,-0.0001,-0.0087,0.0000,0.0000,0.7200,218.00,0.7100,30.00,0.7000,10.78,0.6900,10.00,0.6800,65.00,0.7300,402.71,0.7400,151.02,0.7500,95.79,0.7600,101.00,0.7700,98.00,0.2700,402.71,0.2600,151.02,0.2500,95.79,0.2400,101.00,0.2300,98.00,0.2800,218.00,0.2900,30.00,0.3000,10.78,0.3100,10.00,0.3200,65.00,333.78,848.52,1182.30,848.52,333.78,1182.30,0.0100,0.0100,-0.4354,0.4354,0.7235,0.2765,0.7430,0.6526,0.6526,0.7430,-72.0011,-60.5209,-60.5209,-72.0011
btc-updown-5m-1780096500,1780096644000,156,73340.74,73440.01,99.27,0.0000,-0.0152,0.0574,0.4693,2.2340,0.3770,0.002728,0.0331,1.7367,73446.06,-0.0000,-0.0082,0.0000,0.0000,0.7200,323.46,0.7100,98.08,0.7000,65.78,0.6900,95.00,0.6800,125.00,0.7300,249.98,0.7400,101.02,0.7500,31.00,0.7600,78.94,0.7700,73.00,0.2700,249.98,0.2600,101.02,0.2500,31.00,0.2400,78.94,0.2300,73.00,0.2800,323.46,0.2900,98.08,0.3000,65.78,0.3100,95.00,0.3200,125.00,707.32,533.94,1241.26,533.94,707.32,1241.26,0.0100,0.0100,0.1397,-0.1397,0.7256,0.2744,0.5960,0.6574,0.6574,0.5960,-45.4891,-52.3655,-52.2973,-45.4298
btc-updown-5m-1780096500,1780096645000,155,73340.00,73440.01,100.01,0.0000,-0.0152,0.0000,0.4693,2.2340,0.3767,0.002728,0.0306,0.0000,73445.65,0.0000,-0.0077,0.0000,0.0000,0.7200,281.19,0.7100,123.00,0.7000,70.78,0.6900,65.00,0.6800,110.00,0.7300,246.49,0.7400,101.02,0.7500,36.00,0.7600,66.00,0.7700,73.00,0.2700,246.49,0.2600,101.02,0.2500,36.00,0.2400,66.00,0.2300,73.00,0.2800,281.19,0.2900,123.00,0.3000,70.78,0.3100,65.00,0.3200,110.00,649.97,522.51,1172.48,522.51,649.97,1172.48,0.0100,0.0100,0.1087,-0.1087,0.7253,0.2747,0.6219,0.6651,0.6651,0.6219,36.7101,-325.0567,-325.0567,36.7101
btc-updown-5m-1780096500,1780096646000,154,73340.00,73440.01,100.01,0.0000,0.0000,0.0000,0.0578,0.0020,0.3763,0.002728,0.0305,0.0000,73445.63,0.0000,-0.0076,0.0000,0.0000,0.7200,286.68,0.7100,72.00,0.7000,100.86,0.6900,40.00,0.6800,45.00,0.7300,376.21,0.7400,151.02,0.7500,86.00,0.7600,86.00,0.7700,125.19,0.2700,376.21,0.2600,151.02,0.2500,86.00,0.2400,86.00,0.2300,125.19,0.2800,286.68,0.2900,72.00,0.3000,100.86,0.3100,40.00,0.3200,45.00,544.54,824.42,1368.96,824.42,544.54,1368.96,0.0100,0.0100,-0.2044,0.2044,0.7243,0.2757,0.6587,0.6395,0.6395,0.6587,27.1930,-249.6197,-249.7019,27.2019
btc-updown-5m-1780096500,1780096647000,153,73339.93,73440.01,100.08,0.0000,0.0000,0.0000,0.0574,0.0000,0.3760,0.002728,0.0283,0.0000,73445.19,0.0000,-0.0071,0.0000,0.0000,0.7200,456.44,0.7100,134.38,0.7000,136.78,0.6900,111.00,0.6800,136.00,0.7300,164.84,0.7400,106.02,0.7500,41.00,0.7600,26.00,0.7700,80.19,0.2700,164.84,0.2600,106.02,0.2500,41.00,0.2400,26.00,0.2300,80.19,0.2800,456.44,0.2900,134.38,0.3000,136.78,0.3100,111.00,0.3200,136.00,974.60,418.05,1392.65,418.05,974.60,1392.65,0.0100,0.0100,0.3996,-0.3996,0.7273,0.2727,0.6062,0.6479,0.6479,0.6062,165.4382,-375.8727,-376.0083,165.4978
btc-updown-5m-1780096500,1780096648000,152,73339.93,73440.01,100.08,0.0000,0.0000,0.0000,0.0574,0.0000,0.3760,0.002728,0.0276,0.0000,73445.05,0.0000,-0.0069,0.0000,0.0000,0.7200,385.07,0.7100,135.00,0.7000,190.86,0.6900,141.00,0.6800,172.00,0.7300,152.52,0.7400,136.02,0.7500,71.00,0.7600,56.00,0.7700,110.19,0.2700,152.52,0.2600,136.02,0.2500,71.00,0.2400,56.00,0.2300,110.19,0.2800,385.07,0.2900,135.00,0.3000,190.86,0.3100,141.00,0.3200,172.00,1023.93,525.73,1549.66,525.73,1023.93,1549.66,0.0100,0.0100,0.3215,-0.3215,0.7272,0.2728,0.5079,0.5488,0.5488,0.5079,108.9779,-167.7686,-167.7959,108.9956
btc-updown-5m-1780096500,1780096649000,151,73339.91,73440.01,100.10,0.0000,0.0000,0.0000,,0.0000,0.3757,0.002728,0.0258,0.0000,73444.61,0.0000,-0.0063,0.0000,0.0000,0.7200,335.14,0.7100,105.00,0.7000,121.78,0.6900,156.00,0.6800,121.00,0.7300,172.52,0.7400,151.02,0.7500,26.00,0.7600,56.00,0.7700,110.19,0.2700,172.52,0.2600,151.02,0.2500,26.00,0.2400,56.00,0.2300,110.19,0.2800,335.14,0.2900,105.00,0.3000,121.78,0.3100,156.00,0.3200,121.00,838.92,515.73,1354.65,515.73,838.92,1354.65,0.0100,0.0100,0.2386,-0.2386,0.7266,0.2734,0.5247,0.6273,0.6273,0.5247,86.2980,-59.1369,-59.1470,86.3127
btc-updown-5m-1780096500,1780096650000,150,73340.18,73440.00,99.82,-0.0000,-0.0000,0.0082,0.0082,0.0020,0.3757,0.002728,0.0260,0.3142,73444.56,0.0000,-0.0062,-0.0136,-0.0000,0.7200,335.14,0.7100,105.00,0.7000,121.78,0.6900,156.00,0.6800,121.00,0.7300,172.52,0.7400,151.02,0.7500,26.00,0.7600,56.00,0.7700,110.19,0.2700,172.52,0.2600,151.02,0.2500,26.00,0.2400,56.00,0.2300,110.19,0.2800,335.14,0.2900,105.00,0.3000,121.78,0.3100,156.00,0.3200,121.00,838.92,515.73,1354.65,515.73,838.92,1354.65,0.0100,0.0100,0.2386,-0.2386,0.7266,0.2734,0.5247,0.6273,0.6273,0.5247,99.6564,-42.0803,-42.0890,99.6770
btc-updown-5m-1780096500,1780096651000,149,73340.95,73428.00,87.05,-0.0163,-0.0164,0.7350,0.7431,2.7200,0.8287,0.003936,0.0495,14.8517,73436.59,-0.0002,-0.0117,-14.2233,-0.0002,0.7100,20.00,0.7000,26.78,0.6900,5.00,0.6800,41.00,0.6700,29.29,0.7200,23.00,0.7300,827.56,0.7400,182.62,0.7500,116.00,0.7600,152.72,0.2800,23.00,0.2700,827.56,0.2600,182.62,0.2500,116.00,0.2400,152.72,0.2900,20.00,0.3000,26.78,0.3100,5.00,0.3200,41.00,0.3300,29.29,122.07,1301.90,1423.97,1301.90,122.07,1423.97,0.0100,0.0100,-0.8285,0.8285,0.7147,0.2853,0.3832,0.6533,0.6533,0.3832,-89.8987,129.0515,129.0944,-89.9285
btc-updown-5m-1780096500,1780096652000,148,73340.93,73428.00,87.07,0.0000,-0.0164,0.0003,0.7434,2.7200,0.8283,0.003936,0.0488,0.0057,73436.38,-0.0002,-0.0114,0.0000,0.0000,0.5600,89.70,0.5500,160.00,0.5400,155.20,0.5300,170.20,0.5200,219.58,0.5700,74.44,0.5800,12.00,0.6000,5.00,0.6100,6.28,0.6200,98.89,0.4300,74.44,0.4200,12.00,0.4000,5.00,0.3900,6.28,0.3800,98.89,0.4400,89.70,0.4500,160.00,0.4600,155.20,0.4700,170.20,0.4800,219.58,794.68,196.61,991.29,196.61,794.68,991.29,0.0100,0.0100,0.6033,-0.6033,0.5655,0.4345,0.3142,0.4397,0.4397,0.3142,41.1650,-109.3500,-109.3318,41.1581
btc-updown-5m-1780096500,1780096653000,147,73339.64,73428.00,88.36,0.0000,-0.0164,0.0001,0.7435,2.7200,0.8283,0.003936,0.0487,0.0016,73436.36,-0.0002,-0.0114,0.0000,0.0000,0.5600,349.21,0.5500,134.20,0.5400,155.20,0.5300,175.20,0.5200,219.58,0.5700,209.43,0.5800,44.86,0.5900,5.00,0.6200,46.56,0.6300,15.00,0.4300,209.43,0.4200,44.86,0.4100,5.00,0.3800,46.56,0.3700,15.00,0.4400,349.21,0.4500,134.20,0.4600,155.20,0.4700,175.20,0.4800,219.58,1033.39,320.85,1354.24,320.85,1033.39,1354.24,0.0100,0.0100,0.5262,-0.5262,0.5663,0.4337,0.4678,0.7926,0.7926,0.4678,6.2658,-21.8348,-21.8273,6.2636
btc-updown-5m-1780096500,1780096654000,146,73329.12,73428.00,98.88,0.0000,-0.0164,0.0000,0.7435,2.7200,0.8280,0.003936,0.0487,0.0000,73436.36,-0.0002,-0.0114,0.0000,0.0000,0.5600,378.33,0.5500,179.26,0.5400,155.20,0.5300,175.20,0.5200,219.58,0.5700,49.49,0.5800,5.00,0.6100,10.00,0.6200,46.56,0.6500,8.00,0.4300,49.49,0.4200,5.00,0.3900,10.00,0.3800,46.56,0.3500,8.00,0.4400,378.33,0.4500,179.26,0.4600,155.20,0.4700,175.20,0.4800,219.58,1107.57,119.05,1226.62,119.05,1107.57,1226.62,0.0100,0.0100,0.8059,-0.8059,0.5688,0.4312,0.5034,0.4577,0.4577,0.5034,14.2342,-69.2103,-69.2103,14.2342
btc-updown-5m-1780096500,1780096655000,145,73329.01,73428.01,99.00,0.0000,-0.0163,0.0014,0.7367,2.7200,0.8283,0.003936,0.0462,0.0294,73435.53,-0.0002,-0.0102,0.0135,0.0000,0.5600,594.10,0.5500,169.50,0.5400,160.20,0.5300,195.39,0.5200,232.58,0.5700,20.98,0.5800,13.00,0.6100,20.00,0.6200,54.56,0.6300,16.00,0.4300,20.98,0.4200,13.00,0.3900,20.00,0.3800,54.56,0.3700,16.00,0.4400,594.10,0.4500,169.50,0.4600,160.20,0.4700,195.39,0.4800,232.58,1351.77,124.54,1476.31,124.54,1351.77,1476.31,0.0100,0.0100,0.8313,-0.8313,0.5697,0.4303,0.5649,0.2728,0.2728,0.5649,231.7506,-178.9098,-178.7207,231.5056
btc-updown-5m-1780096500,1780096656000,144,73329.01,73428.01,99.00,0.0000,0.0000,0.0017,0.0034,0.0040,0.8283,0.003936,0.0462,0.0372,73435.51,0.0000,-0.0102,0.0000,0.0000,0.6100,253.86,0.6000,98.00,0.5900,101.00,0.5800,176.00,0.5700,109.77,0.6200,10.91,0.6400,6.80,0.6500,8.72,0.6600,68.00,0.6700,92.00,0.3800,10.91,0.3600,6.80,0.3500,8.72,0.3400,68.00,0.3300,92.00,0.3900,253.86,0.4000,98.00,0.4100,101.00,0.4200,176.00,0.4300,109.77,738.63,186.43,925.06,186.43,738.63,925.06,0.0100,0.0100,0.5969,-0.5969,0.6196,0.3804,0.4764,0.0950,0.0950,0.4764,85.1273,-138.4376,-138.3887,85.0972
btc-updown-5m-1780096500,1780096657000,143,73329.11,73428.01,98.90,0.0000,0.0000,0.0013,0.0045,0.0040,0.8283,0.003936,0.0462,0.0284,73435.48,0.0000,-0.0102,0.0000,0.0000,0.6800,125.02,0.6700,93.00,0.6600,126.00,0.6500,111.05,0.6400,179.87,0.6900,105.70,0.7000,56.68,0.7100,25.48,0.7200,10.00,0.7300,80.71,0.3100,105.70,0.3000,56.68,0.2900,25.48,0.2800,10.00,0.2700,80.71,0.3200,125.02,0.3300,93.00,0.3400,126.00,0.3500,111.05,0.3600,179.87,634.94,278.57,913.51,278.57,634.94,913.51,0.0100,0.0100,0.3901,-0.3901,0.6854,0.3146,0.3434,0.5829,0.5829,0.3434,84.0908,-167.7865,-167.7040,84.0495
btc-updown-5m-1780096500,1780096658000,142,73329.11,73418.00,88.89,-0.0136,-0.0136,0.3155,0.3199,2.0060,1.1620,0.004531,0.0564,5.5962,73432.33,-0.0002,-0.0195,-12.1178,-0.0002,0.6600,117.18,0.6500,116.05,0.6400,189.87,0.6300,131.00,0.6200,157.00,0.6700,83.00,0.6800,47.67,0.6900,110.75,0.7000,119.31,0.7100,47.00,0.3300,83.00,0.3200,47.67,0.3100,110.75,0.3000,119.31,0.2900,47.00,0.3400,117.18,0.3500,116.05,0.3600,189.87,0.3700,131.00,0.3800,157.00,711.10,407.73,1118.83,407.73,711.10,1118.83,0.0100,0.0100,0.2711,-0.2711,0.6659,0.3341,0.3280,0.3205,0.3205,0.3280,-12.0987,27.9198,27.9198,-12.0987
btc-updown-5m-1780096500,1780096659000,141,73329.51,73418.01,88.50,0.0000,-0.0136,0.0562,0.3761,2.0080,1.1620,0.004531,0.0582,0.9660,73431.88,-0.0001,-0.0189,0.0121,0.0000,0.6600,109.23,0.6500,101.05,0.6400,179.87,0.6300,86.00,0.6200,102.00,0.6700,103.00,0.6800,97.67,0.6900,65.75,0.7000,61.72,0.7100,47.00,0.3300,103.00,0.3200,97.67,0.3100,65.75,0.3000,61.72,0.2900,47.00,0.3400,109.23,0.3500,101.05,0.3600,179.87,0.3700,86.00,0.3800,102.00,578.15,375.14,953.29,375.14,578.15,953.29,0.0100,0.0100,0.2130,-0.2130,0.6651,0.3349,0.3637,0.5349,0.5349,0.3637,-62.2589,11.4825,11.4479,-62.0716
btc-updown-5m-1780096500,1780096660000,140,73329.53,73418.01,88.48,0.0000,-0.0136,0.0027,0.3775,2.0060,1.1617,0.004531,0.0581,0.0470,73431.79,-0.0001,-0.0188,0.0000,0.0000,0.5200,70.26,0.5100,190.00,0.5000,418.21,0.4900,175.00,0.4800,175.00,0.5300,88.62,0.5400,28.95,0.5500,83.61,0.5600,72.58,0.5700,56.76,0.4700,88.62,0.4600,28.95,0.4500,83.61,0.4400,72.58,0.4300,56.76,0.4800,70.26,0.4900,190.00,0.5000,418.21,0.5100,175.00,0.5200,175.00,1028.47,330.52,1358.99,330.52,1028.47,1358.99,0.0100,0.0100,0.5136,-0.5136,0.5244,0.4756,0.2531,0.3557,0.3557,0.2531,-13.3322,35.6430,35.6550,-13.3367
btc-updown-5m-1780096500,1780096661000,139,73327.92,73418.01,90.09,0.0000,-0.0136,0.0003,0.3761,2.0040,1.1617,0.004531,0.0530,0.0057,73429.93,-0.0001,-0.0162,0.0000,0.0000,0.5200,201.04,0.5100,233.00,0.5000,550.21,0.4900,296.00,0.4800,241.00,0.5300,64.44,0.5400,15.33,0.5500,137.00,0.5600,72.00,0.5700,99.61,0.4700,64.44,0.4600,15.33,0.4500,137.00,0.4400,72.00,0.4300,99.61,0.4800,201.04,0.4900,233.00,0.5000,550.21,0.5100,296.00,0.5200,241.00,1521.25,388.38,1909.63,388.38,1521.25,1909.63,0.0100,0.0100,0.5932,-0.5932,0.5276,0.4724,0.2853,0.2054,0.2054,0.2853,50.4019,40.7232,40.7232,50.4019
btc-updown-5m-1780096500,1780096662000,138,73321.14,73418.00,96.86,-0.0000,-0.0136,0.0068,0.3816,2.0060,1.1620,0.004531,0.0532,0.1278,73429.88,-0.0000,-0.0162,-0.0132,-0.0000,0.5200,218.34,0.5100,258.00,0.5000,560.21,0.4900,241.00,0.4800,226.00,0.5300,68.00,0.5400,20.33,0.5500,67.00,0.5600,42.00,0.5700,76.76,0.4700,68.00,0.4600,20.33,0.4500,67.00,0.4400,42.00,0.4300,76.76,0.4800,218.34,0.4900,258.00,0.5000,560.21,0.5100,241.00,0.5200,226.00,1503.55,274.09,1777.64,274.09,1503.55,1777.64,0.0100,0.0100,0.6916,-0.6916,0.5276,0.4724,0.3168,0.3223,0.3223,0.3168,123.3543,14.1364,14.1387,123.3742
btc-updown-5m-1780096500,1780096663000,137,73320.86,73418.01,97.15,0.0000,0.0000,0.0003,0.0664,0.0060,1.1623,0.004531,0.0532,0.0062,73429.87,0.0000,-0.0162,0.0132,0.0000,0.5200,140.73,0.5100,334.10,0.5000,560.21,0.4900,281.00,0.4800,256.00,0.5300,42.91,0.5400,15.33,0.5500,131.00,0.5600,87.58,0.5700,91.76,0.4700,42.91,0.4600,15.33,0.4500,131.00,0.4400,87.58,0.4300,91.76,0.4800,140.73,0.4900,334.10,0.5000,560.21,0.5100,281.00,0.5200,256.00,1572.04,368.58,1940.62,368.58,1572.04,1940.62,0.0100,0.0100,0.6201,-0.6201,0.5277,0.4723,0.3020,0.1580,0.1580,0.3020,116.0666,29.6047,29.6047,116.0666
btc-updown-5m-1780096500,1780096664000,136,73320.87,73418.01,97.14,0.0000,0.0000,0.0000,0.0102,0.0040,1.1623,0.004531,0.0527,0.0000,73429.67,0.0000,-0.0159,0.0000,0.0000,0.5400,37.00,0.5300,70.75,0.5200,61.00,0.5100,262.10,0.5000,479.21,0.5500,265.10,0.5600,154.85,0.5700,132.47,0.5800,81.00,0.5900,141.00,0.4500,265.10,0.4400,154.85,0.4300,132.47,0.4200,81.00,0.4100,141.00,0.4600,37.00,0.4700,70.75,0.4800,61.00,0.4900,262.10,0.5000,479.21,910.06,774.42,1684.48,774.42,910.06,1684.48,0.0100,0.0100,0.0805,-0.0805,0.5412,0.4588,0.1184,0.5423,0.5423,0.1184,64.2365,77.2750,77.5452,64.4611
btc-updown-5m-1780096500,1780096665000,135,73320.87,73418.00,97.13,-0.0000,-0.0000,0.0129,0.0203,0.0060,1.1627,0.004531,0.0531,0.2428,73429.57,-0.0000,-0.0158,-0.0132,-0.0000,0.5400,175.92,0.5300,43.75,0.5200,41.00,0.5100,151.00,0.5000,504.21,0.5500,125.65,0.5600,137.43,0.5700,107.00,0.5800,56.00,0.5900,86.00,0.4500,125.65,0.4400,137.43,0.4300,107.00,0.4200,56.00,0.4100,86.00,0.4600,175.92,0.4700,43.75,0.4800,41.00,0.4900,151.00,0.5000,504.21,915.88,512.08,1427.96,512.08,915.88,1427.96,0.0100,0.0100,0.2828,-0.2828,0.5458,0.4542,0.2398,0.5137,0.5137,0.2398,56.6756,22.9804,23.0500,56.8473
btc-updown-5m-1780096500,1780096666000,134,73320.80,73418.01,97.21,0.0000,0.0000,0.0064,0.0265,0.0080,1.1627,0.004531,0.0533,0.1206,73429.53,0.0000,-0.0157,0.0132,0.0000,0.5300,59.19,0.5200,31.00,0.5100,151.00,0.5000,439.21,0.4900,141.00,0.5400,296.66,0.5500,156.53,0.5600,158.00,0.5700,120.94,0.5800,109.00,0.4600,296.66,0.4500,156.53,0.4400,158.00,0.4300,120.94,0.4200,109.00,0.4700,59.19,0.4800,31.00,0.4900,151.00,0.5000,439.21,0.5100,141.00,821.40,841.13,1662.53,841.13,821.40,1662.53,0.0100,0.0100,-0.0119,0.0119,0.5317,0.4683,0.1098,0.5388,0.5388,0.1098,-87.7396,74.3686,74.3686,-87.7396
btc-updown-5m-1780096500,1780096667000,133,73320.51,73418.01,97.50,0.0000,0.0000,0.0000,0.0197,0.0060,1.1623,0.004531,0.0533,0.0000,73429.53,0.0000,-0.0157,0.0000,0.0000,0.5300,189.37,0.5200,189.93,0.5100,206.00,0.5000,504.21,0.4900,211.00,0.5400,152.93,0.5500,53.57,0.5600,65.23,0.5700,45.71,0.5800,46.00,0.4600,152.93,0.4500,53.57,0.4400,65.23,0.4300,45.71,0.4200,46.00,0.4700,189.37,0.4800,189.93,0.4900,206.00,0.5000,504.21,0.5100,211.00,1300.51,363.44,1663.95,363.44,1300.51,1663.95,0.0100,0.0100,0.5632,-0.5632,0.5355,0.4645,0.2917,0.5682,0.5682,0.2917,-31.9108,-6.1517,-6.1506,-31.9055
btc-updown-5m-1780096500,1780096668000,132,73320.57,73410.00,89.43,-0.0109,-0.0109,0.3343,0.3536,1.6060,1.4290,0.004824,0.0631,5.2987,73425.84,-0.0006,-0.0216,-9.7566,-0.0001,0.5300,281.41,0.5200,208.22,0.5100,206.00,0.5000,504.21,0.4900,262.00,0.5400,41.28,0.5500,38.57,0.5600,65.23,0.5700,45.71,0.5800,46.00,0.4600,41.28,0.4500,38.57,0.4400,65.23,0.4300,45.71,0.4200,46.00,0.4700,281.41,0.4800,208.22,0.4900,206.00,0.5000,504.21,0.5100,262.00,1461.84,236.79,1698.63,236.79,1461.84,1698.63,0.0100,0.0100,0.7212,-0.7212,0.5387,0.4613,0.3349,0.3372,0.3372,0.3349,-20.1780,-21.4651,-21.4651,-19.2507
btc-updown-5m-1780096500,1780096669000,131,73320.15,73400.02,79.87,-0.0136,-0.0245,0.7455,1.0991,3.6060,1.7620,0.005247,0.0871,8.5624,73418.69,-0.0046,-0.0254,-10.8580,-0.0001,0.5300,7.39,0.5000,285.95,0.4900,15.00,0.4800,5.00,0.4700,40.59,0.5400,567.38,0.5500,31.11,0.5600,51.58,0.5700,62.72,0.5800,48.00,0.4600,567.38,0.4500,31.11,0.4400,51.58,0.4300,62.72,0.4200,48.00,0.4700,7.39,0.5000,285.95,0.5100,15.00,0.5200,5.00,0.5300,40.59,353.93,760.79,1114.72,760.79,353.93,1114.72,0.0100,0.0100,-0.3650,0.3650,0.5301,0.4699,0.8288,0.7867,0.7867,0.8288,-196.9604,61.1623,61.1623,-196.9604
btc-updown-5m-1780096500,1780096670000,130,73319.10,73400.02,80.92,0.0000,-0.0245,0.0000,1.0862,3.6040,1.7620,0.005247,0.0870,0.0000,73418.68,-0.0046,-0.0254,0.0000,0.0000,0.4100,204.00,0.4000,144.11,0.3900,90.00,0.3800,100.00,0.3700,50.00,0.4300,3.63,0.4400,260.58,0.4500,138.93,0.4600,145.53,0.4700,120.00,0.5700,3.63,0.5600,260.58,0.5500,138.93,0.5400,145.53,0.5300,120.00,0.5900,204.00,0.6000,144.11,0.6100,90.00,0.6200,100.00,0.6300,50.00,588.11,668.67,1256.78,668.67,588.11,1256.78,0.0200,0.0200,-0.0641,0.0641,0.4297,0.5703,0.5919,0.3951,0.3951,0.5919,-48.2354,-21.9054,-21.9095,-48.2445
btc-updown-5m-1780096500,1780096671000,129,73305.36,73400.01,94.65,-0.0000,-0.0245,0.0042,1.0839,3.6040,1.3903,0.004683,0.0872,0.0477,73418.65,-0.0043,-0.0254,-0.0129,-0.0000,0.4100,238.86,0.4000,104.12,0.3900,145.00,0.3800,140.00,0.3700,143.00,0.4200,319.93,0.4300,146.32,0.4400,103.72,0.4500,40.00,0.4600,60.53,0.5800,319.93,0.5700,146.32,0.5600,103.72,0.5500,40.00,0.5400,60.53,0.5900,238.86,0.6000,104.12,0.6100,145.00,0.6200,140.00,0.6300,143.00,770.98,670.50,1441.48,670.50,770.98,1441.48,0.0100,0.0100,0.0697,-0.0697,0.4143,0.5857,0.4449,0.6954,0.6954,0.4449,210.1400,-82.3934,-82.3934,210.1401
btc-updown-5m-1780096500,1780096672000,128,73305.31,73400.01,94.70,0.0000,-0.0245,0.0037,1.0876,3.6040,1.3900,0.004683,0.0740,0.0497,73414.79,-0.0042,-0.0201,0.0000,0.0000,0.4000,27.68,0.3900,90.00,0.3800,93.00,0.3700,70.00,0.3600,45.00,0.4100,109.46,0.4200,583.73,0.4300,216.32,0.4400,153.72,0.4500,95.00,0.5900,109.46,0.5800,583.73,0.5700,216.32,0.5600,153.72,0.5500,95.00,0.6000,27.68,0.6100,90.00,0.6200,93.00,0.6300,70.00,0.6400,45.00,325.68,1158.23,1483.91,1158.23,325.68,1483.91,0.0100,0.0100,-0.5611,0.5611,0.4020,0.5980,0.3613,0.5985,0.5985,0.3613,52.3498,61.9445,61.9445,52.3498
btc-updown-5m-1780096500,1780096673000,127,73305.31,73400.01,94.70,0.0000,-0.0136,0.0000,0.7533,2.0020,1.3900,0.004683,0.0740,0.0000,73414.78,-0.0042,-0.0201,0.0000,0.0000,0.3800,68.74,0.3700,136.62,0.3600,45.00,0.3500,144.60,0.3400,57.37,0.3900,41.81,0.4000,198.90,0.4100,347.53,0.4200,122.01,0.4300,121.00,0.6100,41.81,0.6000,198.90,0.5900,347.53,0.5800,122.01,0.5700,121.00,0.6200,68.74,0.6300,136.62,0.6400,45.00,0.6500,144.60,0.6600,57.37,452.33,831.25,1283.58,831.25,452.33,1283.58,0.0100,0.0100,-0.2952,0.2952,0.3862,0.6138,0.4540,0.2896,0.2896,0.4540,34.6686,-155.5748,-155.5748,34.6686
btc-updown-5m-1780096500,1780096674000,126,73305.12,73400.01,94.89,0.0000,-0.0000,0.0067,0.0146,0.0020,1.3900,0.004683,0.0742,0.0909,73414.74,-0.0000,-0.0201,0.0000,0.0000,0.4200,42.40,0.4100,23.82,0.4000,5.00,0.3900,5.00,0.3800,20.00,0.4300,132.96,0.4400,84.34,0.4500,50.00,0.4600,124.67,0.4700,108.00,0.5700,132.96,0.5600,84.34,0.5500,50.00,0.5400,124.67,0.5300,108.00,0.5800,42.40,0.5900,23.82,0.6000,5.00,0.6100,5.00,0.6200,20.00,96.22,499.97,596.19,499.97,96.22,596.19,0.0100,0.0100,-0.6772,0.6772,0.4224,0.5776,0.6882,0.4346,0.4346,0.6882,-3.1417,12.2567,12.2567,-3.1417
btc-updown-5m-1780096500,1780096675000,125,73304.56,73400.02,95.46,0.0000,0.0000,0.0021,0.0167,0.0040,1.3903,0.004683,0.0724,0.0289,73414.08,0.0000,-0.0192,0.0130,0.0000,0.3900,335.65,0.3800,161.00,0.3700,121.00,0.3600,56.00,0.3500,51.00,0.4000,60.82,0.4100,15.00,0.4300,76.00,0.4400,84.34,0.4500,135.00,0.6000,60.82,0.5900,15.00,0.5700,76.00,0.5600,84.34,0.5500,135.00,0.6100,343.44,0.6200,161.00,0.6300,121.00,0.6400,56.00,0.6500,51.00,724.65,371.16,1095.81,371.16,732.44,1103.60,0.0100,0.0100,0.3226,-0.3274,0.3985,0.6015,0.6854,0.2043,0.2043,0.6887,79.1515,-31.6119,-31.6058,80.6415
btc-updown-5m-1780096500,1780096676000,124,73305.63,73400.02,94.39,0.0000,0.0000,0.0003,0.0128,0.0020,1.3903,0.004683,0.0724,0.0041,73414.08,0.0000,-0.0192,0.0000,0.0000,0.4300,352.86,0.4200,156.84,0.4100,101.00,0.4000,221.07,0.3900,161.00,0.4400,63.50,0.4500,146.00,0.4600,66.53,0.4700,160.00,0.4800,63.00,0.5600,63.50,0.5500,146.00,0.5400,66.53,0.5300,160.00,0.5200,63.00,0.5700,352.86,0.5800,156.84,0.5900,101.00,0.6000,221.07,0.6100,161.00,992.77,499.03,1491.80,499.03,992.77,1491.80,0.0100,0.0100,0.3310,-0.3310,0.4385,0.5615,0.5134,0.4198,0.4198,0.5134,64.4811,19.5796,19.5796,64.4811
btc-updown-5m-1780096500,1780096677000,123,73304.84,73400.02,95.18,0.0000,0.0000,0.1881,0.1972,0.0040,1.3907,0.004683,0.0785,2.3955,73412.99,0.0000,-0.0177,0.0000,0.0000,0.4400,294.33,0.4300,161.90,0.4200,159.50,0.4100,116.00,0.4000,126.00,0.4500,194.36,0.4600,81.53,0.4700,123.00,0.4800,96.00,0.4900,123.00,0.5500,194.36,0.5400,81.53,0.5300,123.00,0.5200,96.00,0.5100,123.00,0.5600,294.33,0.5700,161.90,0.5800,159.50,0.5900,116.00,0.6000,126.00,857.73,617.89,1475.62,617.89,857.73,1475.62,0.0100,0.0100,0.1625,-0.1625,0.4460,0.5540,0.5319,0.4465,0.4465,0.5319,15.9526,-3.6909,-3.6909,15.9526
btc-updown-5m-1780096500,1780096678000,122,73305.96,73400.02,94.06,0.0000,0.0000,0.0000,0.1972,0.0040,1.3907,0.004683,0.0785,0.0000,73412.99,0.0000,-0.0177,0.0000,0.0000,0.4400,172.20,0.4300,98.90,0.4200,206.50,0.4100,131.00,0.4000,101.00,0.4500,183.97,0.4600,158.53,0.4700,168.00,0.4800,175.40,0.4900,186.00,0.5500,183.97,0.5400,158.53,0.5300,168.00,0.5200,175.40,0.5100,186.00,0.5600,172.20,0.5700,98.90,0.5800,206.50,0.5900,131.00,0.6000,101.00,709.60,871.90,1581.50,871.90,709.60,1581.50,0.0100,0.0100,-0.1026,0.1026,0.4448,0.5552,0.3820,0.3928,0.3928,0.3820,65.5982,-46.7961,-46.7885,65.5875
btc-updown-5m-1780096500,1780096679000,121,73307.15,73400.01,92.86,-0.0000,0.0000,0.0001,0.1905,0.0060,1.3910,0.004683,0.0785,0.0009,73412.99,-0.0000,-0.0177,-0.0127,-0.0000,0.4200,249.17,0.4100,91.11,0.4000,83.00,0.3900,131.00,0.3800,158.00,0.4500,41.16,0.4600,114.95,0.4700,91.00,0.4800,81.00,0.4900,143.34,0.5500,41.16,0.5400,114.95,0.5300,91.00,0.5200,81.00,0.5100,143.34,0.5800,249.17,0.5900,91.11,0.6000,83.00,0.6100,131.00,0.6200,158.00,712.28,471.45,1183.73,471.45,712.28,1183.73,0.0300,0.0300,0.2035,-0.2035,0.4457,0.5543,0.4777,0.3311,0.3311,0.4777,37.6638,-28.1693,-28.1693,37.6638
btc-updown-5m-1780096500,1780096680000,120,73307.32,73400.22,92.90,0.0003,0.0003,0.3112,0.4997,0.0460,1.3977,0.004687,0.0886,3.5146,73411.54,0.0001,-0.0154,0.2658,0.0000,0.4400,219.79,0.4300,98.09,0.4200,92.83,0.4100,51.96,0.4000,73.17,0.4800,45.00,0.5000,331.82,0.5100,28.24,0.5200,72.00,0.5300,26.00,0.5200,45.00,0.5000,331.82,0.4900,28.24,0.4800,72.00,0.4700,26.00,0.5600,219.79,0.5700,98.09,0.5800,92.83,0.5900,51.96,0.6000,73.17,535.84,503.06,1038.90,503.06,535.84,1038.90,0.0400,0.0400,0.0316,-0.0316,0.4732,0.5268,0.5932,0.7491,0.7491,0.5932,-31.8061,15.8505,15.8505,-31.8061
btc-updown-5m-1780096500,1780096681000,119,73307.49,73402.00,94.51,0.0024,0.0027,1.0213,1.5207,0.4060,1.0047,0.003890,0.1212,8.4241,73408.89,0.0008,-0.0094,2.2918,0.0000,0.4800,82.72,0.4700,72.00,0.4600,99.00,0.4500,145.27,0.4400,144.01,0.4900,53.49,0.5000,374.92,0.5100,28.24,0.5200,148.00,0.5300,51.00,0.5100,53.49,0.5000,374.92,0.4900,28.24,0.4800,148.00,0.4700,51.00,0.5200,82.72,0.5300,72.00,0.5400,99.00,0.5500,145.27,0.5600,144.01,543.00,655.65,1198.65,655.65,543.00,1198.65,0.0100,0.0100,-0.0940,0.0940,0.4861,0.5139,0.2849,0.6534,0.6534,0.2849,-28.6198,44.1650,44.1650,-28.6198
btc-updown-5m-1780096500,1780096682000,118,73307.49,73402.00,94.51,0.0000,0.0027,0.0050,1.3376,0.4040,1.0047,0.003890,0.0977,0.0512,73404.24,0.0008,-0.0031,0.0000,0.0000,0.4800,44.97,0.4700,16.00,0.4600,41.00,0.4500,83.40,0.4400,128.01,0.4900,317.65,0.5000,416.95,0.5100,33.24,0.5200,113.00,0.5300,76.55,0.5100,317.65,0.5000,416.95,0.4900,33.24,0.4800,113.00,0.4700,76.55,0.5200,44.97,0.5300,16.00,0.5400,41.00,0.5500,83.40,0.5600,128.01,313.38,957.39,1270.77,957.39,313.38,1270.77,0.0100,0.0100,-0.5068,0.5068,0.4812,0.5188,0.1946,0.7673,0.7673,0.1946,-115.4640,77.8994,77.8994,-115.4640
btc-updown-5m-1780096500,1780096683000,117,73308.33,73402.01,93.68,0.0000,0.0027,0.0189,1.3565,0.4060,1.0050,0.003890,0.0983,0.1921,73404.22,0.0006,-0.0030,0.0128,0.0000,0.4400,343.43,0.4300,106.69,0.4200,86.00,0.4100,141.00,0.4000,157.00,0.4500,5.88,0.4700,60.62,0.4800,31.00,0.4900,72.80,0.5000,417.79,0.5500,5.88,0.5300,60.62,0.5200,31.00,0.5100,72.80,0.5000,417.79,0.5600,343.43,0.5700,106.69,0.5800,86.00,0.5900,141.00,0.6000,157.00,834.12,588.09,1422.21,588.09,834.12,1422.21,0.0100,0.0100,0.1730,-0.1730,0.4498,0.5502,0.5396,0.1131,0.1131,0.5396,-9.6810,25.9996,26.0045,-9.6828
btc-updown-5m-1780096500,1780096684000,116,73309.60,73402.01,92.41,0.0000,0.0027,0.2464,1.6029,0.4060,1.0053,0.003890,0.1062,2.3197,73404.06,0.0005,-0.0028,0.0000,0.0000,0.4800,12.76,0.4700,69.00,0.4600,240.30,0.4500,124.50,0.4400,203.42,0.4900,24.40,0.5000,267.72,0.5100,40.24,0.5200,57.00,0.5300,20.55,0.5100,24.40,0.5000,267.72,0.4900,40.24,0.4800,57.00,0.4700,20.55,0.5200,12.76,0.5300,69.00,0.5400,240.30,0.5500,124.50,0.5600,203.42,649.98,409.91,1059.89,409.91,649.98,1059.89,0.0100,0.0100,0.2265,-0.2265,0.4834,0.5166,0.1258,0.7126,0.7126,0.1258,-31.2993,-37.5139,-37.5200,-31.3044
btc-updown-5m-1780096500,1780096685000,115,73309.39,73402.01,92.62,0.0000,0.0024,0.0001,1.2918,0.3640,1.0050,0.003890,0.1062,0.0013,73404.06,0.0005,-0.0028,0.0000,0.0000,0.4800,32.69,0.4700,72.97,0.4600,119.27,0.4500,111.00,0.4400,173.42,0.4900,25.00,0.5000,291.72,0.5100,48.24,0.5200,57.00,0.5300,36.55,0.5100,25.00,0.5000,291.72,0.4900,48.24,0.4800,57.00,0.4700,36.55,0.5200,32.69,0.5300,72.97,0.5400,119.27,0.5500,111.00,0.5600,173.42,509.35,458.51,967.86,458.51,509.35,967.86,0.0100,0.0100,0.0525,-0.0525,0.4857,0.5143,0.2074,0.6908,0.6908,0.2074,-21.5756,12.9422,12.9422,-21.5756
btc-updown-5m-1780096500,1780096686000,114,73309.93,73402.00,92.07,-0.0000,0.0000,0.0093,0.2798,0.0060,1.0050,0.003890,0.1065,0.0875,73404.04,-0.0000,-0.0028,-0.0125,-0.0000,0.4800,265.94,0.4700,81.50,0.4600,224.83,0.4500,137.88,0.4400,243.42,0.4900,28.97,0.5000,222.30,0.5100,144.50,0.5200,106.16,0.5300,148.98,0.5100,28.97,0.5000,222.30,0.4900,144.50,0.4800,106.16,0.4700,148.98,0.5200,265.94,0.5300,81.50,0.5400,224.83,0.5500,137.88,0.5600,243.42,953.57,650.91,1604.48,650.91,953.57,1604.48,0.0100,0.0100,0.1886,-0.1886,0.4890,0.5110,0.3644,0.3860,0.3860,0.3644,101.2190,22.3114,22.3114,101.2190
btc-updown-5m-1780096500,1780096687000,113,73310.75,73402.00,91.25,0.0000,0.0000,0.0000,0.2748,0.0060,1.0050,0.003890,0.1064,0.0000,73404.03,-0.0000,-0.0028,0.0000,0.0000,0.4800,265.94,0.4700,81.50,0.4600,224.83,0.4500,137.88,0.4400,243.42,0.4900,28.97,0.5000,222.30,0.5100,144.50,0.5200,106.16,0.5300,148.98,0.5100,28.97,0.5000,222.30,0.4900,144.50,0.4800,106.16,0.4700,148.98,0.5200,265.94,0.5300,81.50,0.5400,224.83,0.5500,137.88,0.5600,243.42,953.57,650.91,1604.48,650.91,953.57,1604.48,0.0100,0.0100,0.1886,-0.1886,0.4890,0.5110,0.3644,0.3860,0.3860,0.3644,75.2850,-2.8036,-2.8036,75.2850
btc-updown-5m-1780096500,1780096688000,112,73309.69,73402.01,92.32,0.0000,0.0000,0.0004,0.2563,0.0060,0.6717,0.003131,0.1064,0.0039,73404.02,0.0000,-0.0027,0.0126,0.0000,0.4800,201.81,0.4700,97.50,0.4600,118.49,0.4500,137.75,0.4400,213.42,0.5000,236.22,0.5100,115.50,0.5200,90.16,0.5300,50.55,0.5400,81.31,0.5000,236.22,0.4900,115.50,0.4800,90.16,0.4700,50.55,0.4600,81.31,0.5200,201.81,0.5300,97.50,0.5400,118.49,0.5500,137.75,0.5600,213.42,768.97,573.74,1342.71,573.74,768.97,1342.71,0.0200,0.0200,0.1454,-0.1454,0.4892,0.5108,0.3892,0.6130,0.6130,0.3892,77.9986,-65.6822,-65.6822,77.9986
btc-updown-5m-1780096500,1780096689000,111,73309.75,73402.01,92.26,0.0000,0.0000,0.0000,0.0099,0.0040,0.6713,0.003131,0.0962,0.0000,73402.54,0.0000,-0.0007,0.0000,0.0000,0.4800,60.03,0.4700,61.50,0.4600,112.49,0.4500,157.35,0.4400,203.42,0.4900,206.28,0.5000,301.08,0.5100,214.50,0.5200,112.00,0.5300,114.18,0.5100,206.28,0.5000,301.08,0.4900,214.50,0.4800,112.00,0.4700,114.18,0.5200,60.03,0.5300,61.50,0.5400,112.49,0.5500,157.35,0.5600,203.42,594.79,948.04,1542.83,948.04,594.79,1542.83,0.0100,0.0100,-0.2290,0.2290,0.4823,0.5177,0.2043,0.5352,0.5352,0.2043,-38.4869,131.4157,131.3924,-38.4801
btc-updown-5m-1780096500,1780096690000,110,73310.67,73402.00,91.33,-0.0000,-0.0000,0.0004,0.0101,0.0060,0.6717,0.003130,0.0944,0.0041,73402.24,-0.0000,-0.0003,-0.0124,-0.0000,0.4800,60.03,0.4700,81.70,0.4600,97.49,0.4500,146.04,0.4400,204.38,0.4900,110.15,0.5000,270.18,0.5100,194.50,0.5200,119.39,0.5300,101.55,0.5100,110.15,0.5000,270.18,0.4900,194.50,0.4800,119.39,0.4700,101.55,0.5200,60.03,0.5300,81.70,0.5400,97.49,0.5500,146.04,0.5600,204.38,589.64,795.77,1385.41,795.77,589.64,1385.41,0.0100,0.0100,-0.1488,0.1488,0.4835,0.5165,0.2404,0.4779,0.4779,0.2404,-39.2297,65.3314,65.3314,-39.2297
btc-updown-5m-1780096500,1780096691000,109,73310.75,73402.00,91.25,0.0000,0.0000,0.0000,0.0008,0.0040,0.6717,0.003130,0.0943,0.0000,73402.23,-0.0000,-0.0003,0.0000,0.0000,0.4800,152.91,0.4700,98.50,0.4600,133.49,0.4500,146.52,0.4400,230.98,0.4900,30.46,0.5000,215.95,0.5100,94.24,0.5200,67.00,0.5300,49.18,0.5100,30.46,0.5000,215.95,0.4900,94.24,0.4800,67.00,0.4700,49.18,0.5200,152.91,0.5300,98.50,0.5400,133.49,0.5500,146.52,0.5600,230.98,762.40,456.83,1219.23,456.83,762.40,1219.23,0.0100,0.0100,0.2506,-0.2506,0.4883,0.5117,0.3298,0.5394,0.5394,0.3298,41.6576,-6.1153,-6.1164,41.6649
btc-updown-5m-1780096500,1780096692000,108,73310.78,73402.00,91.22,0.0000,0.0000,0.0010,0.0018,0.0060,0.6717,0.003131,0.0944,0.0110,73402.23,-0.0000,-0.0003,0.0000,0.0000,0.4800,149.33,0.4700,83.50,0.4600,123.49,0.4500,126.55,0.4400,220.98,0.4900,82.87,0.5000,190.60,0.5100,69.24,0.5200,67.00,0.5300,49.18,0.5100,82.87,0.5000,190.60,0.4900,69.24,0.4800,67.00,0.4700,49.18,0.5200,149.33,0.5300,83.50,0.5400,123.49,0.5500,126.55,0.5600,220.98,703.85,458.89,1162.74,458.89,703.85,1162.74,0.0100,0.0100,0.2107,-0.2107,0.4864,0.5136,0.3308,0.5959,0.5959,0.3308,-29.2736,-16.5936,-16.5882,-29.2640
btc-updown-5m-1780096500,1780096693000,107,73309.54,73402.00,92.46,0.0000,-0.0000,0.0010,0.0024,0.0040,0.6713,0.003130,0.0942,0.0105,73402.19,-0.0000,-0.0003,0.0000,0.0000,0.4900,124.91,0.4800,74.82,0.4700,71.50,0.4600,90.99,0.4500,162.10,0.5000,386.68,0.5100,144.24,0.5200,152.00,0.5300,81.00,0.5400,106.00,0.5000,386.68,0.4900,144.24,0.4800,152.00,0.4700,81.00,0.4600,106.00,0.5100,124.91,0.5200,74.82,0.5300,71.50,0.5400,90.99,0.5500,162.10,524.32,869.92,1394.24,869.92,524.32,1394.24,0.0100,0.0100,-0.2479,0.2479,0.4924,0.5076,0.3809,0.6103,0.6103,0.3809,-62.8493,61.9331,61.8508,-62.7658
btc-updown-5m-1780096500,1780096694000,106,73309.55,73402.01,92.46,0.0000,0.0000,0.0727,0.0752,0.0060,0.6717,0.003131,0.0965,0.7537,73402.18,0.0000,-0.0002,0.0126,0.0000,0.4900,254.36,0.4800,79.08,0.4700,82.50,0.4600,95.99,0.4500,162.00,0.5000,89.72,0.5100,153.88,0.5200,97.33,0.5300,90.07,0.5400,46.00,0.5000,89.72,0.4900,153.88,0.4800,97.33,0.4700,90.07,0.4600,46.00,0.5100,254.36,0.5200,79.08,0.5300,82.50,0.5400,95.99,0.5500,162.00,673.93,477.00,1150.93,477.00,673.93,1150.93,0.0100,0.0100,0.1711,-0.1711,0.4974,0.5026,0.4948,0.5107,0.5107,0.4948,-20.3424,-14.8006,-14.8006,-20.3424
btc-updown-5m-1780096500,1780096695000,105,73309.65,73407.36,97.71,0.0073,0.0073,1.1293,1.2041,1.0740,0.8497,0.003445,0.1329,8.4939,73403.60,0.0005,0.0051,7.1214,0.0001,0.4900,182.18,0.4800,45.00,0.4700,72.50,0.4600,105.99,0.4500,165.05,0.5600,198.46,0.5700,102.60,0.5800,143.67,0.5900,106.80,0.6000,111.80,0.4400,198.46,0.4300,102.60,0.4200,143.67,0.4100,106.80,0.4000,111.80,0.5100,182.18,0.5200,45.00,0.5300,72.50,0.5400,105.99,0.5500,165.05,570.72,663.33,1234.05,663.33,570.72,1234.05,0.0700,0.0700,-0.0750,0.0750,0.5235,0.4765,0.3981,0.4539,0.4539,0.3981,-7.0382,-36.6209,-36.5694,-7.0283
btc-updown-5m-1780096500,1780096696000,104,73310.76,73413.80,103.04,0.0088,0.0161,0.1149,1.3189,2.3620,1.0640,0.003825,0.1362,0.8433,73403.84,0.0084,0.0136,9.0394,0.0001,0.5200,917.34,0.5100,101.26,0.5000,88.00,0.4900,56.00,0.4800,91.00,0.5500,10.00,0.5700,5.30,0.5900,5.96,0.6100,26.00,0.6200,60.00,0.4500,10.00,0.4300,5.30,0.4100,5.96,0.3900,26.00,0.3800,60.00,0.4800,917.34,0.4900,101.26,0.5000,88.00,0.5100,56.00,0.5200,91.00,1253.60,107.26,1360.86,107.26,1253.60,1360.86,0.0300,0.0300,0.8424,-0.8424,0.5497,0.4503,0.8125,0.1426,0.1426,0.8125,76.6504,-68.1821,-68.1945,76.6643
btc-updown-5m-1780096500,1780096697000,103,73310.85,73413.80,102.95,0.0000,0.0161,0.0032,1.3212,2.3620,1.0643,0.003825,0.1361,0.0239,73403.82,0.0084,0.0136,0.0000,0.0000,0.6500,517.65,0.6400,72.00,0.6300,181.00,0.6200,31.00,0.6100,62.50,0.6600,27.20,0.6700,25.00,0.6800,100.00,0.6900,60.00,0.7000,40.00,0.3400,27.20,0.3300,25.00,0.3200,100.00,0.3100,60.00,0.3000,40.00,0.3500,517.65,0.3600,72.00,0.3700,181.00,0.3800,31.00,0.3900,62.50,864.15,252.20,1116.35,252.20,864.15,1116.35,0.0100,0.0100,0.5482,-0.5482,0.6595,0.3405,0.6823,0.2070,0.2070,0.6823,16.9020,-33.9917,-33.9973,16.9048
btc-updown-5m-1780096500,1780096698000,102,73316.50,73432.00,115.50,0.0248,0.0409,0.4062,1.7264,6.3160,1.4563,0.005494,0.1492,2.7220,73406.30,0.0254,0.0350,28.6347,0.0004,0.7500,25.00,0.7100,13.77,0.7000,60.00,0.6900,25.00,0.6800,20.00,0.7600,54.28,0.7700,51.00,0.7800,45.26,0.7900,100.00,0.8100,40.00,0.2400,54.28,0.2300,51.00,0.2200,45.26,0.2100,100.00,0.1900,40.00,0.2500,25.00,0.2900,13.77,0.3000,60.00,0.3100,25.00,0.3200,20.00,143.77,290.54,434.31,290.54,143.77,434.31,0.0100,0.0100,-0.3379,0.3379,0.7532,0.2468,0.2697,0.3624,0.3624,0.2697,-92.1791,-27.7074,-27.7028,-92.1639
btc-updown-5m-1780096500,1780096699000,101,73320.15,73432.00,111.85,0.0000,0.0409,0.0092,1.6628,6.3140,1.1230,0.004786,0.1388,0.0661,73406.06,0.0252,0.0353,0.0000,0.0000,0.7700,195.58,0.7600,202.90,0.7500,115.14,0.7400,14.00,0.7300,51.00,0.7800,104.84,0.7900,98.46,0.8100,45.00,0.8200,50.00,0.8300,20.00,0.2200,104.84,0.2100,98.46,0.1900,45.00,0.1800,50.00,0.1700,20.00,0.2300,195.58,0.2400,202.90,0.2500,115.14,0.2600,14.00,0.2700,51.00,578.62,318.30,896.92,318.30,578.62,896.92,0.0100,0.0100,0.2902,-0.2902,0.7765,0.2235,0.6887,0.6387,0.6387,0.6887,9.2631,-91.2010,-91.2010,9.2631
btc-updown-5m-1780096500,1780096700000,100,73329.78,73433.99,104.21,0.0027,0.0363,0.1065,0.6401,5.6440,1.1897,0.004784,0.1181,0.9018,73408.11,0.0256,0.0353,2.8240,0.0000,0.7700,300.86,0.7600,135.31,0.7500,116.22,0.7400,41.00,0.7300,41.00,0.7900,33.96,0.8000,148.70,0.8100,40.00,0.8200,55.00,0.8300,20.00,0.2100,33.96,0.2000,148.70,0.1900,40.00,0.1800,55.00,0.1700,20.00,0.2300,300.86,0.2400,135.31,0.2500,116.22,0.2600,41.00,0.2700,41.00,634.39,297.66,932.05,297.66,634.39,932.05,0.0200,0.0200,0.3613,-0.3613,0.7880,0.2120,0.6875,0.6137,0.6137,0.6875,-6.4597,-29.2991,-29.2991,-6.4597
btc-updown-5m-1780096500,1780096701000,99,73335.92,73438.00,102.08,0.0055,0.0330,0.0600,0.5852,5.1580,1.3230,0.004825,0.1201,0.5001,73408.59,0.0112,0.0401,5.5745,0.0001,0.7800,35.00,0.7700,270.45,0.7600,97.99,0.7500,136.22,0.7400,41.00,0.7900,23.24,0.8000,148.70,0.8100,40.00,0.8200,55.00,0.8300,25.00,0.2100,23.24,0.2000,148.70,0.1900,40.00,0.1800,55.00,0.1700,25.00,0.2200,35.00,0.2300,270.45,0.2400,97.99,0.2500,136.22,0.2600,41.00,580.66,291.94,872.60,291.94,580.66,872.60,0.0100,0.0100,0.3309,-0.3309,0.7860,0.2140,0.5260,0.5890,0.5890,0.5260,-47.2420,22.2981,22.2981,-47.2420
btc-updown-5m-1780096500,1780096702000,98,73336.83,73438.00,101.17,0.0000,0.0330,0.0020,0.5840,5.1560,1.3230,0.004825,0.1200,0.0165,73408.61,0.0070,0.0400,0.0000,0.0000,0.8200,122.00,0.8100,8.77,0.8000,45.00,0.7900,20.00,0.7800,477.02,0.8400,6.64,0.8500,5.00,0.8600,49.00,0.8700,25.00,0.8800,6.00,0.1600,6.64,0.1500,5.00,0.1400,49.00,0.1300,25.00,0.1200,6.00,0.1800,122.00,0.1900,8.77,0.2000,45.00,0.2100,20.00,0.2200,477.02,672.79,91.64,764.43,91.64,672.79,764.43,0.0200,0.0200,0.7602,-0.7602,0.8390,0.1610,0.1944,0.1270,0.1270,0.1944,-116.5796,-21.1358,-19.5282,-115.7467
btc-updown-5m-1780096500,1780096703000,97,73339.72,73437.99,98.27,-0.0000,0.0082,0.0027,0.1805,1.2040,1.3233,0.004825,0.1200,0.0227,73408.64,0.0068,0.0400,-0.0134,-0.0000,0.8200,402.65,0.8100,28.77,0.8000,15.00,0.7900,25.00,0.7800,68.00,0.8300,62.62,0.8400,46.64,0.8500,40.00,0.8600,76.50,0.8700,204.27,0.1700,62.62,0.1600,46.64,0.1500,40.00,0.1400,76.50,0.1300,204.27,0.1800,402.65,0.1900,28.77,0.2000,15.00,0.2100,25.00,0.2200,68.00,539.42,430.03,969.45,430.03,539.42,969.45,0.0100,0.0100,0.1128,-0.1128,0.8287,0.1713,0.7998,0.2541,0.2541,0.7998,-136.1432,32.2774,49.6091,-138.4768
btc-updown-5m-1780096500,1780096704000,96,73342.19,73438.00,95.81,0.0000,0.0082,0.0471,0.2183,1.2060,1.3237,0.004825,0.1215,0.3873,73409.01,0.0029,0.0395,0.0130,0.0000,0.8400,298.84,0.8300,79.68,0.8200,105.20,0.8100,91.04,0.8000,81.33,0.8500,85.41,0.8600,124.00,0.8700,106.00,0.8800,56.68,0.8900,83.20,0.1500,85.41,0.1400,124.00,0.1300,106.00,0.1200,56.68,0.1100,83.20,0.1600,298.84,0.1700,79.68,0.1800,105.20,0.1900,91.04,0.2000,81.33,656.09,455.29,1111.38,455.29,656.09,1111.38,0.0100,0.0100,0.1807,-0.1807,0.8478,0.1522,0.5769,0.4599,0.4599,0.5769,61.4946,25.8035,41.9537,44.3185
btc-updown-5m-1780096500,1780096705000,95,73344.52,73437.99,93.47,-0.0000,0.0054,0.0165,0.1284,0.8080,1.3237,0.004825,0.1218,0.1359,73409.15,0.0025,0.0393,-0.0127,-0.0000,0.8400,174.16,0.8300,83.82,0.8200,131.33,0.8100,115.77,0.8000,111.33,0.8500,133.01,0.8600,334.22,0.8700,317.20,0.8800,125.18,0.8900,148.20,0.1500,133.01,0.1400,334.22,0.1300,317.20,0.1200,125.18,0.1100,148.20,0.1600,174.16,0.1700,83.82,0.1800,131.33,0.1900,115.77,0.2000,111.33,616.41,1057.81,1674.22,1057.81,616.41,1674.22,0.0100,0.0100,-0.2636,0.2636,0.8457,0.1543,0.4185,0.4417,0.4417,0.4185,-134.9215,296.4574,296.3662,-134.8800
btc-updown-5m-1780096500,1780096706000,94,73346.10,73437.99,91.89,0.0000,-0.0000,0.0115,0.0798,0.0060,1.3237,0.004825,0.1221,0.0939,73409.25,-0.0000,0.0392,0.0000,0.0000,0.8400,124.01,0.8300,69.71,0.8200,100.20,0.8100,80.77,0.8000,56.00,0.8500,256.90,0.8600,220.00,0.8700,317.20,0.8800,116.68,0.8900,123.20,0.1500,256.90,0.1400,220.00,0.1300,317.20,0.1200,116.68,0.1100,123.20,0.1600,124.01,0.1700,69.71,0.1800,100.20,0.1900,80.77,0.2000,56.00,430.69,1033.98,1464.67,1033.98,430.69,1464.67,0.0100,0.0100,-0.4119,0.4119,0.8433,0.1567,0.4498,0.4612,0.4612,0.4498,-68.5063,194.1937,194.1937,-68.5063
btc-updown-5m-1780096500,1780096707000,93,73346.61,73437.99,91.38,0.0000,-0.0000,0.0000,0.0778,0.0060,1.3233,0.004825,0.1221,0.0000,73409.25,-0.0000,0.0392,0.0000,0.0000,0.8400,91.36,0.8300,35.00,0.8200,95.20,0.8100,75.77,0.8000,56.00,0.8500,270.57,0.8600,220.00,0.8700,171.00,0.8800,116.68,0.8900,128.20,0.1500,270.57,0.1400,220.00,0.1300,171.00,0.1200,116.68,0.1100,128.20,0.1600,91.36,0.1700,35.00,0.1800,95.20,0.1900,75.77,0.2000,56.00,353.33,906.45,1259.78,906.45,353.33,1259.78,0.0100,0.0100,-0.4391,0.4391,0.8425,0.1575,0.3576,0.5412,0.5412,0.3576,-40.8196,66.9576,66.9731,-40.8291
btc-updown-5m-1780096500,1780096708000,92,73346.31,73438.00,91.69,0.0000,0.0000,0.0004,0.0754,0.0060,1.3237,0.004825,0.1161,0.0032,73409.73,0.0000,0.0385,0.0125,0.0000,0.8400,66.41,0.8300,45.57,0.8200,112.20,0.8100,81.56,0.8000,86.00,0.8500,286.99,0.8600,202.00,0.8700,319.67,0.8800,116.68,0.8900,138.82,0.1500,286.99,0.1400,202.00,0.1300,319.67,0.1200,116.68,0.1100,138.82,0.1600,66.41,0.1700,45.57,0.1800,112.20,0.1900,81.56,0.2000,86.00,391.74,1064.16,1455.90,1064.16,391.74,1455.90,0.0100,0.0100,-0.4619,0.4619,0.8419,0.1581,0.2859,0.4595,0.4595,0.2859,-29.1397,113.5576,113.5576,-29.1397
btc-updown-5m-1780096500,1780096709000,91,73346.31,73438.00,91.69,0.0000,0.0000,0.0003,0.0286,0.0040,1.3233,0.004825,0.1161,0.0022,73409.73,0.0000,0.0385,0.0000,0.0000,0.8400,76.41,0.8300,87.84,0.8200,144.20,0.8100,80.76,0.8000,56.00,0.8500,279.70,0.8600,232.00,0.8700,171.00,0.8800,248.89,0.8900,123.20,0.1500,279.70,0.1400,232.00,0.1300,171.00,0.1200,248.89,0.1100,123.20,0.1600,76.41,0.1700,87.84,0.1800,144.20,0.1900,80.76,0.2000,56.00,445.21,1054.79,1500.00,1054.79,445.21,1500.00,0.0100,0.0100,-0.4064,0.4064,0.8421,0.1579,0.3689,0.4851,0.4851,0.3689,-10.0805,114.8462,114.8462,-10.0805
btc-updown-5m-1780096500,1780096710000,90,73345.81,73437.99,92.18,-0.0000,0.0000,0.0015,0.0136,0.0040,1.3167,0.004828,0.1161,0.0131,73409.75,-0.0000,0.0385,-0.0126,-0.0000,0.8400,24.52,0.8300,87.84,0.8200,144.20,0.8100,80.76,0.8000,56.00,0.8500,245.91,0.8600,232.00,0.8700,171.00,0.8800,116.68,0.8900,137.60,0.1500,245.91,0.1400,232.00,0.1300,171.00,0.1200,116.68,0.1100,137.60,0.1600,24.52,0.1700,87.84,0.1800,144.20,0.1900,80.76,0.2000,56.00,393.32,903.19,1296.51,903.19,393.32,1296.51,0.0100,0.0100,-0.3933,0.3933,0.8409,0.1591,0.2857,0.5291,0.5291,0.2857,-45.2457,67.7639,67.7749,-45.2530
btc-updown-5m-1780096500,1780096711000,89,73344.82,73438.00,93.18,0.0000,0.0000,0.0049,0.0071,0.0060,1.2570,0.004836,0.1062,0.0463,73410.69,0.0000,0.0372,0.0127,0.0000,0.8400,32.07,0.8300,81.00,0.8200,139.20,0.8100,69.77,0.8000,86.00,0.8500,246.05,0.8600,232.00,0.8700,171.00,0.8800,116.68,0.8900,140.92,0.1500,246.05,0.1400,232.00,0.1300,171.00,0.1200,116.68,0.1100,140.92,0.1600,32.07,0.1700,81.00,0.1800,139.20,0.1900,69.77,0.2000,86.00,408.04,906.65,1314.69,906.65,408.04,1314.69,0.0100,0.0100,-0.3793,0.3793,0.8412,0.1588,0.2771,0.5273,0.5273,0.2771,-34.4813,-24.9831,-24.9871,-34.4868
btc-updown-5m-1780096500,1780096712000,88,73344.84,73438.00,93.16,0.0000,0.0000,0.0213,0.0284,0.0060,1.2570,0.004836,0.0740,0.2880,73414.81,0.0000,0.0316,0.0000,0.0000,0.8400,124.63,0.8300,87.49,0.8200,139.20,0.8100,217.59,0.8000,96.00,0.8500,81.91,0.8600,232.00,0.8700,171.00,0.8800,116.68,0.8900,140.92,0.1500,81.91,0.1400,232.00,0.1300,171.00,0.1200,116.68,0.1100,140.92,0.1600,124.63,0.1700,87.49,0.1800,139.20,0.1900,217.59,0.2000,96.00,664.91,742.51,1407.42,742.51,664.91,1407.42,0.0100,0.0100,-0.0551,0.0551,0.8460,0.1540,0.3190,0.4228,0.4228,0.3190,54.2012,-43.8971,-43.9063,54.2125
btc-updown-5m-1780096500,1780096713000,87,73345.97,73438.00,92.03,0.0000,0.0000,0.0053,0.0333,0.0040,1.2567,0.004836,0.0740,0.0722,73414.89,0.0000,0.0315,0.0000,0.0000,0.8500,161.65,0.8400,112.36,0.8300,87.49,0.8200,127.20,0.8100,69.77,0.8600,224.00,0.8700,183.00,0.8800,111.68,0.8900,140.92,0.9000,162.03,0.1400,224.00,0.1300,183.00,0.1200,111.68,0.1100,140.92,0.1000,162.03,0.1500,161.65,0.1600,112.36,0.1700,87.49,0.1800,127.20,0.1900,69.77,558.47,821.63,1380.10,821.63,558.47,1380.10,0.0100,0.0100,-0.1907,0.1907,0.8542,0.1458,0.4906,0.4954,0.4954,0.4906,26.6147,-22.7812,-22.7852,26.6194
btc-updown-5m-1780096500,1780096714000,86,73346.03,73437.99,91.96,-0.0000,-0.0000,0.1043,0.1374,0.0060,1.2567,0.004836,0.0767,1.3598,73416.01,-0.0000,0.0299,-0.0125,-0.0000,0.8000,14.62,0.7800,26.00,0.7700,36.00,0.7600,26.00,0.7500,32.00,0.8200,43.98,0.8300,20.00,0.8400,40.00,0.8500,238.58,0.8600,360.85,0.1800,43.98,0.1700,20.00,0.1600,40.00,0.1500,238.58,0.1400,360.85,0.2000,14.62,0.2200,26.00,0.2300,36.00,0.2400,26.00,0.2500,32.00,134.62,703.41,838.03,703.41,134.62,838.03,0.0200,0.0200,-0.6787,0.6787,0.8050,0.1950,0.3017,0.0910,0.0910,0.3017,-47.3143,-71.4956,-71.3373,-47.2095
btc-updown-5m-1780096500,1780096715000,85,73345.16,73437.99,92.83,0.0000,0.0000,0.0409,0.1768,0.0040,1.2567,0.004836,0.0701,0.5829,73418.01,-0.0000,0.0272,0.0000,0.0000,0.8100,620.69,0.8000,97.16,0.7900,86.00,0.7800,86.00,0.7700,81.00,0.8600,120.00,0.8700,81.00,0.8800,71.68,0.8900,111.85,0.9000,94.42,0.1400,120.00,0.1300,81.00,0.1200,71.68,0.1100,111.85,0.1000,94.42,0.1900,620.69,0.2000,97.16,0.2100,86.00,0.2200,86.00,0.2300,81.00,970.85,478.95,1449.80,478.95,970.85,1449.80,0.0500,0.0500,0.3393,-0.3393,0.8519,0.1481,0.7394,0.4197,0.4197,0.7394,101.7968,-95.6840,-95.6840,101.7968
btc-updown-5m-1780096500,1780096716000,84,73342.29,73437.99,95.70,0.0000,-0.0000,0.0008,0.1726,0.0020,1.2563,0.004836,0.0701,0.0111,73418.02,-0.0000,0.0272,0.0000,0.0000,0.8400,152.65,0.8300,192.67,0.8200,62.20,0.8100,56.00,0.8000,49.62,0.8500,13.32,0.8600,59.00,0.8700,100.00,0.8800,71.68,0.8900,111.85,0.1500,13.32,0.1400,59.00,0.1300,100.00,0.1200,71.68,0.1100,111.85,0.1600,152.65,0.1700,192.67,0.1800,62.20,0.1900,56.00,0.2000,49.62,513.14,355.85,868.99,355.85,513.14,868.99,0.0100,0.0100,0.1810,-0.1810,0.8492,0.1508,0.6730,0.2032,0.2032,0.6730,18.8467,-107.6966,-107.6966,18.8467
btc-updown-5m-1780096500,1780096717000,83,73342.36,73437.99,95.63,0.0000,-0.0000,0.0089,0.1602,0.0040,1.2567,0.004836,0.0701,0.1265,73418.17,-0.0000,0.0270,0.0000,0.0000,0.8300,176.78,0.8200,188.07,0.8100,81.20,0.8000,34.62,0.7900,51.00,0.8400,439.00,0.8500,155.07,0.8600,178.31,0.8700,141.00,0.8800,136.68,0.1600,439.00,0.1500,155.07,0.1400,178.31,0.1300,141.00,0.1200,136.68,0.1700,176.78,0.1800,188.07,0.1900,81.20,0.2000,34.62,0.2100,51.00,531.67,1050.06,1581.73,1050.06,531.67,1581.73,0.0100,0.0100,-0.3277,0.3277,0.8329,0.1671,0.6862,0.5657,0.5657,0.6862,20.7120,24.0258,24.0258,20.7120
btc-updown-5m-1780096500,1780096718000,82,73342.36,73437.99,95.63,0.0000,-0.0000,0.0114,0.1662,0.0040,1.2563,0.004836,0.0705,0.1611,73418.27,-0.0000,0.0269,0.0000,0.0000,0.8300,326.07,0.8200,37.00,0.8100,81.20,0.8000,34.62,0.7900,51.00,0.8400,400.88,0.8500,170.07,0.8600,141.76,0.8700,165.38,0.8800,142.54,0.1600,400.88,0.1500,170.07,0.1400,141.76,0.1300,165.38,0.1200,142.54,0.1700,326.07,0.1800,37.00,0.1900,81.20,0.2000,34.62,0.2100,51.00,529.89,1020.63,1550.52,1020.63,529.89,1550.52,0.0100,0.0100,-0.3165,0.3165,0.8345,0.1655,0.6852,0.5594,0.5594,0.6852,-44.8274,80.2815,80.3099,-44.8433
btc-updown-5m-1780096500,1780096719000,81,73342.31,73437.99,95.68,0.0000,0.0000,0.0062,0.0680,0.0040,1.2567,0.004836,0.0707,0.0873,73418.33,0.0000,0.0268,0.0000,0.0000,0.8300,337.65,0.8200,49.00,0.8100,56.00,0.8000,42.72,0.7900,66.35,0.8400,206.55,0.8500,212.07,0.8600,141.76,0.8700,163.73,0.8800,117.54,0.1600,206.55,0.1500,212.07,0.1400,141.76,0.1300,163.73,0.1200,117.54,0.1700,337.65,0.1800,49.00,0.1900,56.00,0.2000,42.72,0.2100,66.35,551.72,841.65,1393.37,841.65,551.72,1393.37,0.0100,0.0100,-0.2081,0.2081,0.8362,0.1638,0.7008,0.4974,0.4974,0.7008,25.6278,0.7792,0.7792,25.6278
btc-updown-5m-1780096500,1780096720000,80,73342.31,73437.99,95.68,0.0000,0.0000,0.0001,0.0273,0.0040,1.2563,0.004836,0.0707,0.0016,73418.33,0.0000,0.0268,0.0000,0.0000,0.7800,81.58,0.7700,10.00,0.7600,24.00,0.7500,53.40,0.7400,37.80,0.7900,218.22,0.8000,163.00,0.8100,86.00,0.8200,126.00,0.8300,126.00,0.2100,218.22,0.2000,163.00,0.1900,86.00,0.1800,126.00,0.1700,126.00,0.2200,81.58,0.2300,10.00,0.2400,24.00,0.2500,53.40,0.2600,37.80,206.78,719.22,926.00,719.22,206.78,926.00,0.0100,0.0100,-0.5534,0.5534,0.7827,0.2173,0.4429,0.5300,0.5300,0.4429,0.9211,0.5135,0.5136,0.9213
btc-updown-5m-1780096500,1780096721000,79,73341.95,73437.99,96.04,0.0000,0.0000,0.0000,0.0265,0.0040,1.2563,0.004836,0.0706,0.0000,73418.33,0.0000,0.0268,0.0000,0.0000,0.7800,292.40,0.7700,185.91,0.7600,36.10,0.7500,55.39,0.7400,62.80,0.7900,4.92,0.8000,144.00,0.8100,56.00,0.8200,56.00,0.8300,56.00,0.2000,144.00,0.1900,56.00,0.1800,56.00,0.1700,56.00,0.1600,66.00,0.2200,300.15,0.2300,185.91,0.2400,36.10,0.2500,55.39,0.2600,62.80,632.60,316.92,949.52,378.00,640.35,1018.35,0.0100,0.0200,0.3325,-0.2576,0.7898,0.2065,0.7561,0.4699,0.5291,0.7591,-32.4482,0.6253,11.0896,-31.1204
btc-updown-5m-1780096500,1780096722000,78,73341.95,73437.99,96.04,0.0000,0.0000,0.0010,0.0187,0.0040,1.2563,0.004836,0.0707,0.0147,73418.34,0.0000,0.0268,0.0000,0.0000,0.7900,543.56,0.7800,106.10,0.7700,56.00,0.7600,77.54,0.7500,73.90,0.8000,128.29,0.8100,52.00,0.8200,48.00,0.8300,56.00,0.8400,66.00,0.2000,128.29,0.1900,52.00,0.1800,48.00,0.1700,56.00,0.1600,66.00,0.2100,543.56,0.2200,106.10,0.2300,56.00,0.2400,77.54,0.2500,73.90,857.10,350.29,1207.39,350.29,857.10,1207.39,0.0100,0.0100,0.4198,-0.4198,0.7981,0.2019,0.7580,0.5147,0.5147,0.7580,20.5399,0.7309,0.7310,20.5433
btc-updown-5m-1780096500,1780096723000,77,73339.92,73434.40,94.48,-0.0049,-0.0049,1.0067,1.0140,0.7240,1.3763,0.004969,0.1031,9.7622,73423.40,-0.0001,0.0150,-4.6187,-0.0001,0.7900,494.07,0.7800,104.49,0.7700,86.40,0.7600,71.10,0.7500,68.90,0.8000,86.67,0.8100,40.00,0.8200,40.00,0.8300,61.00,0.8400,66.00,0.2000,86.67,0.1900,40.00,0.1800,40.00,0.1700,61.00,0.1600,66.00,0.2100,494.07,0.2200,104.49,0.2300,86.40,0.2400,71.10,0.2500,68.90,824.96,293.67,1118.63,293.67,824.96,1118.63,0.0100,0.0100,0.4749,-0.4749,0.7985,0.2015,0.7256,0.4313,0.4313,0.7256,50.7861,-130.9766,-130.9766,50.7861
btc-updown-5m-1780096500,1780096724000,76,73339.88,73434.41,94.53,0.0000,-0.0049,0.0015,1.0094,0.7240,1.3763,0.004969,0.1031,0.0145,73423.42,-0.0000,0.0150,0.0129,0.0000,0.6800,39.10,0.6700,36.90,0.6600,43.22,0.6500,31.70,0.6400,59.41,0.6900,5.00,0.7000,84.03,0.7100,55.00,0.7200,105.00,0.7300,55.00,0.3100,5.00,0.3000,84.03,0.2900,55.00,0.2800,105.00,0.2700,55.00,0.3200,39.10,0.3300,36.90,0.3400,43.22,0.3500,31.70,0.3600,59.41,210.33,304.03,514.36,304.03,210.33,514.36,0.0100,0.0100,-0.1822,0.1822,0.6889,0.3111,0.3613,0.2928,0.2928,0.3613,-62.3733,-101.1181,-101.1182,-62.3733
btc-updown-5m-1780096500,1780096725000,75,73339.89,73434.40,94.51,-0.0000,-0.0049,0.1230,1.1323,0.7260,1.1983,0.004855,0.1048,1.1742,73424.31,-0.0000,0.0137,-0.0129,-0.0000,0.6900,192.14,0.6800,228.96,0.6700,106.90,0.6600,98.22,0.6500,81.70,0.7000,139.94,0.7200,50.00,0.7400,15.00,0.7500,15.00,0.7600,92.17,0.3000,139.94,0.2800,50.00,0.2600,15.00,0.2500,15.00,0.2400,92.17,0.3100,192.14,0.3200,228.96,0.3300,106.90,0.3400,98.22,0.3500,81.70,707.92,312.11,1020.03,312.11,707.92,1020.03,0.0100,0.0100,0.3880,-0.3880,0.6958,0.3042,0.5948,0.6086,0.6086,0.5948,27.7689,-94.1404,-94.1572,27.7738
btc-updown-5m-1780096500,1780096726000,74,73334.64,73434.40,99.76,0.0000,-0.0049,0.0000,1.1323,0.7260,0.9837,0.004652,0.0683,0.0000,73433.35,-0.0000,0.0014,0.0000,0.0000,0.6900,559.93,0.6800,109.43,0.6700,75.90,0.6600,81.80,0.6500,97.40,0.7100,17.63,0.7200,58.00,0.7300,21.00,0.7400,61.00,0.7500,40.76,0.2900,17.63,0.2800,58.00,0.2700,21.00,0.2600,61.00,0.2500,40.76,0.3100,559.93,0.3200,109.43,0.3300,75.90,0.3400,81.80,0.3500,97.40,924.46,198.39,1122.85,198.39,924.46,1122.85,0.0200,0.0200,0.6466,-0.6466,0.7094,0.2906,0.7241,0.3812,0.3812,0.7241,118.5073,-86.0023,-85.9881,118.4877
btc-updown-5m-1780096500,1780096727000,73,73333.46,73434.40,100.94,0.0000,-0.0049,0.0008,1.1321,0.7240,0.9833,0.004652,0.0647,0.0131,73434.47,-0.0000,-0.0001,0.0000,0.0000,0.7100,364.55,0.7000,231.50,0.6900,115.12,0.6800,148.00,0.6700,121.90,0.7200,38.18,0.7300,10.00,0.7400,15.00,0.7500,36.00,0.7600,111.00,0.2800,38.18,0.2700,10.00,0.2600,15.00,0.2500,36.00,0.2400,111.00,0.2900,364.55,0.3000,231.50,0.3100,115.12,0.3200,148.00,0.3300,121.90,981.07,210.18,1191.25,210.18,981.07,1191.25,0.0100,0.0100,0.6471,-0.6471,0.7191,0.2809,0.6076,0.2292,0.2292,0.6076,47.6322,-22.5526,-22.5526,47.6322
btc-updown-5m-1780096500,1780096728000,72,73333.33,73434.40,101.07,0.0000,0.0000,0.0001,0.1255,0.0040,0.3243,0.001423,0.0646,0.0019,73434.50,-0.0000,-0.0001,0.0000,0.0000,0.7200,393.64,0.7100,127.74,0.7000,234.50,0.6900,110.12,0.6800,143.00,0.7300,13.63,0.7400,25.00,0.7500,65.00,0.7600,116.17,0.7700,36.00,0.2700,13.63,0.2600,25.00,0.2500,65.00,0.2400,116.17,0.2300,36.00,0.2800,385.15,0.2900,127.74,0.3000,234.50,0.3100,110.12,0.3200,143.00,1009.00,255.80,1264.80,255.80,1000.51,1256.31,0.0100,0.0100,0.5955,-0.5928,0.7297,0.2703,0.5167,0.1510,0.1510,0.5126,21.6038,-16.6645,-16.6645,20.2298
btc-updown-5m-1780096500,1780096729000,71,73333.32,73434.41,101.09,0.0000,0.0000,0.0095,0.1335,0.0040,0.3247,0.001422,0.0518,0.1845,73435.14,0.0000,-0.0010,0.0138,0.0000,0.7500,472.63,0.7400,78.15,0.7300,111.00,0.7200,266.62,0.7100,112.30,0.7600,39.60,0.7700,10.00,0.7800,51.09,0.7900,71.00,0.8000,61.00,0.2400,39.60,0.2300,10.00,0.2200,51.09,0.2100,71.00,0.2000,61.00,0.2500,472.63,0.2600,78.15,0.2700,111.00,0.2800,266.62,0.2900,112.30,1040.70,232.69,1273.39,232.69,1040.70,1273.39,0.0100,0.0100,0.6345,-0.6345,0.7592,0.2408,0.5292,0.2132,0.2132,0.5292,175.8215,-186.2597,-186.3269,175.8849
btc-updown-5m-1780096500,1780096730000,70,73333.34,73434.41,101.07,0.0000,0.0000,0.0000,0.0105,0.0020,0.2580,0.001338,0.0515,0.0000,73435.15,0.0000,-0.0010,0.0000,0.0000,0.7500,579.73,0.7400,93.05,0.7300,106.00,0.7200,155.50,0.7100,112.30,0.7600,18.79,0.7700,20.00,0.7800,10.00,0.7900,66.62,0.8000,61.00,0.2400,18.79,0.2300,20.00,0.2200,10.00,0.2100,66.62,0.2000,61.00,0.2500,579.73,0.2600,93.05,0.2700,106.00,0.2800,155.50,0.2900,112.30,1046.58,176.41,1222.99,176.41,1046.58,1222.99,0.0100,0.0100,0.7115,-0.7115,0.7597,0.2403,0.6428,0.2199,0.2199,0.6428,137.9987,-25.5904,-25.5904,137.9987
btc-updown-5m-1780096500,1780096731000,69,73333.42,73434.41,100.99,0.0000,0.0000,0.0000,0.0105,0.0020,0.1243,0.000878,0.0480,0.0000,73435.24,0.0000,-0.0011,0.0000,0.0000,0.7500,844.95,0.7400,113.15,0.7300,130.70,0.7200,117.40,0.7100,112.30,0.7800,4.15,0.7900,45.00,0.8000,77.20,0.8100,56.00,0.8200,61.00,0.2200,4.15,0.2100,45.00,0.2000,77.20,0.1900,56.00,0.1800,61.00,0.2500,844.95,0.2600,113.15,0.2700,130.70,0.2800,117.40,0.2900,112.30,1318.50,243.35,1561.85,243.35,1318.50,1561.85,0.0300,0.0300,0.6884,-0.6884,0.7799,0.2201,0.7267,0.2020,0.2020,0.7267,96.1857,18.8485,18.8448,96.1669
btc-updown-5m-1780096500,1780096732000,68,73333.41,73434.41,101.00,0.0000,0.0000,0.0000,0.0097,0.0020,0.1243,0.000878,0.0461,0.0000,73435.12,0.0000,-0.0010,0.0000,0.0000,0.7800,250.80,0.7700,114.95,0.7600,269.76,0.7500,142.66,0.7400,131.25,0.7900,27.05,0.8000,25.00,0.8100,10.00,0.8200,37.25,0.8300,84.00,0.2100,27.05,0.2000,25.00,0.1900,10.00,0.1800,37.25,0.1700,84.00,0.2200,250.80,0.2300,114.95,0.2400,269.76,0.2500,142.66,0.2600,131.25,909.42,183.30,1092.72,183.30,909.42,1092.72,0.0100,0.0100,0.6645,-0.6645,0.7890,0.2110,0.4022,0.2840,0.2840,0.4022,5.3871,8.0062,8.0062,5.3871
btc-updown-5m-1780096500,1780096733000,67,73333.41,73434.41,101.00,0.0000,0.0000,0.0000,0.0095,0.0020,0.1240,0.000878,0.0460,0.0000,73435.12,0.0000,-0.0010,0.0000,0.0000,0.7800,288.17,0.7700,112.32,0.7600,136.00,0.7500,142.66,0.7400,118.15,0.7900,11.73,0.8000,35.00,0.8100,15.00,0.8200,42.25,0.8300,59.00,0.2100,11.73,0.2000,35.00,0.1900,15.00,0.1800,42.25,0.1700,59.00,0.2200,288.17,0.2300,112.32,0.2400,136.00,0.2500,142.66,0.2600,118.15,797.30,162.98,960.28,162.98,797.30,960.28,0.0100,0.0100,0.6606,-0.6606,0.7896,0.2104,0.5023,0.2867,0.2867,0.5023,-67.3963,-14.0487,-14.0535,-67.4194
btc-updown-5m-1780096500,1780096734000,66,73333.50,73434.41,100.91,0.0000,0.0000,0.0819,0.0819,0.0000,0.1237,0.000878,0.0486,1.6851,73435.07,0.0000,-0.0009,0.0000,0.0000,0.7800,215.39,0.7700,174.00,0.7600,142.40,0.7500,127.66,0.7400,149.95,0.7900,11.73,0.8000,37.17,0.8100,25.00,0.8200,42.25,0.8300,59.00,0.2100,11.73,0.2000,37.17,0.1900,25.00,0.1800,42.25,0.1700,59.00,0.2200,215.39,0.2300,174.00,0.2400,142.40,0.2500,127.66,0.2600,149.95,809.40,175.15,984.55,175.15,809.40,984.55,0.0100,0.0100,0.6442,-0.6442,0.7895,0.2105,0.4811,0.2792,0.2792,0.4811,-43.7469,-18.3093,-18.3093,-43.7469
btc-updown-5m-1780096500,1780096735000,65,73333.50,73434.41,100.91,0.0000,0.0000,0.0000,0.0819,0.0000,0.1233,0.000878,0.0471,0.0000,73434.98,0.0000,-0.0008,0.0000,0.0000,0.8500,216.40,0.7800,239.62,0.7700,279.65,0.7600,136.00,0.7500,122.66,0.8600,110.76,0.8700,180.36,0.8800,153.46,0.8900,76.60,0.9000,84.80,0.1400,110.76,0.1300,180.36,0.1200,153.46,0.1100,76.60,0.1000,84.80,0.1500,216.40,0.2200,239.62,0.2300,279.65,0.2400,136.00,0.2500,122.66,994.33,605.98,1600.31,605.98,994.33,1600.31,0.0100,0.0100,0.2427,-0.2427,0.8566,0.1434,0.4586,0.4804,0.4804,0.4586,-7.6543,61.6193,61.5990,-7.6518
btc-updown-5m-1780096500,1780096736000,64,73336.87,73434.41,97.54,0.0000,0.0000,0.0040,0.0859,0.0020,0.1237,0.000878,0.0467,0.0866,73434.94,0.0000,-0.0007,0.0000,0.0000,0.8400,73.28,0.8300,40.00,0.8200,43.00,0.8100,43.00,0.8000,118.00,0.8500,227.78,0.8600,125.06,0.8700,152.86,0.8800,296.69,0.8900,178.02,0.1500,227.78,0.1400,125.06,0.1300,152.86,0.1200,296.69,0.1100,178.02,0.1600,73.28,0.1700,40.00,0.1800,43.00,0.1900,43.00,0.2000,118.00,317.28,980.41,1297.69,980.41,317.28,1297.69,0.0100,0.0100,-0.5110,0.5110,0.8424,0.1576,0.3570,0.3599,0.3599,0.3570,-122.4891,135.0353,135.0353,-122.4891
btc-updown-5m-1780096500,1780096737000,63,73333.34,73434.41,101.07,0.0000,0.0000,0.0013,0.0872,0.0020,0.1237,0.000878,0.0463,0.0278,73434.92,0.0000,-0.0007,0.0000,0.0000,0.8600,73.94,0.8500,346.94,0.8400,138.80,0.8300,153.00,0.8200,128.00,0.8800,207.59,0.8900,91.89,0.9000,94.78,0.9100,326.88,0.9200,210.03,0.1200,207.59,0.1100,91.89,0.1000,94.78,0.0900,326.88,0.0800,210.03,0.1400,73.94,0.1500,346.94,0.1600,138.80,0.1700,153.00,0.1800,128.00,840.68,931.17,1771.85,931.17,840.68,1771.85,0.0200,0.0200,-0.0511,0.0511,0.8653,0.1347,0.5006,0.3216,0.3216,0.5006,-77.8335,112.0410,112.0593,-77.8462
btc-updown-5m-1780096500,1780096738000,62,73336.74,73434.40,97.66,-0.0000,-0.0000,0.0004,0.0876,0.0040,0.1237,0.000877,0.0463,0.0097,73434.92,-0.0000,-0.0007,-0.0133,-0.0000,0.8700,174.86,0.8600,244.61,0.8500,199.80,0.8400,163.00,0.8300,114.88,0.8800,30.00,0.8900,404.35,0.9000,146.93,0.9100,316.44,0.9200,230.35,0.1200,30.00,0.1100,404.35,0.1000,146.93,0.0900,316.44,0.0800,230.35,0.1300,174.86,0.1400,244.61,0.1500,199.80,0.1600,163.00,0.1700,114.88,897.15,1128.07,2025.22,1128.07,897.15,2025.22,0.0100,0.0100,-0.1140,0.1140,0.8785,0.1215,0.4676,0.3850,0.3850,0.4676,-8.9917,157.8152,157.8673,-8.9947
btc-updown-5m-1780096500,1780096739000,61,73336.90,73434.41,97.51,0.0000,0.0000,0.0050,0.0108,0.0060,0.1240,0.000878,0.0465,0.1075,73434.92,0.0000,-0.0007,0.0133,0.0000,0.8600,97.79,0.8500,101.63,0.8400,48.00,0.8300,23.00,0.8200,65.00,0.8700,279.64,0.8800,135.80,0.8900,285.71,0.9000,225.52,0.9100,402.78,0.1300,279.64,0.1200,135.80,0.1100,285.71,0.1000,225.52,0.0900,402.78,0.1400,97.79,0.1500,101.63,0.1600,48.00,0.1700,23.00,0.1800,65.00,335.42,1329.45,1664.87,1329.45,335.42,1664.87,0.0100,0.0100,-0.5971,0.5971,0.8626,0.1374,0.5945,0.3125,0.3125,0.5945,-78.3777,197.9416,197.8745,-78.3511
btc-updown-5m-1780096500,1780096740000,60,73336.13,73434.40,98.27,-0.0000,-0.0000,0.0012,0.0119,0.0080,0.1240,0.000878,0.0465,0.0249,73434.92,-0.0000,-0.0007,-0.0134,-0.0000,0.8500,228.59,0.8400,73.64,0.8300,5.00,0.8200,30.89,0.8000,110.00,0.8600,89.77,0.8700,76.00,0.8800,122.21,0.8900,78.20,0.9000,100.42,0.1400,89.77,0.1300,76.00,0.1200,122.21,0.1100,78.20,0.1000,100.42,0.1500,228.59,0.1600,73.64,0.1700,5.00,0.1800,30.89,0.2000,110.00,448.12,466.60,914.72,466.60,448.12,914.72,0.0100,0.0100,-0.0202,0.0202,0.8572,0.1428,0.6744,0.3553,0.3553,0.6744,-59.8047,48.2453,48.2453,-59.8047
btc-updown-5m-1780096500,1780096741000,59,73336.12,73434.40,98.28,0.0000,-0.0000,0.0120,0.0199,0.0060,0.1237,0.000877,0.0469,0.2561,73434.91,-0.0000,-0.0007,0.0000,0.0000,0.8600,248.84,0.8500,101.00,0.8400,21.00,0.8300,13.00,0.8200,25.00,0.8700,118.31,0.8800,77.36,0.8900,149.46,0.9000,225.98,0.9100,396.08,0.1300,118.31,0.1200,77.36,0.1100,149.46,0.1000,225.98,0.0900,396.08,0.1400,248.84,0.1500,101.00,0.1600,21.00,0.1700,13.00,0.1800,25.00,408.84,967.19,1376.03,967.19,408.84,1376.03,0.0100,0.0100,-0.4058,0.4058,0.8668,0.1332,0.8557,0.2023,0.2023,0.8557,-96.1238,59.3022,59.3022,-96.1238
btc-updown-5m-1780096500,1780096742000,58,73336.07,73434.40,98.33,0.0000,-0.0000,0.0002,0.0188,0.0060,0.1237,0.000877,0.0467,0.0043,73434.90,-0.0000,-0.0007,0.0000,0.0000,0.8600,141.20,0.8400,40.00,0.8300,53.00,0.8200,71.00,0.8100,43.00,0.8700,307.59,0.8800,106.33,0.8900,94.46,0.9000,233.53,0.9100,360.44,0.1300,307.59,0.1200,106.33,0.1100,94.46,0.1000,233.53,0.0900,360.44,0.1400,141.20,0.1600,40.00,0.1700,53.00,0.1800,71.00,0.1900,43.00,348.20,1102.35,1450.55,1102.35,348.20,1450.55,0.0100,0.0100,-0.5199,0.5199,0.8631,0.1369,0.5204,0.3755,0.3755,0.5204,6.6117,9.9044,9.9027,6.6106
btc-updown-5m-1780096500,1780096743000,57,73334.61,73434.41,99.80,0.0000,0.0000,0.0007,0.0191,0.0060,0.1240,0.000878,0.0460,0.0152,73434.85,0.0000,-0.0006,0.0136,0.0000,0.7800,36.45,0.7700,76.00,0.7600,30.10,0.7500,19.90,0.7400,71.95,0.8000,124.31,0.8100,81.48,0.8200,164.51,0.8300,190.00,0.8400,195.99,0.2000,124.31,0.1900,81.48,0.1800,164.51,0.1700,190.00,0.1600,195.99,0.2200,36.45,0.2300,76.00,0.2400,30.10,0.2500,19.90,0.2600,71.95,234.40,756.29,990.69,756.29,234.40,990.69,0.0200,0.0200,-0.5268,0.5268,0.7845,0.2155,0.4797,0.2721,0.2721,0.4797,-101.8248,65.0331,65.0331,-101.8248
btc-updown-5m-1780096500,1780096744000,56,73334.61,73434.41,99.80,0.0000,0.0000,0.0439,0.0580,0.0040,0.1237,0.000878,0.0473,0.9286,73434.83,0.0000,-0.0006,0.0000,0.0000,0.7800,44.78,0.7700,50.30,0.7600,35.10,0.7500,19.90,0.7400,28.47,0.7900,252.36,0.8000,158.23,0.8100,60.00,0.8200,131.34,0.8300,55.00,0.2100,252.36,0.2000,158.23,0.1900,60.00,0.1800,131.34,0.1700,55.00,0.2200,44.78,0.2300,50.30,0.2400,35.10,0.2500,19.90,0.2600,28.47,178.55,656.93,835.48,656.93,178.55,835.48,0.0100,0.0100,-0.5726,0.5726,0.7815,0.2185,0.5325,0.6250,0.6250,0.5325,-138.9636,-56.4255,-56.4049,-138.9131
btc-updown-5m-1780096500,1780096745000,55,73334.62,73434.41,99.79,0.0000,0.0000,0.0009,0.0577,0.0020,0.1237,0.000878,0.0439,0.0207,73434.58,0.0000,-0.0002,0.0000,0.0000,0.7700,249.69,0.7600,40.10,0.7500,96.80,0.7400,28.75,0.7300,98.20,0.7800,172.06,0.7900,25.84,0.8000,10.00,0.8200,16.00,0.8300,22.22,0.2200,172.06,0.2100,25.84,0.2000,10.00,0.1800,16.00,0.1700,22.22,0.2300,249.69,0.2400,40.10,0.2500,96.80,0.2600,28.75,0.2700,98.20,513.54,246.12,759.66,246.12,513.54,759.66,0.0100,0.0100,0.3520,-0.3520,0.7759,0.2241,0.5643,0.8041,0.8041,0.5643,29.0666,-180.9791,-180.9791,29.0666
btc-updown-5m-1780096500,1780096746000,54,73333.27,73434.41,101.14,0.0000,0.0000,0.0000,0.0457,0.0020,0.1237,0.000878,0.0426,0.0000,73434.48,0.0000,-0.0001,0.0000,0.0000,0.7700,263.47,0.7600,85.10,0.7500,84.90,0.7400,73.75,0.7300,78.20,0.7800,99.06,0.7900,20.00,0.8000,10.00,0.8100,5.84,0.8200,16.00,0.2200,99.06,0.2100,20.00,0.2000,10.00,0.1900,5.84,0.1800,16.00,0.2300,263.47,0.2400,85.10,0.2500,84.90,0.2600,73.75,0.2700,78.20,585.42,150.90,736.32,150.90,585.42,736.32,0.0100,0.0100,0.5901,-0.5901,0.7773,0.2227,0.5954,0.7890,0.7890,0.5954,22.4054,-51.5176,-51.5176,22.4054
btc-updown-5m-1780096500,1780096747000,53,73333.27,73434.40,101.13,-0.0000,0.0000,0.0001,0.0456,0.0040,0.1237,0.000878,0.0426,0.0021,73434.48,-0.0000,-0.0001,-0.0138,-0.0000,0.7700,377.16,0.7600,40.10,0.7500,73.00,0.7400,46.95,0.7300,48.20,0.7800,113.23,0.8000,35.84,0.8100,5.84,0.8200,16.00,0.8300,22.22,0.2200,113.23,0.2000,35.84,0.1900,5.84,0.1800,16.00,0.1700,22.22,0.2300,377.16,0.2400,40.10,0.2500,73.00,0.2600,46.95,0.2700,48.20,585.41,193.13,778.54,193.13,585.41,778.54,0.0100,0.0100,0.5039,-0.5039,0.7777,0.2223,0.7128,0.7719,0.7719,0.7128,65.3380,-164.6320,-164.6594,65.3489
btc-updown-5m-1780096500,1780096748000,52,73333.27,73431.99,98.72,-0.0033,-0.0033,1.3316,1.3765,0.4840,0.2040,0.001040,0.0853,15.6147,73433.21,-0.0001,-0.0017,-3.2397,-0.0000,0.7200,7.35,0.7000,25.00,0.6900,28.02,0.6800,43.00,0.6700,88.00,0.7300,10.00,0.7400,30.00,0.7500,30.00,0.7600,30.00,0.7700,60.09,0.2700,10.00,0.2600,30.00,0.2500,30.00,0.2400,30.00,0.2300,60.09,0.2800,10.35,0.3000,25.00,0.3100,28.02,0.3200,43.00,0.3300,88.00,191.37,160.09,351.46,160.09,194.37,354.46,0.0100,0.0100,0.0890,-0.0967,0.7242,0.2749,0.1690,0.2499,0.2499,0.1819,-26.3403,-158.2566,-158.4962,-25.8755
btc-updown-5m-1780096500,1780096749000,51,73333.38,73431.99,98.61,0.0000,-0.0033,0.0004,1.3330,0.4840,0.2037,0.001040,0.0849,0.0047,73433.19,-0.0001,-0.0016,0.0000,0.0000,0.7400,233.46,0.7300,8.00,0.7200,33.00,0.7100,126.49,0.7000,26.10,0.7600,0.20,0.7700,10.84,0.7800,56.88,0.7900,32.22,0.8000,20.00,0.2400,0.20,0.2300,10.84,0.2200,56.88,0.2100,32.22,0.2000,20.00,0.2600,233.46,0.2700,8.00,0.2800,33.00,0.2900,126.49,0.3000,26.10,427.05,120.14,547.19,120.14,427.05,547.19,0.0200,0.0200,0.5609,-0.5609,0.7600,0.2400,0.5654,0.0919,0.0919,0.5654,43.0907,-123.5393,-123.5393,43.0907
btc-updown-5m-1780096500,1780096750000,50,73331.29,73431.99,100.70,0.0000,-0.0033,0.0000,1.3321,0.4840,0.2037,0.001040,0.0847,0.0000,73433.18,-0.0000,-0.0016,0.0000,0.0000,0.7600,517.96,0.7500,8.00,0.7400,8.00,0.7300,39.00,0.7200,25.00,0.7700,0.74,0.7800,36.58,0.8000,50.15,0.8100,210.00,0.8200,31.00,0.2300,0.74,0.2200,36.58,0.2000,50.15,0.1900,210.00,0.1800,31.00,0.2400,517.96,0.2500,8.00,0.2600,8.00,0.2700,39.00,0.2800,25.00,597.96,328.47,926.43,328.47,597.96,926.43,0.0100,0.0100,0.2909,-0.2909,0.7700,0.2300,0.8796,0.1136,0.1136,0.8796,67.8396,-61.9854,-62.0212,67.8787
btc-updown-5m-1780096500,1780096751000,49,73331.29,73431.99,100.70,0.0000,-0.0033,0.0000,1.3321,0.4840,0.2037,0.001040,0.0847,0.0000,73433.18,-0.0000,-0.0016,0.0000,0.0000,0.7900,30.00,0.7700,30.00,0.7600,147.21,0.7500,8.00,0.7400,8.00,0.8000,109.27,0.8100,275.84,0.8200,134.83,0.8300,115.00,0.8400,55.00,0.2000,109.27,0.1900,275.84,0.1800,134.83,0.1700,115.00,0.1600,55.00,0.2100,30.00,0.2300,30.00,0.2400,147.21,0.2500,8.00,0.2600,8.00,223.21,689.94,913.15,689.94,223.21,913.15,0.0100,0.0100,-0.5111,0.5111,0.7922,0.2078,0.2688,0.5582,0.5582,0.2688,-10.9319,17.4048,17.4048,-10.9319
btc-updown-5m-1780096500,1780096752000,48,73331.14,73431.99,100.85,0.0000,-0.0033,0.0000,1.3320,0.4820,0.2033,0.001040,0.0847,0.0000,73433.18,-0.0000,-0.0016,0.0000,0.0000,0.7900,313.74,0.7800,8.00,0.7700,18.00,0.7600,8.00,0.7300,31.00,0.8000,16.71,0.8100,10.00,0.8200,49.43,0.8300,88.43,0.8400,32.22,0.2000,16.71,0.1900,10.00,0.1800,49.43,0.1700,88.43,0.1600,32.22,0.2100,313.74,0.2200,8.00,0.2300,18.00,0.2400,8.00,0.2700,31.00,378.74,196.79,575.53,196.79,378.74,575.53,0.0100,0.0100,0.3161,-0.3161,0.7995,0.2005,0.8495,0.1357,0.1357,0.8495,-35.6838,6.5716,6.5716,-35.6838
btc-updown-5m-1780096500,1780096753000,47,73331.15,73431.99,100.84,0.0000,0.0000,0.0025,0.0029,0.0000,0.0833,0.000589,0.0848,0.0296,73433.18,0.0000,-0.0016,0.0000,0.0000,0.8100,14.74,0.8000,12.00,0.7800,8.00,0.7700,8.00,0.7600,10.80,0.8200,162.53,0.8300,119.22,0.8400,80.79,0.8500,157.82,0.8600,115.14,0.1800,162.53,0.1700,119.22,0.1600,80.79,0.1500,157.82,0.1400,115.14,0.1900,14.74,0.2000,12.00,0.2200,8.00,0.2300,8.00,0.2400,10.80,53.54,635.50,689.04,635.50,53.54,689.04,0.0100,0.0100,-0.8446,0.8446,0.8108,0.1892,0.4994,0.4434,0.4434,0.4994,-86.9495,72.3181,72.3181,-86.9495
btc-updown-5m-1780096500,1780096754000,46,73331.14,73431.99,100.85,0.0000,0.0000,0.0682,0.0707,0.0020,0.0833,0.000589,0.0545,1.2510,73432.40,0.0000,-0.0006,0.0000,0.0000,0.8600,221.56,0.8500,23.83,0.8400,113.18,0.8300,20.02,0.8200,110.13,0.8800,24.40,0.8900,36.98,0.9000,26.68,0.9100,223.64,0.9200,199.06,0.1200,24.40,0.1100,36.98,0.1000,26.68,0.0900,223.64,0.0800,199.06,0.1400,221.56,0.1500,23.83,0.1600,113.18,0.1700,20.02,0.1800,110.13,488.72,510.76,999.48,510.76,488.72,999.48,0.0200,0.0200,-0.0221,0.0221,0.8780,0.1220,0.5021,0.1202,0.1202,0.5021,47.5385,-97.6065,-97.6065,47.5385
btc-updown-5m-1780096500,1780096755000,45,73331.18,73431.99,100.81,0.0000,0.0000,0.0000,0.0707,0.0020,0.0830,0.000589,0.0544,0.0000,73432.40,0.0000,-0.0006,0.0000,0.0000,0.8800,56.95,0.8700,182.95,0.8600,22.00,0.8500,32.67,0.8400,8.00,0.8900,5.80,0.9000,71.98,0.9100,245.41,0.9200,149.84,0.9300,261.96,0.1100,5.80,0.1000,71.98,0.0900,245.41,0.0800,149.84,0.0700,261.96,0.1200,56.95,0.1300,182.95,0.1400,22.00,0.1500,32.67,0.1600,8.00,302.57,734.99,1037.56,734.99,302.57,1037.56,0.0100,0.0100,-0.4168,0.4168,0.8891,0.1109,0.7929,0.1058,0.1058,0.7929,-37.0510,88.7771,88.7771,-37.0510
btc-updown-5m-1780096500,1780096756000,44,73331.37,73432.00,100.63,0.0000,0.0000,0.0165,0.0872,0.0040,0.0833,0.000589,0.0510,0.3233,73432.24,0.0000,-0.0003,0.0137,0.0000,0.8800,23.17,0.8700,26.87,0.8600,22.00,0.8500,32.00,0.8400,8.00,0.8900,56.68,0.9000,103.71,0.9100,309.57,0.9200,199.82,0.9300,324.28,0.1100,56.68,0.1000,103.71,0.0900,309.57,0.0800,199.82,0.0700,324.28,0.1200,23.17,0.1300,26.87,0.1400,22.00,0.1500,32.00,0.1600,8.00,112.04,994.06,1106.10,994.06,112.04,1106.10,0.0100,0.0100,-0.7974,0.7974,0.8829,0.1171,0.4466,0.1613,0.1613,0.4466,-80.3439,110.0513,110.0513,-80.3439
btc-updown-5m-1780096500,1780096757000,43,73332.49,73426.75,94.26,-0.0071,-0.0071,0.3273,0.4144,1.0540,0.2583,0.001394,0.0616,5.3156,73431.30,-0.0015,-0.0062,-6.7393,-0.0001,0.8600,329.03,0.8500,8.00,0.8400,55.00,0.8200,60.00,0.8100,38.40,0.8700,94.96,0.8800,55.00,0.8900,107.02,0.9000,67.05,0.9100,282.93,0.1300,68.70,0.1100,52.02,0.1000,22.05,0.0900,227.93,0.0800,276.43,0.1400,347.88,0.1500,19.00,0.1600,45.00,0.1800,65.00,0.1900,38.40,490.43,606.96,1097.39,647.13,515.28,1162.41,0.0100,0.0100,-0.1062,0.1134,0.8678,0.1316,0.6872,0.2471,0.1865,0.7120,15.6717,74.7653,-7.0562,48.1408
btc-updown-5m-1780096500,1780096758000,42,73333.17,73426.75,93.58,0.0000,-0.0071,0.0184,0.4303,1.0540,0.2583,0.001394,0.0621,0.2960,73431.25,-0.0014,-0.0061,0.0000,0.0000,0.6700,68.02,0.6600,25.00,0.6500,145.00,0.6400,125.00,0.6300,45.60,0.6800,371.29,0.6900,5.55,0.7000,7.96,0.7200,66.97,0.7300,129.45,0.3200,371.29,0.3100,5.55,0.3000,7.96,0.2800,66.97,0.2700,129.45,0.3300,68.02,0.3400,25.00,0.3500,145.00,0.3600,125.00,0.3700,45.60,408.62,581.22,989.84,581.22,408.62,989.84,0.0100,0.0100,-0.1744,0.1744,0.6715,0.3285,0.2276,0.6484,0.6484,0.2276,8.8887,50.8588,50.8675,8.8902
btc-updown-5m-1780096500,1780096759000,41,73328.64,73426.75,98.11,0.0000,-0.0071,0.0000,0.3621,1.0520,0.2580,0.001394,0.0621,0.0000,73431.25,-0.0014,-0.0061,0.0000,0.0000,0.6700,219.80,0.6600,130.31,0.6500,25.00,0.6400,150.60,0.6300,105.60,0.6800,40.56,0.6900,5.55,0.7000,5.00,0.7200,66.97,0.7300,89.45,0.3200,40.56,0.3100,5.55,0.3000,5.00,0.2800,66.97,0.2700,89.45,0.3300,219.80,0.3400,130.31,0.3500,25.00,0.3600,150.60,0.3700,105.60,631.31,207.53,838.84,207.53,631.31,838.84,0.0100,0.0100,0.5052,-0.5052,0.6784,0.3216,0.5546,0.2222,0.2222,0.5546,94.6554,-60.8357,-61.8465,96.2282
btc-updown-5m-1780096500,1780096760000,40,73328.64,73426.75,98.11,0.0000,-0.0071,0.0000,0.3621,1.0520,0.2580,0.001394,0.0618,0.0000,73431.24,-0.0003,-0.0061,0.0000,0.0000,0.6800,81.90,0.6700,56.06,0.6600,136.11,0.6500,30.70,0.6400,155.60,0.6900,127.01,0.7000,5.00,0.7300,20.00,0.7500,73.00,0.7600,40.71,0.3100,127.01,0.3000,5.00,0.2700,20.00,0.2500,73.00,0.2400,40.71,0.3200,81.90,0.3300,56.06,0.3400,136.11,0.3500,30.70,0.3600,155.60,460.37,265.72,726.09,265.72,460.37,726.09,0.0100,0.0100,0.2681,-0.2681,0.6839,0.3161,0.2997,0.4968,0.4968,0.2997,-29.0365,27.1373,27.1328,-29.0318
btc-updown-5m-1780096500,1780096761000,39,73327.58,73426.75,99.17,0.0000,-0.0071,0.0000,0.3457,1.0500,0.2580,0.001394,0.0618,0.0000,73431.24,-0.0003,-0.0061,0.0000,0.0000,0.6800,270.18,0.6700,61.96,0.6600,136.11,0.6500,35.70,0.6400,161.20,0.6900,21.28,0.7100,8.26,0.7200,5.00,0.7300,10.00,0.7400,10.00,0.3100,21.28,0.2900,8.26,0.2800,5.00,0.2700,10.00,0.2600,10.00,0.3200,270.18,0.3300,61.96,0.3400,136.11,0.3500,35.70,0.3600,161.20,665.15,54.54,719.69,54.54,665.15,719.69,0.0100,0.0100,0.8484,-0.8484,0.6893,0.3107,0.4993,0.5416,0.5416,0.4993,91.0477,-203.0133,-203.0819,91.0785
btc-updown-5m-1780096500,1780096762000,38,73327.56,73426.75,99.19,0.0000,0.0000,0.0000,0.0184,0.0000,0.2580,0.001394,0.0618,0.0000,73431.24,0.0000,-0.0061,0.0000,0.0000,0.7200,20.03,0.6800,265.54,0.6700,46.36,0.6600,141.11,0.6500,42.89,0.7300,15.00,0.7500,63.00,0.7600,35.71,0.7700,5.00,0.7900,5.00,0.2700,15.00,0.2500,63.00,0.2400,35.71,0.2300,5.00,0.2100,5.00,0.2800,20.03,0.3200,265.54,0.3300,46.36,0.3400,141.11,0.3500,42.89,515.93,123.71,639.64,123.71,515.93,639.64,0.0100,0.0100,0.6132,-0.6132,0.7257,0.2743,0.5535,0.6305,0.6305,0.5535,71.7625,-182.6385,-182.7021,71.7875
btc-updown-5m-1780096500,1780096763000,37,73327.61,73426.75,99.14,0.0000,0.0000,0.0000,,0.0000,0.2580,0.001394,0.0618,0.0000,73431.24,0.0000,-0.0061,0.0000,0.0000,0.7400,228.76,0.7300,6.58,0.7200,6.39,0.7100,15.00,0.6800,22.21,0.7500,51.97,0.7700,15.45,0.7800,5.00,0.7900,5.00,0.8000,15.00,0.2500,51.97,0.2300,15.45,0.2200,5.00,0.2100,5.00,0.2000,15.00,0.2600,228.76,0.2700,6.58,0.2800,6.39,0.2900,15.00,0.3200,22.21,278.94,92.42,371.36,92.42,278.94,371.36,0.0100,0.0100,0.5023,-0.5023,0.7481,0.2519,0.8437,0.7295,0.7295,0.8437,-41.4389,-95.4430,-95.4594,-41.4460
btc-updown-5m-1780096500,1780096764000,36,73328.17,73426.76,98.59,0.0000,0.0000,0.0080,0.0080,0.0020,0.2583,0.001394,0.0621,0.1297,73431.22,0.0000,-0.0061,0.0134,0.0000,0.8100,18.15,0.8000,12.00,0.7700,10.00,0.7400,5.00,0.7200,6.39,0.8200,205.71,0.8300,65.00,0.8400,101.95,0.8500,88.00,0.8600,101.07,0.1800,205.71,0.1700,65.00,0.1600,101.95,0.1500,88.00,0.1400,101.07,0.1900,18.15,0.2000,12.00,0.2300,10.00,0.2600,5.00,0.2800,6.39,51.54,561.73,613.27,561.73,51.54,613.27,0.0100,0.0100,-0.8319,0.8319,0.8108,0.1892,0.5850,0.4819,0.4819,0.5850,-14.4261,18.0310,18.0340,-14.4285
btc-updown-5m-1780096500,1780096765000,35,73327.86,73426.75,98.89,-0.0000,0.0000,0.0122,0.0202,0.0040,0.2587,0.001394,0.0598,0.2037,73431.05,-0.0000,-0.0059,-0.0135,-0.0000,0.7700,213.96,0.7600,125.29,0.7400,10.00,0.7200,16.39,0.6900,27.31,0.7800,23.02,0.7900,11.44,0.8000,6.00,0.8100,10.00,0.8200,32.21,0.2200,23.02,0.2100,11.44,0.2000,6.00,0.1900,10.00,0.1800,32.21,0.2300,213.96,0.2400,125.29,0.2600,10.00,0.2800,16.39,0.3100,27.31,392.95,82.67,475.62,82.67,392.95,475.62,0.0100,0.0100,0.6524,-0.6524,0.7790,0.2210,0.8633,0.4168,0.4168,0.8633,-38.9668,-20.4120,-20.4153,-38.9732
btc-updown-5m-1780096500,1780096766000,34,73327.60,73426.75,99.15,0.0000,0.0000,0.0000,0.0202,0.0040,0.2583,0.001394,0.0598,0.0000,73431.05,-0.0000,-0.0059,0.0000,0.0000,0.7900,369.57,0.7800,25.00,0.7700,25.00,0.7600,30.00,0.7400,15.00,0.8000,14.03,0.8200,32.21,0.8300,25.30,0.8400,40.00,0.8500,41.93,0.2000,14.03,0.1800,32.21,0.1700,25.30,0.1600,40.00,0.1500,41.93,0.2100,369.57,0.2200,25.00,0.2300,25.00,0.2400,30.00,0.2600,15.00,464.57,153.47,618.04,153.47,464.57,618.04,0.0100,0.0100,0.5034,-0.5034,0.7996,0.2004,0.8493,0.3013,0.3013,0.8493,-15.6187,-24.9628,-24.9628,-15.6187
btc-updown-5m-1780096500,1780096767000,33,73327.60,73426.76,99.16,0.0000,0.0000,0.0003,0.0206,0.0060,0.2587,0.001394,0.0597,0.0055,73431.04,0.0000,-0.0058,0.0135,0.0000,0.7900,236.75,0.7800,66.76,0.7700,30.00,0.7600,25.00,0.7500,10.00,0.8000,22.51,0.8200,32.21,0.8300,5.00,0.8400,40.00,0.8500,33.00,0.2000,22.51,0.1800,32.21,0.1700,5.00,0.1600,40.00,0.1500,33.00,0.2100,236.75,0.2200,66.76,0.2300,30.00,0.2400,25.00,0.2500,10.00,368.51,132.72,501.23,132.72,368.51,501.23,0.0100,0.0100,0.4704,-0.4704,0.7991,0.2009,0.8236,0.4123,0.4123,0.8236,-51.3454,3.4450,3.4444,-51.3362
btc-updown-5m-1780096500,1780096768000,32,73327.58,73426.76,99.18,0.0000,0.0000,0.0000,0.0206,0.0060,0.2583,0.001394,0.0597,0.0000,73431.04,0.0000,-0.0058,0.0000,0.0000,0.7900,106.88,0.7800,78.02,0.7700,30.00,0.7600,25.00,0.7500,35.00,0.8200,24.03,0.8300,5.00,0.8500,61.99,0.8600,37.29,0.8700,40.93,0.1800,24.03,0.1700,5.00,0.1500,61.99,0.1400,37.29,0.1300,40.93,0.2100,106.88,0.2200,78.02,0.2300,30.00,0.2400,25.00,0.2500,35.00,274.90,169.24,444.14,169.24,274.90,444.14,0.0300,0.0300,0.2379,-0.2379,0.8145,0.1855,0.6726,0.1715,0.1715,0.6726,-13.0479,1.7406,1.7406,-13.0478
btc-updown-5m-1780096500,1780096769000,31,73327.58,73426.76,99.18,0.0000,0.0000,0.0719,0.0844,0.0040,0.2580,0.001394,0.0620,1.1597,73430.88,0.0000,-0.0056,0.0000,0.0000,0.8000,284.31,0.7800,6.00,0.7700,5.00,0.7500,30.00,0.7400,10.00,0.8100,36.62,0.8200,24.03,0.8300,19.13,0.8500,33.00,0.8600,40.72,0.1900,36.62,0.1800,24.03,0.1700,19.13,0.1500,33.00,0.1400,40.72,0.2000,284.31,0.2200,6.00,0.2300,5.00,0.2500,30.00,0.2600,10.00,335.31,153.50,488.81,153.50,335.31,488.81,0.0100,0.0100,0.3719,-0.3719,0.8089,0.1911,0.8658,0.3951,0.3951,0.8658,-4.8191,12.5152,12.5152,-4.8191
btc-updown-5m-1780096500,1780096770000,30,73327.59,73426.76,99.17,0.0000,0.0000,0.0001,0.0723,0.0020,0.2577,0.001394,0.0618,0.0021,73430.87,0.0000,-0.0056,0.0000,0.0000,0.8300,210.94,0.8200,141.80,0.8000,65.00,0.7800,10.00,0.7500,25.00,0.8500,2.14,0.8600,20.35,0.8700,58.44,0.8800,35.00,0.8900,38.30,0.1500,2.14,0.1400,20.35,0.1300,58.44,0.1200,35.00,0.1100,38.30,0.1700,210.94,0.1800,141.80,0.2000,65.00,0.2200,10.00,0.2500,25.00,452.74,154.23,606.97,154.23,452.74,606.97,0.0200,0.0200,0.4918,-0.4918,0.8498,0.1502,0.7791,0.1458,0.1458,0.7791,65.9970,-84.3112,-84.2971,65.9860
btc-updown-5m-1780096500,1780096771000,29,73327.59,73426.76,99.17,0.0000,0.0000,0.0003,0.0726,0.0040,0.2580,0.001394,0.0618,0.0044,73430.86,0.0000,-0.0056,0.0000,0.0000,0.8500,28.41,0.8400,22.60,0.8200,146.80,0.8000,65.00,0.7900,5.00,0.8600,60.61,0.8700,108.96,0.8800,95.90,0.8900,113.62,0.9000,96.08,0.1400,60.61,0.1300,108.96,0.1200,95.90,0.1100,113.62,0.1000,96.08,0.1500,28.41,0.1600,22.60,0.1800,146.80,0.2000,65.00,0.2100,5.00,267.81,475.17,742.98,475.17,267.81,742.98,0.0100,0.0100,-0.2791,0.2791,0.8532,0.1468,0.1905,0.3569,0.3569,0.1905,-16.8945,61.5925,61.5925,-16.8945
btc-updown-5m-1780096500,1780096772000,28,73327.59,73426.76,99.17,0.0000,0.0000,0.0000,0.0723,0.0020,0.2580,0.001394,0.0614,0.0000,73430.84,0.0000,-0.0056,0.0000,0.0000,0.8800,30.00,0.8700,72.93,0.8500,10.60,0.8300,5.00,0.8200,25.00,0.9000,60.04,0.9100,311.03,0.9200,154.52,0.9300,231.42,0.9400,328.83,0.1000,60.04,0.0900,311.03,0.0800,154.52,0.0700,231.42,0.0600,328.83,0.1200,30.00,0.1300,72.93,0.1500,10.60,0.1700,5.00,0.1800,25.00,143.53,1085.84,1229.37,1085.84,143.53,1229.37,0.0200,0.0200,-0.7665,0.7665,0.8867,0.1133,0.7171,0.3417,0.3417,0.7171,-30.1252,162.0174,162.0738,-30.1357
btc-updown-5m-1780096500,1780096773000,27,73327.62,73426.76,99.14,0.0000,0.0000,0.0109,0.0831,0.0040,0.2580,0.001394,0.0617,0.1760,73430.82,0.0000,-0.0055,0.0000,0.0000,0.8900,28.96,0.8800,6.00,0.8700,14.76,0.8500,5.00,0.8300,5.00,0.9000,72.04,0.9100,316.03,0.9200,209.52,0.9300,236.42,0.9400,323.83,0.1000,72.04,0.0900,316.03,0.0800,209.52,0.0700,236.42,0.0600,323.83,0.1100,28.96,0.1200,6.00,0.1300,14.76,0.1500,5.00,0.1700,5.00,59.72,1157.84,1217.56,1157.84,59.72,1217.56,0.0100,0.0100,-0.9019,0.9019,0.8929,0.1071,0.5854,0.3352,0.3352,0.5854,-62.9914,188.2158,188.2503,-63.0029
btc-updown-5m-1780096500,1780096774000,26,73329.79,73426.75,96.96,-0.0000,-0.0000,0.0001,0.0114,0.0060,0.2583,0.001394,0.0617,0.0016,73430.82,-0.0000,-0.0055,-0.0132,-0.0000,0.8700,19.77,0.8200,10.00,0.8100,35.00,0.8000,50.55,0.7900,30.00,0.8800,124.71,0.8900,55.00,0.9000,323.79,0.9100,358.74,0.9200,191.82,0.1200,124.71,0.1100,55.00,0.1000,323.79,0.0900,358.74,0.0800,191.82,0.1300,19.77,0.1800,10.00,0.1900,35.00,0.2000,50.55,0.2100,30.00,145.32,1054.06,1199.38,1054.06,145.32,1199.38,0.0100,0.0100,-0.7577,0.7577,0.8714,0.1286,0.2049,0.1705,0.1705,0.2049,-21.2287,144.9574,144.9574,-21.2287
btc-updown-5m-1780096500,1780096775000,25,73329.82,73426.75,96.93,0.0000,-0.0000,0.0000,0.0112,0.0060,0.2583,0.001394,0.0603,0.0000,73430.73,-0.0000,-0.0054,0.0000,0.0000,0.8900,60.11,0.8800,249.88,0.8700,8.75,0.8600,258.10,0.8300,10.00,0.9000,132.65,0.9100,192.02,0.9200,123.29,0.9300,156.42,0.9400,300.83,0.1000,132.65,0.0900,192.02,0.0800,123.29,0.0700,156.42,0.0600,300.83,0.1100,60.11,0.1200,249.88,0.1300,8.75,0.1400,258.10,0.1700,10.00,586.84,905.21,1492.05,905.21,586.84,1492.05,0.0100,0.0100,-0.2134,0.2134,0.8931,0.1069,0.5282,0.3587,0.3587,0.5282,40.7871,124.4171,124.4378,40.7939
btc-updown-5m-1780096500,1780096776000,24,73329.82,73426.76,96.94,0.0000,0.0000,0.0003,0.0113,0.0060,0.2587,0.001394,0.0603,0.0056,73430.73,0.0000,-0.0054,0.0132,0.0000,0.8800,118.43,0.8700,16.82,0.8500,10.50,0.8400,10.00,0.8300,32.30,0.8900,10.12,0.9000,133.81,0.9100,192.02,0.9200,119.24,0.9300,156.42,0.1100,10.12,0.1000,133.81,0.0900,192.02,0.0800,119.24,0.0700,156.42,0.1200,118.43,0.1300,16.82,0.1500,10.50,0.1600,10.00,0.1700,32.30,188.05,611.61,799.66,611.61,188.05,799.66,0.0100,0.0100,-0.5297,0.5297,0.8892,0.1108,0.7192,0.2353,0.2353,0.7192,-44.5007,76.8964,76.8964,-44.5007
btc-updown-5m-1780096500,1780096777000,23,73329.82,73426.76,96.94,0.0000,0.0000,0.0000,0.0113,0.0060,0.2583,0.001394,0.0603,0.0000,73430.73,0.0000,-0.0054,0.0000,0.0000,0.8900,24.12,0.8800,197.98,0.8700,20.75,0.8600,5.44,0.8500,15.00,0.9000,115.42,0.9100,259.02,0.9200,139.12,0.9300,166.15,0.9400,313.05,0.1000,115.42,0.0900,259.02,0.0800,139.12,0.0700,166.15,0.0600,313.05,0.1100,24.12,0.1200,197.98,0.1300,20.75,0.1400,5.44,0.1500,15.00,263.29,992.76,1256.05,992.76,263.29,1256.05,0.0100,0.0100,-0.5808,0.5808,0.8917,0.1083,0.8436,0.3772,0.3772,0.8436,-0.7815,80.8714,80.8714,-0.7815
btc-updown-5m-1780096500,1780096778000,22,73327.72,73426.75,99.03,-0.0000,-0.0000,0.0023,0.0027,0.0060,0.1783,0.001284,0.0604,0.0381,73430.72,-0.0000,-0.0054,-0.0135,-0.0000,0.9000,139.32,0.8900,5.00,0.8800,166.20,0.8700,48.82,0.8600,15.00,0.9100,205.04,0.9200,107.51,0.9300,134.15,0.9400,236.83,0.9500,300.75,0.0900,205.04,0.0800,107.51,0.0700,134.15,0.0600,236.83,0.0500,300.75,0.1000,139.32,0.1100,5.00,0.1200,166.20,0.1300,48.82,0.1400,15.00,374.34,984.28,1358.62,984.28,374.34,1358.62,0.0100,0.0100,-0.4489,0.4489,0.9040,0.0960,0.3855,0.3175,0.3175,0.3855,37.6587,-16.5704,-16.5650,37.6464
btc-updown-5m-1780096500,1780096779000,21,73327.71,73426.75,99.04,0.0000,0.0000,0.0809,0.0835,0.0060,0.1787,0.001284,0.0200,4.0391,73427.49,-0.0000,-0.0010,0.0000,0.0000,0.9000,164.07,0.8900,5.26,0.8800,5.32,0.8700,20.75,0.8600,15.00,0.9300,98.86,0.9400,230.83,0.9500,346.82,0.9600,374.05,0.9700,549.63,0.0700,98.86,0.0600,230.83,0.0500,346.82,0.0400,374.05,0.0300,549.63,0.1000,164.07,0.1100,5.26,0.1200,5.32,0.1300,20.75,0.1400,15.00,210.40,1600.19,1810.59,1600.19,210.40,1810.59,0.0300,0.0300,-0.7676,0.7676,0.9187,0.0813,0.8048,0.2060,0.2060,0.8048,25.7837,75.6930,75.6801,25.7793
btc-updown-5m-1780096500,1780096780000,20,73327.69,73426.75,99.06,0.0000,0.0000,0.0000,0.0835,0.0060,0.1787,0.001284,0.0200,0.0000,73427.49,-0.0000,-0.0010,0.0000,0.0000,0.9000,164.07,0.8900,5.26,0.8800,5.32,0.8700,20.75,0.8600,15.00,0.9300,98.86,0.9400,230.83,0.9500,346.82,0.9600,374.05,0.9700,549.63,0.0700,98.86,0.0600,230.83,0.0500,346.82,0.0400,374.05,0.0300,549.63,0.1000,164.07,0.1100,5.26,0.1200,5.32,0.1300,20.75,0.1400,15.00,210.40,1600.19,1810.59,1600.19,210.40,1810.59,0.0300,0.0300,-0.7676,0.7676,0.9187,0.0813,0.8048,0.2060,0.2060,0.8048,11.4049,108.6335,108.6335,11.4049
btc-updown-5m-1780096500,1780096781000,19,73327.72,73426.75,99.03,0.0000,-0.0000,0.0000,0.0832,0.0040,0.1787,0.001284,0.0200,0.0000,73427.49,-0.0000,-0.0010,0.0000,0.0000,0.9000,164.07,0.8900,5.26,0.8800,5.32,0.8700,20.75,0.8600,15.00,0.9300,98.86,0.9400,230.83,0.9500,346.82,0.9600,374.05,0.9700,549.63,0.0700,98.86,0.0600,230.83,0.0500,346.82,0.0400,374.05,0.0300,549.63,0.1000,164.07,0.1100,5.26,0.1200,5.32,0.1300,20.75,0.1400,15.00,210.40,1600.19,1810.59,1600.19,210.40,1810.59,0.0300,0.0300,-0.7676,0.7676,0.9187,0.0813,0.8048,0.2060,0.2060,0.8048,-129.9218,161.6997,161.6997,-129.9218
btc-updown-5m-1780096500,1780096782000,18,73327.70,73426.75,99.05,0.0000,-0.0000,0.0006,0.0837,0.0040,0.1787,0.001284,0.0200,0.0280,73427.49,0.0000,-0.0010,0.0000,0.0000,,,,,,,,,,,,,,,,,,,,,,,,,,,,,,,,,,,,,,,,,-0.00,-0.00,-0.00,-0.00,-0.00,-0.00,,,,,,,,,,,,,,
btc-updown-5m-1780096500,1780096783000,17,73327.72,73426.75,99.03,0.0000,0.0000,0.0000,0.0814,0.0020,0.1787,0.001284,0.0200,0.0000,73427.49,0.0000,-0.0010,0.0000,0.0000,,,,,,,,,,,,,,,,,,,,,,,,,,,,,,,,,,,,,,,,,-0.00,-0.00,-0.00,-0.00,-0.00,-0.00,,,,,,,,,,,,,,
btc-updown-5m-1780096500,1780096784000,16,73328.77,73426.76,97.99,0.0000,0.0000,0.0067,0.0072,0.0020,0.1787,0.001284,0.0202,0.3304,73427.46,0.0000,-0.0010,0.0133,0.0000,,,,,,,,,,,,,,,,,,,,,,,,,,,,,,,,,,,,,,,,,-0.00,-0.00,-0.00,-0.00,-0.00,-0.00,,,,,,,,,,,,,,
btc-updown-5m-1780096500,1780096785000,15,73327.93,73426.76,98.83,0.0000,0.0000,0.0068,0.0140,0.0020,0.1787,0.001284,0.0182,0.3719,73426.91,0.0000,-0.0002,0.0000,0.0000,,,,,,,,,,,,,,,,,,,,,,,,,,,,,,,,,,,,,,,,,-0.00,-0.00,-0.00,-0.00,-0.00,-0.00,,,,,,,,,,,,,,
btc-updown-5m-1780096500,1780096786000,14,73331.85,73426.75,94.90,-0.0000,0.0000,0.0046,0.0186,0.0040,0.1787,0.001283,0.0183,0.2494,73426.90,-0.0000,-0.0002,-0.0129,-0.0000,,,,,,,,,,,,,,,,,,,,,,,,,,,,,,,,,,,,,,,,,-0.00,-0.00,-0.00,-0.00,-0.00,-0.00,,,,,,,,,,,,,,
btc-updown-5m-1780096500,1780096787000,13,73331.85,73426.75,94.90,0.0000,0.0000,0.0000,0.0180,0.0040,0.0037,0.000007,0.0178,0.0000,73426.75,-0.0000,-0.0000,0.0000,0.0000,,,,,,,,,,,,,,,,,,,,,,,,,,,,,,,,,,,,,,,,,-0.00,-0.00,-0.00,-0.00,-0.00,-0.00,,,,,,,,,,,,,,
btc-updown-5m-1780096500,1780096788000,12,73331.43,73426.75,95.32,0.0000,0.0000,0.0010,0.0190,0.0060,0.0040,0.000007,0.0073,0.1349,73426.75,-0.0000,-0.0000,0.0000,0.0000,,,,,,,,,,,,,,,,,,,,,,,,,,,,,,,,,,,,,,,,,-0.00,-0.00,-0.00,-0.00,-0.00,-0.00,,,,,,,,,,,,,,
btc-updown-5m-1780096500,1780096789000,11,73331.42,73426.75,95.33,0.0000,-0.0000,0.0000,0.0123,0.0040,0.0040,0.000007,0.0067,0.0000,73426.76,-0.0000,-0.0000,0.0000,0.0000,,,,,,,,,,,,,,,,,,,,,,,,,,,,,,,,,,,,,,,,,-0.00,-0.00,-0.00,-0.00,-0.00,-0.00,,,,,,,,,,,,,,
btc-updown-5m-1780096500,1780096790000,10,73330.42,73426.75,96.33,0.0000,-0.0000,0.0000,0.0056,0.0040,0.0040,0.000007,0.0067,0.0000,73426.76,-0.0000,-0.0000,0.0000,0.0000,,,,,,,,,,,,,,,,,,,,,,,,,,,,,,,,,,,,,,,,,-0.00,-0.00,-0.00,-0.00,-0.00,-0.00,,,,,,,,,,,,,,
btc-updown-5m-1780096500,1780096791000,9,73331.62,73426.75,95.13,0.0000,0.0000,0.0000,0.0010,0.0020,0.0040,0.000007,0.0067,0.0000,73426.76,0.0000,-0.0000,0.0000,0.0000,,,,,,,,,,,,,,,,,,,,,,,,,,,,,,,,,,,,,,,,,-0.00,-0.00,-0.00,-0.00,-0.00,-0.00,,,,,,,,,,,,,,
btc-updown-5m-1780096500,1780096792000,8,73331.67,73430.04,98.37,0.0045,0.0045,0.0963,0.0972,0.6600,0.1137,0.000804,0.0098,9.8462,73427.80,0.0000,0.0031,4.4078,0.0001,,,,,,,,,,,,,,,,,,,,,,,,,,,,,,,,,,,,,,,,,-0.00,-0.00,-0.00,-0.00,-0.00,-0.00,,,,,,,,,,,,,,
btc-updown-5m-1780096500,1780096793000,7,73333.73,73430.05,96.32,0.0000,0.0045,0.0003,0.0965,0.6600,0.1140,0.000804,0.0098,0.0266,73427.80,0.0001,0.0031,0.0131,0.0000,,,,,,,,,,,,,,,,,,,,,,,,,,,,,,,,,,,,,,,,,-0.00,-0.00,-0.00,-0.00,-0.00,-0.00,,,,,,,,,,,,,,
btc-updown-5m-1780096500,1780096794000,6,73335.98,73430.05,94.07,0.0000,0.0045,0.0054,0.1019,0.6600,0.1137,0.000804,0.0100,0.5392,73427.84,0.0000,0.0030,0.0000,0.0000,,,,,,,,,,,,,,,,,,,,,,,,,,,,,,,,,,,,,,,,,-0.00,-0.00,-0.00,-0.00,-0.00,-0.00,,,,,,,,,,,,,,
btc-updown-5m-1780096500,1780096795000,5,73335.98,73430.05,94.07,0.0000,0.0045,0.0065,0.1084,0.6600,0.1133,0.000804,0.0099,0.6510,73427.91,0.0000,0.0029,0.0000,0.0000,,,,,,,,,,,,,,,,,,,,,,,,,,,,,,,,,,,,,,,,,-0.00,-0.00,-0.00,-0.00,-0.00,-0.00,,,,,,,,,,,,,,
btc-updown-5m-1780096500,1780096796000,4,73336.31,73427.16,90.85,-0.0039,0.0006,1.1732,1.2816,1.2380,0.2097,0.001089,0.0474,24.7723,73427.32,-0.0003,-0.0002,-3.5757,-0.0000,,,,,,,,,,,,,,,,,,,,,,,,,,,,,,,,,,,,,,,,,-0.00,-0.00,-0.00,-0.00,-0.00,-0.00,,,,,,,,,,,,,,
btc-updown-5m-1780096500,1780096797000,3,73336.33,73427.16,90.83,0.0000,-0.0039,0.0300,1.2153,0.5800,0.2093,0.001089,0.0483,0.6208,73427.32,-0.0003,-0.0002,0.0000,0.0000,,,,,,,,,,,,,,,,,,,,,,,,,,,,,,,,,,,,,,,,,-0.00,-0.00,-0.00,-0.00,-0.00,-0.00,,,,,,,,,,,,,,
btc-updown-5m-1780096500,1780096798000,2,73333.24,73427.15,93.91,-0.0000,-0.0039,0.0003,1.2153,0.5800,0.2097,0.001089,0.0483,0.0064,73427.32,-0.0001,-0.0002,-0.0128,-0.0000,,,,,,,,,,,,,,,,,,,,,,,,,,,,,,,,,,,,,,,,,-0.00,-0.00,-0.00,-0.00,-0.00,-0.00,,,,,,,,,,,,,,
btc-updown-5m-1780096500,1780096799000,1,73330.82,73427.16,96.34,0.0000,-0.0039,0.0008,1.2107,0.5820,0.2100,0.001089,0.0484,0.0155,73427.32,-0.0000,-0.0002,0.0131,0.0000,,,,,,,,,,,,,,,,,,,,,,,,,,,,,,,,,,,,,,,,,-0.00,-0.00,-0.00,-0.00,-0.00,-0.00,,,,,,,,,,,,,,
btc-updown-5m-1780096500,1780096800000,0,73328.81,73427.16,98.35,0.0000,-0.0039,0.0016,1.2059,0.5840,0.2103,0.001089,0.0461,0.0356,73427.35,-0.0000,-0.0003,0.0000,0.0000,,,,,,,,,,,,,,,,,,,,,,,,,,,,,,,,,,,,,,,,,-0.00,-0.00,-0.00,-0.00,-0.00,-0.00,,,,,,,,,,,,,,
btc-updown-5m-1780096500,1780096801000,-1,73328.81,73430.65,101.84,0.0048,0.0048,0.0150,0.0477,0.7060,0.3267,0.001381,0.0466,0.3219,73427.38,0.0047,0.0045,4.8402,0.0001,,,,,,,,,,,,,,,,,,,,,,,,,,,,,,,,,,,,,,,,,-0.00,-0.00,-0.00,-0.00,-0.00,-0.00,,,,,,,,,,,,,,
