market_slug,timestamp_ms,seconds_till_end,oracle_btc_price,binance_btc_price,lag,binance_ret1s_x100,binance_ret5s_x100,binance_volume_1s,binance_volume_5s,binance_atr_5s,binance_atr_30s,binance_rvol_30s,binance_volma_30s,binance_volume_spike,binance_vwap_30s,binance_p_vwap_5s,binance_p_vwap_30s,lat_dir_raw_x1000,lat_dir_norm_x1000,up_bid_1_price,up_bid_1_size,up_bid_2_price,up_bid_2_size,up_bid_3_price,up_bid_3_size,up_bid_4_price,up_bid_4_size,up_bid_5_price,up_bid_5_size,up_ask_1_price,up_ask_1_size,up_ask_2_price,up_ask_2_size,up_ask_3_price,up_ask_3_size,up_ask_4_price,up_ask_4_size,up_ask_5_price,up_ask_5_size,down_bid_1_price,down_bid_1_size,down_bid_2_price,down_bid_2_size,down_bid_3_price,down_bid_3_size,down_bid_4_price,down_bid_4_size,down_bid_5_price,down_bid_5_size,down_ask_1_price,down_ask_1_size,down_ask_2_price,down_ask_2_size,down_ask_3_price,down_ask_3_size,down_ask_4_price,down_ask_4_size,down_ask_5_price,down_ask_5_size,pm_up_bid_depth5,pm_up_ask_depth5,pm_up_total_depth5,pm_down_bid_depth5,pm_down_ask_depth5,pm_down_total_depth5,pm_up_spread,pm_down_spread,pm_up_imbalance,pm_down_imbalance,pm_up_microprice,pm_down_microprice,pm_up_bid_slope,pm_up_ask_slope,pm_down_bid_slope,pm_down_ask_slope,pm_up_bid_eatflow,pm_up_ask_eatflow,pm_down_bid_eatflow,pm_down_ask_eatflow
btc-updown-5m-1780093800,1780093819000,281,,73527.52,,,,0.0006,0.0006,,,,0.0006,1.0000,73527.52,0.0000,0.0000,,,,,,,,,,,,,,,,,,,,,,,,,,,,,,,,,,,,,,,,,,,-0.00,-0.00,-0.00,-0.00,-0.00,-0.00,,,,,,,,,,,,,,
btc-updown-5m-1780093800,1780093820000,280,,73527.52,,0.0000,0.0000,0.0010,0.0017,0.0000,0.0000,,0.0008,1.2381,73527.52,0.0000,0.0000,,,0.5800,284.97,0.5700,220.58,0.5600,51.00,0.5500,201.00,0.5400,242.41,0.5900,82.73,0.6000,50.00,0.6100,101.28,0.6200,133.00,0.6300,66.40,0.4100,82.73,0.4000,50.00,0.3900,101.28,0.3800,133.00,0.3700,66.40,0.4200,284.97,0.4300,220.58,0.4400,51.00,0.4500,201.00,0.4600,242.41,999.96,433.41,1433.37,433.41,999.96,1433.37,0.0100,0.0100,0.3953,-0.3953,0.5878,0.4122,0.5056,0.3062,0.3062,0.5056,,,,
btc-updown-5m-1780093800,1780093821000,279,73430.14,73527.52,97.38,0.0000,0.0000,0.0014,0.0030,0.0000,0.0000,0.000000,0.0010,1.3421,73527.52,0.0000,0.0000,0.0000,0.0000,0.5900,339.83,0.5800,79.15,0.5700,51.00,0.5600,81.00,0.5500,216.00,0.6000,135.34,0.6100,62.35,0.6200,108.00,0.6300,81.00,0.6400,134.14,0.4000,135.34,0.3900,62.35,0.3800,108.00,0.3700,81.00,0.3600,134.14,0.4100,339.83,0.4200,79.15,0.4300,51.00,0.4400,81.00,0.4500,216.00,766.98,520.83,1287.81,520.83,766.98,1287.81,0.0100,0.0100,0.1911,-0.1911,0.5972,0.4028,0.5463,0.3796,0.3796,0.5463,-266.2629,99.9086,99.9086,-266.2629
btc-updown-5m-1780093800,1780093822000,278,73430.14,73527.52,97.38,0.0000,0.0000,0.0008,0.0038,0.0033,0.0033,0.000000,0.0010,0.8168,73527.52,0.0000,0.0000,0.0000,0.0000,0.6000,39.62,0.5900,53.00,0.5800,106.00,0.5700,71.00,0.5600,87.00,0.6100,260.92,0.6200,123.09,0.6300,111.00,0.6400,162.13,0.6500,141.00,0.3900,255.52,0.3800,116.02,0.3700,111.00,0.3600,162.13,0.3500,141.00,0.4000,39.62,0.4100,53.00,0.4200,106.00,0.4300,71.00,0.4400,87.00,356.62,798.14,1154.76,785.67,356.62,1142.29,0.0100,0.0100,-0.3823,0.3756,0.6013,0.3987,0.2597,0.4811,0.4729,0.2597,-340.3916,192.9788,186.3809,-340.3915
btc-updown-5m-1780093800,1780093823000,277,73430.79,73527.52,96.73,0.0000,0.0000,0.0004,0.0043,0.0025,0.0025,0.000000,0.0009,0.5269,73527.52,0.0000,0.0000,0.0000,0.0000,0.6000,91.00,0.5900,93.00,0.5800,86.00,0.5700,97.95,0.5600,87.00,0.6100,61.69,0.6200,154.93,0.6300,76.07,0.6400,213.58,0.6500,96.00,0.3900,61.69,0.3800,154.93,0.3700,76.07,0.3600,213.58,0.3500,96.00,0.4000,91.00,0.4100,93.00,0.4200,86.00,0.4300,97.95,0.4400,87.00,454.95,602.27,1057.22,602.27,454.95,1057.22,0.0100,0.0100,-0.1393,0.1393,0.6060,0.3940,0.4044,0.3597,0.3597,0.4044,-179.1029,55.4913,55.4731,-179.0440
btc-updown-5m-1780093800,1780093824000,276,73430.84,73527.52,96.68,0.0000,0.0000,0.0000,0.0036,0.0020,0.0020,0.000000,0.0007,0.0000,73527.52,0.0000,0.0000,0.0000,0.0000,0.6000,50.05,0.5900,115.31,0.5800,106.00,0.5700,76.11,0.5600,87.00,0.6100,147.00,0.6200,89.02,0.6300,108.00,0.6400,167.59,0.6500,126.00,0.3900,147.00,0.3800,89.02,0.3700,108.00,0.3600,167.59,0.3500,126.00,0.4000,50.05,0.4100,115.31,0.4200,106.00,0.4300,76.11,0.4400,87.00,434.47,637.61,1072.08,637.61,434.47,1072.08,0.0100,0.0100,-0.1895,0.1895,0.6025,0.3975,0.3806,0.3702,0.3702,0.3806,-141.7624,51.1908,51.1908,-141.7623
btc-updown-5m-1780093800,1780093825000,275,73430.87,73527.52,96.65,0.0000,0.0000,0.0000,0.0026,0.0020,0.0017,0.000000,0.0006,0.0000,73527.52,0.0000,0.0000,0.0000,0.0000,0.5800,6.48,0.5700,23.89,0.5600,110.00,0.5500,51.75,0.5400,124.54,0.5900,42.45,0.6000,59.45,0.6100,23.00,0.6200,61.00,0.6300,123.82,0.4100,42.45,0.4000,59.45,0.3900,23.00,0.3800,61.00,0.3700,123.82,0.4200,6.48,0.4300,23.89,0.4400,110.00,0.4500,51.75,0.4600,124.54,316.66,309.72,626.38,309.72,316.66,626.38,0.0100,0.0100,0.0111,-0.0111,0.5813,0.4187,0.0959,0.3290,0.3290,0.0959,-133.9279,-24.2434,-24.2434,-133.9279
btc-updown-5m-1780093800,1780093826000,274,73430.87,73527.52,96.65,0.0000,0.0000,0.0000,0.0012,0.0020,0.0014,0.000000,0.0005,0.0000,73527.52,-0.0000,0.0000,0.0000,0.0000,0.5700,165.22,0.5600,140.00,0.5500,103.00,0.5400,165.54,0.5300,106.00,0.5800,14.00,0.5900,48.08,0.6000,71.10,0.6100,43.00,0.6200,96.36,0.4200,14.00,0.4100,48.08,0.4000,71.10,0.3900,43.00,0.3800,96.36,0.4300,165.22,0.4400,140.00,0.4500,103.00,0.4600,165.54,0.4700,106.00,679.76,272.54,952.30,272.54,679.76,952.30,0.0100,0.0100,0.4276,-0.4276,0.5792,0.4208,0.4490,0.2278,0.2278,0.4490,-53.7609,-27.0097,-27.0052,-53.7519
btc-updown-5m-1780093800,1780093827000,273,73431.11,73527.52,96.41,0.0000,0.0000,0.0032,0.0037,0.0000,0.0013,0.000000,0.0008,3.8623,73527.52,0.0000,0.0000,0.0000,0.0000,0.6000,137.98,0.5900,56.00,0.5800,81.00,0.5700,56.00,0.5600,162.00,0.6100,25.00,0.6200,25.35,0.6300,76.82,0.6400,86.00,0.6500,96.00,0.3900,25.00,0.3800,25.35,0.3700,76.82,0.3600,86.00,0.3500,96.00,0.4000,137.98,0.4100,56.00,0.4200,81.00,0.4300,56.00,0.4400,162.00,492.98,309.17,802.15,309.17,492.98,802.15,0.0100,0.0100,0.2291,-0.2291,0.6085,0.3915,0.3935,0.1629,0.1629,0.3935,-50.0081,-34.1442,-34.1387,-50.0000
btc-updown-5m-1780093800,1780093828000,272,73431.29,73527.52,96.23,0.0000,0.0000,0.0000,0.0032,0.0000,0.0011,0.000000,0.0007,0.0000,73527.52,-0.0000,0.0000,0.0000,0.0000,0.6000,61.19,0.5900,66.00,0.5800,81.00,0.5700,56.00,0.5600,187.00,0.6100,70.02,0.6200,31.00,0.6300,96.00,0.6400,137.62,0.6500,91.00,0.3900,70.02,0.3800,31.00,0.3700,96.00,0.3600,137.62,0.3500,91.00,0.4000,61.19,0.4100,66.00,0.4200,81.00,0.4300,56.00,0.4400,187.00,451.19,425.64,876.83,425.64,451.19,876.83,0.0100,0.0100,0.0291,-0.0291,0.6047,0.3953,0.2819,0.2373,0.2373,0.2819,15.2189,-59.9453,-57.9292,15.2164
btc-updown-5m-1780093800,1780093829000,271,73431.87,73527.52,95.65,0.0000,0.0000,0.0000,0.0032,0.0000,0.0010,0.000000,0.0007,0.0000,73527.52,0.0000,0.0000,0.0000,0.0000,0.6000,112.22,0.5900,94.00,0.5800,81.00,0.5700,56.00,0.5600,187.00,0.6100,8.69,0.6200,52.77,0.6300,86.82,0.6400,151.53,0.6500,76.00,0.3900,8.69,0.3800,52.77,0.3700,86.82,0.3600,151.53,0.3500,76.00,0.4000,112.22,0.4100,94.00,0.4200,81.00,0.4300,56.00,0.4400,187.00,530.22,375.81,906.03,375.81,530.22,906.03,0.0100,0.0100,0.1704,-0.1704,0.6093,0.3907,0.3889,0.1635,0.1635,0.3889,7.8499,-32.7783,-32.7730,7.8487
btc-updown-5m-1780093800,1780093830000,270,73431.56,73527.51,95.95,-0.0000,-0.0000,0.0366,0.0398,0.0020,0.0018,0.000004,0.0037,9.9655,73527.51,-0.0000,-0.0000,-0.0130,-0.0000,0.6100,60.71,0.6000,51.00,0.5900,89.00,0.5800,81.00,0.5700,56.00,0.6200,89.47,0.6300,118.00,0.6400,151.56,0.6500,106.00,0.6600,193.87,0.3800,89.47,0.3700,118.00,0.3600,151.56,0.3500,106.00,0.3400,193.87,0.3900,60.71,0.4000,51.00,0.4100,89.00,0.4200,81.00,0.4300,56.00,337.71,658.90,996.61,658.90,337.71,996.61,0.0100,0.0100,-0.3223,0.3223,0.6140,0.3860,0.3308,0.3149,0.3149,0.3308,-23.2034,3.9618,3.9618,-23.2034
btc-updown-5m-1780093800,1780093831000,269,73431.82,73527.52,95.70,0.0000,0.0000,0.0072,0.0470,0.0040,0.0025,0.000006,0.0039,1.8130,73527.51,0.0000,0.0000,0.0130,0.0000,0.5900,38.33,0.5800,53.00,0.5700,76.00,0.5600,192.00,0.5500,103.09,0.6000,156.48,0.6100,66.17,0.6200,52.61,0.6300,91.42,0.6400,171.00,0.4000,156.48,0.3900,66.17,0.3800,52.61,0.3700,91.42,0.3600,171.00,0.4100,38.33,0.4200,53.00,0.4300,76.00,0.4400,192.00,0.4500,103.09,462.42,537.68,1000.10,537.68,462.42,1000.10,0.0100,0.0100,-0.0753,0.0753,0.5920,0.4080,0.1975,0.4141,0.4141,0.1975,28.9093,55.8420,55.8328,28.9045
btc-updown-5m-1780093800,1780093832000,268,73431.83,73527.52,95.69,0.0000,0.0000,0.0000,0.0438,0.0040,0.0023,0.000005,0.0037,0.0000,73527.51,0.0000,0.0000,0.0000,0.0000,0.5900,59.01,0.5800,68.00,0.5700,76.00,0.5600,192.00,0.5500,103.09,0.6000,54.53,0.6100,46.17,0.6200,52.61,0.6300,136.42,0.6400,96.00,0.4000,54.53,0.3900,46.17,0.3800,52.61,0.3700,136.42,0.3600,96.00,0.4100,59.01,0.4200,68.00,0.4300,76.00,0.4400,192.00,0.4500,103.09,498.10,385.73,883.83,385.73,498.10,883.83,0.0100,0.0100,0.1271,-0.1271,0.5952,0.4048,0.2550,0.2611,0.2611,0.2550,-41.7485,19.2018,19.1986,-41.7416
btc-updown-5m-1780093800,1780093833000,267,73431.83,73527.52,95.69,0.0000,0.0000,0.0152,0.0590,0.0060,0.0029,0.000005,0.0044,3.4319,73527.51,0.0000,0.0000,0.0000,0.0000,0.5900,58.28,0.5800,68.00,0.5700,71.00,0.5600,197.00,0.5500,103.09,0.6000,32.65,0.6100,66.17,0.6200,36.65,0.6300,173.04,0.6400,126.00,0.4000,32.65,0.3900,66.17,0.3800,36.65,0.3700,173.04,0.3600,126.00,0.4100,58.28,0.4200,68.00,0.4300,71.00,0.4400,197.00,0.4500,103.09,497.37,434.51,931.88,434.51,497.37,931.88,0.0100,0.0100,0.0675,-0.0675,0.5964,0.4036,0.2539,0.2274,0.2274,0.2539,-5.0026,6.1709,6.1709,-5.0026
btc-updown-5m-1780093800,1780093834000,266,73431.87,73530.00,98.13,0.0034,0.0034,0.1789,0.2379,0.5020,0.1680,0.000841,0.0153,11.6653,73529.33,0.0008,0.0009,3.3097,0.0000,0.5900,70.04,0.5800,68.00,0.5700,66.00,0.5600,197.00,0.5500,103.09,0.6000,14.32,0.6100,36.17,0.6200,46.65,0.6300,148.04,0.6400,121.00,0.4000,14.32,0.3900,36.17,0.3800,46.65,0.3700,148.04,0.3600,121.00,0.4100,70.04,0.4200,68.00,0.4300,66.00,0.4400,197.00,0.4500,103.09,504.13,366.18,870.31,366.18,504.13,870.31,0.0100,0.0100,0.1585,-0.1585,0.5983,0.4017,0.2738,0.1379,0.1379,0.2738,-2.3601,8.0074,8.0088,-2.3605
btc-updown-5m-1780093800,1780093835000,265,73431.86,73530.00,98.14,0.0000,0.0034,0.0130,0.2143,0.5000,0.1575,0.000816,0.0152,0.8547,73529.36,0.0008,0.0009,0.0000,0.0000,0.6600,353.95,0.6500,78.60,0.6400,94.96,0.6300,74.00,0.6200,105.96,0.6700,94.05,0.6800,177.87,0.6900,162.94,0.7000,119.00,0.7100,113.42,0.3300,94.05,0.3200,177.87,0.3100,162.94,0.3000,119.00,0.2900,113.42,0.3400,353.95,0.3500,78.60,0.3600,94.96,0.3700,74.00,0.3800,105.96,707.47,667.28,1374.75,667.28,707.47,1374.75,0.0100,0.0100,0.0292,-0.0292,0.6679,0.3321,0.6114,0.4075,0.4075,0.6114,32.4408,47.5525,45.3812,31.8894
btc-updown-5m-1780093800,1780093836000,264,73432.09,73530.00,97.91,0.0000,0.0034,0.0007,0.2078,0.4980,0.1482,0.000794,0.0144,0.0472,73529.36,0.0004,0.0009,0.0000,0.0000,0.6500,13.91,0.6400,10.00,0.6300,84.00,0.6200,74.00,0.6100,68.00,0.6600,653.16,0.6700,102.51,0.6800,202.05,0.6900,161.00,0.7000,92.00,0.3400,653.16,0.3300,102.51,0.3200,202.05,0.3100,161.00,0.3000,92.00,0.3500,13.91,0.3600,10.00,0.3700,84.00,0.3800,74.00,0.3900,68.00,249.91,1210.72,1460.63,1210.72,249.91,1460.63,0.0100,0.0100,-0.6578,0.6578,0.6502,0.3498,0.0957,0.6241,0.6241,0.0957,-18.1699,100.4604,100.4441,-18.1669
btc-updown-5m-1780093800,1780093837000,263,73435.27,73530.00,94.73,0.0000,0.0034,0.0022,0.2100,0.4980,0.1400,0.000773,0.0138,0.1600,73529.37,0.0002,0.0009,0.0000,0.0000,0.6500,144.87,0.6400,28.00,0.6300,89.00,0.6200,87.46,0.6100,68.00,0.6600,212.58,0.6700,129.51,0.6800,207.05,0.6900,146.00,0.7000,92.00,0.3400,212.58,0.3300,129.51,0.3200,207.05,0.3100,146.00,0.3000,92.00,0.3500,144.87,0.3600,28.00,0.3700,89.00,0.3800,87.46,0.3900,68.00,417.33,787.14,1204.47,787.14,417.33,1204.47,0.0100,0.0100,-0.3070,0.3070,0.6541,0.3459,0.4142,0.4346,0.4346,0.4142,-5.7072,41.9506,41.9438,-5.7063
btc-updown-5m-1780093800,1780093838000,262,73434.77,73530.00,95.23,0.0000,0.0034,0.0011,0.1959,0.4960,0.1326,0.000753,0.0131,0.0861,73529.37,0.0002,0.0009,0.0000,0.0000,0.6500,270.27,0.6400,41.00,0.6300,92.96,0.6200,79.00,0.6100,76.00,0.6600,82.75,0.6700,114.51,0.6800,207.05,0.6900,207.65,0.7000,92.00,0.3400,82.75,0.3300,114.51,0.3200,207.05,0.3100,207.65,0.3000,92.00,0.3500,270.27,0.3600,41.00,0.3700,92.96,0.3800,79.00,0.3900,76.00,559.23,703.96,1263.19,703.96,559.23,1263.19,0.0100,0.0100,-0.1146,0.1146,0.6577,0.3423,0.5566,0.2802,0.2802,0.5566,9.9658,51.8797,51.8797,9.9658
btc-updown-5m-1780093800,1780093839000,261,73434.77,73530.00,95.23,0.0000,0.0000,0.5399,0.5569,0.0020,0.1265,0.000735,0.0382,14.1318,73529.79,0.0000,0.0003,0.0000,0.0000,0.6500,213.92,0.6400,31.00,0.6300,92.96,0.6200,79.11,0.6100,76.00,0.6600,52.21,0.6700,116.25,0.6800,207.05,0.6900,177.65,0.7000,97.00,0.3400,52.21,0.3300,116.25,0.3200,207.05,0.3100,177.65,0.3000,97.00,0.3500,213.92,0.3600,31.00,0.3700,92.96,0.3800,79.11,0.3900,76.00,492.99,650.16,1143.15,650.16,492.99,1143.15,0.0100,0.0100,-0.1375,0.1375,0.6580,0.3420,0.4968,0.2591,0.2591,0.4968,-0.7532,37.0851,37.0851,-0.7532
btc-updown-5m-1780093800,1780093840000,260,73434.50,73530.00,95.50,0.0000,0.0000,0.0239,0.5678,0.0020,0.1205,0.000718,0.0376,0.6354,73529.80,0.0000,0.0003,0.0000,0.0000,0.6400,94.04,0.6300,125.00,0.6200,93.00,0.6100,173.50,0.6000,41.40,0.6500,58.80,0.6600,85.29,0.6700,114.54,0.6800,207.05,0.6900,181.65,0.3500,58.80,0.3400,85.29,0.3300,114.54,0.3200,207.05,0.3100,181.65,0.3600,94.04,0.3700,125.00,0.3800,93.00,0.3900,173.50,0.4000,41.40,526.94,647.33,1174.27,647.33,526.94,1174.27,0.0100,0.0100,-0.1025,0.1025,0.6462,0.3538,0.4157,0.2226,0.2226,0.4157,-123.3001,63.7782,63.7559,-123.2569
btc-updown-5m-1780093800,1780093841000,259,73434.51,73530.00,95.49,0.0000,0.0000,0.0081,0.5752,0.0040,0.1155,0.000703,0.0363,0.2239,73529.80,-0.0000,0.0003,0.0000,0.0000,0.6400,38.17,0.6300,170.00,0.6200,98.00,0.6100,213.50,0.6000,41.40,0.6500,107.10,0.6600,78.54,0.6700,72.51,0.6800,202.05,0.6900,136.65,0.3500,107.10,0.3400,78.54,0.3300,72.51,0.3200,202.05,0.3100,136.65,0.3600,38.17,0.3700,170.00,0.3800,98.00,0.3900,213.50,0.4000,41.40,561.07,596.85,1157.92,596.85,561.07,1157.92,0.0100,0.0100,-0.0309,0.0309,0.6426,0.3574,0.3710,0.3110,0.3110,0.3710,-24.5103,-11.7914,-11.7914,-24.5103
btc-updown-5m-1780093800,1780093842000,258,73434.92,73530.00,95.08,0.0000,0.0000,0.0011,0.5741,0.0040,0.1104,0.000688,0.0348,0.0328,73529.80,0.0000,0.0003,0.0000,0.0000,0.6300,57.89,0.6200,105.00,0.6100,219.50,0.6000,41.40,0.5900,86.40,0.6400,34.25,0.6500,21.00,0.6600,51.87,0.6700,96.00,0.6800,205.86,0.3600,34.25,0.3500,21.00,0.3400,51.87,0.3300,96.00,0.3200,205.86,0.3700,57.89,0.3800,105.00,0.3900,219.50,0.4000,41.40,0.4100,86.40,510.19,408.98,919.17,408.98,510.19,919.17,0.0100,0.0100,0.1101,-0.1101,0.6363,0.3637,0.3193,0.1351,0.1351,0.3193,42.6457,-138.0927,-138.0927,42.6457
btc-updown-5m-1780093800,1780093843000,257,73435.48,73530.00,94.52,0.0000,0.0000,0.0003,0.5733,0.0040,0.1058,0.000674,0.0334,0.0075,73529.80,-0.0000,0.0003,0.0000,0.0000,0.6200,80.88,0.6100,124.68,0.6000,66.40,0.5900,146.82,0.5800,106.30,0.6400,54.24,0.6500,46.00,0.6600,32.21,0.6700,86.00,0.6800,200.05,0.3600,54.24,0.3500,46.00,0.3400,32.21,0.3300,86.00,0.3200,200.05,0.3800,80.88,0.3900,124.68,0.4000,66.40,0.4100,146.82,0.4200,106.30,525.08,418.50,943.58,418.50,525.08,943.58,0.0200,0.0200,0.1130,-0.1130,0.6320,0.3680,0.3915,0.2395,0.2395,0.3915,19.8281,-81.6391,-81.6391,19.8281
btc-updown-5m-1780093800,1780093844000,256,73435.48,73530.00,94.52,0.0000,0.0000,0.1034,0.1368,0.0020,0.1016,0.000661,0.0361,2.8629,73529.82,0.0000,0.0002,0.0000,0.0000,0.6200,51.38,0.6100,141.68,0.6000,66.40,0.5900,166.82,0.5800,118.75,0.6300,14.12,0.6400,26.97,0.6500,21.00,0.6600,52.21,0.6700,95.88,0.3700,14.12,0.3600,26.97,0.3500,21.00,0.3400,52.21,0.3300,95.88,0.3800,51.38,0.3900,141.68,0.4000,66.40,0.4100,166.82,0.4200,118.75,545.03,210.18,755.21,210.18,545.03,755.21,0.0100,0.0100,0.4434,-0.4434,0.6278,0.3722,0.3542,0.1955,0.1955,0.3542,-2.5627,-89.1139,-89.1139,-2.5627
btc-updown-5m-1780093800,1780093845000,255,73435.18,73530.00,94.82,0.0000,0.0000,0.0000,0.1129,0.0020,0.0977,0.000649,0.0348,0.0000,73529.82,-0.0000,0.0002,0.0000,0.0000,0.6300,141.40,0.6200,60.38,0.6100,264.50,0.6000,66.40,0.5900,131.40,0.6400,13.50,0.6500,37.15,0.6600,22.21,0.6700,86.00,0.6800,200.05,0.3600,13.50,0.3500,37.15,0.3400,22.21,0.3300,86.00,0.3200,200.05,0.3700,141.40,0.3800,60.38,0.3900,264.50,0.4000,66.40,0.4100,131.40,664.08,358.91,1022.99,358.91,664.08,1022.99,0.0100,0.0100,0.2983,-0.2983,0.6391,0.3609,0.3038,0.1411,0.1411,0.3038,9.4759,-46.2186,-46.2107,9.4742
btc-updown-5m-1780093800,1780093846000,254,73434.86,73530.00,95.14,0.0000,0.0000,0.0256,0.1304,0.0000,0.0941,0.000637,0.0345,0.7428,73529.83,0.0000,0.0002,0.0000,0.0000,0.5900,51.86,0.5800,146.72,0.5700,226.30,0.5600,106.30,0.5500,511.30,0.6200,25.00,0.6300,5.00,0.6400,13.50,0.6500,37.15,0.6600,22.21,0.3800,25.00,0.3700,5.00,0.3600,13.50,0.3500,37.15,0.3400,22.21,0.4100,51.86,0.4200,146.72,0.4300,226.30,0.4400,106.30,0.4500,511.30,1042.48,102.86,1145.34,102.86,1042.48,1145.34,0.0300,0.0300,0.8204,-0.8204,0.6102,0.3898,0.1905,0.2917,0.2917,0.1905,86.7885,-120.3928,-120.3928,86.7885
btc-updown-5m-1780093800,1780093847000,253,73435.38,73530.00,94.62,0.0000,0.0000,0.0004,0.1297,0.0000,0.0907,0.000626,0.0333,0.0126,73529.83,-0.0000,0.0002,0.0000,0.0000,0.6000,8.59,0.5900,160.62,0.5800,86.30,0.5700,191.30,0.5600,111.30,0.6200,14.38,0.6300,36.11,0.6400,110.00,0.6500,56.00,0.6600,52.21,0.3800,14.38,0.3700,36.11,0.3600,110.00,0.3500,56.00,0.3400,52.21,0.4000,8.59,0.4100,160.62,0.4200,86.30,0.4300,191.30,0.4400,111.30,558.11,268.70,826.81,268.70,558.11,826.81,0.0200,0.0200,0.3500,-0.3500,0.6075,0.3925,0.3032,0.1879,0.1879,0.3032,-0.4789,-53.0901,-53.0901,-0.4789
btc-updown-5m-1780093800,1780093848000,252,73435.63,73530.00,94.37,0.0000,0.0000,0.0004,0.1298,0.0000,0.0876,0.000615,0.0322,0.0118,73529.83,0.0000,0.0002,0.0000,0.0000,0.5900,105.72,0.5800,86.30,0.5700,191.30,0.5600,118.48,0.5500,386.30,0.6100,15.32,0.6200,16.00,0.6300,18.00,0.6400,140.00,0.6500,66.00,0.3900,15.32,0.3800,16.00,0.3700,18.00,0.3600,140.00,0.3500,66.00,0.4100,105.72,0.4200,86.30,0.4300,191.30,0.4400,118.48,0.4500,386.30,888.10,255.32,1143.42,255.32,888.10,1143.42,0.0200,0.0200,0.5534,-0.5534,0.6075,0.3925,0.2162,0.1227,0.1227,0.2162,64.4250,-27.4844,-27.4844,64.4250
btc-updown-5m-1780093800,1780093849000,251,73436.00,73530.00,94.00,0.0000,0.0000,0.0017,0.0281,0.0000,0.0847,0.000605,0.0312,0.0539,73529.83,-0.0000,0.0002,0.0000,0.0000,0.5600,87.89,0.5500,357.15,0.5400,76.20,0.5300,366.20,0.5200,66.20,0.6000,8.51,0.6100,22.00,0.6200,51.63,0.6300,48.47,0.6400,140.00,0.4000,8.51,0.3900,22.00,0.3800,51.63,0.3700,48.47,0.3600,140.00,0.4400,87.89,0.4500,357.15,0.4600,76.20,0.4700,366.20,0.4800,66.20,953.64,270.61,1224.25,270.61,953.64,1224.25,0.0400,0.0400,0.5579,-0.5579,0.5965,0.4035,0.4667,0.1127,0.1127,0.4667,70.6845,-24.3922,-24.3922,70.6845
btc-updown-5m-1780093800,1780093850000,250,73436.00,73530.00,94.00,0.0000,0.0000,0.0017,0.0298,0.0000,0.0847,0.000605,0.0312,0.0544,73529.83,0.0000,0.0002,0.0000,0.0000,0.6000,213.61,0.5900,84.62,0.5800,56.00,0.5700,201.00,0.5600,66.30,0.6100,30.00,0.6200,67.74,0.6300,19.70,0.6400,110.00,0.6500,56.00,0.3900,30.00,0.3800,67.74,0.3700,19.70,0.3600,110.00,0.3500,56.00,0.4000,213.61,0.4100,84.62,0.4200,56.00,0.4300,201.00,0.4400,66.30,621.53,283.44,904.97,283.44,621.53,904.97,0.0100,0.0100,0.3736,-0.3736,0.6088,0.3912,0.4798,0.3448,0.3448,0.4798,6.6302,16.0827,16.0799,6.6290
btc-updown-5m-1780093800,1780093851000,249,73435.64,73530.00,94.36,0.0000,0.0000,0.0012,0.0054,0.0000,0.0847,0.000605,0.0312,0.0397,73529.83,0.0000,0.0002,0.0000,0.0000,0.5800,156.47,0.5700,56.00,0.5600,66.30,0.5500,373.15,0.5400,71.20,0.6100,15.95,0.6200,21.00,0.6300,49.70,0.6400,166.00,0.6500,74.98,0.3900,15.95,0.3800,21.00,0.3700,49.70,0.3600,166.00,0.3500,74.98,0.4200,156.47,0.4300,56.00,0.4400,66.30,0.4500,373.15,0.4600,71.20,723.12,327.63,1050.75,327.63,723.12,1050.75,0.0300,0.0300,0.3764,-0.3764,0.6072,0.3928,0.2938,0.1128,0.1128,0.2938,10.3860,-5.8839,-5.8839,10.3860
btc-updown-5m-1780093800,1780093852000,248,73436.00,73530.00,94.00,0.0000,0.0000,0.0049,0.0099,0.0000,0.0843,0.000605,0.0314,0.1560,73529.84,0.0000,0.0002,0.0000,0.0000,0.5800,122.00,0.5600,28.24,0.5500,378.15,0.5400,76.20,0.5300,366.20,0.5900,17.00,0.6000,31.00,0.6100,21.00,0.6200,46.00,0.6300,44.70,0.4100,17.00,0.4000,31.00,0.3900,21.00,0.3800,46.00,0.3700,44.70,0.4200,122.00,0.4400,28.24,0.4500,378.15,0.4600,76.20,0.4700,366.20,970.79,159.70,1130.49,159.70,970.79,1130.49,0.0100,0.0100,0.7175,-0.7175,0.5888,0.4112,0.1548,0.3006,0.3006,0.1548,54.6532,-11.6446,-11.6490,54.6742
btc-updown-5m-1780093800,1780093853000,247,73436.12,73530.00,93.88,0.0000,0.0000,0.0000,0.0095,0.0000,0.0843,0.000605,0.0313,0.0000,73529.84,-0.0000,0.0002,0.0000,0.0000,0.5600,124.93,0.5500,221.99,0.5400,76.20,0.5300,366.20,0.5200,66.20,0.5700,319.63,0.5800,442.55,0.5900,26.00,0.6000,36.00,0.6100,46.00,0.4300,319.63,0.4200,442.55,0.4100,26.00,0.4000,36.00,0.3900,46.00,0.4400,124.93,0.4500,221.99,0.4600,76.20,0.4700,366.20,0.4800,66.20,855.52,870.18,1725.70,870.18,855.52,1725.70,0.0100,0.0100,-0.0085,0.0085,0.5628,0.4372,0.4055,0.8759,0.8759,0.4055,77.1676,106.8898,106.8898,77.1676
btc-updown-5m-1780093800,1780093854000,246,73436.18,73530.00,93.82,0.0000,0.0000,0.0000,0.0078,0.0000,0.0843,0.000605,0.0313,0.0000,73529.84,0.0000,0.0002,0.0000,0.0000,0.5600,55.00,0.5500,35.30,0.5400,109.30,0.5300,357.02,0.5200,36.20,0.5700,488.19,0.5800,459.55,0.5900,26.00,0.6000,26.00,0.6100,16.00,0.4300,488.19,0.4200,459.55,0.4100,26.00,0.4000,26.00,0.3900,16.00,0.4400,55.00,0.4500,35.30,0.4600,109.30,0.4700,357.02,0.4800,36.20,592.82,1015.74,1608.56,1015.74,592.82,1608.56,0.0100,0.0100,-0.2629,0.2629,0.5610,0.4390,0.1523,0.9331,0.9331,0.1523,2.5960,131.5177,131.5177,2.5960
btc-updown-5m-1780093800,1780093855000,245,73436.18,73529.99,93.81,-0.0000,-0.0000,0.0009,0.0070,0.0020,0.0847,0.000606,0.0313,0.0284,73529.84,-0.0000,0.0002,-0.0128,-0.0000,0.5500,13.82,0.5400,325.30,0.5300,384.02,0.5200,66.20,0.5100,88.96,0.5600,43.00,0.5700,173.68,0.5800,442.55,0.5900,26.00,0.6000,66.00,0.4400,43.00,0.4300,173.68,0.4200,442.55,0.4100,26.00,0.4000,66.00,0.4500,13.82,0.4600,325.30,0.4700,384.02,0.4800,66.20,0.4900,88.96,878.30,751.23,1629.53,751.23,878.30,1629.53,0.0100,0.0100,0.0780,-0.0780,0.5524,0.4476,0.3861,0.2884,0.2884,0.3861,48.1382,82.6715,82.6715,48.1382
btc-updown-5m-1780093800,1780093856000,244,73436.53,73530.00,93.47,0.0000,0.0000,0.0055,0.0113,0.0040,0.0850,0.000605,0.0315,0.1758,73529.84,0.0000,0.0002,0.0127,0.0000,0.5600,424.00,0.5500,38.00,0.5400,138.85,0.5300,352.02,0.5200,51.20,0.5700,50.02,0.5800,459.55,0.5900,26.00,0.6000,36.00,0.6100,46.00,0.4300,50.02,0.4200,459.55,0.4100,26.00,0.4000,36.00,0.3900,46.00,0.4400,424.00,0.4500,38.00,0.4600,138.85,0.4700,352.02,0.4800,51.20,1004.07,617.57,1621.64,617.57,1004.07,1621.64,0.0100,0.0100,0.2383,-0.2383,0.5689,0.4311,0.4601,0.8251,0.8251,0.4601,62.3944,54.4985,54.4985,62.3944
btc-updown-5m-1780093800,1780093857000,243,73435.89,73530.00,94.11,0.0000,0.0000,0.0000,0.0064,0.0040,0.0850,0.000605,0.0315,0.0000,73529.84,0.0000,0.0002,0.0000,0.0000,0.5300,21.65,0.5200,25.00,0.5100,46.00,0.5000,52.00,0.4900,53.08,0.5400,598.98,0.5500,122.83,0.5600,138.00,0.5700,70.64,0.5800,472.55,0.4600,598.98,0.4500,122.83,0.4400,138.00,0.4300,70.64,0.4200,472.55,0.4700,21.65,0.4800,25.00,0.4900,46.00,0.5000,52.00,0.5100,53.08,197.73,1403.00,1600.73,1403.00,197.73,1600.73,0.0100,0.0100,-0.7530,0.7530,0.5303,0.4697,0.2359,0.5145,0.5145,0.2359,-89.4342,204.4469,204.4469,-89.4342
btc-updown-5m-1780093800,1780093858000,242,73436.19,73529.46,93.27,-0.0007,-0.0007,0.8219,0.8283,0.1120,0.1030,0.000624,0.0579,14.1880,73529.67,-0.0000,-0.0003,-0.6850,-0.0000,0.5300,173.62,0.5200,15.00,0.5100,15.00,0.5000,26.00,0.4900,31.00,0.5400,501.41,0.5500,92.83,0.5600,98.00,0.5700,63.64,0.5800,472.55,0.4600,501.41,0.4500,92.83,0.4400,98.00,0.4300,63.64,0.4200,472.55,0.4700,173.62,0.4800,15.00,0.4900,15.00,0.5000,26.00,0.5100,31.00,260.62,1228.43,1489.05,1228.43,260.62,1489.05,0.0100,0.0100,-0.6500,0.6500,0.5326,0.4674,0.7237,0.4837,0.4837,0.7237,-73.1656,179.3077,179.3077,-73.1656
btc-updown-5m-1780093800,1780093859000,241,73435.10,73529.45,94.35,-0.0000,-0.0007,0.0001,0.8285,0.1140,0.1033,0.000624,0.0579,0.0022,73529.67,-0.0000,-0.0003,-0.0128,-0.0000,0.4400,24.58,0.4300,3.58,0.4200,5.07,0.4100,605.40,0.4000,25.40,0.4500,116.72,0.4600,20.00,0.4700,69.97,0.4800,24.83,0.4900,108.48,0.5500,116.72,0.5400,20.00,0.5300,69.97,0.5200,24.83,0.5100,108.48,0.5600,24.58,0.5700,3.58,0.5800,5.07,0.5900,605.40,0.6000,25.40,664.03,340.00,1004.03,340.00,664.03,1004.03,0.0100,0.0100,0.3227,-0.3227,0.4417,0.5583,0.0424,0.4021,0.4021,0.0424,-37.5352,-45.2915,-45.2915,-37.5352
btc-updown-5m-1780093800,1780093860000,240,73434.30,73529.46,95.16,0.0000,-0.0007,0.0047,0.8322,0.1140,0.1033,0.000624,0.0581,0.0802,73529.67,-0.0000,-0.0003,0.0129,0.0000,0.4700,18.61,0.4600,71.70,0.4500,23.00,0.4400,31.00,0.4300,124.58,0.4800,230.74,0.4900,139.09,0.5000,156.00,0.5100,221.00,0.5200,98.00,0.5200,230.74,0.5100,139.09,0.5000,156.00,0.4900,221.00,0.4800,98.00,0.5300,18.61,0.5400,71.70,0.5500,23.00,0.5600,31.00,0.5700,124.58,268.89,844.83,1113.72,844.83,268.89,1113.72,0.0100,0.0100,-0.5171,0.5171,0.4707,0.5293,0.3359,0.4378,0.4378,0.3359,-53.8895,-28.4329,-28.4329,-53.8895
btc-updown-5m-1780093800,1780093861000,239,73430.60,73529.46,98.86,0.0000,-0.0007,0.0000,0.8267,0.1120,0.1030,0.000624,0.0569,0.0000,73529.72,-0.0000,-0.0003,0.0000,0.0000,0.4700,362.40,0.4600,97.70,0.4500,56.00,0.4400,61.00,0.4300,59.58,0.5800,335.86,0.5900,10.00,0.6000,50.00,0.6100,46.00,0.6200,66.00,0.4200,335.86,0.4100,10.00,0.4000,50.00,0.3900,46.00,0.3800,66.00,0.5300,362.40,0.5400,97.70,0.5500,56.00,0.5600,61.00,0.5700,59.58,636.68,507.86,1144.54,507.86,636.68,1144.54,0.1100,0.1100,0.1126,-0.1126,0.5271,0.4729,0.7227,0.6810,0.6810,0.7227,0.2008,-44.4710,-44.4710,0.2008
btc-updown-5m-1780093800,1780093862000,238,73428.81,73529.46,100.65,0.0000,-0.0007,0.0000,0.8267,0.1120,0.1030,0.000624,0.0567,0.0000,73529.72,0.0000,-0.0004,0.0000,0.0000,0.5500,211.18,0.5400,43.07,0.5300,20.00,0.5200,346.00,0.5100,28.00,0.5800,278.77,0.5900,23.00,0.6000,59.89,0.6100,86.00,0.6200,106.00,0.4200,278.77,0.4100,23.00,0.4000,59.89,0.3900,86.00,0.3800,106.00,0.4500,211.18,0.4600,43.07,0.4700,20.00,0.4800,346.00,0.4900,28.00,648.25,553.66,1201.91,553.66,648.25,1201.91,0.0300,0.0300,0.0787,-0.0787,0.5629,0.4371,0.3922,0.5450,0.5450,0.3922,-48.6618,-45.9515,-45.9515,-48.6618
btc-updown-5m-1780093800,1780093863000,237,73430.38,73529.46,99.08,0.0000,0.0000,0.0000,0.0048,0.0040,0.1027,0.000624,0.0567,0.0000,73529.72,0.0000,-0.0004,0.0000,0.0000,0.5700,364.43,0.5600,180.16,0.5500,57.97,0.5400,39.37,0.5300,57.00,0.5800,17.64,0.5900,45.00,0.6000,26.00,0.6100,130.89,0.6200,116.00,0.4200,17.64,0.4100,45.00,0.4000,26.00,0.3900,130.89,0.3800,116.00,0.4300,364.43,0.4400,180.16,0.4500,57.97,0.4600,39.37,0.4700,57.00,698.93,335.53,1034.46,335.53,698.93,1034.46,0.0100,0.0100,0.3513,-0.3513,0.5795,0.4205,0.7792,0.1867,0.1867,0.7792,79.5926,-184.5190,-184.5190,79.5926
btc-updown-5m-1780093800,1780093864000,236,73430.90,73529.45,98.55,-0.0000,0.0000,0.0350,0.0397,0.0040,0.0203,0.000132,0.0573,0.6114,73529.74,-0.0000,-0.0004,-0.0134,-0.0000,0.5900,223.27,0.5800,50.00,0.5700,44.34,0.5600,150.16,0.5500,34.00,0.6000,83.26,0.6100,86.00,0.6200,106.00,0.6300,244.02,0.6400,189.60,0.4000,83.26,0.3900,86.00,0.3800,106.00,0.3700,244.02,0.3600,189.60,0.4100,223.27,0.4200,50.00,0.4300,44.34,0.4400,150.16,0.4500,34.00,501.77,708.88,1210.65,708.88,501.77,1210.65,0.0100,0.0100,-0.1711,0.1711,0.5973,0.4027,0.5446,0.2388,0.2388,0.5446,73.8717,-181.3989,-86.1894,40.0050
btc-updown-5m-1780093800,1780093865000,235,73431.69,73529.45,97.76,0.0000,-0.0000,0.0000,0.0350,0.0020,0.0203,0.000132,0.0515,0.0000,73529.71,-0.0000,-0.0004,0.0000,0.0000,0.5900,223.27,0.5800,50.00,0.5700,44.34,0.5600,150.16,0.5500,34.00,0.6000,83.26,0.6100,86.00,0.6200,106.00,0.6300,244.02,0.6400,189.60,0.4000,83.26,0.3900,86.00,0.3800,106.00,0.3700,244.02,0.3600,189.60,0.4100,223.27,0.4200,50.00,0.4300,44.34,0.4400,150.16,0.4500,34.00,501.77,708.88,1210.65,708.88,501.77,1210.65,0.0100,0.0100,-0.1711,0.1711,0.5973,0.4027,0.5446,0.2388,0.2388,0.5446,19.6649,64.3897,64.3897,19.6649
btc-updown-5m-1780093800,1780093866000,234,73431.43,73529.46,98.03,0.0000,0.0000,0.0004,0.0354,0.0040,0.0207,0.000132,0.0511,0.0072,73529.71,0.0000,-0.0003,0.0133,0.0000,0.6000,245.51,0.5900,70.31,0.5800,43.00,0.5700,46.00,0.5600,129.74,0.6100,96.21,0.6200,121.00,0.6300,204.70,0.6400,128.60,0.6500,126.70,0.3900,96.21,0.3800,121.00,0.3700,204.70,0.3600,128.60,0.3500,126.70,0.4000,245.51,0.4100,70.31,0.4200,43.00,0.4300,46.00,0.4400,129.74,534.56,677.21,1211.77,677.21,534.56,1211.77,0.0100,0.0100,-0.1177,0.1177,0.6072,0.3928,0.5908,0.3207,0.3207,0.5908,47.5717,-44.6302,-44.6302,47.5717
btc-updown-5m-1780093800,1780093867000,233,73430.96,73529.46,98.50,0.0000,0.0000,0.0000,0.0354,0.0040,0.0207,0.000132,0.0511,0.0000,73529.71,0.0000,-0.0003,0.0000,0.0000,0.6000,277.51,0.5900,85.31,0.5800,43.00,0.5700,61.00,0.5600,159.74,0.6100,64.57,0.6200,104.89,0.6300,220.51,0.6400,128.60,0.6500,81.70,0.3900,64.57,0.3800,104.89,0.3700,220.51,0.3600,128.60,0.3500,81.70,0.4000,277.51,0.4100,85.31,0.4200,43.00,0.4300,61.00,0.4400,159.74,626.56,600.27,1226.83,600.27,626.56,1226.83,0.0100,0.0100,0.0214,-0.0214,0.6081,0.3919,0.5791,0.2823,0.2823,0.5791,-12.4434,15.9391,15.9391,-12.4434
btc-updown-5m-1780093800,1780093868000,232,73430.96,73529.45,98.49,-0.0000,-0.0000,0.0075,0.0429,0.0060,0.0210,0.000132,0.0513,0.1461,73529.70,-0.0000,-0.0003,-0.0134,-0.0000,0.6400,36.23,0.6300,96.00,0.6200,330.08,0.6100,282.85,0.6000,136.07,0.6500,109.97,0.6600,102.21,0.6700,87.41,0.6800,105.50,0.6900,124.10,0.3500,109.97,0.3400,102.21,0.3300,87.41,0.3200,105.50,0.3100,124.10,0.3600,36.23,0.3700,96.00,0.3800,330.08,0.3900,282.85,0.4000,136.07,881.23,529.19,1410.42,529.19,881.23,1410.42,0.0100,0.0100,0.2496,-0.2496,0.6425,0.3575,0.1501,0.4010,0.4010,0.1501,116.9151,6.3750,6.3750,116.9151
btc-updown-5m-1780093800,1780093869000,231,73430.96,73529.46,98.50,0.0000,0.0000,0.0415,0.0494,0.0060,0.0210,0.000132,0.0526,0.7894,73529.70,0.0000,-0.0003,0.0134,0.0000,0.6400,278.28,0.6300,113.40,0.6200,161.00,0.6100,139.51,0.6000,116.00,0.6500,122.36,0.6600,97.21,0.6700,106.97,0.6800,130.50,0.6900,100.50,0.3500,122.36,0.3400,97.21,0.3300,106.97,0.3200,130.50,0.3100,100.50,0.3600,278.28,0.3700,113.40,0.3800,161.00,0.3900,139.51,0.4000,116.00,808.19,557.54,1365.73,557.54,808.19,1365.73,0.0100,0.0100,0.1835,-0.1835,0.6469,0.3531,0.4846,0.3938,0.3938,0.4846,44.5195,33.2215,33.2215,44.5195
btc-updown-5m-1780093800,1780093870000,230,73430.96,73529.46,98.50,0.0000,0.0000,0.0031,0.0524,0.0060,0.0210,0.000132,0.0353,0.0865,73529.55,0.0000,-0.0001,0.0000,0.0000,0.6400,262.04,0.6300,106.70,0.6200,176.00,0.6100,139.51,0.6000,116.00,0.6500,61.82,0.6600,214.17,0.6700,98.00,0.6800,180.50,0.6900,79.10,0.3500,61.82,0.3400,214.17,0.3300,98.00,0.3200,180.50,0.3100,79.10,0.3600,262.04,0.3700,106.70,0.3800,176.00,0.3900,139.51,0.4000,116.00,800.25,633.59,1433.84,633.59,800.25,1433.84,0.0100,0.0100,0.1162,-0.1162,0.6481,0.3519,0.4608,0.4356,0.4356,0.4608,51.3870,-12.4611,-12.4611,51.3870
btc-updown-5m-1780093800,1780093871000,229,73431.00,73529.46,98.46,0.0000,0.0000,0.0089,0.0610,0.0040,0.0207,0.000132,0.0348,0.2570,73529.54,0.0000,-0.0001,0.0000,0.0000,0.6400,306.25,0.6300,121.70,0.6200,176.00,0.6100,183.28,0.6000,111.00,0.6500,42.89,0.6600,219.62,0.6700,97.38,0.6800,215.71,0.6900,72.10,0.3500,42.89,0.3400,219.62,0.3300,97.38,0.3200,215.71,0.3100,72.10,0.3600,306.25,0.3700,121.70,0.3800,176.00,0.3900,183.28,0.4000,111.00,898.23,647.70,1545.93,647.70,898.23,1545.93,0.0100,0.0100,0.1621,-0.1621,0.6488,0.3512,0.4764,0.4053,0.4053,0.4764,83.4151,-3.5485,-3.5485,83.4151
btc-updown-5m-1780093800,1780093872000,228,73431.08,73529.46,98.38,0.0000,0.0000,0.0059,0.0669,0.0040,0.0207,0.000132,0.0347,0.1708,73529.53,0.0000,-0.0001,0.0000,0.0000,0.6400,288.91,0.6300,121.70,0.6200,156.00,0.6100,183.28,0.6000,111.00,0.6500,71.77,0.6600,214.17,0.6700,109.99,0.6800,194.50,0.6900,78.52,0.3500,71.77,0.3400,214.17,0.3300,109.99,0.3200,194.50,0.3100,78.52,0.3600,288.91,0.3700,121.70,0.3800,156.00,0.3900,183.28,0.4000,111.00,860.89,668.95,1529.84,668.95,860.89,1529.84,0.0100,0.0100,0.1255,-0.1255,0.6480,0.3520,0.4770,0.4274,0.4274,0.4770,54.7901,-1.3868,-1.3868,54.7901
btc-updown-5m-1780093800,1780093873000,227,73431.08,73529.46,98.38,0.0000,0.0000,0.0052,0.0646,0.0020,0.0207,0.000132,0.0348,0.1478,73529.53,0.0000,-0.0001,0.0000,0.0000,0.6400,276.11,0.6300,121.70,0.6200,130.00,0.6100,174.51,0.6000,111.00,0.6500,85.41,0.6600,213.85,0.6700,102.38,0.6800,215.75,0.6900,72.10,0.3500,85.41,0.3400,213.85,0.3300,102.38,0.3200,215.75,0.3100,72.10,0.3600,276.11,0.3700,121.70,0.3800,130.00,0.3900,174.51,0.4000,111.00,813.32,689.49,1502.81,689.49,813.32,1502.81,0.0100,0.0100,0.0824,-0.0824,0.6476,0.3524,0.4891,0.4340,0.4340,0.4891,-28.6384,60.3664,60.3773,-28.6436
btc-updown-5m-1780093800,1780093874000,226,73431.09,73538.27,107.18,0.0120,0.0120,0.8597,0.8827,1.7620,0.3143,0.002159,0.0626,13.7400,73533.41,0.0008,0.0066,12.8424,0.0002,0.6400,233.33,0.6300,121.70,0.6200,130.00,0.6100,174.51,0.6000,111.00,0.6500,90.89,0.6600,207.36,0.6700,102.38,0.6800,179.50,0.6900,82.10,0.3500,90.89,0.3400,207.36,0.3300,102.38,0.3200,179.50,0.3100,82.10,0.3600,233.33,0.3700,121.70,0.3800,130.00,0.3900,174.51,0.4000,111.00,770.54,662.23,1432.77,662.23,770.54,1432.77,0.0100,0.0100,0.0756,-0.0756,0.6472,0.3528,0.4608,0.4504,0.4504,0.4608,2.1949,43.4468,43.4387,2.1945
btc-updown-5m-1780093800,1780093875000,225,73431.08,73541.11,110.03,0.0039,0.0158,0.0403,0.9199,2.3300,0.4090,0.002246,0.0605,0.6651,73533.76,0.0040,0.0100,4.2492,0.0001,0.7000,31.70,0.6900,54.19,0.6700,7.20,0.6600,43.89,0.6500,138.00,0.7100,142.04,0.7200,93.71,0.7300,131.00,0.7400,94.65,0.7500,1754.13,0.2900,142.04,0.2800,93.71,0.2700,131.00,0.2600,94.65,0.2500,1754.13,0.3000,31.70,0.3100,54.19,0.3300,7.20,0.3400,43.89,0.3500,138.00,274.98,2215.53,2490.51,2215.53,274.98,2490.51,0.0100,0.0100,-0.7792,0.7792,0.7018,0.2982,0.3123,0.1064,0.1064,0.3123,-88.1339,274.0479,274.0479,-88.1339
btc-updown-5m-1780093800,1780093876000,224,73436.34,73541.11,104.77,0.0000,0.0158,0.0000,0.9110,2.3300,0.4090,0.002246,0.0605,0.0000,73533.76,0.0040,0.0100,0.0000,0.0000,0.7200,72.11,0.7100,21.90,0.7000,38.00,0.6900,26.00,0.6800,26.00,0.7300,378.92,0.7400,211.65,0.7500,1889.13,0.7600,472.72,0.7700,654.73,0.2700,378.92,0.2600,211.65,0.2500,1889.13,0.2400,472.72,0.2300,654.73,0.2800,72.11,0.2900,21.90,0.3000,38.00,0.3100,26.00,0.3200,26.00,184.01,3607.15,3791.16,3607.15,184.01,3791.16,0.0100,0.0100,-0.9029,0.9029,0.7216,0.2784,0.5109,0.1637,0.1637,0.5109,-104.3590,503.5665,503.7371,-104.3944
btc-updown-5m-1780093800,1780093877000,223,73440.77,73541.11,100.34,0.0000,0.0158,0.0000,0.9051,2.3300,0.4090,0.002246,0.0597,0.0000,73533.81,0.0038,0.0099,0.0000,0.0000,0.7000,17.47,0.6900,26.00,0.6800,26.00,0.6700,46.00,0.6600,111.00,0.7100,337.78,0.7200,201.23,0.7300,206.99,0.7400,297.44,0.7500,1881.03,0.2900,337.78,0.2800,201.23,0.2700,206.99,0.2600,297.44,0.2500,1881.03,0.3000,17.47,0.3100,26.00,0.3200,26.00,0.3300,46.00,0.3400,111.00,226.47,2924.47,3150.94,2924.47,226.47,3150.94,0.0100,0.0100,-0.8563,0.8563,0.7005,0.2995,0.1919,0.1843,0.1843,0.1919,-111.8214,381.8416,382.0347,-111.8780
btc-updown-5m-1780093800,1780093878000,222,73440.77,73541.11,100.34,0.0000,0.0158,0.0000,0.8999,2.3300,0.4090,0.002246,0.0597,0.0000,73533.81,0.0038,0.0099,0.0000,0.0000,0.6900,86.10,0.6800,64.41,0.6700,46.00,0.6600,87.00,0.6500,126.00,0.7000,204.57,0.7100,158.44,0.7200,221.77,0.7300,163.79,0.7400,254.65,0.3000,204.57,0.2900,158.44,0.2800,221.77,0.2700,163.79,0.2600,254.65,0.3100,86.10,0.3200,64.41,0.3300,46.00,0.3400,87.00,0.3500,126.00,409.51,1003.22,1412.73,1003.22,409.51,1412.73,0.0100,0.0100,-0.4203,0.4203,0.6930,0.3070,0.3675,0.3618,0.3618,0.3675,-87.1956,68.6693,68.6822,-87.2120
btc-updown-5m-1780093800,1780093879000,221,73440.82,73541.12,100.30,0.0000,0.0039,0.0437,0.0839,0.5700,0.4093,0.002246,0.0611,0.7146,73533.98,0.0035,0.0097,0.0136,0.0000,0.6900,36.85,0.6800,22.41,0.6700,62.00,0.6600,92.06,0.6500,101.70,0.7000,368.02,0.7100,235.99,0.7200,164.77,0.7300,181.00,0.7400,194.65,0.3000,368.02,0.2900,235.99,0.2800,164.77,0.2700,181.00,0.2600,194.65,0.3100,36.85,0.3200,22.41,0.3300,62.00,0.3400,92.06,0.3500,101.70,315.02,1144.43,1459.45,1144.43,315.02,1459.45,0.0100,0.0100,-0.5683,0.5683,0.6909,0.3091,0.1881,0.5278,0.5278,0.1881,-83.9318,74.4535,74.4411,-83.9179
btc-updown-5m-1780093800,1780093880000,220,73442.71,73541.12,98.41,0.0000,0.0000,0.0038,0.0474,0.0040,0.4097,0.002246,0.0612,0.0615,73534.00,0.0000,0.0097,0.0000,0.0000,0.6900,28.62,0.6800,40.56,0.6700,67.00,0.6600,92.80,0.6500,101.70,0.7000,355.71,0.7100,197.28,0.7200,179.77,0.7300,166.00,0.7400,203.65,0.3000,355.71,0.2900,197.28,0.2800,179.77,0.2700,166.00,0.2600,203.65,0.3100,28.62,0.3200,40.56,0.3300,67.00,0.3400,92.80,0.3500,101.70,330.68,1102.41,1433.09,1102.41,330.68,1433.09,0.0100,0.0100,-0.5385,0.5385,0.6907,0.3093,0.2092,0.5016,0.5016,0.2092,-77.5626,88.0684,88.0367,-77.5346
btc-updown-5m-1780093800,1780093881000,219,73441.79,73541.12,99.33,0.0000,0.0000,0.0002,0.0476,0.0040,0.4097,0.002246,0.0611,0.0031,73534.00,0.0000,0.0097,0.0000,0.0000,0.6600,99.27,0.6500,111.70,0.6400,506.72,0.6300,78.58,0.6200,86.50,0.6700,200.70,0.6800,126.54,0.6900,111.50,0.7000,122.23,0.7100,168.79,0.3300,200.70,0.3200,126.54,0.3100,111.50,0.3000,122.23,0.2900,168.79,0.3400,99.27,0.3500,111.70,0.3600,506.72,0.3700,78.58,0.3800,86.50,882.77,729.76,1612.53,729.76,882.77,1612.53,0.0100,0.0100,0.0949,-0.0949,0.6633,0.3367,0.2390,0.4484,0.4484,0.2390,-72.4095,-269.0858,-269.0425,-72.3978
btc-updown-5m-1780093800,1780093882000,218,73441.74,73541.12,99.38,0.0000,0.0000,0.0000,0.0476,0.0040,0.4097,0.002246,0.0611,0.0000,73534.00,0.0000,0.0097,0.0000,0.0000,0.6700,175.24,0.6600,41.60,0.6500,106.00,0.6400,506.72,0.6300,54.58,0.6800,96.00,0.6900,116.50,0.7000,122.22,0.7100,196.79,0.7200,156.00,0.3200,96.00,0.3100,116.50,0.3000,122.22,0.2900,196.79,0.2800,156.00,0.3300,175.24,0.3400,41.60,0.3500,106.00,0.3600,506.72,0.3700,54.58,884.14,687.51,1571.65,687.51,884.14,1571.65,0.0100,0.0100,0.1251,-0.1251,0.6765,0.3235,0.2453,0.3091,0.3091,0.2453,125.5321,-488.4288,-488.5127,125.5536
btc-updown-5m-1780093800,1780093883000,217,73441.13,73541.12,99.99,0.0000,0.0000,0.0000,0.0476,0.0040,0.4097,0.002246,0.0609,0.0000,73534.02,0.0000,0.0097,0.0000,0.0000,0.6600,17.58,0.6500,106.00,0.6400,479.97,0.6300,47.60,0.6200,56.50,0.6700,28.50,0.6800,521.88,0.6900,140.24,0.7000,175.26,0.7100,221.79,0.3300,28.50,0.3200,521.88,0.3100,140.24,0.3000,175.26,0.2900,221.79,0.3400,17.58,0.3500,106.00,0.3600,479.97,0.3700,47.60,0.3800,56.50,707.65,1087.67,1795.32,1087.67,707.65,1795.32,0.0100,0.0100,-0.2117,0.2117,0.6638,0.3362,0.1746,0.5060,0.5060,0.1746,80.0632,-305.6240,-305.5223,80.0366
btc-updown-5m-1780093800,1780093884000,216,73441.48,73541.12,99.64,0.0000,0.0000,0.0025,0.0064,0.0040,0.4100,0.002246,0.0610,0.0407,73534.02,0.0000,0.0096,0.0000,0.0000,0.6600,12.58,0.6500,106.00,0.6400,479.97,0.6300,74.35,0.6200,56.50,0.6700,522.70,0.6800,110.23,0.6900,140.24,0.7000,121.00,0.7100,144.00,0.3300,522.70,0.3200,110.23,0.3100,140.24,0.3000,121.00,0.2900,144.00,0.3400,12.58,0.3500,106.00,0.3600,479.97,0.3700,74.35,0.3800,56.50,729.40,1038.17,1767.57,1038.17,729.40,1767.57,0.0100,0.0100,-0.1747,0.1747,0.6602,0.3398,0.1626,0.6097,0.6097,0.1626,76.5536,14.5496,6.6168,60.5623
btc-updown-5m-1780093800,1780093885000,215,73440.79,73541.12,100.33,0.0000,0.0000,0.0005,0.0032,0.0020,0.4097,0.002246,0.0610,0.0080,73534.03,0.0000,0.0096,0.0000,0.0000,0.6900,321.31,0.6800,225.24,0.6700,359.45,0.6600,72.61,0.6500,125.70,0.7100,4.95,0.7200,74.00,0.7300,54.00,0.7400,112.70,0.7500,1755.13,0.2900,4.95,0.2800,74.00,0.2700,54.00,0.2600,112.70,0.2500,1755.13,0.3100,321.31,0.3200,225.24,0.3300,359.45,0.3400,72.61,0.3500,125.70,1104.31,2000.78,3105.09,2000.78,1104.31,3105.09,0.0200,0.0200,-0.2887,0.2887,0.7097,0.2903,0.4949,0.0395,0.0395,0.4949,132.9442,144.2395,144.2395,132.9442
btc-updown-5m-1780093800,1780093886000,214,73440.79,73541.12,100.33,0.0000,0.0000,0.0000,0.0030,0.0020,0.4093,0.002246,0.0610,0.0000,73534.03,-0.0000,0.0096,0.0000,0.0000,0.7000,483.41,0.6900,166.31,0.6800,126.00,0.6700,399.45,0.6600,116.80,0.7100,13.00,0.7200,19.00,0.7300,71.00,0.7400,97.70,0.7500,1815.13,0.2900,13.00,0.2800,19.00,0.2700,71.00,0.2600,97.70,0.2500,1815.13,0.3000,483.41,0.3100,166.31,0.3200,126.00,0.3300,399.45,0.3400,116.80,1291.97,2015.83,3307.80,2015.83,1291.97,3307.80,0.0100,0.0100,-0.2188,0.2188,0.7097,0.2903,0.5029,0.0159,0.0159,0.5029,156.7380,151.5539,151.5294,156.7126
btc-updown-5m-1780093800,1780093887000,213,73442.41,73541.12,98.71,0.0000,0.0000,0.0000,0.0030,0.0020,0.4093,0.002246,0.0608,0.0000,73534.04,0.0000,0.0096,0.0000,0.0000,0.7100,523.52,0.7000,182.45,0.6900,196.00,0.6800,142.04,0.6700,449.45,0.7200,81.69,0.7300,58.00,0.7400,74.65,0.7500,1763.51,0.7600,78.10,0.2800,81.69,0.2700,58.00,0.2600,74.65,0.2500,1763.51,0.2400,78.10,0.2900,523.52,0.3000,182.45,0.3100,196.00,0.3200,142.04,0.3300,449.45,1493.46,2055.95,3549.41,2055.95,1493.46,3549.41,0.0100,0.0100,-0.1585,0.1585,0.7187,0.2813,0.4727,0.0679,0.0679,0.4727,119.6176,219.5770,219.5770,119.6176
btc-updown-5m-1780093800,1780093888000,212,73443.33,73541.12,97.79,0.0000,0.0000,0.0000,0.0030,0.0020,0.3913,0.002237,0.0608,0.0000,73534.04,0.0000,0.0096,0.0000,0.0000,0.7200,604.80,0.7100,513.60,0.7000,173.82,0.6900,151.00,0.6800,142.00,0.7300,6.98,0.7400,59.65,0.7500,1730.13,0.7600,180.06,0.7700,358.30,0.2700,6.98,0.2600,59.65,0.2500,1730.13,0.2400,180.06,0.2300,358.30,0.2800,604.80,0.2900,513.60,0.3000,173.82,0.3100,151.00,0.3200,142.00,1585.22,2335.12,3920.34,2335.12,1585.22,3920.34,0.0100,0.0100,-0.1913,0.1913,0.7299,0.2701,0.7055,0.0285,0.0285,0.7055,43.7857,297.7318,297.7796,43.7927
btc-updown-5m-1780093800,1780093889000,211,73444.10,73541.12,97.02,0.0000,0.0000,0.0000,0.0005,0.0000,0.3910,0.002237,0.0343,0.0000,73537.58,0.0000,0.0048,0.0000,0.0000,0.7200,801.80,0.7100,168.10,0.7000,153.82,0.6900,151.00,0.6800,148.46,0.7300,39.48,0.7400,89.65,0.7500,1722.13,0.7600,195.06,0.7700,353.30,0.2700,39.48,0.2600,89.65,0.2500,1722.13,0.2400,195.06,0.2300,353.30,0.2800,801.80,0.2900,168.10,0.3000,153.82,0.3100,151.00,0.3200,148.46,1423.18,2399.62,3822.80,2399.62,1423.18,3822.80,0.0100,0.0100,-0.2554,0.2554,0.7295,0.2705,0.6815,0.0538,0.0538,0.6815,121.6112,190.9627,190.9628,121.6112
btc-updown-5m-1780093800,1780093890000,210,73444.10,73541.12,97.02,0.0000,0.0000,0.0000,,0.0000,0.3907,0.002237,0.0343,0.0000,73537.58,0.0000,0.0048,0.0000,0.0000,0.7300,204.63,0.7200,384.55,0.7100,213.00,0.7000,102.00,0.6900,96.00,0.7400,116.27,0.7500,1792.13,0.7600,170.89,0.7700,422.85,0.7800,153.60,0.2600,116.27,0.2500,1792.13,0.2400,170.89,0.2300,422.85,0.2200,153.60,0.2700,204.63,0.2800,384.55,0.2900,213.00,0.3000,102.00,0.3100,96.00,1000.18,2655.74,3655.92,2655.74,1000.18,3655.92,0.0100,0.0100,-0.4528,0.4528,0.7364,0.2636,0.5891,0.7186,0.7186,0.5891,50.7620,315.7324,315.8973,50.7885
btc-updown-5m-1780093800,1780093891000,209,73445.01,73541.11,96.10,-0.0000,-0.0000,0.0002,0.0002,0.0020,0.3910,0.002237,0.0341,0.0070,73537.62,0.0000,0.0047,-0.0131,-0.0000,0.7300,163.22,0.7200,372.55,0.7100,147.00,0.7000,46.00,0.6900,96.00,0.7500,1683.87,0.7600,158.10,0.7700,422.40,0.7800,204.05,0.7900,163.80,0.2500,1683.87,0.2400,158.10,0.2300,422.40,0.2200,204.05,0.2100,163.80,0.2700,163.22,0.2800,372.55,0.2900,147.00,0.3000,46.00,0.3100,96.00,824.77,2632.22,3456.99,2632.22,824.77,3456.99,0.0200,0.0200,-0.5228,0.5228,0.7318,0.2682,0.6496,0.6998,0.6998,0.6496,-31.3222,110.4608,110.4608,-31.3222
btc-updown-5m-1780093800,1780093892000,208,73443.85,73541.11,97.26,0.0000,-0.0000,0.0000,0.0002,0.0020,0.3910,0.002237,0.0341,0.0000,73537.62,0.0000,0.0047,0.0000,0.0000,0.7300,79.81,0.7200,330.92,0.7100,114.00,0.7000,76.00,0.6900,96.00,0.7400,83.28,0.7500,1682.26,0.7600,103.10,0.7700,456.54,0.7800,153.60,0.2600,83.28,0.2500,1682.26,0.2400,103.10,0.2300,456.54,0.2200,153.60,0.2700,79.81,0.2800,330.92,0.2900,114.00,0.3000,76.00,0.3100,96.00,696.73,2478.78,3175.51,2478.78,696.73,3175.51,0.0100,0.0100,-0.5612,0.5612,0.7349,0.2651,0.5895,0.7123,0.7123,0.5895,-97.8852,76.1306,76.1306,-97.8852
btc-updown-5m-1780093800,1780093893000,207,73444.26,73541.11,96.85,0.0000,-0.0000,0.0000,0.0002,0.0020,0.3910,0.002237,0.0341,0.0000,73537.62,0.0000,0.0047,0.0000,0.0000,0.7300,295.81,0.7200,408.92,0.7100,183.00,0.7000,126.00,0.6900,151.00,0.7400,7.57,0.7500,1632.26,0.7600,33.10,0.7700,386.09,0.7800,118.60,0.2600,7.57,0.2500,1632.26,0.2400,33.10,0.2300,386.09,0.2200,118.60,0.2700,295.81,0.2800,408.92,0.2900,183.00,0.3000,126.00,0.3100,151.00,1164.73,2177.62,3342.35,2177.62,1164.73,3342.35,0.0100,0.0100,-0.3030,0.3030,0.7398,0.2602,0.6051,0.7530,0.7530,0.6051,-58.7753,21.7540,21.7501,-58.7647
btc-updown-5m-1780093800,1780093894000,206,73443.83,73541.12,97.29,0.0000,0.0000,0.0539,0.0542,0.0040,0.3910,0.002237,0.0359,1.5038,73537.79,0.0000,0.0045,0.0132,0.0000,0.7300,358.97,0.7200,413.92,0.7100,209.00,0.7000,131.00,0.6900,151.00,0.7400,83.22,0.7500,1627.26,0.7600,48.10,0.7700,328.30,0.7800,104.05,0.2600,83.22,0.2500,1627.26,0.2400,48.10,0.2300,328.30,0.2200,104.05,0.2700,358.97,0.2800,413.92,0.2900,209.00,0.3000,131.00,0.3100,151.00,1263.89,2190.93,3454.82,2190.93,1263.89,3454.82,0.0100,0.0100,-0.2683,0.2683,0.7381,0.2619,0.6115,0.7807,0.7807,0.6115,-49.4281,-26.7713,-26.7713,-49.4281
btc-updown-5m-1780093800,1780093895000,205,73443.86,73541.12,97.26,0.0000,0.0000,0.0000,0.0542,0.0040,0.3910,0.002237,0.0347,0.0000,73538.06,0.0000,0.0042,0.0000,0.0000,0.7300,360.58,0.7200,423.92,0.7100,91.00,0.7000,76.00,0.6900,86.00,0.7400,174.73,0.7500,1672.65,0.7600,125.10,0.7700,433.30,0.7800,174.05,0.2600,174.73,0.2500,1672.65,0.2400,125.10,0.2300,433.30,0.2200,174.05,0.2700,360.58,0.2800,423.92,0.2900,91.00,0.3000,76.00,0.3100,86.00,1037.50,2579.83,3617.33,2579.83,1037.50,3617.33,0.0100,0.0100,-0.4264,0.4264,0.7367,0.2633,0.7561,0.7161,0.7161,0.7561,-62.1663,29.0474,29.0474,-62.1663
btc-updown-5m-1780093800,1780093896000,204,73443.72,73541.12,97.40,0.0000,0.0000,0.0002,0.0541,0.0020,0.3907,0.002237,0.0348,0.0052,73538.06,0.0000,0.0042,0.0000,0.0000,0.7300,298.58,0.7200,423.92,0.7100,91.00,0.7000,76.00,0.6900,86.00,0.7400,203.10,0.7500,1672.65,0.7600,125.10,0.7700,373.30,0.7800,174.05,0.2600,203.10,0.2500,1672.65,0.2400,125.10,0.2300,373.30,0.2200,174.05,0.2700,298.58,0.2800,423.92,0.2900,91.00,0.3000,76.00,0.3100,86.00,975.50,2548.20,3523.70,2548.20,975.50,3523.70,0.0100,0.0100,-0.4463,0.4463,0.7360,0.2640,0.7406,0.7361,0.7361,0.7406,-3.7664,-31.8699,-31.8760,-3.7671
btc-updown-5m-1780093800,1780093897000,203,73444.24,73541.12,96.88,0.0000,0.0000,0.0002,0.0543,0.0040,0.3910,0.002237,0.0347,0.0049,73538.06,0.0000,0.0042,0.0000,0.0000,0.7300,288.58,0.7200,371.92,0.7100,91.00,0.7000,46.00,0.6900,56.00,0.7400,144.77,0.7500,1672.65,0.7600,118.00,0.7700,433.30,0.7800,174.05,0.2600,144.77,0.2500,1672.65,0.2400,118.00,0.2300,433.30,0.2200,174.05,0.2700,288.58,0.2800,371.92,0.2900,91.00,0.3000,46.00,0.3100,56.00,853.50,2542.77,3396.27,2542.77,853.50,3396.27,0.0100,0.0100,-0.4974,0.4974,0.7367,0.2633,0.7739,0.7147,0.7147,0.7739,23.2509,-11.1223,-11.1203,23.2469
btc-updown-5m-1780093800,1780093898000,202,73444.23,73541.12,96.89,0.0000,0.0000,0.0000,0.0543,0.0040,0.3907,0.002237,0.0347,0.0000,73538.06,0.0000,0.0042,0.0000,0.0000,0.7300,294.06,0.7200,371.92,0.7100,91.00,0.7000,46.00,0.6900,56.00,0.7400,116.34,0.7500,1672.65,0.7600,118.00,0.7700,433.30,0.7800,174.05,0.2600,116.34,0.2500,1672.65,0.2400,118.00,0.2300,433.30,0.2200,174.05,0.2700,294.06,0.2800,371.92,0.2900,91.00,0.3000,46.00,0.3100,56.00,858.98,2514.34,3373.32,2514.34,858.98,3373.32,0.0100,0.0100,-0.4907,0.4907,0.7372,0.2628,0.7753,0.7115,0.7115,0.7753,27.0282,-5.3573,-5.3555,27.0192
btc-updown-5m-1780093800,1780093899000,201,73444.23,73541.12,96.89,0.0000,0.0000,0.0000,0.0004,0.0020,0.3903,0.002237,0.0345,0.0000,73538.13,0.0000,0.0041,0.0000,0.0000,0.7300,273.21,0.7200,371.92,0.7100,91.00,0.7000,46.00,0.6900,61.41,0.7400,109.11,0.7500,1672.65,0.7600,118.00,0.7700,418.30,0.7800,128.60,0.2600,109.11,0.2500,1672.65,0.2400,118.00,0.2300,418.30,0.2200,128.60,0.2700,273.21,0.2800,371.92,0.2900,91.00,0.3000,46.00,0.3100,61.41,843.54,2446.66,3290.20,2446.66,843.54,3290.20,0.0100,0.0100,-0.4872,0.4872,0.7371,0.2629,0.7648,0.7282,0.7282,0.7648,-47.8827,48.3557,48.3474,-47.8745
btc-updown-5m-1780093800,1780093900000,200,73443.94,73541.12,97.18,0.0000,0.0000,0.0001,0.0004,0.0020,0.3903,0.002237,0.0332,0.0027,73538.48,0.0000,0.0036,0.0000,0.0000,0.7300,287.22,0.7200,423.92,0.7100,91.00,0.7000,46.00,0.6900,56.00,0.7400,94.32,0.7500,1672.65,0.7600,113.00,0.7700,218.30,0.7800,128.60,0.2600,94.32,0.2500,1672.65,0.2400,113.00,0.2300,218.30,0.2200,128.60,0.2700,287.22,0.2800,423.92,0.2900,91.00,0.3000,46.00,0.3100,56.00,904.14,2226.87,3131.01,2226.87,904.14,3131.01,0.0100,0.0100,-0.4225,0.4225,0.7375,0.2625,0.7865,0.7935,0.7935,0.7865,-22.1457,-57.2334,-57.2436,-22.1496
btc-updown-5m-1780093800,1780093901000,199,73443.93,73541.12,97.19,0.0000,0.0000,0.0000,0.0003,0.0020,0.3903,0.002237,0.0331,0.0000,73538.50,0.0000,0.0036,0.0000,0.0000,0.7200,304.65,0.7100,91.00,0.7000,46.00,0.6900,56.00,0.6800,73.91,0.7300,161.00,0.7400,129.77,0.7500,1712.65,0.7600,136.00,0.7700,253.30,0.2700,161.00,0.2600,129.77,0.2500,1712.65,0.2400,136.00,0.2300,253.30,0.2800,304.65,0.2900,91.00,0.3000,46.00,0.3100,56.00,0.3200,73.91,571.56,2392.72,2964.28,2392.72,571.56,2964.28,0.0100,0.0100,-0.6144,0.6144,0.7265,0.2735,0.6922,0.1215,0.1215,0.6922,-78.6529,-31.5851,-31.5904,-78.6662
btc-updown-5m-1780093800,1780093902000,198,73443.95,73541.12,97.17,0.0000,0.0000,0.0068,0.0069,0.0020,0.3907,0.002237,0.0330,0.2058,73538.60,0.0000,0.0034,0.0000,0.0000,0.7200,335.15,0.7100,86.00,0.7000,51.00,0.6900,56.00,0.6800,79.38,0.7300,110.14,0.7400,114.77,0.7500,1672.65,0.7600,173.10,0.7700,208.30,0.2700,110.14,0.2600,114.77,0.2500,1672.65,0.2400,173.10,0.2300,208.30,0.2800,335.15,0.2900,86.00,0.3000,51.00,0.3100,56.00,0.3200,79.38,607.53,2278.96,2886.49,2278.96,607.53,2886.49,0.0100,0.0100,-0.5791,0.5791,0.7275,0.2725,0.6932,0.0987,0.0987,0.6932,-52.5810,-42.6914,-42.6840,-52.5720
btc-updown-5m-1780093800,1780093903000,197,73444.02,73541.11,97.09,-0.0000,-0.0000,0.0133,0.0201,0.0040,0.3910,0.002237,0.0332,0.3990,73538.68,-0.0000,0.0033,-0.0132,-0.0000,0.7300,40.00,0.7200,795.13,0.7100,103.00,0.7000,106.00,0.6900,61.48,0.7500,1607.54,0.7600,86.00,0.7700,188.30,0.7800,93.60,0.7900,108.80,0.2500,1607.54,0.2400,86.00,0.2300,183.30,0.2200,93.60,0.2100,108.80,0.2700,40.00,0.2800,795.13,0.2900,103.00,0.3000,106.00,0.3100,61.48,1105.61,2084.24,3189.85,2079.24,1105.61,3184.85,0.0200,0.0200,-0.3068,0.3057,0.7305,0.2695,0.7554,0.8125,0.8145,0.7554,40.8408,-76.9739,-77.7713,40.8341
btc-updown-5m-1780093800,1780093904000,196,73443.93,73541.12,97.19,0.0000,0.0000,0.0921,0.1123,0.0060,0.0977,0.000693,0.0360,2.5559,73538.93,0.0000,0.0030,0.0132,0.0000,0.7400,42.76,0.7300,204.42,0.7200,331.00,0.7100,91.00,0.7000,46.00,0.7500,1784.15,0.7600,101.73,0.7700,248.30,0.7800,118.60,0.7900,163.80,0.2500,1784.15,0.2400,101.73,0.2300,248.30,0.2200,118.60,0.2100,163.80,0.2600,42.76,0.2700,204.42,0.2800,331.00,0.2900,91.00,0.3000,46.00,715.18,2416.58,3131.76,2416.58,715.18,3131.76,0.0100,0.0100,-0.5433,0.5433,0.7402,0.2598,0.3456,0.7804,0.7804,0.3456,-26.1091,-13.3119,-13.3119,-26.1091
btc-updown-5m-1780093800,1780093905000,195,73443.93,73541.11,97.18,-0.0000,-0.0000,0.0002,0.1124,0.0080,0.0033,0.000006,0.0083,0.0228,73541.12,-0.0000,-0.0000,-0.0132,-0.0000,0.7300,24.00,0.7200,331.00,0.7100,91.00,0.7000,46.00,0.6900,97.39,0.7400,25.00,0.7500,1748.30,0.7600,109.73,0.7700,263.30,0.7800,118.60,0.2600,25.00,0.2500,1748.30,0.2400,109.73,0.2300,263.30,0.2200,118.60,0.2700,24.00,0.2800,331.00,0.2900,91.00,0.3000,46.00,0.3100,97.39,589.39,2264.93,2854.32,2264.93,589.39,2854.32,0.0100,0.0100,-0.5870,0.5870,0.7349,0.2651,0.6023,0.7829,0.7829,0.6023,-43.5412,-31.1341,-31.1502,-43.5636
btc-updown-5m-1780093800,1780093906000,194,73443.93,73541.12,97.19,0.0000,0.0000,0.0121,0.1245,0.0100,0.0037,0.000007,0.0074,1.6358,73541.12,0.0000,0.0000,0.0132,0.0000,0.7300,329.71,0.7200,331.00,0.7100,91.00,0.7000,87.32,0.6900,56.00,0.7400,110.00,0.7500,1176.03,0.7600,101.73,0.7700,278.30,0.7800,118.60,0.2600,110.00,0.2500,1176.03,0.2400,101.73,0.2300,278.30,0.2200,118.60,0.2700,329.71,0.2800,331.00,0.2900,91.00,0.3000,87.32,0.3100,56.00,895.03,1784.66,2679.69,1784.66,895.03,2679.69,0.0100,0.0100,-0.3320,0.3320,0.7375,0.2625,0.7382,0.7206,0.7206,0.7382,-1.4878,-72.2211,-72.1976,-1.4873
btc-updown-5m-1780093800,1780093907000,193,73443.88,73541.12,97.24,0.0000,0.0000,0.0000,0.1177,0.0080,0.0037,0.000007,0.0074,0.0000,73541.12,0.0000,0.0000,0.0000,0.0000,0.7300,344.71,0.7200,348.00,0.7100,76.00,0.7000,81.91,0.6900,67.97,0.7400,106.48,0.7500,1167.42,0.7600,108.00,0.7700,208.30,0.7800,128.60,0.2600,106.48,0.2500,1167.42,0.2400,108.00,0.2300,208.30,0.2200,128.60,0.2700,344.71,0.2800,348.00,0.2900,76.00,0.3000,81.91,0.3100,67.97,918.59,1718.80,2637.39,1718.80,918.59,2637.39,0.0100,0.0100,-0.3034,0.3034,0.7376,0.2624,0.7541,0.7412,0.7412,0.7541,54.0089,-112.4053,-112.4053,54.0089
btc-updown-5m-1780093800,1780093908000,192,73443.90,73541.11,97.21,-0.0000,0.0000,0.0545,0.1589,0.0080,0.0040,0.000007,0.0092,5.9452,73541.12,-0.0000,-0.0000,-0.0132,-0.0000,0.7400,153.08,0.7300,110.78,0.7200,386.00,0.7100,171.00,0.7000,136.91,0.7500,1197.12,0.7600,79.73,0.7700,158.30,0.7800,118.60,0.7900,123.80,0.2500,1197.12,0.2400,79.73,0.2300,158.30,0.2200,118.60,0.2100,123.80,0.2600,153.08,0.2700,110.78,0.2800,386.00,0.2900,171.00,0.3000,136.91,957.77,1677.55,2635.32,1677.55,957.77,2635.32,0.0100,0.0100,-0.2731,0.2731,0.7411,0.2589,0.2755,0.7611,0.7611,0.2755,59.0027,-101.3157,-101.3328,59.0126
btc-updown-5m-1780093800,1780093909000,191,73443.88,73541.11,97.23,0.0000,-0.0000,0.0000,0.0668,0.0060,0.0037,0.000007,0.0092,0.0000,73541.12,-0.0000,-0.0000,0.0000,0.0000,0.7400,75.93,0.7300,128.78,0.7200,386.00,0.7100,171.00,0.7000,136.91,0.7500,841.52,0.7600,49.73,0.7700,158.30,0.7800,133.60,0.7900,108.80,0.2500,841.52,0.2400,49.73,0.2300,158.30,0.2200,133.60,0.2100,108.80,0.2600,75.93,0.2700,128.78,0.2800,386.00,0.2900,171.00,0.3000,136.91,898.62,1291.95,2190.57,1291.95,898.62,2190.57,0.0100,0.0100,-0.1796,0.1796,0.7408,0.2592,0.2278,0.6898,0.6898,0.2278,-57.0531,-127.4106,-127.4327,-57.0630
btc-updown-5m-1780093800,1780093910000,190,73444.01,73541.12,97.11,0.0000,0.0000,0.0060,0.0726,0.0060,0.0037,0.000007,0.0080,0.7545,73541.12,0.0000,0.0000,0.0132,0.0000,0.7400,40.95,0.7300,284.09,0.7200,386.00,0.7100,171.00,0.7000,136.91,0.7500,859.32,0.7600,74.73,0.7700,158.30,0.7800,118.60,0.7900,108.80,0.2500,859.32,0.2400,74.73,0.2300,158.30,0.2200,118.60,0.2100,108.80,0.2600,40.95,0.2700,284.09,0.2800,386.00,0.2900,171.00,0.3000,136.91,1018.95,1319.75,2338.70,1319.75,1018.95,2338.70,0.0100,0.0100,-0.1286,0.1286,0.7405,0.2595,0.3190,0.7077,0.7077,0.3190,-36.5014,-108.5914,-108.5915,-36.5014
btc-updown-5m-1780093800,1780093911000,189,73444.48,73541.12,96.64,0.0000,0.0000,0.0000,0.0605,0.0040,0.0037,0.000007,0.0078,0.0000,73541.12,0.0000,0.0000,0.0000,0.0000,0.7400,427.13,0.7300,558.09,0.7200,91.82,0.7100,206.91,0.7000,106.00,0.7500,803.25,0.7600,48.00,0.7700,160.41,0.7800,93.60,0.7900,118.80,0.2500,803.25,0.2400,48.00,0.2300,160.41,0.2200,93.60,0.2100,118.80,0.2600,427.13,0.2700,558.09,0.2800,91.82,0.2900,206.91,0.3000,106.00,1389.95,1224.06,2614.01,1224.06,1389.95,2614.01,0.0100,0.0100,0.0635,-0.0635,0.7435,0.2565,0.7088,0.6954,0.6954,0.7088,83.3398,-182.9607,-182.9607,83.3398
btc-updown-5m-1780093800,1780093912000,188,73444.50,73541.12,96.62,0.0000,0.0000,0.0000,0.0605,0.0040,0.0037,0.000007,0.0078,0.0000,73541.12,0.0000,0.0000,0.0000,0.0000,0.7400,208.82,0.7300,534.09,0.7200,86.00,0.7100,213.15,0.7000,106.00,0.7500,811.58,0.7600,56.73,0.7700,151.30,0.7800,63.60,0.7900,118.80,0.2500,811.58,0.2400,56.73,0.2300,151.30,0.2200,63.60,0.2100,118.80,0.2600,208.82,0.2700,534.09,0.2800,86.00,0.2900,213.15,0.3000,106.00,1148.06,1202.01,2350.07,1202.01,1148.06,2350.07,0.0100,0.0100,-0.0230,0.0230,0.7420,0.2580,0.6471,0.7224,0.7224,0.6471,42.6407,-98.1884,-98.2050,42.6479
btc-updown-5m-1780093800,1780093913000,187,73444.50,73541.12,96.62,0.0000,0.0000,0.0000,0.0060,0.0020,0.0037,0.000007,0.0078,0.0000,73541.12,0.0000,0.0000,0.0000,0.0000,0.7400,347.53,0.7300,534.09,0.7200,86.00,0.7100,212.10,0.7000,111.00,0.7500,808.90,0.7600,56.73,0.7700,164.30,0.7800,33.60,0.7900,88.80,0.2500,808.90,0.2400,56.73,0.2300,164.30,0.2200,33.60,0.2100,88.80,0.2600,347.53,0.2700,534.09,0.2800,86.00,0.2900,212.10,0.3000,111.00,1290.72,1152.33,2443.05,1152.33,1290.72,2443.05,0.0100,0.0100,0.0566,-0.0566,0.7430,0.2570,0.6830,0.7512,0.7512,0.6830,-12.0865,-19.0971,-19.0971,-12.0865
btc-updown-5m-1780093800,1780093914000,186,73444.34,73541.69,97.35,0.0008,0.0008,0.0585,0.0645,0.1180,0.0227,0.000139,0.0097,6.0275,73541.23,0.0001,0.0006,0.7546,0.0000,0.7400,625.52,0.7300,216.70,0.7200,86.00,0.7100,213.32,0.7000,111.00,0.7500,729.22,0.7600,46.74,0.7700,142.00,0.7800,53.60,0.7900,93.80,0.2500,729.22,0.2400,46.74,0.2300,142.00,0.2200,53.60,0.2100,93.80,0.2600,625.52,0.2700,216.70,0.2800,86.00,0.2900,213.32,0.3000,111.00,1252.54,1065.36,2317.90,1065.36,1252.54,2317.90,0.0100,0.0100,0.0808,-0.0808,0.7446,0.2554,0.6724,0.7284,0.7284,0.6724,50.8231,-69.5680,-69.5680,50.8231
btc-updown-5m-1780093800,1780093915000,185,73444.32,73541.69,97.37,0.0000,0.0008,0.0087,0.0672,0.1160,0.0227,0.000139,0.0099,0.8755,73541.24,0.0001,0.0006,0.0000,0.0000,0.7400,609.51,0.7300,240.70,0.7200,91.82,0.7100,213.32,0.7000,111.00,0.7500,676.06,0.7600,46.74,0.7700,142.00,0.7800,48.60,0.7900,93.80,0.2500,676.06,0.2400,46.74,0.2300,142.00,0.2200,48.60,0.2100,93.80,0.2600,609.51,0.2700,240.70,0.2800,91.82,0.2900,213.32,0.3000,111.00,1266.35,1007.20,2273.55,1007.20,1266.35,2273.55,0.0100,0.0100,0.1140,-0.1140,0.7447,0.2553,0.6714,0.7176,0.7176,0.6714,40.3799,-52.8178,-52.8178,40.3799
btc-updown-5m-1780093800,1780093916000,184,73443.89,73541.69,97.80,0.0000,0.0008,0.0004,0.0677,0.1160,0.0227,0.000139,0.0099,0.0444,73541.24,-0.0000,0.0006,0.0000,0.0000,0.7400,622.66,0.7300,245.70,0.7200,86.00,0.7100,213.32,0.7000,116.00,0.7500,646.06,0.7600,46.74,0.7700,157.00,0.7800,43.60,0.7900,88.80,0.2500,646.06,0.2400,46.74,0.2300,157.00,0.2200,43.60,0.2100,88.80,0.2600,622.66,0.2700,245.70,0.2800,86.00,0.2900,213.32,0.3000,116.00,1283.68,982.20,2265.88,982.20,1283.68,2265.88,0.0100,0.0100,0.1331,-0.1331,0.7449,0.2551,0.6765,0.7054,0.7054,0.6765,-25.8250,-58.7752,-58.7752,-25.8250
btc-updown-5m-1780093800,1780093917000,183,73444.72,73541.68,96.96,-0.0000,0.0008,0.0050,0.0727,0.1180,0.0230,0.000139,0.0101,0.4973,73541.25,-0.0000,0.0006,-0.0132,-0.0000,0.7400,325.85,0.7300,103.39,0.7200,91.00,0.7100,213.63,0.7000,112.00,0.7500,611.06,0.7600,51.74,0.7700,126.00,0.7800,43.60,0.7900,78.80,0.2500,611.06,0.2400,51.74,0.2300,126.00,0.2200,43.60,0.2100,78.80,0.2600,325.85,0.2700,103.39,0.2800,91.00,0.2900,213.63,0.3000,112.00,845.87,911.20,1757.07,911.20,845.87,1757.07,0.0100,0.0100,-0.0372,0.0372,0.7435,0.2565,0.5075,0.7274,0.7274,0.5075,-92.4992,-53.1894,-53.1984,-92.5149
btc-updown-5m-1780093800,1780093918000,182,73444.53,73541.68,97.15,0.0000,0.0008,0.0109,0.0835,0.1200,0.0233,0.000139,0.0104,1.0418,73541.26,-0.0000,0.0006,0.0000,0.0000,0.7400,322.00,0.7300,103.39,0.7200,91.00,0.7100,206.91,0.7000,112.00,0.7500,675.39,0.7600,51.74,0.7700,152.00,0.7800,73.60,0.7900,113.80,0.2500,675.39,0.2400,51.74,0.2300,152.00,0.2200,73.60,0.2100,113.80,0.2600,322.00,0.2700,103.39,0.2800,91.00,0.2900,206.91,0.3000,112.00,835.30,1066.53,1901.83,1066.53,835.30,1901.83,0.0100,0.0100,-0.1216,0.1216,0.7432,0.2568,0.5093,0.6818,0.6818,0.5093,-55.6413,-24.1025,-24.1025,-55.6413
btc-updown-5m-1780093800,1780093919000,181,73444.53,73541.68,97.15,0.0000,-0.0000,0.0136,0.0386,0.0040,0.0233,0.000139,0.0109,1.2511,73541.28,-0.0000,0.0005,0.0000,0.0000,0.7400,326.99,0.7300,403.39,0.7200,128.27,0.7100,166.00,0.7000,117.00,0.7500,657.95,0.7600,51.74,0.7700,152.00,0.7800,33.60,0.7900,123.80,0.2500,657.95,0.2400,51.74,0.2300,152.00,0.2200,33.60,0.2100,123.80,0.2600,326.99,0.2700,403.39,0.2800,128.27,0.2900,166.00,0.3000,117.00,1141.65,1019.09,2160.74,1019.09,1141.65,2160.74,0.0100,0.0100,0.0567,-0.0567,0.7433,0.2567,0.6398,0.6964,0.6964,0.6398,-26.0379,-21.2818,-21.2818,-26.0379
btc-updown-5m-1780093800,1780093920000,180,73444.75,73541.69,96.94,0.0000,0.0000,0.0010,0.0309,0.0060,0.0237,0.000139,0.0109,0.0918,73541.28,0.0000,0.0006,0.0132,0.0000,0.7400,534.33,0.7300,127.39,0.7200,128.27,0.7100,193.29,0.7000,112.00,0.7500,532.80,0.7600,56.74,0.7700,121.00,0.7800,62.00,0.7900,118.80,0.2500,532.80,0.2400,56.74,0.2300,121.00,0.2200,62.00,0.2100,118.80,0.2600,534.33,0.2700,127.39,0.2800,128.27,0.2900,193.29,0.3000,112.00,1095.28,891.34,1986.62,891.34,1095.28,1986.62,0.0100,0.0100,0.1027,-0.1027,0.7450,0.2550,0.6042,0.6614,0.6614,0.6042,-22.3283,-26.3363,-26.3319,-22.3246
btc-updown-5m-1780093800,1780093921000,179,73444.79,73541.69,96.90,0.0000,0.0000,0.0000,0.0305,0.0060,0.0233,0.000139,0.0109,0.0000,73541.28,0.0000,0.0006,0.0000,0.0000,0.7400,760.16,0.7300,134.21,0.7200,128.27,0.7100,193.29,0.7000,117.00,0.7500,299.68,0.7600,43.74,0.7700,126.00,0.7800,26.00,0.7900,128.80,0.2500,299.68,0.2400,43.74,0.2300,126.00,0.2200,26.00,0.2100,128.80,0.2600,760.16,0.2700,134.21,0.2800,128.27,0.2900,193.29,0.3000,117.00,1332.93,624.22,1957.15,624.22,1332.93,1957.15,0.0100,0.0100,0.3621,-0.3621,0.7472,0.2528,0.6710,0.5502,0.5502,0.6710,11.2390,-64.6489,-64.6489,11.2390
btc-updown-5m-1780093800,1780093922000,178,73444.79,73541.68,96.89,-0.0000,0.0000,0.0504,0.0758,0.0060,0.0237,0.000139,0.0125,4.0251,73541.33,-0.0000,0.0005,-0.0132,-0.0000,0.7400,707.93,0.7300,114.97,0.7200,102.00,0.7100,229.20,0.7000,113.20,0.7500,347.00,0.7600,40.74,0.7700,121.00,0.7800,36.00,0.7900,108.80,0.2500,347.00,0.2400,40.74,0.2300,121.00,0.2200,36.00,0.2100,108.80,0.2600,707.93,0.2700,114.97,0.2800,102.00,0.2900,229.20,0.3000,113.20,1267.30,653.54,1920.84,653.54,1267.30,1920.84,0.0100,0.0100,0.3195,-0.3195,0.7467,0.2533,0.6493,0.5933,0.5933,0.6493,89.1683,-46.4256,-46.4256,89.1683
btc-updown-5m-1780093800,1780093923000,177,73444.78,73541.69,96.91,0.0000,0.0000,0.0521,0.1170,0.0060,0.0240,0.000139,0.0142,3.6692,73541.38,0.0000,0.0004,0.0132,0.0000,0.7400,707.93,0.7300,114.97,0.7200,102.00,0.7100,229.20,0.7000,113.20,0.7500,347.00,0.7600,40.74,0.7700,121.00,0.7800,36.00,0.7900,108.80,0.2500,347.00,0.2400,40.74,0.2300,121.00,0.2200,36.00,0.2100,108.80,0.2600,707.93,0.2700,114.97,0.2800,102.00,0.2900,229.20,0.3000,113.20,1267.30,653.54,1920.84,653.54,1267.30,1920.84,0.0100,0.0100,0.3195,-0.3195,0.7467,0.2533,0.6493,0.5933,0.5933,0.6493,89.1915,-54.5312,-54.5197,89.1727
btc-updown-5m-1780093800,1780093924000,176,73444.78,73541.69,96.91,0.0000,0.0000,0.0564,0.1599,0.0060,0.0237,0.000139,0.0160,3.5243,73541.41,0.0000,0.0004,0.0000,0.0000,0.7400,775.99,0.7300,110.18,0.7200,134.27,0.7100,186.00,0.7000,113.20,0.7500,109.07,0.7600,10.00,0.7700,135.12,0.7800,62.00,0.7900,78.80,0.2500,109.07,0.2400,10.00,0.2300,135.12,0.2200,62.00,0.2100,78.80,0.2600,775.99,0.2700,110.18,0.2800,134.27,0.2900,186.00,0.3000,113.20,1319.64,394.99,1714.63,394.99,1319.64,1714.63,0.0100,0.0100,0.5393,-0.5393,0.7488,0.2512,0.6715,0.3015,0.3015,0.6715,32.5096,-113.9909,-113.8869,32.4799
btc-updown-5m-1780093800,1780093925000,175,73444.74,73541.69,96.95,0.0000,0.0000,0.0000,0.1589,0.0040,0.0237,0.000139,0.0143,0.0000,73541.45,0.0000,0.0003,0.0000,0.0000,0.7400,799.05,0.7300,115.67,0.7200,102.00,0.7100,192.49,0.7000,113.20,0.7600,10.00,0.7700,119.12,0.7800,57.00,0.7900,118.80,0.8000,116.10,0.2400,10.00,0.2300,119.12,0.2200,57.00,0.2100,118.80,0.2000,116.10,0.2600,799.05,0.2700,115.67,0.2800,102.00,0.2900,192.49,0.3000,113.20,1322.41,421.02,1743.43,421.02,1322.41,1743.43,0.0200,0.0200,0.5170,-0.5170,0.7598,0.2402,0.6917,0.3067,0.3067,0.6917,25.5085,-90.9840,-90.9690,25.5043
btc-updown-5m-1780093800,1780093926000,174,73444.41,73541.69,97.28,0.0000,0.0000,0.0000,0.1589,0.0040,0.0237,0.000139,0.0143,0.0000,73541.45,0.0000,0.0003,0.0000,0.0000,0.7500,695.64,0.7400,255.39,0.7300,105.00,0.7200,102.00,0.7100,192.49,0.7600,4.00,0.7700,119.12,0.7800,67.00,0.7900,108.80,0.8000,106.10,0.2400,4.00,0.2300,119.12,0.2200,67.00,0.2100,108.80,0.2000,106.10,0.2500,695.64,0.2600,255.39,0.2700,105.00,0.2800,102.00,0.2900,192.49,1350.52,405.02,1755.54,405.02,1350.52,1755.54,0.0100,0.0100,0.5386,-0.5386,0.7599,0.2401,0.7042,0.3040,0.3040,0.7042,48.7673,-83.4125,-83.4125,48.7673
btc-updown-5m-1780093800,1780093927000,173,73444.37,73541.68,97.31,-0.0000,0.0000,0.0001,0.1086,0.0040,0.0237,0.000139,0.0143,0.0091,73541.45,-0.0000,0.0003,-0.0132,-0.0000,0.7600,367.19,0.7500,545.92,0.7400,86.00,0.7300,87.00,0.7200,96.00,0.7700,102.50,0.7800,76.13,0.7900,148.80,0.8000,91.10,0.8100,272.15,0.2300,102.50,0.2200,76.13,0.2100,148.80,0.2000,91.10,0.1900,272.15,0.2400,367.19,0.2500,545.92,0.2600,86.00,0.2700,87.00,0.2800,96.00,1182.11,690.68,1872.79,690.68,1182.11,1872.79,0.0100,0.0100,0.2624,-0.2624,0.7678,0.2322,0.7724,0.2586,0.2586,0.7724,-4.9445,-0.2716,-0.2716,-4.9445
btc-updown-5m-1780093800,1780093928000,172,73444.37,73541.68,97.31,0.0000,-0.0000,0.0000,0.0566,0.0020,0.0237,0.000139,0.0143,0.0000,73541.45,-0.0000,0.0003,0.0000,0.0000,0.7600,410.26,0.7500,540.33,0.7400,81.00,0.7300,122.91,0.7200,96.00,0.7700,92.50,0.7800,53.13,0.7900,103.80,0.8000,121.10,0.8100,212.15,0.2300,92.50,0.2200,53.13,0.2100,103.80,0.2000,121.10,0.1900,212.15,0.2400,410.26,0.2500,540.33,0.2600,81.00,0.2700,122.91,0.2800,96.00,1250.50,582.68,1833.18,582.68,1250.50,1833.18,0.0100,0.0100,0.3643,-0.3643,0.7682,0.2318,0.7602,0.2499,0.2499,0.7602,25.0544,5.9966,5.9937,25.0423
btc-updown-5m-1780093800,1780093929000,171,73443.87,73541.68,97.81,0.0000,-0.0000,0.0000,0.0001,0.0020,0.0237,0.000139,0.0143,0.0000,73541.45,-0.0000,0.0003,0.0000,0.0000,0.7600,338.38,0.7500,547.79,0.7400,81.00,0.7300,132.91,0.7200,86.00,0.7700,77.69,0.7800,65.13,0.7900,103.80,0.8000,61.10,0.8100,210.82,0.2300,77.69,0.2200,65.13,0.2100,103.80,0.2000,136.10,0.1900,210.82,0.2400,405.04,0.2500,547.79,0.2600,81.00,0.2700,132.91,0.2800,86.00,1186.08,518.54,1704.62,593.54,1252.74,1846.28,0.0100,0.0100,0.3916,-0.3570,0.7681,0.2316,0.7471,0.2754,0.2406,0.7606,7.2379,-7.2453,6.6867,19.8538
btc-updown-5m-1780093800,1780093930000,170,73444.37,73541.68,97.31,0.0000,-0.0000,0.0139,0.0140,0.0040,0.0240,0.000139,0.0147,0.9454,73541.46,0.0000,0.0003,0.0000,0.0000,0.7600,366.78,0.7500,567.08,0.7400,81.00,0.7300,132.91,0.7200,86.00,0.7700,67.69,0.7800,53.13,0.7900,133.80,0.8000,136.10,0.8100,205.82,0.2300,67.69,0.2200,53.13,0.2100,133.80,0.2000,136.10,0.1900,205.82,0.2400,366.78,0.2500,567.08,0.2600,81.00,0.2700,132.91,0.2800,86.00,1233.77,596.54,1830.31,596.54,1233.77,1830.31,0.0100,0.0100,0.3482,-0.3482,0.7684,0.2316,0.7569,0.2025,0.2025,0.7569,-10.1512,24.2138,24.2181,-10.1530
btc-updown-5m-1780093800,1780093931000,169,73444.34,73541.69,97.35,0.0000,0.0000,0.0014,0.0154,0.0060,0.0243,0.000139,0.0148,0.0949,73541.46,0.0000,0.0003,0.0132,0.0000,0.7600,259.05,0.7500,557.08,0.7400,113.27,0.7300,97.00,0.7200,106.00,0.7700,89.37,0.7800,83.13,0.7900,133.80,0.8000,151.10,0.8100,164.40,0.2300,89.37,0.2200,83.13,0.2100,133.80,0.2000,151.10,0.1900,164.40,0.2400,259.05,0.2500,557.08,0.2600,113.27,0.2700,97.00,0.2800,106.00,1132.40,621.80,1754.20,621.80,1132.40,1754.20,0.0100,0.0100,0.2911,-0.2911,0.7674,0.2326,0.7207,0.2774,0.2774,0.7207,-33.7676,35.6815,35.6625,-33.7496
btc-updown-5m-1780093800,1780093932000,168,73444.36,73541.69,97.33,0.0000,0.0000,0.0008,0.0161,0.0040,0.0240,0.000139,0.0148,0.0534,73541.46,0.0000,0.0003,0.0000,0.0000,0.7600,229.82,0.7500,536.08,0.7400,130.44,0.7300,91.00,0.7200,106.00,0.7700,80.94,0.7800,83.13,0.7900,133.80,0.8000,166.10,0.8100,164.40,0.2300,80.94,0.2200,83.13,0.2100,133.80,0.2000,166.10,0.1900,164.40,0.2400,229.82,0.2500,536.08,0.2600,130.44,0.2700,91.00,0.2800,106.00,1093.34,628.37,1721.71,628.37,1093.34,1721.71,0.0100,0.0100,0.2701,-0.2701,0.7674,0.2326,0.7005,0.2611,0.2611,0.7005,-33.6528,39.3430,39.3430,-33.6528
btc-updown-5m-1780093800,1780093933000,167,73444.13,73541.69,97.56,0.0000,0.0000,0.0000,0.0161,0.0040,0.0237,0.000139,0.0146,0.0000,73541.46,0.0000,0.0003,0.0000,0.0000,0.7600,386.98,0.7500,536.08,0.7400,124.77,0.7300,91.00,0.7200,106.00,0.7700,69.64,0.7800,83.13,0.7900,133.80,0.8000,106.10,0.8100,164.40,0.2300,69.64,0.2200,83.13,0.2100,133.80,0.2000,106.10,0.1900,164.40,0.2400,386.98,0.2500,536.08,0.2600,124.77,0.2700,91.00,0.2800,106.00,1244.83,557.07,1801.90,557.07,1244.83,1801.90,0.0100,0.0100,0.3817,-0.3817,0.7685,0.2315,0.7415,0.2742,0.2742,0.7415,-11.1445,2.2950,2.2950,-11.1445
btc-updown-5m-1780093800,1780093934000,166,73444.75,73541.69,96.94,0.0000,0.0000,0.0587,0.0748,0.0040,0.0233,0.000139,0.0160,3.6619,73541.50,0.0000,0.0003,0.0000,0.0000,0.7600,110.69,0.7500,549.06,0.7400,124.77,0.7300,91.00,0.7200,106.00,0.7700,53.14,0.7800,57.13,0.7900,353.80,0.8000,106.10,0.8100,194.40,0.2300,53.14,0.2200,57.13,0.2100,353.80,0.2000,106.10,0.1900,194.40,0.2400,110.69,0.2500,549.06,0.2600,124.77,0.2700,91.00,0.2800,106.00,981.52,764.57,1746.09,764.57,981.52,1746.09,0.0100,0.0100,0.1242,-0.1242,0.7668,0.2332,0.6722,0.1442,0.1442,0.6722,-41.4384,48.5952,48.6043,-41.4462
btc-updown-5m-1780093800,1780093935000,165,73444.78,73541.69,96.91,0.0000,0.0000,0.0004,0.0613,0.0020,0.0230,0.000139,0.0131,0.0306,73541.58,0.0000,0.0001,0.0000,0.0000,0.7600,453.05,0.7500,142.75,0.7400,86.50,0.7300,86.00,0.7200,111.00,0.7800,33.47,0.7900,349.80,0.8000,141.10,0.8100,169.40,0.8200,370.81,0.2200,33.47,0.2100,349.80,0.2000,141.10,0.1900,169.40,0.1800,370.81,0.2400,453.05,0.2500,142.75,0.2600,86.50,0.2700,86.00,0.2800,111.00,879.30,1064.58,1943.88,1064.58,879.30,1943.88,0.0200,0.0200,-0.0953,0.0953,0.7786,0.2214,0.6776,0.3600,0.3600,0.6776,-62.9323,79.3798,79.3665,-62.9216
btc-updown-5m-1780093800,1780093936000,164,73444.10,73541.69,97.59,0.0000,0.0000,0.0011,0.0610,0.0000,0.0227,0.000139,0.0131,0.0832,73541.58,-0.0000,0.0001,0.0000,0.0000,0.7700,571.14,0.7600,264.01,0.7500,134.27,0.7400,111.50,0.7300,96.21,0.7800,50.34,0.7900,363.79,0.8000,111.10,0.8100,199.40,0.8200,310.81,0.2200,50.34,0.2100,363.79,0.2000,111.10,0.1900,199.40,0.1800,310.81,0.2300,571.14,0.2400,264.01,0.2500,134.27,0.2600,111.50,0.2700,96.21,1177.13,1035.44,2212.57,1035.44,1177.13,2212.57,0.0100,0.0100,0.0640,-0.0640,0.7792,0.2208,0.7095,0.4000,0.4000,0.7095,-4.4403,83.5881,83.5881,-4.4403
btc-updown-5m-1780093800,1780093937000,163,73444.08,73541.69,97.61,0.0000,0.0000,0.0020,0.0622,0.0000,0.0227,0.000139,0.0128,0.1589,73541.60,0.0000,0.0001,0.0000,0.0000,0.7800,167.00,0.7700,441.21,0.7600,127.34,0.7500,113.27,0.7400,116.50,0.7900,369.70,0.8000,101.10,0.8100,264.40,0.8200,338.89,0.8300,121.59,0.2100,369.70,0.2000,101.10,0.1900,264.40,0.1800,338.89,0.1700,121.59,0.2200,167.00,0.2300,441.21,0.2400,127.34,0.2500,113.27,0.2600,116.50,965.32,1195.68,2161.00,1195.68,965.32,2161.00,0.0100,0.0100,-0.1066,0.1066,0.7831,0.2169,0.6301,0.3938,0.3938,0.6301,-23.4899,109.3172,109.2777,-23.4814
btc-updown-5m-1780093800,1780093938000,162,73444.08,73541.69,97.61,0.0000,0.0000,0.0013,0.0635,0.0000,0.0223,0.000139,0.0128,0.1038,73541.60,0.0000,0.0001,0.0000,0.0000,0.7800,7.11,0.7700,373.21,0.7600,72.84,0.7500,109.56,0.7400,106.50,0.7900,529.67,0.8000,94.20,0.8100,133.84,0.8200,279.61,0.8300,140.78,0.2100,529.67,0.2000,94.20,0.1900,133.84,0.1800,279.61,0.1700,140.78,0.2200,7.11,0.2300,373.21,0.2400,72.84,0.2500,109.56,0.2600,106.50,669.22,1178.10,1847.32,1178.10,669.22,1847.32,0.0100,0.0100,-0.2755,0.2755,0.7801,0.2199,0.5683,0.5296,0.5296,0.5683,-69.0596,90.9762,90.9762,-69.0596
btc-updown-5m-1780093800,1780093939000,161,73444.46,73541.69,97.23,0.0000,0.0000,0.0037,0.0086,0.0000,0.0223,0.000139,0.0112,0.3355,73541.68,0.0000,0.0000,0.0000,0.0000,0.7800,2.11,0.7700,73.21,0.7600,96.36,0.7500,76.00,0.7400,86.50,0.7900,423.19,0.8000,170.96,0.8100,165.44,0.8200,279.61,0.8300,140.78,0.2100,423.19,0.2000,170.96,0.1900,165.44,0.1800,279.61,0.1700,140.78,0.2200,2.11,0.2300,73.21,0.2400,96.36,0.2500,76.00,0.2600,86.50,334.18,1179.98,1514.16,1179.98,334.18,1514.16,0.0100,0.0100,-0.5586,0.5586,0.7800,0.2200,0.2254,0.5035,0.5035,0.2254,-140.2291,117.2110,117.2110,-140.2291
btc-updown-5m-1780093800,1780093940000,160,73444.70,73541.69,96.99,0.0000,0.0000,0.0011,0.0093,0.0000,0.0220,0.000139,0.0112,0.0954,73541.68,0.0000,0.0000,0.0000,0.0000,0.7500,42.59,0.7400,36.50,0.7300,41.00,0.7200,331.00,0.7100,71.80,0.7600,72.74,0.7700,49.87,0.7800,80.21,0.7900,320.61,0.8000,121.10,0.2400,72.74,0.2300,49.87,0.2200,80.21,0.2100,320.61,0.2000,121.10,0.2500,42.59,0.2600,36.50,0.2700,41.00,0.2800,331.00,0.2900,71.80,522.89,644.53,1167.42,644.53,522.89,1167.42,0.0100,0.0100,-0.1042,0.1042,0.7537,0.2463,0.1513,0.1902,0.1902,0.1513,-90.8967,-22.2380,-22.2422,-90.9137
btc-updown-5m-1780093800,1780093941000,159,73444.51,73541.68,97.17,-0.0000,-0.0000,0.0118,0.0200,0.0020,0.0223,0.000139,0.0114,1.0368,73541.69,-0.0000,-0.0000,-0.0132,-0.0000,0.7500,184.26,0.7400,41.50,0.7300,336.00,0.7200,37.61,0.7100,66.00,0.7600,8.38,0.7700,61.00,0.7800,72.00,0.7900,255.58,0.8000,166.10,0.2400,8.38,0.2300,61.00,0.2200,72.00,0.2100,255.58,0.2000,166.10,0.2500,184.26,0.2600,41.50,0.2700,336.00,0.2800,37.61,0.2900,66.00,665.37,563.06,1228.43,563.06,665.37,1228.43,0.0100,0.0100,0.0833,-0.0833,0.7596,0.2404,0.3393,0.1232,0.1232,0.3393,-36.0273,-84.4594,-84.4452,-36.0212
btc-updown-5m-1780093800,1780093942000,158,73443.13,73541.68,98.55,0.0000,-0.0000,0.0000,0.0180,0.0020,0.0223,0.000139,0.0114,0.0000,73541.69,-0.0000,-0.0000,0.0000,0.0000,0.7500,41.10,0.7400,41.50,0.7300,336.00,0.7200,37.61,0.7100,66.00,0.7600,50.12,0.7700,61.00,0.7800,82.00,0.7900,315.61,0.8000,151.10,0.2400,50.12,0.2300,61.00,0.2200,82.00,0.2100,315.61,0.2000,151.10,0.2500,41.10,0.2600,41.50,0.2700,336.00,0.2800,37.61,0.2900,66.00,522.21,659.83,1182.04,659.83,522.21,1182.04,0.0100,0.0100,-0.1164,0.1164,0.7545,0.2455,0.1582,0.1684,0.1684,0.1582,-100.2415,-70.6250,-70.6250,-100.2415
btc-updown-5m-1780093800,1780093943000,157,73443.13,73541.69,98.56,0.0000,0.0000,0.0001,0.0168,0.0040,0.0227,0.000139,0.0114,0.0123,73541.69,0.0000,0.0000,0.0134,0.0000,0.7500,41.10,0.7400,41.50,0.7300,336.00,0.7200,37.61,0.7100,66.00,0.7600,50.12,0.7700,61.00,0.7800,82.00,0.7900,315.61,0.8000,151.10,0.2400,50.12,0.2300,61.00,0.2200,82.00,0.2100,315.61,0.2000,151.10,0.2500,41.10,0.2600,41.50,0.2700,336.00,0.2800,37.61,0.2900,66.00,522.21,659.83,1182.04,659.83,522.21,1182.04,0.0100,0.0100,-0.1164,0.1164,0.7545,0.2455,0.1582,0.1684,0.1684,0.1582,-125.2838,-79.6169,-79.6011,-125.2590
btc-updown-5m-1780093800,1780093944000,156,73443.13,73541.69,98.56,0.0000,0.0000,0.0562,0.0692,0.0040,0.0033,0.000007,0.0132,4.2494,73541.69,0.0000,0.0000,0.0000,0.0000,0.7600,27.79,0.7500,154.70,0.7400,79.06,0.7300,341.00,0.7200,31.00,0.7700,78.49,0.7800,82.00,0.7900,325.59,0.8000,93.00,0.8100,224.98,0.2300,78.49,0.2200,82.00,0.2100,325.59,0.2000,93.00,0.1900,224.98,0.2400,27.79,0.2500,154.70,0.2600,79.06,0.2700,341.00,0.2800,31.00,633.55,804.06,1437.61,804.06,633.55,1437.61,0.0100,0.0100,-0.1186,0.1186,0.7626,0.2374,0.2880,0.1996,0.1996,0.2880,-6.9297,-70.2068,-70.1826,-6.9273
btc-updown-5m-1780093800,1780093945000,155,73443.09,73541.69,98.60,0.0000,0.0000,0.0029,0.0710,0.0040,0.0033,0.000007,0.0114,0.2496,73541.69,0.0000,0.0000,0.0000,0.0000,0.7600,60.00,0.7500,558.94,0.7400,82.80,0.7300,41.00,0.7200,31.00,0.7800,8.36,0.7900,345.61,0.8000,106.10,0.8100,233.21,0.8200,270.81,0.2200,8.36,0.2100,345.61,0.2000,106.10,0.1900,233.21,0.1800,270.81,0.2400,60.00,0.2500,558.94,0.2600,82.80,0.2700,41.00,0.2800,31.00,773.74,964.09,1737.83,964.09,773.74,1737.83,0.0200,0.0200,-0.1095,0.1095,0.7776,0.2224,0.7999,0.3672,0.3672,0.7999,23.8920,-30.9482,-30.9482,23.8920
btc-updown-5m-1780093800,1780093946000,154,73444.24,73541.69,97.45,0.0000,0.0000,0.0005,0.0596,0.0020,0.0033,0.000007,0.0112,0.0430,73541.69,0.0000,0.0000,0.0000,0.0000,0.7700,7.84,0.7600,43.00,0.7500,166.59,0.7400,48.09,0.7300,36.00,0.7800,75.01,0.7900,341.61,0.8000,121.10,0.8100,224.40,0.8200,294.62,0.2200,75.01,0.2100,341.61,0.2000,121.10,0.1900,224.40,0.1800,294.62,0.2300,7.84,0.2400,43.00,0.2500,166.59,0.2600,48.09,0.2700,36.00,301.52,1056.74,1358.26,1056.74,301.52,1358.26,0.0100,0.0100,-0.5560,0.5560,0.7709,0.2291,0.1686,0.3943,0.3943,0.1686,-36.2189,67.4427,67.4427,-36.2189
btc-updown-5m-1780093800,1780093947000,153,73443.91,73542.64,98.73,0.0013,0.0013,0.0151,0.0747,0.1920,0.0347,0.000232,0.0116,1.2994,73541.73,0.0010,0.0012,1.2754,0.0000,0.7800,12.78,0.7700,519.73,0.7600,45.46,0.7500,172.17,0.7400,71.50,0.7900,272.57,0.8000,83.00,0.8100,176.00,0.8200,265.82,0.8300,117.40,0.2100,272.57,0.2000,83.00,0.1900,176.00,0.1800,265.82,0.1700,117.40,0.2200,12.78,0.2300,519.73,0.2400,45.46,0.2500,172.17,0.2600,71.50,821.64,914.79,1736.43,914.79,821.64,1736.43,0.0100,0.0100,-0.0536,0.0536,0.7804,0.2196,0.6481,0.3887,0.3887,0.6481,25.2211,56.7673,56.7764,25.2252
btc-updown-5m-1780093800,1780093948000,152,73444.42,73542.63,98.21,-0.0000,0.0013,0.0002,0.0748,0.1920,0.0347,0.000232,0.0115,0.0157,73541.73,0.0010,0.0012,-0.0134,-0.0000,0.7800,423.49,0.7700,41.91,0.7600,31.00,0.7500,172.17,0.7400,82.18,0.7900,313.30,0.8000,109.00,0.8100,146.00,0.8200,265.82,0.8300,117.40,0.2100,313.30,0.2000,109.00,0.1900,146.00,0.1800,265.82,0.1700,117.40,0.2200,423.49,0.2300,41.91,0.2400,31.00,0.2500,172.17,0.2600,82.18,750.75,951.52,1702.27,951.52,750.75,1702.27,0.0100,0.0100,-0.1179,0.1179,0.7857,0.2143,0.6199,0.4438,0.4438,0.6199,40.9350,52.2461,52.2555,40.9423
btc-updown-5m-1780093800,1780093949000,151,73444.42,73547.25,102.83,0.0063,0.0076,0.0203,0.0389,1.1160,0.1887,0.001143,0.0118,1.7213,73542.04,0.0057,0.0071,6.4600,0.0001,0.8300,254.97,0.8200,125.56,0.8100,180.50,0.8000,134.50,0.7900,257.00,0.8400,57.57,0.8500,72.95,0.8600,693.93,0.8700,101.00,0.8800,176.99,0.1600,57.57,0.1500,72.95,0.1400,693.93,0.1300,101.00,0.1200,176.99,0.1700,254.97,0.1800,125.56,0.1900,180.50,0.2000,134.50,0.2100,257.00,952.53,1102.44,2054.97,1102.44,952.53,2054.97,0.0100,0.0100,-0.0729,0.0729,0.8382,0.1618,0.3995,0.1184,0.1184,0.3995,75.5926,87.6329,87.6329,75.5926
btc-updown-5m-1780093800,1780093950000,150,73444.78,73547.25,102.47,0.0000,0.0076,0.0101,0.0461,1.1160,0.1883,0.001143,0.0117,0.8651,73542.19,0.0025,0.0069,0.0000,0.0000,0.8400,305.54,0.8300,391.81,0.8200,135.56,0.8100,89.37,0.8000,99.50,0.8500,79.59,0.8600,38.00,0.8700,363.00,0.8800,498.01,0.8900,105.70,0.1500,79.59,0.1400,38.00,0.1300,363.00,0.1200,498.01,0.1100,105.70,0.1600,305.54,0.1700,391.81,0.1800,135.56,0.1900,89.37,0.2000,99.50,1021.78,1084.30,2106.08,1084.30,1021.78,2106.08,0.0100,0.0100,-0.0297,0.0297,0.8479,0.1521,0.6825,0.1084,0.1084,0.6825,73.0641,27.3831,27.3784,73.0517
btc-updown-5m-1780093800,1780093951000,149,73445.89,73547.27,101.38,0.0000,0.0076,0.0019,0.0476,1.1200,0.1890,0.001143,0.0117,0.1668,73542.22,0.0021,0.0069,0.0276,0.0000,0.8500,158.04,0.8400,100.84,0.8300,365.02,0.8200,78.56,0.8100,32.00,0.8600,40.00,0.8700,360.00,0.8800,507.94,0.8900,105.59,0.9000,228.54,0.1400,40.00,0.1300,360.00,0.1200,507.94,0.1100,105.59,0.1000,228.54,0.1500,158.04,0.1600,100.84,0.1700,365.02,0.1800,78.56,0.1900,32.00,734.46,1242.07,1976.53,1242.07,734.46,1976.53,0.0100,0.0100,-0.2568,0.2568,0.8580,0.1420,0.3525,0.3220,0.3220,0.3525,61.2189,52.7939,52.7483,61.1660
btc-updown-5m-1780093800,1780093952000,148,73450.56,73547.27,96.71,0.0000,0.0063,0.0000,0.0325,0.9300,0.1887,0.001143,0.0117,0.0000,73542.22,0.0020,0.0069,0.0000,0.0000,0.8500,13.34,0.8400,112.84,0.8300,353.02,0.8200,36.56,0.8100,32.00,0.8600,11.61,0.8700,153.80,0.8800,782.94,0.8900,92.29,0.9000,218.53,0.1400,11.61,0.1300,153.80,0.1200,782.94,0.1100,92.29,0.1000,218.53,0.1500,13.34,0.1600,112.84,0.1700,353.02,0.1800,36.56,0.1900,32.00,547.76,1259.17,1806.93,1259.17,547.76,1806.93,0.0100,0.0100,-0.3937,0.3937,0.8553,0.1447,0.2304,0.1314,0.1314,0.2304,34.1254,34.8933,34.8989,34.1310
btc-updown-5m-1780093800,1780093953000,147,73451.47,73547.27,95.80,0.0000,0.0063,0.0000,0.0323,0.9280,0.1883,0.001143,0.0101,0.0000,73542.31,0.0001,0.0067,0.0000,0.0000,0.8300,468.65,0.8200,57.36,0.8100,45.82,0.8000,97.60,0.7900,183.80,0.8400,14.00,0.8500,17.00,0.8600,59.87,0.8700,216.80,0.8800,801.68,0.1600,14.00,0.1500,17.00,0.1400,59.87,0.1300,216.80,0.1200,801.68,0.1700,468.65,0.1800,57.36,0.1900,45.82,0.2000,97.60,0.2100,183.80,853.23,1109.35,1962.58,1109.35,853.23,1962.58,0.0100,0.0100,-0.1305,0.1305,0.8397,0.1603,0.6165,0.0279,0.0279,0.6165,5.3236,32.7873,32.7929,5.3245
btc-updown-5m-1780093800,1780093954000,146,73451.47,73548.00,96.53,0.0010,0.0010,0.0098,0.0219,0.1500,0.2127,0.001150,0.0087,1.1313,73542.64,0.0008,0.0073,0.9582,0.0000,0.8400,10.18,0.8300,362.05,0.8200,86.19,0.8100,70.40,0.8000,127.86,0.8500,178.14,0.8600,78.00,0.8700,215.81,0.8800,871.68,0.8900,136.50,0.1500,178.14,0.1400,78.00,0.1300,215.81,0.1200,871.68,0.1100,136.50,0.1600,10.18,0.1700,362.05,0.1800,86.19,0.1900,70.40,0.2000,127.86,656.68,1480.13,2136.81,1480.13,656.68,2136.81,0.0100,0.0100,-0.3854,0.3854,0.8405,0.1595,0.5668,0.1731,0.1731,0.5668,-100.9977,181.4311,181.4961,-101.0339
btc-updown-5m-1780093800,1780093955000,145,73451.47,73548.00,96.53,0.0000,0.0010,0.0000,0.0118,0.1500,0.2127,0.001150,0.0069,0.0000,73542.89,0.0006,0.0069,0.0000,0.0000,0.8300,205.00,0.8200,104.68,0.8100,70.40,0.8000,143.86,0.7900,173.80,0.8400,28.97,0.8500,31.00,0.8600,45.87,0.8700,149.80,0.8800,536.68,0.1600,28.97,0.1500,31.00,0.1400,45.87,0.1300,149.80,0.1200,536.68,0.1700,205.00,0.1800,104.68,0.1900,70.40,0.2000,143.86,0.2100,173.80,697.74,792.32,1490.06,792.32,697.74,1490.06,0.0100,0.0100,-0.0635,0.0635,0.8388,0.1612,0.4438,0.0757,0.0757,0.4438,-52.7997,49.9853,49.9771,-52.7911
btc-updown-5m-1780093800,1780093956000,144,73451.65,73548.00,96.35,0.0000,0.0010,0.0001,0.0099,0.1460,0.2127,0.001150,0.0069,0.0102,73542.89,0.0002,0.0069,0.0000,0.0000,0.8200,140.57,0.8100,57.40,0.8000,144.07,0.7900,173.80,0.7800,131.20,0.8300,65.95,0.8400,143.79,0.8500,106.00,0.8600,41.00,0.8700,139.80,0.1700,65.95,0.1600,143.79,0.1500,106.00,0.1400,41.00,0.1300,139.80,0.1800,140.57,0.1900,57.40,0.2000,144.07,0.2100,173.80,0.2200,131.20,647.04,496.54,1143.58,496.54,647.04,1143.58,0.0100,0.0100,0.1316,-0.1316,0.8268,0.1732,0.3060,0.4224,0.4224,0.3060,-79.5903,-79.3846,-79.4107,-79.6165
btc-updown-5m-1780093800,1780093957000,143,73451.65,73548.00,96.35,0.0000,0.0010,0.0101,0.0201,0.1460,0.2123,0.001150,0.0072,1.4065,73543.12,0.0000,0.0066,0.0000,0.0000,0.8300,369.97,0.8200,52.96,0.8100,185.30,0.8000,131.10,0.7900,173.80,0.8400,47.66,0.8500,46.00,0.8600,45.87,0.8700,144.80,0.8800,491.68,0.1600,47.66,0.1500,46.00,0.1400,45.87,0.1300,144.80,0.1200,491.68,0.1700,369.97,0.1800,52.96,0.1900,185.30,0.2000,131.10,0.2100,173.80,913.13,776.01,1689.14,776.01,913.13,1689.14,0.0100,0.0100,0.0812,-0.0812,0.8389,0.1611,0.4632,0.1207,0.1207,0.4632,29.1563,-76.0542,-76.1163,29.1801
btc-updown-5m-1780093800,1780093958000,142,73451.24,73549.17,97.93,0.0016,0.0026,0.0114,0.0314,0.3820,0.2517,0.001172,0.0076,1.5014,73543.42,0.0010,0.0078,1.5578,0.0000,0.8300,542.85,0.8200,66.04,0.8100,176.76,0.8000,106.10,0.7900,176.60,0.8400,47.19,0.8500,49.88,0.8600,41.00,0.8700,174.80,0.8800,491.68,0.1600,47.19,0.1500,49.88,0.1400,41.00,0.1300,174.80,0.1200,491.68,0.1700,542.85,0.1800,66.04,0.1900,176.76,0.2000,106.10,0.2100,176.60,1068.35,804.55,1872.90,804.55,1068.35,1872.90,0.0100,0.0100,0.1409,-0.1409,0.8392,0.1608,0.5699,0.1207,0.1207,0.5699,82.2776,-91.8177,-91.8488,82.3055
btc-updown-5m-1780093800,1780093959000,141,73450.93,73547.99,97.06,-0.0016,-0.0000,0.0002,0.0218,0.4720,0.2910,0.001222,0.0076,0.0303,73543.42,-0.0006,0.0062,-1.5572,-0.0000,0.8300,458.76,0.8200,146.74,0.8100,176.76,0.8000,136.31,0.7900,176.60,0.8400,20.40,0.8500,49.88,0.8600,41.00,0.8700,144.80,0.8800,491.68,0.1600,20.40,0.1500,49.88,0.1400,41.00,0.1300,144.80,0.1200,491.68,0.1700,458.76,0.1800,146.74,0.1900,176.76,0.2000,136.31,0.2100,176.60,1095.17,747.76,1842.93,747.76,1095.17,1842.93,0.0100,0.0100,0.1885,-0.1885,0.8396,0.1604,0.5529,0.0940,0.0940,0.5529,80.3946,-136.3048,-136.2570,80.3664
btc-updown-5m-1780093800,1780093960000,140,73450.75,73547.99,97.24,0.0000,-0.0000,0.0000,0.0218,0.4720,0.2907,0.001222,0.0076,0.0000,73543.42,-0.0008,0.0062,0.0000,0.0000,0.8300,405.97,0.8200,131.14,0.8100,183.47,0.8000,141.31,0.7900,181.62,0.8400,30.40,0.8500,49.88,0.8600,41.00,0.8700,144.80,0.8800,491.68,0.1600,30.40,0.1500,49.88,0.1400,41.00,0.1300,144.80,0.1200,491.68,0.1700,405.97,0.1800,131.14,0.1900,183.47,0.2000,141.31,0.2100,181.62,1043.51,757.76,1801.27,757.76,1043.51,1801.27,0.0100,0.0100,0.1586,-0.1586,0.8393,0.1607,0.5147,0.1059,0.1059,0.5147,78.1872,-70.5547,-70.5682,78.2021
btc-updown-5m-1780093800,1780093961000,139,73450.67,73547.99,97.32,0.0000,-0.0000,0.0000,0.0218,0.4720,0.2903,0.001222,0.0071,0.0000,73543.53,-0.0008,0.0061,0.0000,0.0000,0.8200,35.88,0.8100,72.38,0.8000,95.13,0.7900,138.80,0.7800,106.20,0.8300,30.00,0.8400,178.56,0.8500,140.06,0.8600,121.00,0.8700,250.80,0.1700,30.00,0.1600,178.56,0.1500,140.06,0.1400,121.00,0.1300,250.80,0.1800,35.88,0.1900,72.38,0.2000,95.13,0.2100,138.80,0.2200,106.20,448.39,720.42,1168.81,720.42,448.39,1168.81,0.0100,0.0100,-0.2327,0.2327,0.8254,0.1746,0.2414,0.2895,0.2895,0.2414,-92.1577,-11.7888,-11.7850,-92.1275
btc-updown-5m-1780093800,1780093962000,138,73450.68,73547.99,97.31,0.0000,-0.0000,0.0000,0.0116,0.4720,0.2903,0.001222,0.0071,0.0000,73543.54,-0.0008,0.0060,0.0000,0.0000,0.8200,230.55,0.8100,49.38,0.8000,81.00,0.7900,148.83,0.7800,106.20,0.8300,54.79,0.8400,92.04,0.8500,71.00,0.8600,66.00,0.8700,195.80,0.1700,54.79,0.1600,92.04,0.1500,71.00,0.1400,66.00,0.1300,195.80,0.1800,230.55,0.1900,49.38,0.2000,81.00,0.2100,148.83,0.2200,106.20,615.96,479.63,1095.59,479.63,615.96,1095.59,0.0100,0.0100,0.1244,-0.1244,0.8281,0.1719,0.4545,0.3061,0.3061,0.4545,-0.1776,-124.9441,-124.9030,-0.1776
btc-updown-5m-1780093800,1780093963000,137,73450.68,73548.00,97.32,0.0000,-0.0016,0.0020,0.0022,0.2380,0.2907,0.001222,0.0071,0.2776,73543.59,-0.0013,0.0060,0.0132,0.0000,0.8200,194.09,0.8100,67.38,0.8000,71.00,0.7900,159.92,0.7800,106.20,0.8300,54.79,0.8400,87.04,0.8500,71.00,0.8600,66.00,0.8700,195.80,0.1700,54.79,0.1600,87.04,0.1500,71.00,0.1400,66.00,0.1300,195.80,0.1800,194.09,0.1900,67.38,0.2000,71.00,0.2100,159.92,0.2200,106.20,598.59,474.63,1073.22,474.63,598.59,1073.22,0.0100,0.0100,0.1155,-0.1155,0.8278,0.1722,0.4368,0.2988,0.2988,0.4368,-48.9214,-45.7000,-45.7000,-48.9214
btc-updown-5m-1780093800,1780093964000,136,73450.63,73551.50,100.87,0.0048,0.0048,0.0401,0.0421,0.7020,0.4073,0.001460,0.0084,4.7617,73544.80,0.0002,0.0091,4.8000,0.0001,0.8200,250.05,0.8100,51.00,0.8000,89.10,0.7900,154.89,0.7800,127.15,0.8300,94.06,0.8400,52.00,0.8500,261.00,0.8600,71.00,0.8700,205.80,0.1700,94.06,0.1600,52.00,0.1500,261.00,0.1400,71.00,0.1300,205.80,0.1800,250.05,0.1900,51.00,0.2000,89.10,0.2100,154.89,0.2200,127.15,672.19,683.86,1356.05,683.86,672.19,1356.05,0.0100,0.0100,-0.0086,0.0086,0.8273,0.1727,0.4479,0.2136,0.2136,0.4479,-65.4702,-19.9455,-19.9422,-65.4594
btc-updown-5m-1780093800,1780093965000,135,73450.63,73551.49,100.86,-0.0000,0.0048,0.0288,0.0709,0.7040,0.4077,0.001460,0.0075,3.8576,73546.43,0.0001,0.0069,-0.0137,-0.0000,0.8200,194.27,0.8100,19.30,0.8000,23.10,0.7900,40.80,0.7800,59.55,0.8300,107.82,0.8400,95.56,0.8500,316.00,0.8600,116.00,0.8700,257.80,0.1700,107.82,0.1600,95.56,0.1500,316.00,0.1400,116.00,0.1300,257.80,0.1800,194.27,0.1900,19.30,0.2000,23.10,0.2100,40.80,0.2200,59.55,337.02,893.18,1230.20,893.18,337.02,1230.20,0.0100,0.0100,-0.4521,0.4521,0.8264,0.1736,0.6337,0.2277,0.2277,0.6337,-120.0493,23.0110,23.0071,-120.0289
btc-updown-5m-1780093800,1780093966000,134,73450.69,73551.49,100.80,0.0000,0.0048,0.0200,0.0909,0.7040,0.4077,0.001460,0.0081,2.4713,73546.84,0.0001,0.0063,0.0000,0.0000,0.7200,14.87,0.7100,41.00,0.7000,7.20,0.6900,26.10,0.6800,121.00,0.7300,103.27,0.7600,467.39,0.7700,196.00,0.7800,154.00,0.7900,301.50,0.2700,103.27,0.2400,467.39,0.2300,196.00,0.2200,154.00,0.2100,301.50,0.2800,14.87,0.2900,41.00,0.3000,7.20,0.3100,26.10,0.3200,121.00,210.17,1222.16,1432.33,1222.16,210.17,1432.33,0.0100,0.0100,-0.7065,0.7065,0.7213,0.2787,0.2658,0.4669,0.4669,0.2658,-65.6619,-26.3094,-26.3183,-65.6841
btc-updown-5m-1780093800,1780093967000,133,73450.69,73551.49,100.80,0.0000,0.0048,0.0000,0.0909,0.7040,0.4077,0.001460,0.0081,0.0000,73546.86,0.0001,0.0063,0.0000,0.0000,0.7200,32.82,0.7100,31.00,0.7000,27.20,0.6900,57.06,0.6800,121.00,0.7300,432.82,0.7400,104.67,0.7500,86.00,0.7600,71.00,0.7700,116.00,0.2700,432.82,0.2600,104.67,0.2500,86.00,0.2400,71.00,0.2300,116.00,0.2800,32.82,0.2900,31.00,0.3000,27.20,0.3100,57.06,0.3200,121.00,269.08,810.49,1079.57,810.49,269.08,1079.57,0.0100,0.0100,-0.5015,0.5015,0.7207,0.2793,0.2372,0.6632,0.6632,0.2372,-32.0675,-95.0016,-95.0170,-32.0727
btc-updown-5m-1780093800,1780093968000,132,73450.69,73551.49,100.80,0.0000,0.0047,0.0000,0.0889,0.7020,0.4077,0.001460,0.0080,0.0000,73546.90,0.0001,0.0062,0.0000,0.0000,0.7200,186.75,0.7100,190.24,0.7000,28.40,0.6900,26.10,0.6800,145.00,0.7300,156.94,0.7400,83.00,0.7500,65.62,0.7600,82.00,0.7700,116.00,0.2700,156.94,0.2600,83.00,0.2500,65.62,0.2400,82.00,0.2300,116.00,0.2800,186.75,0.2900,190.24,0.3000,28.40,0.3100,26.10,0.3200,145.00,576.49,503.56,1080.05,503.56,576.49,1080.05,0.0100,0.0100,0.0675,-0.0675,0.7254,0.2746,0.6539,0.4765,0.4765,0.6539,102.9263,-137.3574,-137.2658,102.8576
btc-updown-5m-1780093800,1780093969000,131,73450.69,73551.49,100.80,0.0000,-0.0000,0.0000,0.0488,0.0020,0.4077,0.001460,0.0079,0.0000,73546.93,-0.0000,0.0062,0.0000,0.0000,0.7300,511.53,0.7200,151.68,0.7100,90.30,0.7000,44.40,0.6900,42.10,0.7500,23.94,0.7600,26.00,0.7700,51.46,0.7800,124.00,0.7900,174.62,0.2500,23.94,0.2400,26.00,0.2300,51.46,0.2200,124.00,0.2100,174.62,0.2700,511.53,0.2800,151.68,0.2900,90.30,0.3000,44.40,0.3100,42.10,840.01,400.02,1240.03,400.02,840.01,1240.03,0.0200,0.0200,0.3548,-0.3548,0.7491,0.2509,0.7895,0.1248,0.1248,0.7895,152.2170,-248.6921,-248.7650,152.2617
btc-updown-5m-1780093800,1780093970000,130,73450.69,73551.50,100.81,0.0000,0.0000,0.0004,0.0204,0.0020,0.4080,0.001460,0.0078,0.0472,73547.02,0.0000,0.0061,0.0137,0.0000,0.7600,210.64,0.7500,200.18,0.7400,26.00,0.7300,36.00,0.7200,46.00,0.7700,62.13,0.7800,160.93,0.7900,144.62,0.8000,286.00,0.8100,36.00,0.2300,62.13,0.2200,160.93,0.2100,144.62,0.2000,286.00,0.1900,36.00,0.2400,210.64,0.2500,200.18,0.2600,26.00,0.2700,36.00,0.2800,46.00,518.82,689.68,1208.50,689.68,518.82,1208.50,0.0100,0.0100,-0.1414,0.1414,0.7677,0.2323,0.7918,0.3234,0.3234,0.7918,93.7398,-24.3327,-24.3327,93.7398
btc-updown-5m-1780093800,1780093971000,129,73450.69,73551.50,100.81,0.0000,0.0000,0.0000,0.0004,0.0020,0.4077,0.001460,0.0078,0.0000,73547.04,0.0000,0.0061,0.0000,0.0000,0.7600,468.88,0.7500,100.85,0.7400,141.00,0.7300,121.00,0.7200,76.00,0.7800,76.33,0.7900,119.62,0.8000,286.00,0.8100,36.00,0.8200,56.00,0.2200,76.33,0.2100,119.62,0.2000,286.00,0.1900,36.00,0.1800,56.00,0.2400,468.88,0.2500,100.85,0.2600,141.00,0.2700,121.00,0.2800,76.00,907.73,573.95,1481.68,573.95,907.73,1481.68,0.0200,0.0200,0.2253,-0.2253,0.7772,0.2228,0.6276,0.3414,0.3414,0.6276,169.4837,-83.2575,-83.2757,169.5208
btc-updown-5m-1780093800,1780093972000,128,73450.69,73551.50,100.81,0.0000,0.0000,0.0058,0.0062,0.0040,0.4080,0.001460,0.0076,0.7633,73547.42,0.0000,0.0055,0.0000,0.0000,0.7800,633.51,0.7700,217.59,0.7600,65.48,0.7500,111.57,0.7400,111.00,0.7900,33.15,0.8000,250.00,0.8100,103.66,0.8200,70.00,0.8300,106.00,0.2100,33.15,0.2000,250.00,0.1900,103.66,0.1800,70.00,0.1700,106.00,0.2200,633.51,0.2300,217.59,0.2400,65.48,0.2500,111.57,0.2600,111.00,1139.15,562.81,1701.96,562.81,1139.15,1701.96,0.0100,0.0100,0.3386,-0.3386,0.7895,0.2105,0.7471,0.5031,0.5031,0.7471,156.8837,-51.0901,-51.0901,156.8837
btc-updown-5m-1780093800,1780093973000,127,73448.99,73551.50,102.51,0.0000,0.0000,0.0017,0.0079,0.0040,0.4077,0.001460,0.0077,0.2204,73547.45,0.0000,0.0055,0.0000,0.0000,0.7900,630.30,0.7800,66.88,0.7700,63.00,0.7600,60.48,0.7500,91.00,0.8000,257.95,0.8100,138.66,0.8200,76.00,0.8300,121.00,0.8400,75.56,0.2000,257.95,0.1900,138.66,0.1800,76.00,0.1700,121.00,0.1600,75.56,0.2100,630.30,0.2200,66.88,0.2300,63.00,0.2400,60.48,0.2500,91.00,911.66,669.17,1580.83,669.17,911.66,1580.83,0.0100,0.0100,0.1534,-0.1534,0.7971,0.2029,0.7647,0.5927,0.5927,0.7647,106.4212,-5.9265,-5.9265,106.4212
btc-updown-5m-1780093800,1780093974000,126,73449.34,73551.50,102.16,0.0000,0.0000,0.0831,0.0909,0.0040,0.4077,0.001460,0.0103,8.0326,73548.50,0.0000,0.0041,0.0000,0.0000,0.7900,628.00,0.7800,85.12,0.7700,63.00,0.7600,77.39,0.7500,106.57,0.8000,128.10,0.8100,89.66,0.8200,71.00,0.8300,121.00,0.8400,75.56,0.2000,128.10,0.1900,89.66,0.1800,71.00,0.1700,121.00,0.1600,75.56,0.2100,628.00,0.2200,85.12,0.2300,63.00,0.2400,77.39,0.2500,106.57,960.08,485.32,1445.40,485.32,960.08,1445.40,0.0100,0.0100,0.3285,-0.3285,0.7983,0.2017,0.7428,0.4487,0.4487,0.7428,89.2949,-28.6141,-28.6141,89.2949
btc-updown-5m-1780093800,1780093975000,125,73448.71,73551.50,102.79,0.0000,0.0000,0.0008,0.0913,0.0040,0.4080,0.001460,0.0086,0.0877,73549.95,0.0000,0.0021,0.0000,0.0000,0.8100,546.60,0.8000,70.92,0.7900,314.74,0.7800,156.88,0.7700,26.00,0.8200,11.84,0.8300,54.14,0.8400,69.56,0.8500,301.00,0.8600,76.00,0.1800,11.84,0.1700,54.14,0.1600,69.56,0.1500,301.00,0.1400,76.00,0.1900,546.60,0.2000,70.92,0.2100,314.74,0.2200,156.88,0.2300,26.00,1115.14,512.54,1627.68,512.54,1115.14,1627.68,0.0100,0.0100,0.3702,-0.3702,0.8198,0.1802,0.5538,0.1287,0.1287,0.5538,80.6062,9.8794,9.8746,80.5673
btc-updown-5m-1780093800,1780093976000,124,73448.72,73551.49,102.77,-0.0000,-0.0000,0.0005,0.0918,0.0060,0.4083,0.001460,0.0085,0.0590,73550.04,-0.0000,0.0020,-0.0140,-0.0000,0.8200,425.37,0.8100,43.94,0.8000,51.57,0.7900,327.74,0.7800,186.88,0.8300,37.37,0.8400,89.59,0.8500,301.00,0.8600,76.00,0.8700,209.80,0.1700,37.37,0.1600,89.59,0.1500,301.00,0.1400,76.00,0.1300,209.80,0.1800,425.37,0.1900,43.94,0.2000,51.57,0.2100,327.74,0.2200,186.88,1035.50,713.76,1749.26,713.76,1035.50,1749.26,0.0100,0.0100,0.1839,-0.1839,0.8292,0.1708,0.4532,0.1779,0.1779,0.4532,99.9516,2.3362,2.3355,99.9194
btc-updown-5m-1780093800,1780093977000,123,73448.72,73551.50,102.78,0.0000,0.0000,0.0092,0.0952,0.0060,0.3770,0.001453,0.0088,1.0503,73550.11,0.0000,0.0019,0.0140,0.0000,0.8400,224.05,0.8300,107.61,0.8200,49.00,0.8100,46.00,0.8000,31.00,0.8500,273.61,0.8600,66.00,0.8700,241.88,0.8800,157.24,0.8900,414.50,0.1500,273.61,0.1400,66.00,0.1300,241.88,0.1200,157.24,0.1100,414.50,0.1600,224.05,0.1700,107.61,0.1800,49.00,0.1900,46.00,0.2000,31.00,457.66,1153.23,1610.89,1153.23,457.66,1610.89,0.0100,0.0100,-0.4318,0.4318,0.8445,0.1555,0.7247,0.2945,0.2945,0.7247,-37.5869,134.9965,134.9496,-37.5739
btc-updown-5m-1780093800,1780093978000,122,73448.72,73551.50,102.78,0.0000,0.0000,0.0000,0.0935,0.0060,0.3767,0.001453,0.0083,0.0000,73550.55,0.0000,0.0013,0.0000,0.0000,0.8400,236.01,0.8300,133.61,0.8200,43.00,0.8100,56.00,0.8000,61.00,0.8500,291.43,0.8600,133.00,0.8700,214.80,0.8800,162.24,0.8900,436.33,0.1500,291.43,0.1400,133.00,0.1300,214.80,0.1200,162.24,0.1100,436.33,0.1600,236.01,0.1700,133.61,0.1800,43.00,0.1900,56.00,0.2000,61.00,529.62,1237.80,1767.42,1237.80,529.62,1767.42,0.0100,0.0100,-0.4007,0.4007,0.8445,0.1555,0.6979,0.3429,0.3429,0.6979,-98.8694,109.4874,109.2570,-98.6614
btc-updown-5m-1780093800,1780093979000,121,73449.52,73551.50,101.98,0.0000,0.0000,0.0000,0.0105,0.0060,0.2227,0.000960,0.0083,0.0000,73550.55,0.0000,0.0013,0.0000,0.0000,0.8400,218.84,0.8300,133.61,0.8200,43.00,0.8100,26.00,0.8000,31.00,0.8500,410.07,0.8600,174.65,0.8700,214.80,0.8800,197.86,0.8900,436.33,0.1500,410.07,0.1400,174.65,0.1300,214.80,0.1200,197.86,0.1100,436.33,0.1600,218.84,0.1700,133.61,0.1800,43.00,0.1900,26.00,0.2000,31.00,452.45,1433.71,1886.16,1433.71,452.45,1886.16,0.0100,0.0100,-0.5202,0.5202,0.8435,0.1565,0.7790,0.4078,0.4078,0.7790,-76.1542,126.7894,126.7684,-76.1416
btc-updown-5m-1780093800,1780093980000,120,73449.72,73551.50,101.78,0.0000,0.0000,0.0015,0.0112,0.0040,0.2227,0.000960,0.0077,0.1919,73550.84,0.0000,0.0009,0.0000,0.0000,0.8700,153.14,0.8600,186.91,0.8500,39.42,0.8400,72.10,0.8300,165.12,0.8800,83.44,0.8900,487.91,0.9000,526.34,0.9100,115.60,0.9200,394.04,0.1200,83.44,0.1100,487.91,0.1000,526.34,0.0900,115.60,0.0800,394.04,0.1300,153.14,0.1400,186.91,0.1500,39.42,0.1600,72.10,0.1700,165.12,616.69,1607.33,2224.02,1607.33,616.69,2224.02,0.0100,0.0100,-0.4454,0.4454,0.8765,0.1235,0.5514,0.3555,0.3555,0.5514,-100.7401,238.2194,238.2194,-100.7401
btc-updown-5m-1780093800,1780093981000,119,73450.51,73551.50,100.99,0.0000,0.0000,0.0000,0.0107,0.0020,0.2220,0.000960,0.0073,0.0000,73551.00,0.0000,0.0007,0.0000,0.0000,0.8700,88.75,0.8600,186.91,0.8500,39.42,0.8400,61.10,0.8300,165.12,0.8800,105.30,0.8900,487.91,0.9000,526.34,0.9100,115.60,0.9200,394.04,0.1200,105.30,0.1100,487.91,0.1000,526.34,0.0900,115.60,0.0800,394.04,0.1300,88.75,0.1400,186.91,0.1500,39.42,0.1600,61.10,0.1700,165.12,541.30,1629.19,2170.49,1629.19,541.30,2170.49,0.0100,0.0100,-0.5012,0.5012,0.8746,0.1254,0.5093,0.3641,0.3641,0.5093,-103.2329,206.6853,206.6468,-103.2137
btc-updown-5m-1780093800,1780093982000,118,73451.01,73551.50,100.49,0.0000,0.0000,0.0004,0.0019,0.0000,0.2220,0.000960,0.0073,0.0522,73551.04,-0.0000,0.0006,0.0000,0.0000,0.8700,131.40,0.8600,180.36,0.8500,48.61,0.8400,51.10,0.8300,165.12,0.8800,45.05,0.8900,461.88,0.9000,478.53,0.9100,121.22,0.9200,204.04,0.1200,45.05,0.1100,461.88,0.1000,478.53,0.0900,121.22,0.0800,204.04,0.1300,131.40,0.1400,180.36,0.1500,48.61,0.1600,51.10,0.1700,165.12,576.59,1310.72,1887.31,1310.72,576.59,1887.31,0.0100,0.0100,-0.3890,0.3890,0.8774,0.1226,0.5407,0.3868,0.3868,0.5407,-93.2380,98.0713,98.0874,-93.2534
btc-updown-5m-1780093800,1780093983000,117,73451.01,73551.50,100.49,0.0000,0.0000,0.0000,0.0019,0.0000,0.2220,0.000960,0.0073,0.0000,73551.04,0.0000,0.0006,0.0000,0.0000,0.8700,117.92,0.8600,193.36,0.8500,43.00,0.8400,51.10,0.8300,135.12,0.8900,461.88,0.9000,513.53,0.9100,104.70,0.9200,239.66,0.9300,212.57,0.1100,461.88,0.1000,513.53,0.0900,104.70,0.0800,239.66,0.0700,212.57,0.1300,117.92,0.1400,193.36,0.1500,43.00,0.1600,51.10,0.1700,135.12,540.50,1532.34,2072.84,1532.34,540.50,2072.84,0.0200,0.0200,-0.4785,0.4785,0.8741,0.1259,0.5759,0.6365,0.6365,0.5759,26.5207,113.1243,113.1243,26.5207
btc-updown-5m-1780093800,1780093984000,116,73451.13,73551.50,100.37,0.0000,0.0000,0.0682,0.0701,0.0000,0.1977,0.000949,0.0095,7.1920,73551.14,0.0000,0.0005,0.0000,0.0000,0.8800,105.92,0.8700,114.13,0.8600,130.75,0.8500,31.00,0.8400,51.10,0.8900,568.44,0.9000,514.93,0.9100,74.70,0.9200,244.66,0.9300,212.57,0.1100,568.44,0.1000,514.93,0.0900,74.70,0.0800,244.66,0.0700,212.57,0.1200,105.92,0.1300,114.13,0.1400,130.75,0.1500,31.00,0.1600,51.10,432.90,1615.30,2048.20,1615.30,432.90,2048.20,0.0100,0.0100,-0.5773,0.5773,0.8816,0.1184,0.5083,0.6707,0.6707,0.5083,-17.1368,66.8852,67.0634,-17.1824
btc-updown-5m-1780093800,1780093985000,115,73451.17,73551.50,100.33,0.0000,0.0000,0.0014,0.0699,0.0000,0.1977,0.000949,0.0092,0.1466,73551.25,0.0000,0.0003,0.0000,0.0000,0.8800,144.43,0.8700,153.13,0.8600,106.75,0.8500,26.00,0.8400,87.17,0.8900,539.58,0.9000,504.93,0.9100,74.70,0.9200,186.66,0.9300,216.57,0.1100,539.58,0.1000,504.93,0.0900,74.70,0.0800,186.66,0.0700,216.57,0.1200,144.43,0.1300,153.13,0.1400,106.75,0.1500,26.00,0.1600,87.17,517.48,1522.44,2039.92,1522.44,517.48,2039.92,0.0100,0.0100,-0.4926,0.4926,0.8821,0.1179,0.5750,0.6861,0.6861,0.5750,10.6016,14.4653,14.4629,10.5998
btc-updown-5m-1780093800,1780093986000,114,73451.21,73551.50,100.29,0.0000,0.0000,0.0000,0.0699,0.0000,0.1977,0.000949,0.0092,0.0000,73551.25,0.0000,0.0003,0.0000,0.0000,0.8800,152.09,0.8700,143.13,0.8600,112.56,0.8500,26.00,0.8400,57.17,0.8900,133.56,0.9000,830.93,0.9100,74.70,0.9200,181.66,0.9300,221.57,0.1100,133.56,0.1000,830.93,0.0900,74.70,0.0800,181.66,0.0700,221.57,0.1200,152.09,0.1300,143.13,0.1400,112.56,0.1500,26.00,0.1600,57.17,490.95,1442.42,1933.37,1442.42,490.95,1933.37,0.0100,0.0100,-0.4921,0.4921,0.8853,0.1147,0.6013,0.6687,0.6687,0.6013,-52.3147,-8.6651,-8.6637,-52.3062
btc-updown-5m-1780093800,1780093987000,113,73451.09,73551.50,100.41,0.0000,0.0000,0.0030,0.0726,0.0000,0.1977,0.000949,0.0093,0.3214,73551.26,0.0000,0.0003,0.0000,0.0000,0.8800,166.63,0.8700,138.33,0.8600,105.88,0.8500,36.60,0.8400,31.00,0.8900,361.61,0.9000,825.66,0.9100,118.97,0.9200,211.66,0.9300,246.57,0.1100,361.61,0.1000,825.66,0.0900,118.97,0.0800,211.66,0.0700,246.57,0.1200,166.63,0.1300,138.33,0.1400,105.88,0.1500,36.60,0.1600,31.00,478.44,1764.47,2242.91,1764.47,478.44,2242.91,0.0100,0.0100,-0.5734,0.5734,0.8832,0.1168,0.6374,0.6729,0.6729,0.6374,-30.2925,76.3169,76.3588,-30.3091
btc-updown-5m-1780093800,1780093988000,112,73451.36,73551.50,100.14,0.0000,0.0000,0.0009,0.0735,0.0020,0.1587,0.000911,0.0090,0.1010,73551.38,0.0000,0.0002,0.0000,0.0000,0.8600,12.00,0.8400,21.98,0.8300,120.90,0.8200,121.80,0.8100,44.00,0.8700,26.85,0.8800,103.40,0.8900,149.38,0.9000,508.66,0.9100,399.70,0.1300,26.85,0.1200,103.40,0.1100,149.38,0.1000,508.66,0.0900,399.70,0.1400,12.00,0.1600,21.98,0.1700,120.90,0.1800,121.80,0.1900,44.00,320.68,1187.99,1508.67,1187.99,320.68,1508.67,0.0100,0.0100,-0.5749,0.5749,0.8631,0.1369,0.1060,0.1096,0.1096,0.1060,-45.9236,-14.8820,-14.8820,-45.9236
btc-updown-5m-1780093800,1780093989000,111,73451.36,73551.50,100.14,0.0000,0.0000,0.0003,0.0056,0.0020,0.1193,0.000854,0.0086,0.0382,73551.47,0.0000,0.0000,0.0000,0.0000,0.8500,127.30,0.8400,43.50,0.8300,86.92,0.8200,111.79,0.8100,67.97,0.8600,18.25,0.8700,48.00,0.8800,56.68,0.8900,142.76,0.9000,523.66,0.1400,18.25,0.1300,48.00,0.1200,56.68,0.1100,142.76,0.1000,523.66,0.1500,127.30,0.1600,43.50,0.1700,86.92,0.1800,111.79,0.1900,67.97,437.48,789.35,1226.83,789.35,437.48,1226.83,0.0100,0.0100,-0.2868,0.2868,0.8587,0.1413,0.3904,0.0839,0.0839,0.3904,-17.4344,-125.7387,-125.7174,-17.4315
btc-updown-5m-1780093800,1780093990000,110,73451.31,73551.50,100.19,0.0000,0.0000,0.0000,0.0042,0.0020,0.1193,0.000854,0.0086,0.0000,73551.47,0.0000,0.0000,0.0000,0.0000,0.8500,149.06,0.8400,55.92,0.8300,87.73,0.8200,106.00,0.8100,51.40,0.8700,81.32,0.8800,66.68,0.8900,127.76,0.9000,523.66,0.9100,435.32,0.1300,81.32,0.1200,66.68,0.1100,127.76,0.1000,523.66,0.0900,435.32,0.1500,149.06,0.1600,55.92,0.1700,87.73,0.1800,106.00,0.1900,51.40,450.11,1234.74,1684.85,1234.74,450.11,1684.85,0.0200,0.0200,-0.4657,0.4657,0.8629,0.1371,0.4554,0.1199,0.1199,0.4554,-5.8565,-64.2965,-64.2965,-5.8565
btc-updown-5m-1780093800,1780093991000,109,73451.42,73551.49,100.07,-0.0000,-0.0000,0.0001,0.0044,0.0040,0.1197,0.000854,0.0086,0.0162,73551.47,-0.0000,0.0000,-0.0136,-0.0000,0.8600,247.85,0.8500,36.60,0.8400,43.67,0.8300,81.20,0.8200,106.00,0.8700,138.35,0.8800,78.53,0.8900,102.76,0.9000,523.66,0.9100,389.70,0.1300,138.35,0.1200,78.53,0.1100,102.76,0.1000,523.66,0.0900,389.70,0.1400,247.85,0.1500,36.60,0.1600,43.67,0.1700,81.20,0.1800,106.00,515.32,1233.00,1748.32,1233.00,515.32,1748.32,0.0100,0.0100,-0.4105,0.4105,0.8664,0.1336,0.5520,0.1759,0.1759,0.5520,-7.6574,-35.0473,-35.0473,-7.6574
btc-updown-5m-1780093800,1780093992000,108,73451.46,73551.49,100.03,0.0000,-0.0000,0.0000,0.0014,0.0040,0.1197,0.000854,0.0086,0.0000,73551.47,-0.0000,0.0000,0.0000,0.0000,0.8600,287.39,0.8500,31.00,0.8400,49.98,0.8300,86.20,0.8200,111.00,0.8700,116.10,0.8800,53.68,0.8900,85.86,0.9000,528.66,0.9100,389.70,0.1300,116.10,0.1200,53.68,0.1100,85.86,0.1000,528.66,0.0900,389.70,0.1400,287.39,0.1500,31.00,0.1600,49.98,0.1700,86.20,0.1800,111.00,565.57,1174.00,1739.57,1174.00,565.57,1739.57,0.0100,0.0100,-0.3498,0.3498,0.8671,0.1329,0.5630,0.1446,0.1446,0.5630,9.6742,-45.1244,-45.1244,9.6742
btc-updown-5m-1780093800,1780093993000,107,73451.36,73551.49,100.13,0.0000,-0.0000,0.0000,0.0005,0.0020,0.1193,0.000854,0.0086,0.0000,73551.47,-0.0000,0.0000,0.0000,0.0000,0.8600,351.75,0.8500,120.67,0.8400,49.98,0.8300,86.20,0.8200,111.00,0.8700,69.95,0.8800,38.68,0.8900,85.86,0.9000,528.66,0.9100,389.70,0.1300,69.95,0.1200,38.68,0.1100,85.86,0.1000,528.66,0.0900,389.70,0.1400,351.75,0.1500,120.67,0.1600,49.98,0.1700,86.20,0.1800,111.00,719.60,1112.85,1832.45,1112.85,719.60,1832.45,0.0100,0.0100,-0.2146,0.2146,0.8683,0.1317,0.6565,0.0976,0.0976,0.6565,42.5176,-114.8836,-114.8836,42.5176
btc-updown-5m-1780093800,1780093994000,106,73451.36,73551.50,100.14,0.0000,0.0000,0.0365,0.0367,0.0040,0.0030,0.000006,0.0098,3.7441,73551.50,0.0000,0.0000,0.0136,0.0000,0.8700,195.97,0.8600,78.22,0.8500,153.20,0.8400,66.00,0.8300,127.19,0.8800,4.81,0.8900,54.80,0.9000,503.66,0.9100,385.70,0.9200,133.34,0.1200,4.81,0.1100,54.80,0.1000,503.66,0.0900,385.70,0.0800,133.34,0.1300,195.97,0.1400,78.22,0.1500,153.20,0.1600,66.00,0.1700,127.19,620.58,1082.31,1702.89,1082.31,620.58,1702.89,0.0100,0.0100,-0.2711,0.2711,0.8798,0.1202,0.4418,0.0551,0.0551,0.4418,45.3328,-74.3410,-74.3410,45.3328
btc-updown-5m-1780093800,1780093995000,105,73451.24,73551.50,100.26,0.0000,0.0000,0.0004,0.0371,0.0040,0.0027,0.000006,0.0085,0.0448,73551.50,0.0000,0.0000,0.0000,0.0000,0.9000,287.09,0.8900,237.58,0.8800,179.00,0.8700,35.00,0.8600,81.81,0.9100,347.06,0.9200,423.90,0.9300,212.57,0.9400,356.79,0.9500,1041.48,0.0900,347.06,0.0800,423.90,0.0700,212.57,0.0600,356.79,0.0500,1041.48,0.1000,287.09,0.1100,237.58,0.1200,179.00,0.1300,35.00,0.1400,81.81,820.48,2381.80,3202.28,2381.80,820.48,3202.28,0.0100,0.0100,-0.4876,0.4876,0.9045,0.0955,0.6395,0.3237,0.3237,0.6395,75.9519,292.3696,292.3696,75.9519
btc-updown-5m-1780093800,1780093996000,104,73451.35,73551.50,100.15,0.0000,0.0000,0.0000,0.0369,0.0020,0.0027,0.000006,0.0076,0.0000,73551.50,0.0000,0.0000,0.0000,0.0000,0.9000,388.71,0.8900,271.07,0.8800,221.58,0.8700,70.00,0.8600,81.81,0.9100,35.06,0.9200,423.90,0.9300,462.57,0.9400,356.79,0.9500,1041.48,0.0900,35.06,0.0800,423.90,0.0700,462.57,0.0600,356.79,0.0500,1041.48,0.1000,388.71,0.1100,271.07,0.1200,221.58,0.1300,70.00,0.1400,81.81,1033.17,2319.80,3352.97,2319.80,1033.17,3352.97,0.0100,0.0100,-0.3837,0.3837,0.9092,0.0908,0.6386,0.1978,0.1978,0.6386,96.6710,177.3830,177.3830,96.6710
btc-updown-5m-1780093800,1780093997000,103,73452.35,73551.49,99.14,-0.0000,0.0000,0.0137,0.0506,0.0040,0.0030,0.000006,0.0073,1.8644,73551.50,-0.0000,-0.0000,-0.0135,-0.0000,0.9100,82.07,0.9000,225.75,0.8900,207.80,0.8800,126.43,0.8700,100.00,0.9200,702.28,0.9300,513.91,0.9400,336.17,0.9500,1082.10,0.9600,1625.88,0.0800,702.28,0.0700,513.91,0.0600,336.17,0.0500,1082.10,0.0400,1625.88,0.0900,82.07,0.1000,225.75,0.1100,207.80,0.1200,126.43,0.1300,100.00,742.05,4260.34,5002.39,4260.34,742.05,5002.39,0.0100,0.0100,-0.7033,0.7033,0.9110,0.0890,0.4148,0.2855,0.2855,0.4148,39.2432,479.7527,479.8313,39.2497
btc-updown-5m-1780093800,1780093998000,102,73452.35,73551.49,99.14,0.0000,0.0000,0.0000,0.0506,0.0040,0.0030,0.000006,0.0073,0.0000,73551.50,-0.0000,-0.0000,0.0000,0.0000,0.9000,187.64,0.8900,251.80,0.8800,136.97,0.8700,45.00,0.8600,56.82,0.9100,82.17,0.9200,789.86,0.9300,537.57,0.9400,361.17,0.9500,1117.10,0.0900,82.17,0.0800,789.86,0.0700,537.57,0.0600,361.17,0.0500,1117.10,0.1000,187.64,0.1100,251.80,0.1200,136.97,0.1300,45.00,0.1400,56.82,678.23,2887.87,3566.10,2887.87,678.23,3566.10,0.0100,0.0100,-0.6196,0.6196,0.9070,0.0930,0.6479,0.3020,0.3020,0.6479,19.0852,290.3388,290.3388,19.0852
btc-updown-5m-1780093800,1780093999000,101,73453.13,73551.49,98.36,0.0000,-0.0000,0.0000,0.0141,0.0020,0.0030,0.000006,0.0073,0.0000,73551.50,-0.0000,-0.0000,0.0000,0.0000,0.9000,217.64,0.8900,251.80,0.8800,136.97,0.8700,45.00,0.8600,51.81,0.9100,71.82,0.9200,789.86,0.9300,522.57,0.9400,361.17,0.9500,1107.10,0.0900,71.82,0.0800,789.86,0.0700,522.57,0.0600,361.17,0.0500,1107.10,0.1000,217.64,0.1100,251.80,0.1200,136.97,0.1300,45.00,0.1400,51.81,703.22,2852.52,3555.74,2852.52,703.22,3555.74,0.0100,0.0100,-0.6045,0.6045,0.9075,0.0925,0.6676,0.3021,0.3021,0.6676,72.1054,290.7793,290.7793,72.1055
btc-updown-5m-1780093800,1780094000000,100,73453.13,73551.49,98.36,0.0000,-0.0000,0.4717,0.4854,0.0020,0.0027,0.000006,0.0226,20.9048,73551.49,-0.0000,-0.0000,0.0000,0.0000,0.9000,171.89,0.8900,43.80,0.8800,5.40,0.8700,24.46,0.8600,21.81,0.9100,278.48,0.9200,711.16,0.9300,552.57,0.9400,416.17,0.9500,1096.10,0.0900,278.48,0.0800,711.16,0.0700,552.57,0.0600,416.17,0.0500,1096.10,0.1000,171.89,0.1100,43.80,0.1200,5.40,0.1300,24.46,0.1400,21.81,267.36,3054.48,3321.84,3054.48,267.36,3321.84,0.0100,0.0100,-0.8390,0.8390,0.9038,0.0962,0.8067,0.3240,0.3240,0.8067,-64.6213,360.8068,360.8068,-64.6213
btc-updown-5m-1780093800,1780094001000,99,73452.74,73551.50,98.76,0.0000,0.0000,0.0002,0.4856,0.0040,0.0030,0.000006,0.0226,0.0075,73551.49,0.0000,0.0000,0.0134,0.0000,0.8200,5.61,0.8100,20.00,0.8000,10.00,0.7900,20.00,0.7800,85.12,0.9100,782.68,0.9200,432.50,0.9300,272.57,0.9400,446.17,0.9500,1029.48,0.0900,782.68,0.0800,432.50,0.0700,272.57,0.0600,446.17,0.0500,1029.48,0.1800,15.00,0.1900,20.00,0.2000,10.00,0.2100,20.00,0.2200,85.12,140.73,2963.40,3104.13,2963.40,150.12,3113.52,0.0900,0.0900,-0.9093,0.9036,0.8206,0.1783,0.1820,0.4101,0.4101,0.2331,-107.9482,92.3614,92.4201,-106.5247
btc-updown-5m-1780093800,1780094002000,98,73452.74,73551.49,98.75,-0.0000,0.0000,0.0003,0.4722,0.0040,0.0030,0.000007,0.0226,0.0120,73551.49,-0.0000,-0.0000,-0.0134,-0.0000,0.8300,14.20,0.8100,0.61,0.8000,10.00,0.7900,20.00,0.7800,85.12,0.9000,150.00,0.9100,647.78,0.9200,343.06,0.9300,217.57,0.9400,351.17,0.1000,150.00,0.0900,647.78,0.0800,343.06,0.0700,217.57,0.0600,351.17,0.1700,14.20,0.1900,0.61,0.2000,10.00,0.2100,20.00,0.2200,85.12,129.93,1709.58,1839.51,1709.58,129.93,1839.51,0.0700,0.0700,-0.8587,0.8587,0.8361,0.1639,0.1140,0.4667,0.4667,0.1140,-124.6725,-452.8930,-452.9762,-124.6954
btc-updown-5m-1780093800,1780094003000,97,73450.95,73551.49,100.54,0.0000,0.0000,0.0000,0.4722,0.0040,0.0030,0.000007,0.0224,0.0000,73551.49,-0.0000,-0.0000,0.0000,0.0000,0.8300,36.35,0.8200,10.00,0.8100,10.61,0.8000,10.00,0.7900,30.00,0.8400,291.90,0.8500,212.06,0.8600,129.00,0.8700,119.00,0.8800,181.68,0.1400,33.22,0.1300,8.74,0.1200,316.04,0.1100,141.10,0.1000,393.28,0.1600,14.66,0.1700,19.20,0.1800,5.00,0.1900,0.61,0.2000,10.00,96.96,933.64,1030.60,892.38,49.47,941.85,0.0100,0.0200,-0.8118,0.8950,0.8311,0.1539,0.4780,0.5398,0.0470,0.6845,-106.5736,-549.5952,-605.9662,-124.6096
btc-updown-5m-1780093800,1780094004000,96,73450.43,73551.50,101.07,0.0000,0.0000,0.0668,0.5389,0.0060,0.0033,0.000007,0.0245,2.7280,73551.49,0.0000,0.0000,0.0137,0.0000,0.8300,17.41,0.8200,19.91,0.8100,0.61,0.7900,35.99,0.7800,130.12,0.8400,613.84,0.8500,56.00,0.8600,164.00,0.8700,160.00,0.8800,176.68,0.1600,613.84,0.1500,56.00,0.1400,164.00,0.1300,160.00,0.1200,176.68,0.1700,17.41,0.1800,19.91,0.1900,0.61,0.2100,35.99,0.2200,130.12,204.04,1170.52,1374.56,1170.52,204.04,1374.56,0.0100,0.0100,-0.7031,0.7031,0.8303,0.1697,0.1829,0.5723,0.5723,0.1829,-75.5221,-292.2098,-292.2098,-75.5221
btc-updown-5m-1780093800,1780094005000,95,73448.25,73551.50,103.25,0.0000,0.0000,0.0000,0.0672,0.0060,0.0030,0.000007,0.0218,0.0000,73551.49,0.0000,0.0000,0.0000,0.0000,0.8100,14.91,0.7800,13.52,0.7700,15.00,0.7600,10.00,0.7500,10.00,0.8300,688.06,0.8400,167.13,0.8500,156.00,0.8600,136.00,0.8700,111.00,0.1700,688.06,0.1600,167.13,0.1500,156.00,0.1400,136.00,0.1300,111.00,0.1900,14.91,0.2200,13.52,0.2300,15.00,0.2400,10.00,0.2500,10.00,63.43,1258.19,1321.62,1258.19,63.43,1321.62,0.0200,0.0200,-0.9040,0.9040,0.8104,0.1896,0.4482,0.6797,0.6797,0.4482,-101.9748,-254.1170,-254.1170,-101.9748
btc-updown-5m-1780093800,1780094006000,94,73447.92,73551.49,103.57,-0.0000,-0.0000,0.0001,0.0672,0.0060,0.0030,0.000007,0.0218,0.0064,73551.49,-0.0000,-0.0000,-0.0141,-0.0000,0.7600,5.00,0.7500,10.00,0.7400,10.00,0.7300,90.00,0.7200,90.00,0.8200,60.00,0.8300,771.05,0.8400,167.13,0.8500,156.00,0.8600,136.00,0.1800,60.00,0.1700,771.05,0.1600,167.13,0.1500,156.00,0.1400,136.00,0.2400,5.00,0.2500,10.00,0.2600,10.00,0.2700,90.00,0.2800,90.00,205.00,1290.18,1495.18,1290.18,205.00,1495.18,0.0600,0.0600,-0.7258,0.7258,0.7646,0.2354,0.0732,0.6441,0.6441,0.0732,3.2941,-583.2461,-592.7819,3.3480
btc-updown-5m-1780093800,1780094007000,93,73447.94,73551.49,103.55,0.0000,0.0000,0.0000,0.0669,0.0040,0.0027,0.000007,0.0218,0.0000,73551.49,-0.0000,-0.0000,0.0000,0.0000,0.7500,19.07,0.7400,15.00,0.7300,90.00,0.7200,101.40,0.7100,138.59,0.7600,215.16,0.7700,296.70,0.7800,46.00,0.7900,56.00,0.8000,91.70,0.2400,215.16,0.2300,296.70,0.2200,46.00,0.2100,56.00,0.2000,91.70,0.2500,19.07,0.2600,15.00,0.2700,90.00,0.2800,101.40,0.2900,138.59,364.06,705.56,1069.62,705.56,364.06,1069.62,0.0100,0.0100,-0.3193,0.3193,0.7508,0.2492,0.0936,0.7255,0.7255,0.0936,29.4997,-514.5706,-520.6150,29.8463
btc-updown-5m-1780093800,1780094008000,92,73447.91,73551.49,103.58,0.0000,0.0000,0.0000,0.0669,0.0040,0.0027,0.000007,0.0215,0.0000,73551.49,-0.0000,-0.0000,0.0000,0.0000,0.7600,134.09,0.7500,21.80,0.7400,162.70,0.7300,106.00,0.7200,117.40,0.7700,261.03,0.7800,21.00,0.7900,31.00,0.8000,116.70,0.8100,126.00,0.2300,251.46,0.2200,21.00,0.2100,31.00,0.2000,116.70,0.1900,126.00,0.2400,67.96,0.2500,41.80,0.2600,162.70,0.2700,106.00,0.2800,117.40,541.99,555.73,1097.72,546.16,495.86,1042.02,0.0100,0.0100,-0.0125,0.0483,0.7634,0.2379,0.2876,0.5075,0.4989,0.2214,90.5534,-61.8956,-63.7723,82.2232
btc-updown-5m-1780093800,1780094009000,91,73447.90,73551.49,103.59,0.0000,-0.0000,0.0000,0.0001,0.0020,0.0027,0.000007,0.0215,0.0000,73551.49,-0.0000,-0.0000,0.0000,0.0000,0.7700,20.00,0.7600,238.19,0.7500,36.84,0.7400,162.70,0.7300,106.00,0.9200,381.80,0.9300,570.57,0.9400,431.17,0.9500,1037.48,0.9600,1605.59,0.0800,381.80,0.0700,570.57,0.0600,431.17,0.0500,1037.48,0.0400,1605.59,0.2300,20.00,0.2400,238.19,0.2500,36.84,0.2600,162.70,0.2700,106.00,563.73,4026.61,4590.34,4026.61,563.73,4590.34,0.1500,0.1500,-0.7544,0.7544,0.7775,0.2225,0.4580,0.2365,0.2365,0.4580,80.1873,531.3468,535.3938,80.7980
btc-updown-5m-1780093800,1780094010000,90,73447.92,73551.50,103.58,0.0000,0.0000,0.0005,0.0006,0.0040,0.0030,0.000007,0.0215,0.0214,73551.49,0.0000,0.0000,0.0141,0.0000,0.8300,29.57,0.8200,37.00,0.8100,26.00,0.8000,26.00,0.7900,26.00,0.8400,226.65,0.8500,112.00,0.8600,101.94,0.8700,65.00,0.8800,65.00,0.1600,226.65,0.1500,112.00,0.1400,101.94,0.1300,65.00,0.1200,65.00,0.1700,29.57,0.1800,37.00,0.1900,26.00,0.2000,26.00,0.2100,26.00,144.57,570.59,715.16,570.59,144.57,715.16,0.0100,0.0100,-0.5957,0.5957,0.8312,0.1688,0.4605,0.5935,0.5935,0.4605,-9.6308,-97.1547,-97.1547,-9.6308
btc-updown-5m-1780093800,1780094011000,89,73447.92,73551.50,103.58,0.0000,0.0000,0.0000,0.0005,0.0020,0.0030,0.000007,0.0214,0.0000,73551.49,0.0000,0.0000,0.0000,0.0000,0.8300,187.91,0.8200,34.84,0.8100,49.86,0.8000,26.00,0.7900,26.00,0.8500,1.28,0.8600,75.00,0.8700,65.00,0.8800,65.00,0.8900,65.00,0.1500,1.28,0.1400,75.00,0.1300,65.00,0.1200,65.00,0.1100,65.00,0.1700,187.91,0.1800,34.84,0.1900,49.86,0.2000,26.00,0.2100,26.00,324.61,271.28,595.89,271.28,324.61,595.89,0.0200,0.0200,0.0895,-0.0895,0.8499,0.1501,0.6862,0.2812,0.2812,0.6862,32.9418,-190.2400,-165.5275,30.3583
btc-updown-5m-1780093800,1780094012000,88,73447.93,73551.50,103.57,0.0000,0.0000,0.0003,0.0008,0.0020,0.0030,0.000007,0.0214,0.0135,73551.49,0.0000,0.0000,0.0000,0.0000,0.8900,338.78,0.8800,80.89,0.8700,81.00,0.8600,81.00,0.8500,86.00,0.9200,445.02,0.9300,449.68,0.9400,284.00,0.9500,842.06,0.9600,439.69,0.0800,445.02,0.0700,449.68,0.0600,284.00,0.0500,842.06,0.0400,439.69,0.1100,338.78,0.1200,80.89,0.1300,81.00,0.1400,81.00,0.1500,86.00,667.67,2460.45,3128.12,2460.45,667.67,3128.12,0.0300,0.0300,-0.5731,0.5731,0.9030,0.0970,0.6286,0.3636,0.3636,0.6286,75.2708,239.2795,239.2795,75.2708
btc-updown-5m-1780093800,1780094013000,87,73447.93,73551.50,103.57,0.0000,0.0000,0.0001,0.0008,0.0020,0.0030,0.000007,0.0214,0.0028,73551.49,0.0000,0.0000,0.0000,0.0000,0.8700,46.60,0.8600,96.78,0.8500,26.00,0.8400,139.65,0.8300,26.00,0.8800,5.00,0.8900,156.18,0.9000,107.24,0.9100,87.24,0.9200,143.34,0.1200,5.00,0.1100,156.18,0.1000,107.24,0.0900,87.24,0.0800,143.34,0.1300,46.60,0.1400,96.78,0.1500,26.00,0.1600,139.65,0.1700,26.00,335.03,499.00,834.03,499.00,335.03,834.03,0.0100,0.0100,-0.1966,0.1966,0.8790,0.1210,0.4280,0.3230,0.3230,0.4280,-73.2339,36.9737,36.9909,-73.2680
btc-updown-5m-1780093800,1780094014000,86,73447.98,73551.50,103.52,0.0000,0.0000,0.0000,0.0008,0.0020,0.0030,0.000007,0.0214,0.0000,73551.49,0.0000,0.0000,0.0000,0.0000,0.8700,78.00,0.8600,94.08,0.8500,98.44,0.8400,181.65,0.8300,122.00,0.8800,55.89,0.8900,363.31,0.9000,79.19,0.9100,32.24,0.9200,73.34,0.1200,55.89,0.1100,363.31,0.1000,79.19,0.0900,32.24,0.0800,73.34,0.1300,78.00,0.1400,94.08,0.1500,98.44,0.1600,181.65,0.1700,122.00,574.17,603.97,1178.14,603.97,574.17,1178.14,0.0100,0.0100,-0.0253,0.0253,0.8758,0.1242,0.2997,0.6941,0.6941,0.2997,97.5006,6.7807,6.7825,97.5254
btc-updown-5m-1780093800,1780094015000,85,73447.98,73551.49,103.51,-0.0000,-0.0000,0.0037,0.0041,0.0020,0.0033,0.000007,0.0194,0.1938,73551.49,-0.0000,-0.0000,-0.0141,-0.0000,0.8700,116.70,0.8600,89.08,0.8500,90.26,0.8400,181.65,0.8300,107.00,0.8800,99.65,0.8900,329.89,0.9000,73.30,0.9100,32.24,0.9200,73.34,0.1200,99.65,0.1100,329.89,0.1000,73.30,0.0900,32.24,0.0800,73.34,0.1300,116.70,0.1400,89.08,0.1500,90.26,0.1600,181.65,0.1700,107.00,584.69,608.42,1193.11,608.42,584.69,1193.11,0.0100,0.0100,-0.0199,0.0199,0.8754,0.1246,0.3519,0.7060,0.7060,0.3519,88.1827,12.6287,12.6287,88.1827
btc-updown-5m-1780093800,1780094016000,84,73447.98,73541.14,93.16,-0.0141,-0.0141,0.8066,0.8107,2.0720,0.3483,0.002526,0.0453,17.7943,73545.55,-0.0001,-0.0060,-13.1093,-0.0002,0.8700,168.13,0.8600,106.08,0.8500,90.26,0.8400,181.65,0.8300,107.00,0.8800,82.59,0.8900,329.89,0.9000,73.30,0.9100,32.24,0.9200,73.34,0.1200,82.59,0.1100,329.89,0.1000,73.30,0.0900,32.24,0.0800,73.34,0.1300,168.13,0.1400,106.08,0.1500,90.26,0.1600,181.65,0.1700,107.00,653.12,591.36,1244.48,591.36,653.12,1244.48,0.0100,0.0100,0.0496,-0.0496,0.8767,0.1233,0.4198,0.6975,0.6975,0.4198,92.3629,10.5249,10.5249,92.3629
btc-updown-5m-1780093800,1780094017000,83,73448.13,73541.13,93.00,-0.0000,-0.0141,0.0009,0.8114,2.0740,0.3487,0.002526,0.0454,0.0198,73545.55,-0.0001,-0.0060,-0.0126,-0.0000,0.7400,152.93,0.7300,70.00,0.7200,66.16,0.7100,81.00,0.7000,93.20,0.7500,447.34,0.7600,16.00,0.7700,136.46,0.7800,46.49,0.7900,26.00,0.2500,447.34,0.2400,16.00,0.2300,136.46,0.2200,46.49,0.2100,26.00,0.2600,152.93,0.2700,70.00,0.2800,66.16,0.2900,81.00,0.3000,93.20,463.29,672.29,1135.58,672.29,463.29,1135.58,0.0100,0.0100,-0.1840,0.1840,0.7425,0.2575,0.4812,0.6892,0.6892,0.4812,-60.4784,-264.6025,-264.6025,-60.4784
btc-updown-5m-1780093800,1780094018000,82,73448.03,73541.13,93.10,0.0000,-0.0141,0.0000,0.8113,2.0740,0.3483,0.002526,0.0453,0.0000,73545.53,-0.0001,-0.0060,0.0000,0.0000,0.7400,208.36,0.7300,213.90,0.7200,82.16,0.7100,81.00,0.7000,93.20,0.7500,118.61,0.7600,43.00,0.7700,136.46,0.7800,71.49,0.7900,31.00,0.2500,118.61,0.2400,43.00,0.2300,136.46,0.2200,71.49,0.2100,31.00,0.2600,208.36,0.2700,213.90,0.2800,82.16,0.2900,81.00,0.3000,93.20,678.62,400.56,1079.18,400.56,678.62,1079.18,0.0100,0.0100,0.2577,-0.2577,0.7464,0.2536,0.6222,0.4035,0.4035,0.6222,50.5243,-147.1526,-147.1287,50.5162
btc-updown-5m-1780093800,1780094019000,81,73442.39,73541.14,98.75,0.0000,-0.0141,0.0003,0.8115,2.0760,0.3487,0.002526,0.0452,0.0055,73545.53,-0.0001,-0.0060,0.0134,0.0000,0.7600,344.66,0.7500,110.43,0.7400,123.76,0.7300,188.96,0.7200,82.16,0.7700,2.66,0.7800,61.00,0.7900,47.00,0.8000,26.00,0.8100,26.00,0.2300,2.66,0.2200,61.00,0.2100,47.00,0.2000,26.00,0.1900,26.00,0.2400,344.66,0.2500,110.43,0.2600,123.76,0.2700,188.96,0.2800,82.16,849.97,162.66,1012.63,162.66,849.97,1012.63,0.0100,0.0100,0.6787,-0.6787,0.7699,0.2301,0.5354,0.3914,0.3914,0.5354,87.0520,-259.3709,-259.2795,87.0213
btc-updown-5m-1780093800,1780094020000,80,73441.21,73541.14,99.93,0.0000,-0.0141,0.0002,0.8080,2.0740,0.3487,0.002526,0.0452,0.0044,73545.53,-0.0001,-0.0060,0.0000,0.0000,0.7600,291.74,0.7500,90.43,0.7400,123.76,0.7300,188.96,0.7200,77.16,0.7700,24.23,0.7800,61.00,0.7900,31.00,0.8000,42.55,0.8100,26.00,0.2300,2.66,0.2200,61.00,0.2100,47.00,0.2000,26.00,0.1900,26.00,0.2400,344.66,0.2500,110.43,0.2600,123.76,0.2700,188.96,0.2800,82.16,772.05,184.78,956.83,162.66,849.97,1012.63,0.0100,0.0100,0.6138,-0.6787,0.7692,0.2301,0.4950,0.4613,0.3914,0.5354,33.0240,-69.9583,-97.4840,60.9233
btc-updown-5m-1780093800,1780094021000,79,73441.66,73541.14,99.48,0.0000,0.0000,0.0011,0.0024,0.0040,0.3483,0.002526,0.0453,0.0236,73545.52,0.0000,-0.0060,0.0000,0.0000,0.8000,418.93,0.7900,81.00,0.7800,86.00,0.7700,351.70,0.7600,113.77,0.8100,12.23,0.8200,20.00,0.8300,20.00,0.8400,118.05,0.8500,83.58,0.1900,12.23,0.1800,20.00,0.1700,20.00,0.1600,118.05,0.1500,83.58,0.2000,418.93,0.2100,81.00,0.2200,86.00,0.2300,351.70,0.2400,113.77,1051.40,253.86,1305.26,253.86,1051.40,1305.26,0.0100,0.0100,0.6110,-0.6110,0.8097,0.1903,0.4755,0.1270,0.1270,0.4755,70.2982,-60.1713,-60.1515,70.2750
btc-updown-5m-1780093800,1780094022000,78,73441.65,73541.14,99.49,0.0000,0.0000,0.0000,0.0015,0.0020,0.3483,0.002526,0.0453,0.0000,73545.52,0.0000,-0.0060,0.0000,0.0000,0.8000,459.79,0.7900,98.00,0.7800,86.00,0.7700,356.70,0.7600,103.77,0.8300,23.16,0.8400,118.05,0.8500,68.14,0.8600,58.69,0.8700,660.70,0.1700,23.16,0.1600,118.05,0.1500,68.14,0.1400,58.69,0.1300,660.70,0.2000,459.79,0.2100,98.00,0.2200,86.00,0.2300,356.70,0.2400,103.77,1104.26,928.74,2033.00,928.74,1104.26,2033.00,0.0300,0.0300,0.0863,-0.0863,0.8286,0.1714,0.5051,0.1520,0.1520,0.5051,177.6603,-207.6659,-207.6659,177.6603
btc-updown-5m-1780093800,1780094023000,77,73441.85,73541.14,99.29,0.0000,0.0000,0.0000,0.0015,0.0020,0.3483,0.002526,0.0453,0.0000,73545.52,0.0000,-0.0060,0.0000,0.0000,0.8200,365.76,0.8100,103.59,0.8000,111.00,0.7900,81.00,0.7800,86.00,0.8300,6.48,0.8400,83.02,0.8500,68.14,0.8600,80.23,0.8700,679.70,0.1700,6.48,0.1600,83.02,0.1500,68.14,0.1400,80.23,0.1300,679.70,0.1800,365.76,0.1900,103.59,0.2000,111.00,0.2100,81.00,0.2200,86.00,747.35,917.57,1664.92,917.57,747.35,1664.92,0.0100,0.0100,-0.1022,0.1022,0.8298,0.1702,0.6280,0.0975,0.0975,0.6280,58.7963,11.7686,11.7705,58.8057
btc-updown-5m-1780093800,1780094024000,76,73441.36,73541.14,99.78,0.0000,0.0000,0.0850,0.0863,0.0000,0.3480,0.002526,0.0480,1.7708,73545.27,0.0000,-0.0056,0.0000,0.0000,0.8300,223.78,0.8200,114.90,0.8100,86.00,0.8000,86.00,0.7900,86.00,0.8400,44.25,0.8500,48.83,0.8600,61.00,0.8700,694.63,0.8800,91.47,0.1600,44.25,0.1500,48.83,0.1400,61.00,0.1300,694.63,0.1200,91.47,0.1700,223.78,0.1800,114.90,0.1900,86.00,0.2000,86.00,0.2100,86.00,596.68,940.18,1536.86,940.18,596.68,1536.86,0.0100,0.0100,-0.2235,0.2235,0.8383,0.1617,0.5676,0.0990,0.0990,0.5676,13.0016,79.9710,79.9710,13.0016
btc-updown-5m-1780093800,1780094025000,75,73441.24,73541.13,99.89,-0.0000,-0.0000,0.0075,0.0936,0.0020,0.3483,0.002526,0.0471,0.1587,73545.10,-0.0000,-0.0054,-0.0136,-0.0000,0.8300,234.82,0.8200,114.90,0.8100,86.00,0.8000,86.00,0.7900,86.00,0.8400,19.25,0.8500,51.00,0.8600,83.83,0.8700,394.63,0.8800,391.47,0.1600,19.25,0.1500,51.00,0.1400,83.83,0.1300,394.63,0.1200,391.47,0.1700,234.82,0.1800,114.90,0.1900,86.00,0.2000,86.00,0.2100,86.00,607.72,940.18,1547.90,940.18,607.72,1547.90,0.0100,0.0100,-0.2148,0.2148,0.8392,0.1608,0.5755,0.0747,0.0747,0.5755,-33.4072,153.5678,162.3469,-35.3170
btc-updown-5m-1780093800,1780094026000,74,73441.57,73541.14,99.57,0.0000,0.0000,0.0030,0.0955,0.0040,0.3487,0.002526,0.0472,0.0645,73545.09,0.0000,-0.0054,0.0135,0.0000,0.8300,123.26,0.8200,109.25,0.8100,86.00,0.8000,86.00,0.7900,81.00,0.8400,31.56,0.8500,20.00,0.8600,61.00,0.8700,410.46,0.8800,374.47,0.1600,31.56,0.1500,20.00,0.1400,61.00,0.1300,410.46,0.1200,374.47,0.1700,123.26,0.1800,109.25,0.1900,86.00,0.2000,86.00,0.2100,81.00,485.51,897.49,1383.00,897.49,485.51,1383.00,0.0100,0.0100,-0.2979,0.2979,0.8380,0.1620,0.4789,0.0574,0.0574,0.4789,-48.6982,121.1268,126.8393,-50.9948
btc-updown-5m-1780093800,1780094027000,73,73441.55,73541.13,99.58,-0.0000,-0.0000,0.0201,0.1156,0.0060,0.3487,0.002526,0.0478,0.4202,73545.03,-0.0000,-0.0053,-0.0135,-0.0000,0.8300,93.78,0.8200,128.91,0.8100,91.73,0.8000,86.00,0.7900,81.00,0.8400,55.75,0.8500,41.46,0.8600,61.00,0.8700,86.53,0.8800,666.17,0.1600,55.75,0.1500,41.46,0.1400,61.00,0.1300,86.53,0.1200,666.17,0.1700,93.78,0.1800,128.91,0.1900,91.73,0.2000,86.00,0.2100,81.00,481.42,910.91,1392.33,910.91,481.42,1392.33,0.0100,0.0100,-0.3085,0.3085,0.8363,0.1637,0.4626,0.1067,0.1067,0.4626,-45.2151,119.0974,119.0974,-45.2151
btc-updown-5m-1780093800,1780094028000,72,73440.92,73541.14,100.22,0.0000,0.0000,0.0009,0.1166,0.0080,0.3490,0.002526,0.0474,0.0198,73544.97,0.0000,-0.0052,0.0136,0.0000,0.7900,176.93,0.7800,119.44,0.7700,371.60,0.7600,97.77,0.7500,104.72,0.8400,2.81,0.8500,36.00,0.8600,98.67,0.8700,66.70,0.8800,669.17,0.1600,2.81,0.1500,36.00,0.1400,98.67,0.1300,66.70,0.1200,669.17,0.2100,176.93,0.2200,119.44,0.2300,371.60,0.2400,97.77,0.2500,104.72,870.46,873.35,1743.81,873.35,870.46,1743.81,0.0500,0.0500,-0.0017,0.0017,0.8392,0.1608,0.3405,0.0444,0.0444,0.3405,38.7331,-10.0266,-10.0247,38.7258
btc-updown-5m-1780093800,1780094029000,71,73440.92,73541.13,100.21,-0.0000,-0.0000,0.0019,0.0334,0.0100,0.3493,0.002526,0.0475,0.0394,73544.96,-0.0000,-0.0052,-0.0136,-0.0000,0.7900,176.93,0.7800,119.44,0.7700,371.60,0.7600,97.77,0.7500,104.72,0.8400,2.81,0.8500,36.00,0.8600,98.67,0.8700,66.70,0.8800,669.17,0.1600,2.81,0.1500,36.00,0.1400,98.67,0.1300,66.70,0.1200,669.17,0.2100,176.93,0.2200,119.44,0.2300,371.60,0.2400,97.77,0.2500,104.72,870.46,873.35,1743.81,873.35,870.46,1743.81,0.0500,0.0500,-0.0017,0.0017,0.8392,0.1608,0.3405,0.0444,0.0444,0.3405,26.6184,-9.5611,-9.5631,26.6241
btc-updown-5m-1780093800,1780094030000,70,73439.18,73541.14,101.96,0.0000,0.0000,0.0038,0.0297,0.0100,0.3497,0.002526,0.0476,0.0797,73544.96,0.0000,-0.0052,0.0139,0.0000,0.8500,78.33,0.8400,76.92,0.8300,86.00,0.8200,114.23,0.8100,86.00,0.8600,266.22,0.8700,110.12,0.8800,684.22,0.8900,280.74,0.9000,75.02,0.1400,266.22,0.1300,110.12,0.1200,684.22,0.1100,280.74,0.1000,75.02,0.1500,78.33,0.1600,76.92,0.1700,86.00,0.1800,114.23,0.1900,86.00,441.48,1416.32,1857.80,1416.32,441.48,1857.80,0.0100,0.0100,-0.5247,0.5247,0.8523,0.1477,0.3517,0.2657,0.2657,0.3517,-44.3993,78.7514,78.5977,-44.3127
btc-updown-5m-1780093800,1780094031000,69,73439.55,73541.14,101.59,0.0000,0.0000,0.0006,0.0272,0.0080,0.3493,0.002526,0.0324,0.0170,73541.88,0.0000,-0.0010,0.0000,0.0000,0.8500,66.80,0.8400,81.92,0.8300,89.36,0.8200,105.76,0.8100,86.00,0.8600,157.42,0.8700,320.50,0.8800,365.17,0.8900,573.20,0.9000,75.02,0.1400,157.42,0.1300,320.50,0.1200,365.17,0.1100,573.20,0.1000,75.02,0.1500,66.80,0.1600,81.92,0.1700,89.36,0.1800,105.76,0.1900,86.00,429.84,1491.31,1921.15,1491.31,429.84,1921.15,0.0100,0.0100,-0.5525,0.5525,0.8530,0.1470,0.3460,0.3205,0.3205,0.3460,-29.2037,90.4827,90.4827,-29.2037
btc-updown-5m-1780093800,1780094032000,68,73439.23,73541.14,101.91,0.0000,0.0000,0.0000,0.0072,0.0060,0.3490,0.002526,0.0324,0.0000,73541.88,0.0000,-0.0010,0.0000,0.0000,0.8500,132.65,0.8400,96.92,0.8300,86.00,0.8200,105.76,0.8100,86.00,0.8600,101.08,0.8700,315.50,0.8800,105.01,0.8900,892.03,0.9000,105.14,0.1400,101.08,0.1300,315.50,0.1200,105.01,0.1100,892.03,0.1000,105.14,0.1500,132.65,0.1600,96.92,0.1700,86.00,0.1800,105.76,0.1900,86.00,507.33,1518.76,2026.09,1518.76,507.33,2026.09,0.0100,0.0100,-0.4992,0.4992,0.8557,0.1443,0.4525,0.2743,0.2743,0.4525,3.9565,112.6510,112.6714,3.9572
btc-updown-5m-1780093800,1780094033000,67,73439.06,73541.14,102.08,0.0000,0.0000,0.0000,0.0062,0.0040,0.3490,0.002526,0.0324,0.0000,73541.88,0.0000,-0.0010,0.0000,0.0000,0.8600,55.00,0.8500,94.16,0.8400,91.92,0.8300,91.00,0.8200,105.76,0.8700,594.42,0.8800,76.75,0.8900,955.78,0.9000,94.71,0.9100,129.45,0.1300,594.42,0.1200,76.75,0.1100,955.78,0.1000,94.71,0.0900,129.45,0.1400,55.00,0.1500,94.16,0.1600,91.92,0.1700,91.00,0.1800,105.76,437.84,1851.11,2288.95,1851.11,437.84,2288.95,0.0100,0.0100,-0.6174,0.6174,0.8608,0.1392,0.3407,0.3626,0.3626,0.3407,9.2773,67.1109,67.1353,9.2806
btc-updown-5m-1780093800,1780094034000,66,73439.06,73541.14,102.08,0.0000,0.0000,0.0000,0.0043,0.0020,0.3487,0.002526,0.0324,0.0000,73541.88,0.0000,-0.0010,0.0000,0.0000,0.8600,72.85,0.8500,94.16,0.8400,71.92,0.8300,91.00,0.8200,105.76,0.8700,383.75,0.8800,143.43,0.8900,910.12,0.9000,90.07,0.9100,70.23,0.1300,383.75,0.1200,143.43,0.1100,910.12,0.1000,90.07,0.0900,70.23,0.1400,72.85,0.1500,94.16,0.1600,71.92,0.1700,91.00,0.1800,105.76,435.69,1597.60,2033.29,1597.60,435.69,2033.29,0.0100,0.0100,-0.5714,0.5714,0.8616,0.1384,0.3833,0.3300,0.3300,0.3833,-20.5211,98.8776,98.8776,-20.5211
btc-updown-5m-1780093800,1780094035000,65,73439.15,73541.14,101.99,0.0000,0.0000,0.0005,0.0010,0.0000,0.3487,0.002526,0.0302,0.0159,73541.19,0.0000,-0.0001,0.0000,0.0000,0.8600,65.82,0.8500,94.16,0.8400,80.18,0.8300,91.00,0.8200,105.76,0.8700,409.33,0.8800,143.43,0.8900,895.12,0.9000,90.07,0.9100,95.23,0.1300,409.33,0.1200,143.43,0.1100,895.12,0.1000,90.07,0.0900,95.23,0.1400,65.82,0.1500,94.16,0.1600,80.18,0.1700,91.00,0.1800,105.76,436.92,1633.18,2070.10,1633.18,436.92,2070.10,0.0100,0.0100,-0.5779,0.5779,0.8614,0.1386,0.3662,0.3385,0.3385,0.3662,-16.8639,88.5443,88.5443,-16.8639
btc-updown-5m-1780093800,1780094036000,64,73439.26,73541.14,101.88,0.0000,0.0000,0.0000,0.0005,0.0000,0.3483,0.002526,0.0302,0.0000,73541.19,0.0000,-0.0001,0.0000,0.0000,0.8600,92.53,0.8500,84.16,0.8400,71.92,0.8300,81.00,0.8200,100.76,0.8700,175.75,0.8800,50.10,0.8900,938.06,0.9000,115.35,0.9100,119.69,0.1300,175.75,0.1200,50.10,0.1100,938.06,0.1000,115.35,0.0900,119.69,0.1400,92.53,0.1500,84.16,0.1600,71.92,0.1700,81.00,0.1800,100.76,430.37,1398.95,1829.32,1398.95,430.37,1829.32,0.0100,0.0100,-0.5295,0.5295,0.8634,0.1366,0.4106,0.1614,0.1614,0.4106,0.3877,-4.6608,-4.6608,0.3877
btc-updown-5m-1780093800,1780094037000,63,73439.26,73541.13,101.87,-0.0000,-0.0000,0.0027,0.0032,0.0020,0.3487,0.002526,0.0303,0.0904,73541.19,-0.0000,-0.0001,-0.0139,-0.0000,0.8500,62.85,0.8400,71.92,0.8300,81.00,0.8200,100.76,0.8100,76.00,0.8700,59.94,0.8800,173.82,0.8900,848.20,0.9000,125.83,0.9100,130.68,0.1300,59.94,0.1200,173.82,0.1100,848.20,0.1000,125.83,0.0900,130.68,0.1500,62.85,0.1600,71.92,0.1700,81.00,0.1800,100.76,0.1900,76.00,392.53,1338.47,1731.00,1338.47,392.53,1731.00,0.0200,0.0200,-0.5465,0.5465,0.8602,0.1398,0.3433,0.1746,0.1746,0.3433,-6.1649,-33.7657,-33.7657,-6.1649
btc-updown-5m-1780093800,1780094038000,62,73440.02,73541.13,101.11,0.0000,-0.0000,0.0000,0.0032,0.0020,0.3487,0.002526,0.0303,0.0000,73541.19,-0.0000,-0.0001,0.0000,0.0000,0.8500,41.35,0.8400,26.00,0.8300,39.36,0.8200,50.76,0.8100,26.00,0.8600,97.83,0.8700,55.94,0.8800,173.82,0.8900,903.20,0.9000,102.82,0.1400,97.83,0.1300,55.94,0.1200,173.82,0.1100,903.20,0.1000,102.82,0.1500,41.35,0.1600,26.00,0.1700,39.36,0.1800,50.76,0.1900,26.00,183.47,1333.61,1517.08,1333.61,183.47,1517.08,0.0100,0.0100,-0.7581,0.7581,0.8530,0.1470,0.3671,0.1153,0.1153,0.3671,-62.9818,-34.3502,-34.3634,-63.0059
btc-updown-5m-1780093800,1780094039000,61,73440.02,73541.14,101.12,0.0000,0.0000,0.0033,0.0065,0.0040,0.3490,0.002526,0.0304,0.1088,73541.19,0.0000,-0.0001,0.0138,0.0000,0.8500,121.60,0.8400,33.40,0.8300,31.00,0.8200,50.76,0.8100,26.00,0.8800,183.64,0.8900,295.00,0.9000,648.00,0.9100,87.99,0.9200,48.32,0.1200,183.64,0.1100,295.00,0.1000,648.00,0.0900,87.99,0.0800,48.32,0.1500,121.60,0.1600,33.40,0.1700,31.00,0.1800,50.76,0.1900,26.00,262.76,1262.95,1525.71,1262.95,262.76,1525.71,0.0300,0.0300,-0.6556,0.6556,0.8620,0.1380,0.5899,0.3790,0.3790,0.5899,-27.9093,-88.7818,-88.7818,-27.9093
btc-updown-5m-1780093800,1780094040000,60,73439.06,73541.14,102.08,0.0000,0.0000,0.0025,0.0086,0.0060,0.3490,0.002526,0.0305,0.0833,73541.19,0.0000,-0.0001,0.0000,0.0000,0.8600,164.71,0.8500,95.72,0.8400,26.00,0.8300,26.00,0.8200,50.76,0.8700,4.94,0.8800,182.33,0.8900,255.00,0.9000,630.00,0.9100,80.17,0.1300,4.94,0.1200,182.33,0.1100,255.00,0.1000,630.00,0.0900,80.17,0.1400,164.71,0.1500,95.72,0.1600,26.00,0.1700,26.00,0.1800,50.76,363.19,1152.44,1515.63,1152.44,363.19,1515.63,0.0100,0.0100,-0.5207,0.5207,0.8697,0.1303,0.7171,0.1625,0.1625,0.7171,-12.0733,-74.1316,-74.1316,-12.0733
btc-updown-5m-1780093800,1780094041000,59,73439.30,73541.13,101.83,-0.0000,-0.0000,0.0153,0.0239,0.0080,0.3493,0.002526,0.0310,0.4952,73541.18,-0.0000,-0.0001,-0.0138,-0.0000,0.8600,67.34,0.8500,61.33,0.8400,31.00,0.8300,26.00,0.8200,50.76,0.8700,4.25,0.8800,165.87,0.8900,276.16,0.9000,625.00,0.9100,43.99,0.1300,10.00,0.1200,165.87,0.1100,276.16,0.1000,620.00,0.0900,43.99,0.1400,91.85,0.1500,61.33,0.1600,31.00,0.1700,26.00,0.1800,50.76,236.43,1115.27,1351.70,1116.02,260.94,1376.96,0.0100,0.0100,-0.6502,0.6210,0.8694,0.1310,0.5442,0.1525,0.1576,0.5870,-32.5947,-84.1993,-84.1321,-28.6286
btc-updown-5m-1780093800,1780094042000,58,73440.54,73541.14,100.60,0.0000,0.0000,0.0011,0.0222,0.0080,0.3497,0.002526,0.0310,0.0342,73541.18,0.0000,-0.0001,0.0137,0.0000,0.8600,24.12,0.8500,24.81,0.8400,31.54,0.8300,31.00,0.8200,50.76,0.8700,187.98,0.8800,131.40,0.8900,260.00,0.9000,722.03,0.9100,79.18,0.1300,187.98,0.1200,131.40,0.1100,260.00,0.1000,722.03,0.0900,79.18,0.1400,24.12,0.1500,24.81,0.1600,31.54,0.1700,31.00,0.1800,50.76,162.23,1380.59,1542.82,1380.59,162.23,1542.82,0.0100,0.0100,-0.7897,0.7897,0.8611,0.1389,0.3016,0.2313,0.2313,0.3016,-45.3552,-3.1055,-3.1055,-45.3552
btc-updown-5m-1780093800,1780094043000,57,73440.54,73541.14,100.60,0.0000,0.0000,0.0000,0.0222,0.0080,0.3497,0.002526,0.0310,0.0000,73541.18,0.0000,-0.0001,0.0000,0.0000,0.8600,372.31,0.8500,31.48,0.8400,31.54,0.8300,31.00,0.8200,86.67,0.8700,113.68,0.8800,131.40,0.8900,260.00,0.9000,622.34,0.9100,47.99,0.1300,113.68,0.1200,131.40,0.1100,260.00,0.1000,622.34,0.0900,47.99,0.1400,372.31,0.1500,31.48,0.1600,31.54,0.1700,31.00,0.1800,86.67,553.00,1175.41,1728.41,1175.41,553.00,1728.41,0.0100,0.0100,-0.3601,0.3601,0.8677,0.1323,0.7302,0.2085,0.2085,0.7302,-6.0640,-25.8325,-25.8325,-6.0640
btc-updown-5m-1780093800,1780094044000,56,73440.00,73541.14,101.14,0.0000,0.0000,0.0394,0.0584,0.0060,0.3497,0.002526,0.0323,1.2214,73541.18,0.0000,-0.0001,0.0000,0.0000,0.8700,385.44,0.8600,31.00,0.8500,31.48,0.8400,26.00,0.8300,31.00,0.8800,231.28,0.8900,267.00,0.9000,45.63,0.9100,52.99,0.9200,103.55,0.1200,231.28,0.1100,267.00,0.1000,45.63,0.0900,52.99,0.0800,103.55,0.1300,385.44,0.1400,31.00,0.1500,31.48,0.1600,26.00,0.1700,31.00,504.92,700.45,1205.37,700.45,504.92,1205.37,0.0100,0.0100,-0.1622,0.1622,0.8762,0.1238,0.8248,0.7114,0.7114,0.8248,57.7996,-51.2718,-51.2718,57.7996
btc-updown-5m-1780093800,1780094045000,55,73439.26,73534.68,95.42,-0.0088,-0.0088,2.8580,2.9138,1.2960,0.5647,0.002931,0.1245,22.9619,73536.36,-0.0002,-0.0023,-8.3821,-0.0001,0.9000,358.37,0.8900,60.40,0.8800,159.44,0.8700,36.00,0.8600,26.00,0.9100,331.50,0.9200,33.77,0.9300,96.50,0.9400,186.37,0.9500,1763.95,0.0900,331.50,0.0800,33.77,0.0700,96.50,0.0600,186.37,0.0500,1763.95,0.1000,358.37,0.1100,60.40,0.1200,159.44,0.1300,36.00,0.1400,26.00,640.21,2412.09,3052.30,2412.09,640.21,3052.30,0.0100,0.0100,-0.5805,0.5805,0.9052,0.0948,0.6541,0.1514,0.1514,0.6541,72.0000,245.2709,245.2709,72.0000
btc-updown-5m-1780093800,1780094046000,54,73439.84,73534.68,94.84,0.0000,-0.0088,0.0000,2.8985,1.2940,0.2197,0.001577,0.1243,0.0000,73536.35,-0.0002,-0.0023,0.0000,0.0000,0.7600,201.66,0.7500,48.24,0.7400,10.00,0.7300,10.00,0.7200,10.00,0.7700,10.00,0.7800,10.50,0.7900,91.98,0.8000,62.00,0.8300,86.00,0.2300,10.00,0.2200,10.50,0.2100,91.98,0.2000,62.00,0.1700,86.00,0.2400,201.66,0.2500,48.24,0.2600,10.00,0.2700,10.00,0.2800,10.00,279.90,260.48,540.38,260.48,279.90,540.38,0.0100,0.0100,0.0359,-0.0359,0.7695,0.2305,0.8928,0.0787,0.0787,0.8928,4.0227,-152.0058,-151.9086,4.0201
btc-updown-5m-1780093800,1780094047000,53,73439.26,73534.68,95.42,0.0000,-0.0088,0.0006,2.8980,1.2920,0.2193,0.001577,0.0983,0.0062,73535.08,-0.0001,-0.0005,0.0000,0.0000,0.7800,499.84,0.7700,10.00,0.7600,10.00,0.7500,16.00,0.7400,10.00,0.7900,25.65,0.8300,5.00,0.8500,78.00,0.8700,97.00,0.8800,106.00,0.2100,25.65,0.1700,5.00,0.1500,78.00,0.1300,97.00,0.1200,106.00,0.2200,499.84,0.2300,10.00,0.2400,10.00,0.2500,16.00,0.2600,10.00,545.84,311.65,857.49,311.65,545.84,857.49,0.0100,0.0100,0.2731,-0.2731,0.7895,0.2105,0.9340,0.0983,0.0983,0.9340,52.7540,-149.8612,-149.8879,52.7633
btc-updown-5m-1780093800,1780094048000,52,73436.41,73534.67,98.26,-0.0000,-0.0088,0.0878,2.9858,1.2940,0.2197,0.001577,0.1011,0.8678,73535.07,-0.0001,-0.0005,-0.0134,-0.0000,0.8100,149.92,0.8000,42.20,0.7900,45.00,0.7800,87.25,0.7700,39.06,0.8200,50.00,0.8400,248.99,0.8500,95.23,0.8700,97.00,0.8800,106.00,0.1800,55.00,0.1600,153.39,0.1500,90.23,0.1300,97.00,0.1200,106.00,0.1900,60.95,0.2000,27.20,0.2100,25.00,0.2200,293.56,0.2300,16.00,363.43,597.22,960.65,501.62,422.71,924.33,0.0100,0.0100,-0.2434,0.0854,0.8175,0.1847,0.5286,0.5006,0.4154,0.2085,18.8786,-115.1704,-130.8150,28.4116
btc-updown-5m-1780093800,1780094049000,51,73436.96,73534.67,97.71,0.0000,-0.0088,0.0001,2.9465,1.2940,0.2193,0.001577,0.1011,0.0009,73535.07,-0.0001,-0.0005,0.0000,0.0000,0.8100,166.24,0.8000,17.00,0.7900,10.00,0.7800,19.84,0.7700,26.00,0.8200,55.00,0.8300,26.55,0.8400,48.09,0.8500,208.94,0.8600,300.00,0.1800,55.00,0.1700,26.55,0.1600,48.09,0.1500,208.94,0.1400,300.00,0.1900,166.24,0.2000,17.00,0.2100,10.00,0.2200,19.84,0.2300,26.00,239.08,638.58,877.66,638.58,239.08,877.66,0.0100,0.0100,-0.4552,0.4552,0.8175,0.1825,0.7664,0.1277,0.1277,0.7664,-50.0100,-89.5141,-89.5141,-50.0100
btc-updown-5m-1780093800,1780094050000,50,73436.96,73534.68,97.72,0.0000,0.0000,0.0105,0.0990,0.0040,0.2197,0.001577,0.1015,0.1036,73535.07,0.0000,-0.0005,0.0133,0.0000,0.9000,298.63,0.8900,31.77,0.8800,22.76,0.8700,66.27,0.8600,15.00,0.9100,492.29,0.9200,59.50,0.9300,381.87,0.9400,237.41,0.9500,708.95,0.0900,492.29,0.0800,59.50,0.0700,381.87,0.0600,237.41,0.0500,708.95,0.1000,298.63,0.1100,31.77,0.1200,22.76,0.1300,66.27,0.1400,15.00,434.43,1880.02,2314.45,1880.02,434.43,2314.45,0.0100,0.0100,-0.6246,0.6246,0.9038,0.0962,0.7605,0.2935,0.2935,0.7605,-10.1876,195.7880,195.8508,-10.1909
btc-updown-5m-1780093800,1780094051000,49,73436.13,73534.67,98.54,-0.0000,-0.0000,0.0052,0.1042,0.0060,0.2200,0.001577,0.1016,0.0513,73535.07,-0.0000,-0.0005,-0.0134,-0.0000,0.9000,223.41,0.8900,24.77,0.8800,22.76,0.8700,66.27,0.8600,25.00,0.9100,515.13,0.9200,52.27,0.9300,447.48,0.9400,915.00,0.9500,1223.37,0.0900,515.13,0.0800,52.27,0.0700,447.48,0.0600,915.00,0.0500,1223.37,0.1000,223.41,0.1100,24.77,0.1200,22.76,0.1300,66.27,0.1400,25.00,362.21,3153.25,3515.46,3153.25,362.21,3515.46,0.0100,0.0100,-0.7939,0.7939,0.9030,0.0970,0.6852,0.1799,0.1799,0.6852,42.6612,261.6769,261.5876,42.6467
btc-updown-5m-1780093800,1780094052000,48,73437.65,73534.68,97.03,0.0000,0.0000,0.0003,0.1039,0.0080,0.2203,0.001577,0.1016,0.0027,73535.06,0.0000,-0.0005,0.0132,0.0000,0.9000,278.66,0.8900,24.72,0.8800,22.76,0.8700,66.27,0.8600,25.00,0.9100,433.15,0.9200,29.00,0.9300,540.64,0.9400,910.29,0.9500,1241.68,0.0900,433.15,0.0800,29.00,0.0700,540.64,0.0600,910.29,0.0500,1241.68,0.1000,278.66,0.1100,24.72,0.1200,22.76,0.1300,66.27,0.1400,25.00,417.41,3154.76,3572.17,3154.76,417.41,3572.17,0.0100,0.0100,-0.7663,0.7663,0.9039,0.0961,0.7268,0.1465,0.1465,0.7268,58.9381,485.2417,485.0766,58.9180
btc-updown-5m-1780093800,1780094053000,47,73438.01,73534.68,96.67,0.0000,0.0000,0.0477,0.0638,0.0060,0.2203,0.001577,0.1032,0.4622,73535.06,0.0000,-0.0005,0.0000,0.0000,0.9000,252.15,0.8900,12.72,0.8800,30.49,0.8700,66.27,0.8600,25.00,0.9100,459.66,0.9200,136.69,0.9300,448.37,0.9400,911.73,0.9500,1213.95,0.0900,459.66,0.0800,136.69,0.0700,448.37,0.0600,911.73,0.0500,1213.95,0.1000,252.15,0.1100,12.72,0.1200,30.49,0.1300,66.27,0.1400,25.00,386.63,3170.40,3557.03,3170.40,386.63,3557.03,0.0100,0.0100,-0.7826,0.7826,0.9035,0.0965,0.6851,0.1881,0.1881,0.6851,-33.1926,555.2236,555.1162,-33.1862
btc-updown-5m-1780093800,1780094054000,46,73437.78,73534.67,96.89,-0.0000,0.0000,0.0365,0.1002,0.0080,0.2207,0.001577,0.1043,0.3501,73535.05,-0.0000,-0.0005,-0.0132,-0.0000,0.9000,208.85,0.8900,12.72,0.8800,45.49,0.8700,66.27,0.8600,15.00,0.9100,269.77,0.9200,224.88,0.9300,535.15,0.9400,904.80,0.9500,1246.58,0.0900,269.77,0.0800,224.88,0.0700,535.15,0.0600,904.80,0.0500,1246.58,0.1000,208.85,0.1100,12.72,0.1200,45.49,0.1300,66.27,0.1400,15.00,348.33,3181.18,3529.51,3181.18,348.33,3529.51,0.0100,0.0100,-0.8026,0.8026,0.9044,0.0956,0.6361,0.1555,0.1555,0.6361,-34.9392,479.5119,479.4320,-34.9334
btc-updown-5m-1780093800,1780094055000,45,73437.66,73534.68,97.02,0.0000,0.0000,0.0020,0.0917,0.0080,0.2207,0.001577,0.1017,0.0196,73534.89,0.0000,-0.0003,0.0132,0.0000,0.9000,102.85,0.8900,22.72,0.8800,35.49,0.8700,66.27,0.8600,15.00,0.9100,277.57,0.9200,215.88,0.9300,540.24,0.9400,905.59,0.9500,1205.28,0.0900,277.57,0.0800,215.88,0.0700,540.24,0.0600,905.59,0.0500,1205.28,0.1000,102.85,0.1100,22.72,0.1200,35.49,0.1300,66.27,0.1400,15.00,242.33,3144.56,3386.89,3144.56,242.33,3386.89,0.0100,0.0100,-0.8569,0.8569,0.9027,0.0973,0.5182,0.1569,0.1569,0.5182,0.5415,417.5242,417.5242,0.5415
btc-updown-5m-1780093800,1780094056000,44,73437.68,73534.68,97.00,0.0000,0.0000,0.0012,0.0876,0.0060,0.2203,0.001577,0.1015,0.0114,73534.87,0.0000,-0.0003,0.0000,0.0000,0.9000,212.38,0.8900,24.72,0.8800,35.49,0.8700,66.27,0.8600,15.00,0.9100,67.08,0.9200,508.88,0.9300,449.00,0.9400,943.74,0.9500,1181.55,0.0900,67.08,0.0800,508.88,0.0700,449.00,0.0600,943.74,0.0500,1181.55,0.1000,212.38,0.1100,24.72,0.1200,35.49,0.1300,66.27,0.1400,15.00,353.86,3150.25,3504.11,3150.25,353.86,3504.11,0.0100,0.0100,-0.7980,0.7980,0.9076,0.0924,0.6700,0.1828,0.1828,0.6700,-15.6299,345.0079,345.0079,-15.6299
btc-updown-5m-1780093800,1780094057000,43,73437.68,73534.68,97.00,0.0000,0.0000,0.0008,0.0881,0.0040,0.2200,0.001577,0.1014,0.0075,73534.87,0.0000,-0.0003,0.0000,0.0000,0.9000,137.32,0.8900,24.72,0.8800,27.76,0.8700,66.27,0.8600,15.00,0.9100,67.08,0.9200,403.69,0.9300,448.68,0.9400,664.15,0.9500,1481.55,0.0900,67.08,0.0800,403.69,0.0700,448.68,0.0600,664.15,0.0500,1481.55,0.1000,137.32,0.1100,24.72,0.1200,27.76,0.1300,66.27,0.1400,15.00,271.07,3065.15,3336.22,3065.15,271.07,3336.22,0.0100,0.0100,-0.8375,0.8375,0.9067,0.0933,0.5978,0.1536,0.1536,0.5978,-15.0297,-14.5284,-14.5284,-15.0297
btc-updown-5m-1780093800,1780094058000,42,73437.59,73534.67,97.08,-0.0000,-0.0000,0.0971,0.1375,0.0060,0.2200,0.001577,0.1039,0.9345,73534.82,-0.0000,-0.0002,-0.0132,-0.0000,0.9000,136.22,0.8900,24.72,0.8800,27.76,0.8700,66.27,0.8600,15.00,0.9100,57.08,0.9200,314.42,0.9300,495.04,0.9400,650.41,0.9500,1481.55,0.0900,57.08,0.0800,314.42,0.0700,495.04,0.0600,650.41,0.0500,1481.55,0.1000,136.22,0.1100,24.72,0.1200,27.76,0.1300,66.27,0.1400,15.00,269.97,2998.50,3268.47,2998.50,269.97,3268.47,0.0100,0.0100,-0.8348,0.8348,0.9070,0.0930,0.5961,0.1239,0.1239,0.5961,-26.1127,-28.7984,-28.7984,-26.1127
btc-updown-5m-1780093800,1780094059000,41,73437.59,73534.68,97.09,0.0000,0.0000,0.1618,0.2628,0.0060,0.2200,0.001577,0.1091,1.4840,73534.82,0.0000,-0.0002,0.0132,0.0000,0.9000,174.92,0.8900,24.00,0.8800,39.76,0.8700,66.27,0.8600,15.00,0.9100,31.58,0.9200,365.78,0.9300,515.45,0.9400,644.09,0.9500,1481.55,0.0900,31.58,0.0800,365.78,0.0700,515.45,0.0600,644.09,0.0500,1481.55,0.1000,174.92,0.1100,24.00,0.1200,39.76,0.1300,66.27,0.1400,15.00,319.95,3038.45,3358.40,3038.45,319.95,3358.40,0.0100,0.0100,-0.8095,0.8095,0.9085,0.0915,0.6217,0.1308,0.1308,0.6217,-11.5663,-22.8881,-22.8881,-11.5663
btc-updown-5m-1780093800,1780094060000,40,73437.59,73534.68,97.09,0.0000,0.0000,0.0020,0.2628,0.0040,0.2197,0.001577,0.1091,0.0187,73534.81,0.0000,-0.0002,0.0000,0.0000,0.9200,83.15,0.9100,49.05,0.9000,51.00,0.8900,10.00,0.8800,5.00,0.9300,391.89,0.9400,720.87,0.9500,1576.98,0.9600,870.84,0.9700,1916.96,0.0700,391.89,0.0600,720.87,0.0500,1576.98,0.0400,870.84,0.0300,1916.96,0.0800,83.15,0.0900,49.05,0.1000,51.00,0.1100,10.00,0.1200,5.00,198.20,5477.54,5675.74,5477.54,198.20,5675.74,0.0100,0.0100,-0.9302,0.9302,0.9218,0.0782,0.6670,0.2031,0.2031,0.6670,-26.2787,401.9534,401.9534,-26.2787
btc-updown-5m-1780093800,1780094061000,39,73437.59,73534.68,97.09,0.0000,0.0000,0.0469,0.3085,0.0040,0.2197,0.001577,0.1104,0.4243,73534.80,0.0000,-0.0002,0.0000,0.0000,0.9200,126.84,0.9100,5.00,0.9000,51.00,0.8900,5.00,0.8700,87.27,0.9300,229.04,0.9400,699.51,0.9500,1608.34,0.9600,875.84,0.9700,1611.96,0.0700,229.04,0.0600,699.51,0.0500,1608.34,0.0400,875.84,0.0300,1611.96,0.0800,126.84,0.0900,5.00,0.1000,51.00,0.1100,5.00,0.1300,87.27,275.11,5024.69,5299.80,5024.69,275.11,5299.80,0.0100,0.0100,-0.8962,0.8962,0.9236,0.0764,0.4792,0.1848,0.1848,0.4792,5.4945,315.1408,315.2465,5.4963
btc-updown-5m-1780093800,1780094062000,38,73437.59,73534.67,97.08,-0.0000,-0.0000,0.0006,0.3084,0.0060,0.2200,0.001577,0.1104,0.0053,73534.80,-0.0000,-0.0002,-0.0132,-0.0000,0.9200,88.09,0.9100,17.00,0.9000,51.00,0.8900,5.00,0.8700,97.27,0.9300,222.96,0.9400,709.51,0.9500,1608.34,0.9600,875.84,0.9700,1611.96,0.0700,222.96,0.0600,709.51,0.0500,1608.34,0.0400,875.84,0.0300,1611.96,0.0800,88.09,0.0900,17.00,0.1000,51.00,0.1100,5.00,0.1300,97.27,258.36,5028.61,5286.97,5028.61,258.36,5286.97,0.0100,0.0100,-0.9023,0.9023,0.9228,0.0772,0.4068,0.1854,0.1854,0.4068,-6.6295,393.8914,393.9712,-6.6309
btc-updown-5m-1780093800,1780094063000,37,73437.60,73534.67,97.07,0.0000,0.0000,0.0000,0.2113,0.0040,0.2200,0.001577,0.1104,0.0000,73534.80,-0.0000,-0.0002,0.0000,0.0000,0.9200,34.09,0.9100,12.00,0.9000,51.00,0.8900,5.00,0.8700,107.27,0.9300,212.97,0.9400,662.51,0.9500,1646.34,0.9600,934.84,0.9700,1611.96,0.0700,212.97,0.0600,662.51,0.0500,1646.34,0.0400,934.84,0.0300,1611.96,0.0800,34.09,0.0900,12.00,0.1000,51.00,0.1100,5.00,0.1300,107.27,209.36,5068.62,5277.98,5068.62,209.36,5277.98,0.0100,0.0100,-0.9207,0.9207,0.9214,0.0786,0.2201,0.1727,0.1727,0.2201,-13.9532,338.7073,338.7652,-13.9556
btc-updown-5m-1780093800,1780094064000,36,73437.61,73534.67,97.06,0.0000,-0.0000,0.0000,0.0495,0.0020,0.2200,0.001577,0.1104,0.0000,73534.80,-0.0000,-0.0002,0.0000,0.0000,0.9000,110.46,0.8900,10.00,0.8800,9.00,0.8700,96.27,0.8600,10.00,0.9100,60.00,0.9300,186.89,0.9400,639.66,0.9500,1257.16,0.9600,1147.79,0.0900,60.00,0.0700,186.89,0.0600,639.66,0.0500,1257.16,0.0400,1147.79,0.1000,110.46,0.1100,10.00,0.1200,9.00,0.1300,96.27,0.1400,10.00,235.73,3291.50,3527.23,3291.50,235.73,3527.23,0.0100,0.0100,-0.8663,0.8663,0.9065,0.0935,0.5110,0.0750,0.0750,0.5110,-7.8677,39.7191,39.7191,-7.8677
btc-updown-5m-1780093800,1780094065000,35,73437.62,73534.67,97.05,0.0000,-0.0000,0.0004,0.0478,0.0020,0.2200,0.001577,0.1105,0.0034,73534.80,-0.0000,-0.0002,0.0000,0.0000,0.9000,156.46,0.8900,17.00,0.8800,9.00,0.8700,91.27,0.8600,10.00,0.9100,17.58,0.9200,20.00,0.9300,89.04,0.9400,644.52,0.9500,1358.32,0.0900,17.58,0.0800,20.00,0.0700,89.04,0.0600,644.52,0.0500,1358.32,0.1000,156.46,0.1100,17.00,0.1200,9.00,0.1300,91.27,0.1400,10.00,283.73,2129.46,2413.19,2129.46,283.73,2413.19,0.0100,0.0100,-0.7649,0.7649,0.9090,0.0910,0.6114,0.0176,0.0176,0.6114,-27.4825,-192.0004,-192.0348,-27.4874
btc-updown-5m-1780093800,1780094066000,34,73437.62,73534.67,97.05,0.0000,-0.0000,0.0000,0.0010,0.0020,0.2200,0.001577,0.1104,0.0000,73534.80,-0.0000,-0.0002,0.0000,0.0000,0.9100,60.10,0.9000,62.67,0.8800,24.00,0.8700,81.27,0.8600,20.00,0.9200,100.13,0.9300,74.71,0.9400,644.52,0.9500,1345.32,0.9600,1228.68,0.0800,100.13,0.0700,74.71,0.0600,644.52,0.0500,1345.32,0.0400,1228.68,0.0900,60.10,0.1000,62.67,0.1200,24.00,0.1300,81.27,0.1400,20.00,248.04,3393.36,3641.40,3393.36,248.04,3641.40,0.0100,0.0100,-0.8638,0.8638,0.9138,0.0862,0.4950,0.0515,0.0515,0.4950,6.1273,-366.8572,-366.9217,6.1284
btc-updown-5m-1780093800,1780094067000,33,73438.13,73534.68,96.55,0.0000,0.0000,0.0047,0.0050,0.0020,0.2200,0.001577,0.1106,0.0422,73534.80,0.0000,-0.0002,0.0131,0.0000,0.9200,94.87,0.9100,24.87,0.9000,40.67,0.8800,19.00,0.8700,86.27,0.9300,40.15,0.9400,602.00,0.9500,1321.45,0.9600,1295.86,0.9700,1599.95,0.0700,40.15,0.0600,602.00,0.0500,1321.45,0.0400,1295.86,0.0300,1599.95,0.0800,94.87,0.0900,24.87,0.1000,40.67,0.1200,19.00,0.1300,86.27,265.68,4859.41,5125.09,4859.41,265.68,5125.09,0.0100,0.0100,-0.8963,0.8963,0.9270,0.0730,0.4507,0.1321,0.1321,0.4507,0.7459,-23.4895,-23.4856,0.7458
btc-updown-5m-1780093800,1780094068000,32,73438.12,73534.67,96.55,-0.0000,0.0000,0.1014,0.1064,0.0040,0.2203,0.001577,0.1138,0.8909,73534.79,-0.0000,-0.0002,-0.0131,-0.0000,0.9200,162.45,0.9100,24.87,0.9000,40.67,0.8800,19.00,0.8700,86.27,0.9300,17.99,0.9400,602.00,0.9500,1288.45,0.9600,1300.86,0.9700,1691.95,0.0700,17.99,0.0600,602.00,0.0500,1288.45,0.0400,1300.86,0.0300,1691.95,0.0800,162.45,0.0900,24.87,0.1000,40.67,0.1200,19.00,0.1300,86.27,333.26,4901.25,5234.51,4901.25,333.26,5234.51,0.0100,0.0100,-0.8727,0.8727,0.9290,0.0710,0.5621,0.1265,0.1265,0.5621,26.5938,-27.6783,-27.6783,26.5938
btc-updown-5m-1780093800,1780094069000,31,73437.87,73534.67,96.80,0.0000,0.0000,0.0000,0.1064,0.0040,0.2200,0.001577,0.1138,0.0000,73534.79,-0.0000,-0.0002,0.0000,0.0000,0.9000,199.83,0.8900,186.67,0.8800,15.00,0.8700,81.27,0.8600,28.00,0.9100,10.77,0.9300,5.00,0.9400,639.42,0.9500,1191.55,0.9600,1033.66,0.0900,10.77,0.0700,5.00,0.0600,639.42,0.0500,1191.55,0.0400,1033.66,0.1000,199.83,0.1100,186.67,0.1200,15.00,0.1300,81.27,0.1400,28.00,510.77,2880.40,3391.17,2880.40,510.77,3391.17,0.0100,0.0100,-0.6988,0.6988,0.9095,0.0905,0.7567,0.0055,0.0055,0.7567,51.0226,-381.6925,-381.6925,51.0226
btc-updown-5m-1780093800,1780094070000,30,73437.87,73534.68,96.81,0.0000,0.0000,0.0003,0.1063,0.0060,0.2200,0.001577,0.1137,0.0027,73534.79,0.0000,-0.0001,0.0132,0.0000,0.9300,19.00,0.9200,10.00,0.9000,110.67,0.8900,22.00,0.8800,15.00,0.9400,622.34,0.9500,1200.48,0.9600,948.21,0.9700,1956.94,0.9800,2223.13,0.0600,622.34,0.0500,1200.48,0.0400,948.21,0.0300,1956.94,0.0200,2223.13,0.0700,19.00,0.0800,10.00,0.1000,110.67,0.1100,22.00,0.1200,15.00,176.67,6951.10,7127.77,6951.10,176.67,7127.77,0.0100,0.0100,-0.9504,0.9504,0.9303,0.0697,0.1641,0.2622,0.2622,0.1641,-10.0374,621.9578,621.9578,-10.0374
btc-updown-5m-1780093800,1780094071000,29,73437.87,73534.68,96.81,0.0000,0.0000,0.0029,0.1093,0.0060,0.2197,0.001577,0.1137,0.0257,73534.78,0.0000,-0.0001,0.0000,0.0000,0.9300,44.42,0.9200,51.98,0.9100,95.51,0.9000,130.67,0.8900,27.00,0.9400,578.31,0.9500,1205.48,0.9600,1006.21,0.9700,1727.94,0.9800,2544.49,0.0600,578.31,0.0500,1205.48,0.0400,1006.21,0.0300,1727.94,0.0200,2544.49,0.0700,44.42,0.0800,51.98,0.0900,95.51,0.1000,130.67,0.1100,27.00,349.58,7062.43,7412.01,7062.43,349.58,7412.01,0.0100,0.0100,-0.9057,0.9057,0.9307,0.0693,0.2758,0.2526,0.2526,0.2758,19.1429,648.9469,648.9469,19.1429
btc-updown-5m-1780093800,1780094072000,28,73437.96,73534.68,96.72,0.0000,0.0000,0.0056,0.1102,0.0040,0.2193,0.001577,0.1134,0.0497,73534.75,0.0000,-0.0001,0.0000,0.0000,0.9300,170.42,0.9200,45.00,0.9100,27.40,0.9000,191.17,0.8900,22.00,0.9400,524.07,0.9500,1205.48,0.9600,975.21,0.9700,1427.94,0.9800,2244.49,0.0600,524.07,0.0500,1205.48,0.0400,975.21,0.0300,1427.94,0.0200,2244.49,0.0700,170.42,0.0800,45.00,0.0900,27.40,0.1000,191.17,0.1100,22.00,455.99,6377.19,6833.18,6377.19,455.99,6833.18,0.0100,0.0100,-0.8665,0.8665,0.9325,0.0675,0.4724,0.2712,0.2712,0.4724,34.6449,504.9061,504.9061,34.6449
btc-updown-5m-1780093800,1780094073000,27,73438.56,73534.67,96.11,-0.0000,0.0000,0.0809,0.0897,0.0040,0.2197,0.001577,0.1160,0.6974,73534.75,-0.0000,-0.0001,-0.0131,-0.0000,0.9000,25.00,0.8700,10.42,0.8200,46.47,0.8100,38.83,0.8000,195.60,0.9100,10.90,0.9300,37.07,0.9400,458.12,0.9500,1241.45,0.9600,852.79,0.0900,10.90,0.0700,37.07,0.0600,458.12,0.0500,1241.45,0.0400,852.79,0.1000,25.00,0.1300,10.42,0.1800,46.47,0.1900,38.83,0.2000,195.60,316.32,2600.33,2916.65,2600.33,316.32,2916.65,0.0100,0.0100,-0.7831,0.7831,0.9070,0.0930,0.1120,0.0184,0.0184,0.1120,8.3924,-374.3918,-374.5159,8.3952
btc-updown-5m-1780093800,1780094074000,26,73438.57,73534.67,96.10,0.0000,0.0000,0.0000,0.0897,0.0040,0.2197,0.001577,0.1160,0.0000,73534.75,-0.0000,-0.0001,0.0000,0.0000,0.8100,61.00,0.8000,82.75,0.7800,20.00,0.7400,20.39,0.7100,16.47,0.8200,111.12,0.8300,50.00,0.8700,5.00,0.8800,147.94,0.8900,68.19,0.1800,111.12,0.1700,50.00,0.1300,5.00,0.1200,147.94,0.1100,68.19,0.1900,61.00,0.2000,82.75,0.2200,20.00,0.2600,20.39,0.2900,16.47,200.61,382.25,582.86,382.25,200.61,582.86,0.0100,0.0100,-0.3116,0.3116,0.8135,0.1865,0.7166,0.4215,0.4215,0.7166,3.2684,-792.4557,-792.8732,3.2701
btc-updown-5m-1780093800,1780094075000,25,73438.58,73534.67,96.09,0.0000,-0.0000,0.0095,0.0989,0.0020,0.0043,0.000009,0.1150,0.0824,73534.68,-0.0000,-0.0000,0.0000,0.0000,0.6400,5.00,0.6300,1.67,0.6200,5.00,0.6000,10.00,0.5900,5.00,0.7200,24.00,0.7300,23.06,0.7500,81.41,0.7600,5.00,0.7700,106.45,0.2800,24.00,0.2700,23.06,0.2500,81.41,0.2400,5.00,0.2300,106.45,0.3600,5.00,0.3700,1.67,0.3800,5.00,0.4000,10.00,0.4100,5.00,26.67,239.92,266.59,239.92,26.67,266.59,0.0800,0.0800,-0.7999,0.7999,0.6538,0.3462,0.2501,0.1961,0.1961,0.2501,-80.0273,-1690.8327,-1691.2519,-80.0471
btc-updown-5m-1780093800,1780094076000,24,73438.58,73534.67,96.09,0.0000,-0.0000,0.0002,0.0962,0.0020,0.0043,0.000009,0.0228,0.0096,73534.67,-0.0000,-0.0000,0.0000,0.0000,0.4900,447.24,0.4800,30.00,0.4700,30.00,0.4600,30.00,0.4500,30.00,0.5000,122.03,0.5800,15.00,0.5900,15.00,0.6000,61.41,0.6100,6.50,0.5000,122.03,0.4200,15.00,0.4100,15.00,0.4000,61.41,0.3900,6.50,0.5100,447.24,0.5200,30.00,0.5300,30.00,0.5400,30.00,0.5500,30.00,567.24,219.94,787.18,219.94,567.24,787.18,0.0100,0.0100,0.4412,-0.4412,0.4979,0.5021,0.8413,0.6230,0.6230,0.8413,136.4756,-5.1682,-5.1657,136.4110
btc-updown-5m-1780093800,1780094077000,23,73437.98,73534.67,96.69,0.0000,-0.0000,0.0000,0.0906,0.0020,0.0043,0.000009,0.0228,0.0000,73534.67,-0.0000,-0.0000,0.0000,0.0000,0.5900,160.53,0.5800,300.00,0.5700,5.00,0.5600,5.00,0.5500,8.00,0.6000,209.30,0.6100,5.00,0.6300,14.00,0.6500,14.29,0.6600,24.71,0.4000,209.30,0.3900,5.00,0.3700,14.00,0.3500,14.29,0.3400,24.71,0.4100,160.53,0.4200,300.00,0.4300,5.00,0.4400,5.00,0.4500,8.00,478.53,267.30,745.83,267.30,478.53,745.83,0.0100,0.0100,0.2832,-0.2832,0.5943,0.4057,0.9624,0.8017,0.8017,0.9624,-18.9839,-77.8580,-77.8885,-18.9914
btc-updown-5m-1780093800,1780094078000,22,73437.80,73537.07,99.27,0.0033,0.0033,0.1710,0.1807,0.4800,0.0840,0.000586,0.0283,6.0420,73535.14,0.0011,0.0026,3.2401,0.0000,0.5800,348.28,0.5700,5.00,0.5600,5.00,0.5500,8.00,0.5400,10.00,0.5900,12.46,0.6000,234.69,0.6100,5.00,0.6300,14.00,0.6500,14.29,0.4100,12.46,0.4000,234.69,0.3900,5.00,0.3700,14.00,0.3500,14.29,0.4200,348.28,0.4300,5.00,0.4400,5.00,0.4500,8.00,0.4600,10.00,376.28,280.44,656.72,280.44,376.28,656.72,0.0100,0.0100,0.1459,-0.1459,0.5897,0.4103,0.9389,0.8813,0.8813,0.9389,-55.6072,-25.5223,-25.5129,-55.5867
btc-updown-5m-1780093800,1780094079000,21,73437.80,73537.07,99.27,0.0000,0.0033,0.0721,0.2528,0.4800,0.0840,0.000586,0.0278,2.5952,73535.35,0.0001,0.0023,0.0000,0.0000,0.3400,6.60,0.3300,30.00,0.3100,30.00,0.3000,30.00,0.2900,30.00,0.3600,76.51,0.3700,70.41,0.4200,17.05,0.5100,15.00,0.5400,27.38,0.6400,76.51,0.6300,70.41,0.5800,17.05,0.4900,15.00,0.4600,27.38,0.6600,6.60,0.6700,30.00,0.6900,30.00,0.7000,30.00,0.7100,30.00,126.60,206.35,332.95,206.35,126.60,332.95,0.0200,0.0200,-0.2395,0.2395,0.3416,0.6584,0.2891,0.7120,0.7120,0.2891,8.8304,53.8583,53.8750,8.8332
btc-updown-5m-1780093800,1780094080000,20,73440.90,73537.06,96.16,-0.0000,0.0033,0.1427,0.3860,0.4820,0.0840,0.000586,0.0324,4.4048,73535.59,0.0001,0.0020,-0.0131,-0.0000,0.3400,6.60,0.3300,30.00,0.3100,30.00,0.3000,30.00,0.2900,30.00,0.3600,76.51,0.3700,70.41,0.4200,17.05,0.5100,15.00,0.5400,27.38,0.6400,76.51,0.6300,70.41,0.5800,17.05,0.4900,15.00,0.4600,27.38,0.6600,6.60,0.6700,30.00,0.6900,30.00,0.7000,30.00,0.7100,30.00,126.60,206.35,332.95,206.35,126.60,332.95,0.0200,0.0200,-0.2395,0.2395,0.3416,0.6584,0.2891,0.7120,0.7120,0.2891,8.8304,53.8583,53.8750,8.8332
btc-updown-5m-1780093800,1780094081000,19,73440.90,73537.07,96.17,0.0000,0.0033,0.1214,0.5072,0.4840,0.0840,0.000586,0.0360,3.3756,73535.76,0.0000,0.0018,0.0131,0.0000,0.3400,6.60,0.3300,30.00,0.3100,30.00,0.3000,30.00,0.2900,30.00,0.3600,76.51,0.3700,70.41,0.4200,17.05,0.5100,15.00,0.5400,27.38,0.6400,76.51,0.6300,70.41,0.5800,17.05,0.4900,15.00,0.4600,27.38,0.6600,6.60,0.6700,30.00,0.6900,30.00,0.7000,30.00,0.7100,30.00,126.60,206.35,332.95,206.35,126.60,332.95,0.0200,0.0200,-0.2395,0.2395,0.3416,0.6584,0.2891,0.7120,0.7120,0.2891,8.8304,53.8583,53.8750,8.8332
btc-updown-5m-1780093800,1780094082000,18,73440.66,73537.07,96.41,0.0000,0.0033,0.0000,0.5072,0.4840,0.0837,0.000586,0.0358,0.0000,73535.77,0.0000,0.0018,0.0000,0.0000,,,,,,,,,,,,,,,,,,,,,,,,,,,,,,,,,,,,,,,,,-0.00,-0.00,-0.00,-0.00,-0.00,-0.00,,,,,,,,,,,,,,
btc-updown-5m-1780093800,1780094083000,17,73440.57,73537.07,96.50,0.0000,0.0000,0.0836,0.4198,0.0060,0.0840,0.000586,0.0385,2.1714,73535.86,0.0000,0.0016,0.0000,0.0000,,,,,,,,,,,,,,,,,,,,,,,,,,,,,,,,,,,,,,,,,-0.00,-0.00,-0.00,-0.00,-0.00,-0.00,,,,,,,,,,,,,,
btc-updown-5m-1780093800,1780094084000,16,73440.22,73537.07,96.85,0.0000,0.0000,0.1022,0.4499,0.0060,0.0837,0.000586,0.0402,2.5397,73536.00,0.0000,0.0015,0.0000,0.0000,,,,,,,,,,,,,,,,,,,,,,,,,,,,,,,,,,,,,,,,,-0.00,-0.00,-0.00,-0.00,-0.00,-0.00,,,,,,,,,,,,,,
btc-updown-5m-1780093800,1780094085000,15,73440.15,73537.07,96.92,0.0000,0.0000,0.0000,0.3072,0.0040,0.0833,0.000586,0.0391,0.0000,73536.04,0.0000,0.0014,0.0000,0.0000,,,,,,,,,,,,,,,,,,,,,,,,,,,,,,,,,,,,,,,,,-0.00,-0.00,-0.00,-0.00,-0.00,-0.00,,,,,,,,,,,,,,
btc-updown-5m-1780093800,1780094086000,14,73440.15,73537.06,96.91,-0.0000,-0.0000,0.0012,0.1870,0.0040,0.0837,0.000586,0.0390,0.0315,73536.05,-0.0000,0.0014,-0.0132,-0.0000,,,,,,,,,,,,,,,,,,,,,,,,,,,,,,,,,,,,,,,,,-0.00,-0.00,-0.00,-0.00,-0.00,-0.00,,,,,,,,,,,,,,
btc-updown-5m-1780093800,1780094087000,13,73440.15,73537.07,96.92,0.0000,0.0000,0.0004,0.1874,0.0060,0.0840,0.000586,0.0390,0.0103,73536.05,0.0000,0.0014,0.0132,0.0000,,,,,,,,,,,,,,,,,,,,,,,,,,,,,,,,,,,,,,,,,-0.00,-0.00,-0.00,-0.00,-0.00,-0.00,,,,,,,,,,,,,,
btc-updown-5m-1780093800,1780094088000,12,73440.15,73537.07,96.92,0.0000,0.0000,0.0000,0.1038,0.0040,0.0837,0.000586,0.0390,0.0000,73536.05,0.0000,0.0014,0.0000,0.0000,,,,,,,,,,,,,,,,,,,,,,,,,,,,,,,,,,,,,,,,,-0.00,-0.00,-0.00,-0.00,-0.00,-0.00,,,,,,,,,,,,,,
btc-updown-5m-1780093800,1780094089000,11,73440.44,73537.06,96.62,-0.0000,-0.0000,0.0001,0.0017,0.0060,0.0837,0.000586,0.0359,0.0025,73536.17,-0.0000,0.0012,-0.0131,-0.0000,,,,,,,,,,,,,,,,,,,,,,,,,,,,,,,,,,,,,,,,,-0.00,-0.00,-0.00,-0.00,-0.00,-0.00,,,,,,,,,,,,,,
btc-updown-5m-1780093800,1780094090000,10,73440.44,73537.06,96.62,0.0000,-0.0000,0.0004,0.0021,0.0060,0.0837,0.000586,0.0307,0.0124,73536.42,-0.0000,0.0009,0.0000,0.0000,,,,,,,,,,,,,,,,,,,,,,,,,,,,,,,,,,,,,,,,,-0.00,-0.00,-0.00,-0.00,-0.00,-0.00,,,,,,,,,,,,,,
btc-updown-5m-1780093800,1780094091000,9,73440.46,73537.07,96.61,0.0000,0.0000,0.0142,0.0151,0.0060,0.0840,0.000586,0.0311,0.4583,73536.44,0.0000,0.0009,0.0131,0.0000,,,,,,,,,,,,,,,,,,,,,,,,,,,,,,,,,,,,,,,,,-0.00,-0.00,-0.00,-0.00,-0.00,-0.00,,,,,,,,,,,,,,
btc-updown-5m-1780093800,1780094092000,8,73440.10,73537.07,96.97,0.0000,0.0000,0.0000,0.0147,0.0040,0.0837,0.000586,0.0295,0.0000,73536.53,0.0000,0.0007,0.0000,0.0000,,,,,,,,,,,,,,,,,,,,,,,,,,,,,,,,,,,,,,,,,-0.00,-0.00,-0.00,-0.00,-0.00,-0.00,,,,,,,,,,,,,,
btc-updown-5m-1780093800,1780094093000,7,73440.10,73537.06,96.96,-0.0000,-0.0000,0.0837,0.0984,0.0060,0.0840,0.000586,0.0322,2.5964,73536.57,-0.0000,0.0007,-0.0132,-0.0000,,,,,,,,,,,,,,,,,,,,,,,,,,,,,,,,,,,,,,,,,-0.00,-0.00,-0.00,-0.00,-0.00,-0.00,,,,,,,,,,,,,,
btc-updown-5m-1780093800,1780094094000,6,73440.11,73537.06,96.95,0.0000,0.0000,0.0022,0.1005,0.0060,0.0843,0.000586,0.0323,0.0684,73536.57,-0.0000,0.0007,0.0000,0.0000,,,,,,,,,,,,,,,,,,,,,,,,,,,,,,,,,,,,,,,,,-0.00,-0.00,-0.00,-0.00,-0.00,-0.00,,,,,,,,,,,,,,
btc-updown-5m-1780093800,1780094095000,5,73440.11,73537.06,96.95,0.0000,0.0000,0.0005,0.1006,0.0060,0.0843,0.000586,0.0323,0.0164,73536.57,-0.0000,0.0007,0.0000,0.0000,,,,,,,,,,,,,,,,,,,,,,,,,,,,,,,,,,,,,,,,,-0.00,-0.00,-0.00,-0.00,-0.00,-0.00,,,,,,,,,,,,,,
btc-updown-5m-1780093800,1780094096000,4,73440.11,73511.98,71.87,-0.0341,-0.0341,38.5610,38.6474,5.0240,0.9210,0.006171,1.2762,30.2156,73512.60,-0.0001,-0.0008,-24.5103,-0.0003,,,,,,,,,,,,,,,,,,,,,,,,,,,,,,,,,,,,,,,,,-0.00,-0.00,-0.00,-0.00,-0.00,-0.00,,,,,,,,,,,,,,
btc-updown-5m-1780093800,1780094097000,3,73440.07,73511.98,71.91,0.0000,-0.0341,0.0060,38.6534,5.0260,0.9210,0.006171,1.2764,0.0047,73512.60,-0.0001,-0.0008,0.0000,0.0000,,,,,,,,,,,,,,,,,,,,,,,,,,,,,,,,,,,,,,,,,-0.00,-0.00,-0.00,-0.00,-0.00,-0.00,,,,,,,,,,,,,,
btc-updown-5m-1780093800,1780094098000,2,73421.15,73511.97,90.82,-0.0000,-0.0341,0.0001,38.5699,5.0260,0.9210,0.006171,1.2762,0.0001,73512.60,-0.0001,-0.0009,-0.0124,-0.0000,,,,,,,,,,,,,,,,,,,,,,,,,,,,,,,,,,,,,,,,,-0.00,-0.00,-0.00,-0.00,-0.00,-0.00,,,,,,,,,,,,,,
btc-updown-5m-1780093800,1780094099000,1,73421.15,73511.97,90.82,0.0000,-0.0341,0.0005,38.5682,5.0240,0.9210,0.006171,1.2730,0.0004,73512.54,-0.0000,-0.0008,0.0000,0.0000,,,,,,,,,,,,,,,,,,,,,,,,,,,,,,,,,,,,,,,,,-0.00,-0.00,-0.00,-0.00,-0.00,-0.00,,,,,,,,,,,,,,
btc-updown-5m-1780093800,1780094100000,0,73418.04,73502.00,83.96,-0.0136,-0.0477,2.1053,40.6730,7.0180,1.2530,0.006563,1.3409,1.5700,73512.01,-0.0129,-0.0136,-11.3873,-0.0002,,,,,,,,,,,,,,,,,,,,,,,,,,,,,,,,,,,,,,,,,-0.00,-0.00,-0.00,-0.00,-0.00,-0.00,,,,,,,,,,,,,,
btc-updown-5m-1780093800,1780094101000,-1,73415.60,73500.00,84.40,-0.0027,-0.0163,0.0039,2.1158,2.3980,1.3197,0.006561,1.3410,0.0029,73512.01,-0.0156,-0.0163,-2.2965,-0.0000,,,,,,,,,,,,,,,,,,,,,,,,,,,,,,,,,,,,,,,,,-0.00,-0.00,-0.00,-0.00,-0.00,-0.00,,,,,,,,,,,,,,
