market_slug,timestamp_ms,seconds_till_end,oracle_btc_price,binance_btc_price,lag,binance_ret1s_x100,binance_ret5s_x100,binance_volume_1s,binance_volume_5s,binance_atr_5s,binance_atr_30s,binance_rvol_30s,binance_volma_30s,binance_volume_spike,binance_vwap_30s,binance_p_vwap_5s,binance_p_vwap_30s,lat_dir_raw_x1000,lat_dir_norm_x1000,up_bid_1_price,up_bid_1_size,up_bid_2_price,up_bid_2_size,up_bid_3_price,up_bid_3_size,up_bid_4_price,up_bid_4_size,up_bid_5_price,up_bid_5_size,up_ask_1_price,up_ask_1_size,up_ask_2_price,up_ask_2_size,up_ask_3_price,up_ask_3_size,up_ask_4_price,up_ask_4_size,up_ask_5_price,up_ask_5_size,down_bid_1_price,down_bid_1_size,down_bid_2_price,down_bid_2_size,down_bid_3_price,down_bid_3_size,down_bid_4_price,down_bid_4_size,down_bid_5_price,down_bid_5_size,down_ask_1_price,down_ask_1_size,down_ask_2_price,down_ask_2_size,down_ask_3_price,down_ask_3_size,down_ask_4_price,down_ask_4_size,down_ask_5_price,down_ask_5_size,pm_up_bid_depth5,pm_up_ask_depth5,pm_up_total_depth5,pm_down_bid_depth5,pm_down_ask_depth5,pm_down_total_depth5,pm_up_spread,pm_down_spread,pm_up_imbalance,pm_down_imbalance,pm_up_microprice,pm_down_microprice,pm_up_bid_slope,pm_up_ask_slope,pm_down_bid_slope,pm_down_ask_slope,pm_up_bid_eatflow,pm_up_ask_eatflow,pm_down_bid_eatflow,pm_down_ask_eatflow
btc-updown-5m-1780094400,1780094401000,299,73360.17,73457.58,97.41,0.0000,-0.0093,0.0000,0.3594,1.3640,0.2307,0.001662,0.0212,0.0000,73460.67,0.0000,-0.0042,0.0000,0.0000,,,,,,,,,,,,,,,,,,,,,,,,,,,,,,,,,,,,,,,,,-0.00,-0.00,-0.00,-0.00,-0.00,-0.00,,,,,,,,,,,,,,
btc-updown-5m-1780094400,1780094402000,298,73360.18,73457.57,97.39,-0.0000,-0.0000,0.0065,0.0185,0.0060,0.2307,0.001661,0.0214,0.3014,73460.64,-0.0000,-0.0042,-0.0133,-0.0000,,,,,,,,,,,,,,,,,,,,,,,,,,,,,,,,,,,,,,,,,-0.00,-0.00,-0.00,-0.00,-0.00,-0.00,,,,,,,,,,,,,,
btc-updown-5m-1780094400,1780094403000,297,73360.18,73457.57,97.39,0.0000,-0.0000,0.0000,0.0185,0.0060,0.2307,0.001661,0.0214,0.0000,73460.64,-0.0000,-0.0042,0.0000,0.0000,0.3900,112.31,0.3800,117.65,0.3700,99.78,0.3600,131.55,0.3500,147.05,0.4000,250.84,0.4100,48.71,0.4200,347.70,0.4300,141.65,0.4400,434.18,0.6000,250.84,0.5900,48.71,0.5800,347.70,0.5700,141.65,0.5600,434.18,0.6100,112.31,0.6200,117.65,0.6300,99.78,0.6400,131.55,0.6500,147.05,608.34,1223.08,1831.42,1223.08,608.34,1831.42,0.0100,0.0100,-0.3357,0.3357,0.3931,0.6069,0.3780,0.2449,0.2449,0.3780,49.5927,417.6405,418.2279,49.6624
btc-updown-5m-1780094400,1780094404000,296,73360.18,73457.58,97.40,0.0000,0.0000,0.0699,0.0781,0.0060,0.2310,0.001662,0.0236,2.9603,73460.34,0.0000,-0.0038,0.0133,0.0000,0.4100,312.73,0.4000,118.44,0.3900,106.66,0.3800,127.65,0.3700,92.06,0.4200,52.58,0.4300,95.65,0.4400,388.18,0.4500,110.74,0.4600,31.00,0.5800,52.58,0.5700,95.65,0.5600,388.18,0.5500,110.74,0.5400,31.00,0.5900,312.73,0.6000,118.44,0.6100,106.66,0.6200,127.65,0.6300,92.06,757.54,678.15,1435.69,678.15,757.54,1435.69,0.0100,0.0100,0.0553,-0.0553,0.4186,0.5814,0.5692,0.2186,0.2186,0.5692,106.0402,-142.2816,-142.3634,106.1012
btc-updown-5m-1780094400,1780094405000,295,73360.34,73471.99,111.65,0.0196,0.0196,1.9948,2.0712,2.8860,0.7113,0.003945,0.0880,22.6756,73468.86,0.0007,0.0043,21.9014,0.0003,0.4600,487.69,0.4500,107.00,0.4400,81.00,0.4300,184.43,0.4200,131.00,0.4700,151.81,0.4800,221.22,0.4900,350.88,0.5000,266.00,0.5100,9.34,0.5300,151.81,0.5200,221.22,0.5100,350.88,0.5000,266.00,0.4900,9.34,0.5400,487.69,0.5500,107.00,0.5600,81.00,0.5700,184.43,0.5800,131.00,991.12,999.25,1990.37,999.25,991.12,1990.37,0.0100,0.0100,-0.0041,0.0041,0.4676,0.5324,0.6000,0.3733,0.3733,0.6000,160.3721,28.2048,28.2157,160.4336
btc-updown-5m-1780094400,1780094406000,294,73360.43,73472.00,111.57,0.0000,0.0196,0.0023,2.0734,2.8880,0.7117,0.003945,0.0880,0.0257,73468.86,0.0007,0.0043,0.0152,0.0000,0.4900,82.46,0.4800,298.14,0.4700,338.25,0.4600,292.54,0.4500,136.00,0.5000,61.76,0.5100,84.34,0.5200,45.00,0.5300,6.00,0.5500,14.00,0.5000,61.76,0.4900,84.34,0.4800,45.00,0.4700,6.00,0.4500,14.00,0.5100,82.46,0.5200,298.14,0.5300,338.25,0.5400,292.54,0.5500,136.00,1147.39,211.10,1358.49,211.10,1147.39,1358.49,0.0100,0.0100,0.6892,-0.6892,0.4957,0.5043,0.3317,0.6921,0.6921,0.3317,153.7778,-191.3307,-191.3819,153.8190
btc-updown-5m-1780094400,1780094407000,293,73368.68,73471.99,103.31,-0.0000,0.0196,0.0042,2.0712,2.8880,0.7120,0.003945,0.0882,0.0481,73468.87,0.0007,0.0042,-0.0141,-0.0000,0.5100,60.42,0.5000,201.13,0.4900,294.76,0.4800,145.08,0.4700,141.63,0.5300,90.00,0.5500,24.00,0.5600,5.68,0.5900,40.00,0.6000,10.00,0.4700,90.00,0.4500,24.00,0.4400,5.68,0.4100,40.00,0.4000,10.00,0.4900,60.42,0.5000,201.13,0.5100,294.76,0.5200,145.08,0.5300,141.63,843.02,169.68,1012.70,169.68,843.02,1012.70,0.0200,0.0200,0.6649,-0.6649,0.5180,0.4820,0.3103,0.6719,0.6719,0.3103,-7.9458,-220.5423,-220.6831,-7.9508
btc-updown-5m-1780094400,1780094408000,292,73373.38,73471.99,98.61,0.0000,0.0196,0.0000,2.0712,2.8880,0.7117,0.003945,0.0882,0.0000,73468.87,0.0007,0.0042,0.0000,0.0000,0.5600,276.50,0.5500,106.00,0.5400,146.00,0.5300,156.00,0.5200,165.85,0.5700,41.94,0.5800,40.00,0.5900,50.00,0.6000,40.00,0.6100,56.00,0.4300,41.94,0.4200,40.00,0.4100,50.00,0.4000,40.00,0.3900,56.00,0.4400,276.50,0.4500,106.00,0.4600,146.00,0.4700,156.00,0.4800,165.85,850.35,227.94,1078.29,227.94,850.35,1078.29,0.0100,0.0100,0.5772,-0.5772,0.5687,0.4313,0.4498,0.3595,0.3595,0.4498,-90.8438,-87.7485,-87.7485,-90.8438
btc-updown-5m-1780094400,1780094409000,291,73376.14,73471.99,95.85,0.0000,0.0196,0.0000,2.0013,2.8860,0.7113,0.003945,0.0882,0.0000,73468.87,0.0007,0.0042,0.0000,0.0000,0.5700,301.24,0.5600,161.00,0.5500,138.00,0.5400,173.39,0.5300,181.75,0.5800,45.00,0.5900,55.00,0.6000,45.00,0.6100,45.00,0.6200,71.70,0.4200,45.00,0.4100,55.00,0.4000,45.00,0.3900,45.00,0.3800,71.70,0.4300,301.24,0.4400,161.00,0.4500,138.00,0.4600,173.39,0.4700,181.75,955.38,261.70,1217.08,261.70,955.38,1217.08,0.0100,0.0100,0.5700,-0.5700,0.5787,0.4213,0.4838,0.3821,0.3821,0.4838,-39.4081,0.6905,0.6903,-39.3960
btc-updown-5m-1780094400,1780094410000,290,73376.24,73472.00,95.76,0.0000,0.0000,0.0002,0.0067,0.0060,0.7113,0.003945,0.0851,0.0020,73469.03,0.0000,0.0040,0.0130,0.0000,0.5500,92.65,0.5400,147.89,0.5300,181.75,0.5200,160.85,0.5100,341.00,0.5800,45.36,0.5900,55.00,0.6000,90.27,0.6100,61.00,0.6200,66.00,0.4200,45.36,0.4100,55.00,0.4000,90.27,0.3900,61.00,0.3800,66.00,0.4500,92.65,0.4600,147.89,0.4700,181.75,0.4800,160.85,0.4900,341.00,924.14,317.63,1241.77,317.63,924.14,1241.77,0.0300,0.0300,0.4884,-0.4884,0.5701,0.4299,0.2603,0.3160,0.3160,0.2603,-47.2712,61.3820,61.3820,-47.2712
btc-updown-5m-1780094400,1780094411000,289,73376.42,73471.99,95.57,-0.0000,-0.0000,0.0038,0.0082,0.0060,0.7113,0.003945,0.0834,0.0457,73469.14,-0.0000,0.0039,-0.0130,-0.0000,0.5500,55.29,0.5400,92.89,0.5300,101.75,0.5200,86.00,0.5100,291.00,0.5600,60.00,0.5700,45.02,0.5800,40.22,0.5900,71.00,0.6000,100.27,0.4400,60.00,0.4300,45.02,0.4200,40.22,0.4100,71.00,0.4000,100.27,0.4500,55.29,0.4600,92.89,0.4700,101.75,0.4800,86.00,0.4900,291.00,626.93,316.51,943.44,316.51,626.93,943.44,0.0100,0.0100,0.3290,-0.3290,0.5548,0.4452,0.2364,0.3318,0.3318,0.2364,-162.2505,57.6238,57.6238,-162.2505
btc-updown-5m-1780094400,1780094412000,288,73376.72,73471.99,95.27,0.0000,0.0000,0.0000,0.0040,0.0040,0.7110,0.003945,0.0832,0.0000,73469.15,-0.0000,0.0039,0.0000,0.0000,0.5300,54.93,0.5200,48.00,0.5100,251.00,0.5000,46.00,0.4900,41.00,0.5400,65.74,0.5500,679.40,0.5600,377.50,0.5700,136.02,0.5800,116.00,0.4600,65.74,0.4500,679.40,0.4400,377.50,0.4300,136.02,0.4200,116.00,0.4700,54.93,0.4800,48.00,0.4900,251.00,0.5000,46.00,0.5100,41.00,440.93,1374.66,1815.59,1374.66,440.93,1815.59,0.0100,0.0100,-0.5143,0.5143,0.5346,0.4654,0.2334,0.5421,0.5421,0.2334,-96.4149,264.3130,264.3130,-96.4149
btc-updown-5m-1780094400,1780094413000,287,73377.01,73471.99,94.98,0.0000,0.0000,0.0000,0.0040,0.0040,0.7110,0.003945,0.0832,0.0000,73469.15,-0.0000,0.0039,0.0000,0.0000,0.5200,67.78,0.5100,281.00,0.5000,81.00,0.4900,71.00,0.4800,75.47,0.5300,304.12,0.5400,377.36,0.5500,109.11,0.5600,116.00,0.5700,244.41,0.4700,304.12,0.4600,377.36,0.4500,109.11,0.4400,116.00,0.4300,244.41,0.4800,67.78,0.4900,281.00,0.5000,81.00,0.5100,71.00,0.5200,75.47,576.25,1151.00,1727.25,1151.00,576.25,1727.25,0.0100,0.0100,-0.3328,0.3328,0.5218,0.4782,0.6053,0.5921,0.5921,0.6053,-84.8989,170.2113,170.2113,-84.8989
btc-updown-5m-1780094400,1780094414000,286,73377.37,73471.99,94.62,0.0000,0.0000,0.0000,0.0040,0.0040,0.7110,0.003945,0.0832,0.0000,73469.15,-0.0000,0.0039,0.0000,0.0000,0.5100,170.05,0.5000,20.00,0.4900,25.00,0.4800,80.76,0.4700,31.00,0.5200,815.34,0.5300,156.00,0.5400,417.36,0.5500,136.08,0.5600,116.00,0.4800,815.34,0.4700,156.00,0.4600,417.36,0.4500,136.08,0.4400,116.00,0.4900,170.05,0.5000,20.00,0.5100,25.00,0.5200,80.76,0.5300,31.00,326.81,1640.78,1967.59,1640.78,326.81,1967.59,0.0100,0.0100,-0.6678,0.6678,0.5117,0.4883,0.5815,0.5920,0.5920,0.5815,-88.7653,235.9530,235.3468,-89.7768
btc-updown-5m-1780094400,1780094415000,285,73377.37,73471.99,94.62,0.0000,-0.0000,0.0000,0.0038,0.0020,0.7110,0.003945,0.0832,0.0000,73469.15,-0.0000,0.0039,0.0000,0.0000,0.5100,51.19,0.5000,55.00,0.4900,30.00,0.4800,90.40,0.4700,111.00,0.5200,694.54,0.5300,171.00,0.5400,437.36,0.5500,136.08,0.5600,129.97,0.4800,694.54,0.4700,171.00,0.4600,437.36,0.4500,136.08,0.4400,129.97,0.4900,51.19,0.5000,55.00,0.5100,30.00,0.5200,90.40,0.5300,111.00,337.59,1568.95,1906.54,1568.95,337.59,1906.54,0.0100,0.0100,-0.6459,0.6459,0.5107,0.4893,0.3146,0.5517,0.5517,0.3146,-102.4188,216.7192,216.7192,-102.4188
btc-updown-5m-1780094400,1780094416000,284,73377.37,73472.00,94.63,0.0000,0.0000,0.0060,0.0060,0.0020,0.7113,0.003945,0.0834,0.0717,73469.15,0.0000,0.0039,0.0129,0.0000,0.5100,43.98,0.5000,104.82,0.4900,60.00,0.4800,116.08,0.4700,111.00,0.5200,635.10,0.5300,131.00,0.5400,402.54,0.5500,122.11,0.5600,116.00,0.4800,635.10,0.4700,131.00,0.4600,402.54,0.4500,122.11,0.4400,116.00,0.4900,43.98,0.5000,104.82,0.5100,60.00,0.5200,116.08,0.5300,111.00,435.88,1406.75,1842.63,1406.75,435.88,1842.63,0.0100,0.0100,-0.5269,0.5269,0.5106,0.4894,0.3414,0.5446,0.5446,0.3414,-30.3056,183.6417,183.6714,-30.3105
btc-updown-5m-1780094400,1780094417000,283,73376.68,73472.00,95.32,0.0000,0.0000,0.0083,0.0143,0.0020,0.7110,0.003945,0.0837,0.0995,73469.16,0.0000,0.0039,0.0000,0.0000,0.4700,24.56,0.4600,52.84,0.4500,106.00,0.4400,66.38,0.4300,56.00,0.4900,63.57,0.5000,115.41,0.5100,109.00,0.5200,185.40,0.5300,148.03,0.5100,63.57,0.5000,115.41,0.4900,109.00,0.4800,185.40,0.4700,148.03,0.5300,24.56,0.5400,52.84,0.5500,106.00,0.5600,66.38,0.5700,56.00,305.78,621.41,927.19,621.41,305.78,927.19,0.0200,0.0200,-0.3404,0.3404,0.4756,0.5244,0.2531,0.2880,0.2880,0.2531,-55.3463,46.0954,46.1036,-55.3561
btc-updown-5m-1780094400,1780094418000,282,73378.28,73471.99,93.71,-0.0000,0.0000,0.0005,0.0148,0.0040,0.7113,0.003945,0.0836,0.0060,73469.17,-0.0000,0.0038,-0.0128,-0.0000,0.4800,162.63,0.4700,142.76,0.4600,112.66,0.4500,111.00,0.4400,116.00,0.4900,45.49,0.5000,104.00,0.5100,26.00,0.5200,100.40,0.5300,89.97,0.5100,45.49,0.5000,104.00,0.4900,26.00,0.4800,100.40,0.4700,89.97,0.5200,162.63,0.5300,142.76,0.5400,112.66,0.5500,111.00,0.5600,116.00,645.05,365.86,1010.91,365.86,645.05,1010.91,0.0100,0.0100,0.2762,-0.2762,0.4878,0.5122,0.4734,0.4086,0.4086,0.4734,26.9757,-148.1426,-148.1907,26.9844
btc-updown-5m-1780094400,1780094419000,281,73376.32,73471.99,95.67,0.0000,0.0000,0.0938,0.1086,0.0060,0.7117,0.003945,0.0867,1.0827,73469.26,-0.0000,0.0037,0.0000,0.0000,0.4900,83.17,0.4800,90.73,0.4700,99.83,0.4600,57.66,0.4500,61.29,0.5000,187.83,0.5100,101.00,0.5200,144.57,0.5300,119.97,0.5400,401.51,0.5000,187.83,0.4900,101.00,0.4800,144.57,0.4700,119.97,0.4600,401.51,0.5100,83.17,0.5200,90.73,0.5300,99.83,0.5400,57.66,0.5500,61.29,392.68,954.88,1347.56,954.88,392.68,1347.56,0.0100,0.0100,-0.4172,0.4172,0.4931,0.5069,0.4429,0.3025,0.3025,0.4429,-37.5497,-27.0435,-27.0613,-37.5744
btc-updown-5m-1780094400,1780094420000,280,73376.36,73471.99,95.63,0.0000,0.0000,0.0005,0.1091,0.0060,0.7113,0.003945,0.0867,0.0053,73469.27,-0.0000,0.0037,0.0000,0.0000,0.4900,85.00,0.4800,90.73,0.4700,93.76,0.4600,57.66,0.4500,56.00,0.5000,116.17,0.5100,101.00,0.5200,137.53,0.5300,112.94,0.5400,364.48,0.5000,116.17,0.4900,101.00,0.4800,137.53,0.4700,112.94,0.4600,364.48,0.5100,85.00,0.5200,90.73,0.5300,93.76,0.5400,57.66,0.5500,56.00,383.15,832.12,1215.27,832.12,383.15,1215.27,0.0100,0.0100,-0.3694,0.3694,0.4942,0.5058,0.4586,0.2610,0.2610,0.4586,-35.1552,34.4928,34.4993,-35.1618
btc-updown-5m-1780094400,1780094421000,279,73376.97,73472.00,95.03,0.0000,0.0000,0.0009,0.1040,0.0060,0.7117,0.003945,0.0866,0.0099,73469.27,0.0000,0.0037,0.0129,0.0000,0.4700,43.11,0.4600,50.00,0.4500,111.46,0.4400,60.00,0.4300,40.00,0.4800,266.45,0.4900,126.92,0.5000,128.83,0.5100,138.03,0.5200,140.58,0.5200,266.45,0.5100,126.92,0.5000,128.83,0.4900,138.03,0.4800,140.58,0.5300,43.11,0.5400,50.00,0.5500,111.46,0.5600,60.00,0.5700,40.00,304.57,800.81,1105.38,800.81,304.57,1105.38,0.0100,0.0100,-0.4489,0.4489,0.4714,0.5286,0.3057,0.4912,0.4912,0.3057,-6.9625,-122.7259,-122.7459,-6.9636
btc-updown-5m-1780094400,1780094422000,278,73376.97,73471.99,95.02,-0.0000,-0.0000,0.0013,0.0969,0.0080,0.7120,0.003945,0.0866,0.0144,73469.28,-0.0000,0.0037,-0.0129,-0.0000,0.4600,59.13,0.4500,50.55,0.4400,45.00,0.4300,45.49,0.4200,40.00,0.4700,455.47,0.4800,123.32,0.4900,101.00,0.5000,129.99,0.5100,144.97,0.5300,455.47,0.5200,123.32,0.5100,101.00,0.5000,129.99,0.4900,144.97,0.5400,59.13,0.5500,50.55,0.5600,45.00,0.5700,45.49,0.5800,40.00,240.17,954.75,1194.92,954.75,240.17,1194.92,0.0100,0.0100,-0.5980,0.5980,0.4611,0.5389,0.4567,0.6062,0.6062,0.4567,-13.0039,-107.0332,-107.0505,-13.0060
btc-updown-5m-1780094400,1780094423000,277,73377.96,73476.96,99.00,0.0068,0.0068,0.0650,0.1614,1.0000,0.8777,0.004109,0.0887,0.7331,73469.46,0.0040,0.0102,6.6965,0.0001,0.5100,226.16,0.5000,135.00,0.4900,192.43,0.4800,116.00,0.4700,137.90,0.5200,125.37,0.5300,34.34,0.5400,302.54,0.5500,42.11,0.5600,31.00,0.4800,125.37,0.4700,34.34,0.4600,302.54,0.4500,42.11,0.4400,31.00,0.4900,226.16,0.5000,135.00,0.5100,192.43,0.5200,116.00,0.5300,137.90,807.49,535.36,1342.85,535.36,807.49,1342.85,0.0100,0.0100,0.2027,-0.2027,0.5164,0.4836,0.4473,0.2983,0.2983,0.4473,80.5871,-22.4112,-22.4112,80.5871
btc-updown-5m-1780094400,1780094424000,276,73377.74,73476.95,99.21,-0.0000,0.0068,0.0003,0.0679,1.0000,0.8777,0.004109,0.0887,0.0037,73469.46,0.0040,0.0102,-0.0135,-0.0000,0.5000,24.22,0.4900,70.92,0.4800,66.00,0.4700,142.96,0.4600,95.91,0.5200,460.81,0.5300,79.34,0.5400,136.00,0.5500,121.00,0.5600,126.00,0.4800,460.81,0.4700,79.34,0.4600,136.00,0.4500,121.00,0.4400,126.00,0.5000,24.22,0.5100,70.92,0.5200,66.00,0.5300,142.96,0.5400,95.91,400.01,923.15,1323.16,923.15,400.01,1323.16,0.0200,0.0200,-0.3954,0.3954,0.5010,0.4990,0.2378,0.5851,0.5851,0.2378,2.5985,85.2931,85.3070,2.5989
btc-updown-5m-1780094400,1780094425000,275,73381.79,73476.96,95.17,0.0000,0.0068,0.0116,0.0791,1.0020,0.8777,0.004109,0.0872,0.1335,73469.60,0.0002,0.0100,0.0130,0.0000,0.5000,38.00,0.4900,81.00,0.4800,101.00,0.4700,142.90,0.4600,56.00,0.5100,98.31,0.5200,337.54,0.5300,79.34,0.5400,126.00,0.5500,121.00,0.4900,98.31,0.4800,337.54,0.4700,79.34,0.4600,126.00,0.4500,121.00,0.5000,38.00,0.5100,81.00,0.5200,101.00,0.5300,142.90,0.5400,56.00,418.90,762.19,1181.09,762.19,418.90,1181.09,0.0100,0.0100,-0.2907,0.2907,0.5028,0.4972,0.2841,0.5718,0.5718,0.2841,4.3040,-31.6300,-31.6404,4.3054
btc-updown-5m-1780094400,1780094426000,274,73382.70,73476.96,94.26,0.0000,0.0068,0.0056,0.0838,1.0000,0.8777,0.004109,0.0850,0.0655,73469.76,0.0002,0.0098,0.0000,0.0000,0.5100,217.27,0.5000,131.00,0.4900,596.00,0.4800,166.91,0.4700,192.90,0.5200,247.78,0.5300,24.34,0.5400,71.00,0.5500,56.00,0.5600,66.00,0.4800,247.78,0.4700,24.34,0.4600,71.00,0.4500,56.00,0.4400,66.00,0.4900,217.27,0.5000,131.00,0.5100,596.00,0.5200,166.91,0.5300,192.90,1304.08,465.12,1769.20,465.12,1304.08,1769.20,0.0100,0.0100,0.4742,-0.4742,0.5147,0.4853,0.2671,0.5851,0.5851,0.2671,181.0312,-67.4567,-67.4690,181.0641
btc-updown-5m-1780094400,1780094427000,273,73383.26,73476.96,93.70,0.0000,0.0068,0.0019,0.0844,0.9980,0.6510,0.003685,0.0851,0.0220,73469.77,0.0001,0.0098,0.0000,0.0000,0.5100,198.74,0.5000,143.47,0.4900,601.00,0.4800,172.04,0.4700,197.90,0.5200,207.94,0.5300,26.34,0.5400,71.00,0.5500,56.00,0.5600,66.00,0.4800,207.94,0.4700,26.34,0.4600,71.00,0.4500,56.00,0.4400,66.00,0.4900,198.74,0.5000,143.47,0.5100,601.00,0.5200,172.04,0.5300,197.90,1313.15,427.28,1740.43,427.28,1313.15,1740.43,0.0100,0.0100,0.5090,-0.5090,0.5149,0.4851,0.2606,0.5483,0.5483,0.2606,188.4787,-58.0373,-58.0373,188.4787
btc-updown-5m-1780094400,1780094428000,272,73384.17,73481.11,96.94,0.0056,0.0056,1.0043,1.0237,0.8340,0.7893,0.003778,0.1062,9.4525,73474.51,0.0004,0.0090,5.4751,0.0001,0.6000,253.59,0.5900,55.00,0.5800,60.00,0.5700,55.00,0.5600,73.00,0.6100,25.93,0.6200,40.69,0.6300,5.00,0.6400,10.00,0.6500,20.99,0.3900,25.93,0.3800,40.69,0.3700,5.00,0.3600,10.00,0.3500,20.99,0.4000,253.59,0.4100,55.00,0.4200,60.00,0.4300,55.00,0.4400,73.00,496.59,102.61,599.20,102.61,496.59,599.20,0.0100,0.0100,0.6575,-0.6575,0.6091,0.3909,0.6214,0.6493,0.6493,0.6214,48.4109,-141.8406,-141.8638,48.4188
btc-updown-5m-1780094400,1780094429000,271,73384.27,73481.11,96.84,0.0000,0.0057,0.0021,1.0255,0.8320,0.7890,0.003778,0.1063,0.0201,73474.52,0.0001,0.0090,0.0000,0.0000,0.6200,361.92,0.6100,188.00,0.6000,98.50,0.5900,81.00,0.5800,111.00,0.6300,40.58,0.6400,54.03,0.6500,50.99,0.6600,48.00,0.6700,61.00,0.3700,40.58,0.3600,54.03,0.3500,50.99,0.3400,48.00,0.3300,61.00,0.3800,361.92,0.3900,188.00,0.4000,98.50,0.4100,81.00,0.4200,111.00,840.42,254.60,1095.02,254.60,840.42,1095.02,0.0100,0.0100,0.5350,-0.5350,0.6290,0.3710,0.6543,0.3716,0.3716,0.6543,-51.8908,-35.6149,-38.5057,-51.2660
btc-updown-5m-1780094400,1780094430000,270,73389.70,73481.11,91.41,0.0000,0.0056,0.0085,1.0223,0.8320,0.7890,0.003778,0.1063,0.0797,73474.59,0.0001,0.0089,0.0000,0.0000,0.6400,140.00,0.6200,10.00,0.6100,37.72,0.6000,96.00,0.5900,81.00,0.6500,84.61,0.6600,40.00,0.6700,52.58,0.6800,26.00,0.6900,138.82,0.3500,84.61,0.3400,40.00,0.3300,52.58,0.3200,26.00,0.3100,138.82,0.3600,140.00,0.3800,10.00,0.3900,37.72,0.4000,96.00,0.4100,81.00,364.72,342.01,706.73,342.01,364.72,706.73,0.0100,0.0100,0.0321,-0.0321,0.6462,0.3538,0.4113,0.3643,0.3643,0.4113,-14.2302,-88.2939,-88.2651,-14.2256
btc-updown-5m-1780094400,1780094431000,269,73393.09,73481.11,88.02,0.0000,0.0056,0.0006,1.0173,0.8320,0.7890,0.003778,0.1062,0.0056,73474.60,0.0000,0.0089,0.0000,0.0000,0.6500,308.31,0.6400,61.78,0.6300,26.00,0.6200,65.67,0.6100,56.00,0.6600,5.11,0.6700,56.00,0.6800,56.00,0.6900,148.82,0.7000,66.00,0.3400,5.11,0.3300,56.00,0.3200,56.00,0.3100,148.82,0.3000,66.00,0.3500,308.31,0.3600,61.78,0.3700,26.00,0.3800,65.67,0.3900,56.00,517.76,331.93,849.69,331.93,517.76,849.69,0.0100,0.0100,0.2187,-0.2187,0.6598,0.3402,0.7148,0.1841,0.1841,0.7148,16.1583,-74.3767,-74.4263,16.1691
btc-updown-5m-1780094400,1780094432000,268,73393.28,73481.11,87.83,0.0000,0.0056,0.0000,1.0155,0.8320,0.7887,0.003778,0.1062,0.0000,73474.60,0.0000,0.0089,0.0000,0.0000,0.6500,364.33,0.6400,49.78,0.6300,26.00,0.6200,65.67,0.6100,56.00,0.6600,61.18,0.6700,66.58,0.6800,56.00,0.6900,156.82,0.7000,61.00,0.3400,61.18,0.3300,66.58,0.3200,56.00,0.3100,156.82,0.3000,61.00,0.3500,364.33,0.3600,49.78,0.3700,26.00,0.3800,65.67,0.3900,56.00,561.78,401.58,963.36,401.58,561.78,963.36,0.0100,0.0100,0.1663,-0.1663,0.6586,0.3414,0.7371,0.3181,0.3181,0.7371,-118.7490,-10.1648,-10.1615,-118.7110
btc-updown-5m-1780094400,1780094433000,267,73393.62,73481.11,87.49,0.0000,0.0000,0.0000,0.0112,0.0020,0.7887,0.003778,0.1060,0.0000,73474.63,0.0000,0.0088,0.0000,0.0000,0.6500,336.75,0.6400,172.78,0.6300,56.00,0.6200,56.00,0.6100,56.00,0.6600,37.56,0.6700,71.58,0.6800,61.00,0.6900,161.82,0.7000,61.00,0.3400,37.56,0.3300,71.58,0.3200,61.00,0.3100,161.82,0.3000,61.00,0.3500,336.75,0.3600,172.78,0.3700,56.00,0.3800,56.00,0.3900,56.00,677.53,392.96,1070.49,392.96,677.53,1070.49,0.0100,0.0100,0.2658,-0.2658,0.6590,0.3410,0.7520,0.2777,0.2777,0.7520,-210.4697,-20.8242,-20.8277,-210.5059
btc-updown-5m-1780094400,1780094434000,266,73393.69,73481.11,87.42,0.0000,0.0000,0.0000,0.0091,0.0020,0.7883,0.003778,0.1060,0.0000,73474.63,0.0000,0.0088,0.0000,0.0000,0.6700,428.41,0.6600,157.99,0.6500,82.00,0.6400,192.62,0.6300,56.00,0.6900,75.09,0.7000,68.26,0.7100,256.00,0.7200,96.00,0.7300,132.15,0.3100,75.09,0.3000,68.26,0.2900,256.00,0.2800,96.00,0.2700,132.15,0.3300,428.41,0.3400,157.99,0.3500,82.00,0.3600,192.62,0.3700,56.00,917.02,627.50,1544.52,627.50,917.02,1544.52,0.0200,0.0200,0.1874,-0.1874,0.6870,0.3130,0.6395,0.2284,0.2284,0.6395,-193.1938,64.0609,53.8782,-183.3428
btc-updown-5m-1780094400,1780094435000,265,73393.41,73481.11,87.70,0.0000,0.0000,0.0000,0.0006,0.0000,0.3080,0.001555,0.1038,0.0000,73475.00,0.0000,0.0083,0.0000,0.0000,0.7000,40.13,0.6900,40.00,0.6800,68.00,0.6700,81.00,0.6600,80.99,0.7100,573.57,0.7200,210.77,0.7300,233.96,0.7400,189.63,0.7500,257.20,0.2900,573.57,0.2800,210.77,0.2700,233.96,0.2600,189.63,0.2500,257.20,0.3000,40.13,0.3100,40.00,0.3200,68.00,0.3300,81.00,0.3400,80.99,310.12,1465.13,1775.25,1465.13,310.12,1775.25,0.0100,0.0100,-0.6506,0.6506,0.7007,0.2993,0.2584,0.5353,0.5353,0.2584,-102.7902,201.7887,201.7887,-102.7902
btc-updown-5m-1780094400,1780094436000,264,73393.41,73481.11,87.70,0.0000,0.0000,0.0129,0.0129,0.0000,0.3077,0.001555,0.0398,0.3244,73479.93,0.0000,0.0016,0.0000,0.0000,0.6800,9.55,0.6700,50.00,0.6600,50.99,0.6500,42.00,0.6400,188.22,0.6900,487.04,0.7000,237.71,0.7100,246.04,0.7200,238.56,0.7300,263.96,0.3100,487.04,0.3000,237.71,0.2900,246.04,0.2800,238.56,0.2700,263.96,0.3200,9.55,0.3300,50.00,0.3400,50.99,0.3500,42.00,0.3600,188.22,340.76,1473.31,1814.07,1473.31,340.76,1814.07,0.0100,0.0100,-0.6243,0.6243,0.6802,0.3198,0.1748,0.4919,0.4919,0.1748,-55.8137,125.1932,125.1932,-55.8137
btc-updown-5m-1780094400,1780094437000,263,73392.78,73481.11,88.33,0.0000,0.0000,0.0009,0.0138,0.0000,0.3073,0.001555,0.0398,0.0234,73479.94,0.0000,0.0016,0.0000,0.0000,0.6700,34.50,0.6600,50.79,0.6500,52.70,0.6400,75.22,0.6300,61.60,0.6800,492.62,0.6900,200.87,0.7000,141.84,0.7100,233.53,0.7200,208.35,0.3200,492.62,0.3100,200.87,0.3000,141.84,0.2900,233.53,0.2800,208.35,0.3300,34.50,0.3400,50.79,0.3500,52.70,0.3600,75.22,0.3700,61.60,274.81,1277.21,1552.02,1277.21,274.81,1552.02,0.0100,0.0100,-0.6459,0.6459,0.6707,0.3293,0.3104,0.5430,0.5430,0.3104,-23.0111,156.8826,156.8565,-23.0073
btc-updown-5m-1780094400,1780094438000,262,73391.91,73481.11,89.20,0.0000,0.0000,0.0000,0.0138,0.0000,0.3073,0.001555,0.0396,0.0000,73479.97,0.0000,0.0016,0.0000,0.0000,0.6700,23.75,0.6600,154.79,0.6500,52.70,0.6400,75.22,0.6300,61.60,0.6800,479.60,0.6900,212.87,0.7000,136.84,0.7100,116.00,0.7200,161.00,0.3200,479.60,0.3100,212.87,0.3000,136.84,0.2900,116.00,0.2800,161.00,0.3300,23.75,0.3400,154.79,0.3500,52.70,0.3600,75.22,0.3700,61.60,368.06,1106.31,1474.37,1106.31,368.06,1474.37,0.0100,0.0100,-0.5007,0.5007,0.6705,0.3295,0.4851,0.6259,0.6259,0.4851,-35.1185,122.8589,122.9446,-35.1430
btc-updown-5m-1780094400,1780094439000,261,73392.73,73481.10,88.37,-0.0000,-0.0000,0.0041,0.0180,0.0020,0.3077,0.001555,0.0398,0.1041,73479.97,-0.0000,0.0015,-0.0120,-0.0000,0.6700,7.40,0.6600,144.79,0.6500,21.70,0.6400,45.22,0.6300,31.60,0.6800,261.11,0.6900,195.87,0.7000,129.58,0.7100,111.00,0.7200,254.59,0.3200,261.11,0.3100,195.87,0.3000,129.58,0.2900,111.00,0.2800,254.59,0.3300,7.40,0.3400,144.79,0.3500,21.70,0.3600,45.22,0.3700,31.60,250.71,952.15,1202.86,952.15,250.71,1202.86,0.0100,0.0100,-0.5831,0.5831,0.6703,0.3297,0.6070,0.4799,0.4799,0.6070,-61.7292,87.7526,87.9078,-61.8383
btc-updown-5m-1780094400,1780094440000,260,73392.70,73481.10,88.40,0.0000,-0.0000,0.0000,0.0180,0.0020,0.3073,0.001555,0.0398,0.0000,73479.97,-0.0000,0.0015,0.0000,0.0000,0.6400,13.46,0.6300,45.60,0.6200,76.50,0.6100,61.50,0.6000,76.40,0.6500,679.24,0.6600,153.48,0.6700,161.28,0.6800,116.00,0.6900,116.00,0.3500,679.24,0.3400,153.48,0.3300,161.28,0.3200,116.00,0.3100,116.00,0.3600,13.46,0.3700,45.60,0.3800,76.50,0.3900,61.50,0.4000,76.40,273.46,1226.00,1499.46,1226.00,273.46,1499.46,0.0100,0.0100,-0.6353,0.6353,0.6402,0.3598,0.2160,0.6792,0.6792,0.2160,-106.7795,99.3031,99.3031,-106.7795
btc-updown-5m-1780094400,1780094441000,259,73391.12,73481.11,89.99,0.0000,0.0000,0.0103,0.0153,0.0040,0.3073,0.001555,0.0401,0.2556,73479.98,0.0000,0.0015,0.0122,0.0000,0.6300,90.60,0.6200,41.50,0.6100,66.50,0.6000,61.40,0.5900,71.40,0.6400,514.71,0.6500,116.49,0.6600,185.30,0.6700,144.28,0.6800,121.00,0.3600,514.71,0.3500,116.49,0.3400,185.30,0.3300,144.28,0.3200,121.00,0.3700,90.60,0.3800,41.50,0.3900,66.50,0.4000,61.40,0.4100,71.40,331.40,1081.78,1413.18,1081.78,331.40,1413.18,0.0100,0.0100,-0.5310,0.5310,0.6315,0.3685,0.3986,0.5835,0.5835,0.3986,3.5573,-64.0839,-64.1054,3.5585
btc-updown-5m-1780094400,1780094442000,258,73391.15,73481.10,89.95,-0.0000,-0.0000,0.0025,0.0169,0.0060,0.3077,0.001555,0.0401,0.0614,73480.01,-0.0000,0.0015,-0.0122,-0.0000,0.6300,85.50,0.6200,25.50,0.6100,36.50,0.6000,61.40,0.5900,71.40,0.6400,567.26,0.6500,99.01,0.6600,185.30,0.6700,144.28,0.6800,121.00,0.3600,567.26,0.3500,99.01,0.3400,185.30,0.3300,144.28,0.3200,121.00,0.3700,85.50,0.3800,25.50,0.3900,36.50,0.4000,61.40,0.4100,71.40,280.30,1116.85,1397.15,1116.85,280.30,1397.15,0.0100,0.0100,-0.5988,0.5988,0.6313,0.3687,0.3960,0.5966,0.5966,0.3960,-13.5322,-90.4144,-90.4295,-13.5344
btc-updown-5m-1780094400,1780094443000,257,73391.13,73481.10,89.97,0.0000,-0.0000,0.0000,0.0169,0.0060,0.3077,0.001555,0.0401,0.0000,73480.01,-0.0000,0.0015,0.0000,0.0000,0.6200,116.64,0.6100,66.50,0.6000,61.40,0.5900,71.40,0.5800,66.30,0.6300,460.41,0.6400,107.04,0.6500,144.80,0.6600,163.30,0.6700,144.28,0.3700,460.41,0.3600,107.04,0.3500,144.80,0.3400,163.30,0.3300,144.28,0.3800,116.64,0.3900,66.50,0.4000,61.40,0.4100,71.40,0.4200,66.30,382.24,1019.83,1402.07,1019.83,382.24,1402.07,0.0100,0.0100,-0.4547,0.4547,0.6220,0.3780,0.4791,0.5564,0.5564,0.4791,17.8100,-42.6691,-42.6762,17.8130
btc-updown-5m-1780094400,1780094444000,256,73391.13,73481.11,89.98,0.0000,0.0000,0.0489,0.0616,0.0060,0.3080,0.001555,0.0416,1.1740,73480.05,0.0000,0.0014,0.0122,0.0000,0.6200,29.69,0.6100,40.94,0.6000,46.40,0.5900,71.40,0.5800,66.30,0.6300,518.05,0.6400,131.68,0.6500,147.80,0.6600,168.30,0.6700,124.28,0.3700,518.05,0.3600,131.68,0.3500,147.80,0.3400,168.30,0.3300,124.28,0.3800,29.69,0.3900,40.94,0.4000,46.40,0.4100,71.40,0.4200,66.30,254.73,1090.11,1344.84,1090.11,254.73,1344.84,0.0100,0.0100,-0.6212,0.6212,0.6205,0.3795,0.2773,0.5960,0.5960,0.2773,-18.7668,25.4286,25.4286,-18.7668
btc-updown-5m-1780094400,1780094445000,255,73391.22,73481.11,89.89,0.0000,0.0000,0.0011,0.0627,0.0060,0.3080,0.001555,0.0417,0.0269,73480.05,0.0000,0.0014,0.0000,0.0000,0.6100,26.88,0.6000,15.40,0.5900,41.40,0.5800,36.30,0.5700,66.30,0.6200,421.24,0.6300,170.74,0.6400,129.04,0.6500,116.00,0.6600,163.30,0.3800,421.24,0.3700,170.74,0.3600,129.04,0.3500,116.00,0.3400,163.30,0.3900,26.88,0.4000,15.40,0.4100,41.40,0.4200,36.30,0.4300,66.30,186.28,1000.32,1186.60,1000.32,186.28,1186.60,0.0100,0.0100,-0.6860,0.6860,0.6106,0.3894,0.2270,0.5918,0.5918,0.2270,-23.8647,-1.0251,-1.0251,-23.8647
btc-updown-5m-1780094400,1780094446000,254,73391.20,73481.11,89.91,0.0000,0.0000,0.0203,0.0727,0.0060,0.3080,0.001555,0.0423,0.4792,73480.07,0.0000,0.0014,0.0000,0.0000,0.5900,29.32,0.5800,46.30,0.5700,36.30,0.5600,62.21,0.5500,511.30,0.6000,166.94,0.6100,78.00,0.6200,79.29,0.6300,64.30,0.6400,56.00,0.4000,166.94,0.3900,78.00,0.3800,79.29,0.3700,64.30,0.3600,56.00,0.4100,29.32,0.4200,46.30,0.4300,36.30,0.4400,62.21,0.4500,511.30,685.43,444.53,1129.96,444.53,685.43,1129.96,0.0100,0.0100,0.2132,-0.2132,0.5915,0.4085,0.1103,0.5510,0.5510,0.1103,68.2635,-129.4896,-129.4896,68.2635
btc-updown-5m-1780094400,1780094447000,253,73391.21,73481.11,89.90,0.0000,0.0000,0.0001,0.0704,0.0040,0.3080,0.001555,0.0421,0.0031,73480.11,0.0000,0.0014,0.0000,0.0000,0.5500,386.76,0.5400,10.00,0.5300,58.43,0.5200,636.00,0.5100,36.00,0.5600,398.80,0.5700,137.50,0.5800,163.05,0.5900,199.00,0.6000,111.00,0.4400,398.80,0.4300,137.50,0.4200,163.05,0.4100,199.00,0.4000,111.00,0.4500,386.76,0.4600,10.00,0.4700,58.43,0.4800,636.00,0.4900,36.00,1127.19,1009.35,2136.54,1009.35,1127.19,2136.54,0.0100,0.0100,0.0552,-0.0552,0.5549,0.4451,0.3520,0.5313,0.5313,0.3520,129.3337,-12.4167,-12.4167,129.3337
btc-updown-5m-1780094400,1780094448000,252,73390.97,73481.11,90.14,0.0000,0.0000,0.0000,0.0704,0.0040,0.3077,0.001555,0.0419,0.0000,73480.16,0.0000,0.0013,0.0000,0.0000,0.5500,380.61,0.5400,10.00,0.5300,58.43,0.5200,636.00,0.5100,36.00,0.5600,300.39,0.5700,117.50,0.5800,163.05,0.5900,199.00,0.6000,111.00,0.4400,300.39,0.4300,117.50,0.4200,163.05,0.4100,199.00,0.4000,111.00,0.4500,380.61,0.4600,10.00,0.4700,58.43,0.4800,636.00,0.4900,36.00,1121.04,890.94,2011.98,890.94,1121.04,2011.98,0.0100,0.0100,0.1144,-0.1144,0.5556,0.4444,0.3484,0.4690,0.4690,0.3484,137.8036,-37.0284,-37.0162,137.7585
btc-updown-5m-1780094400,1780094449000,251,73390.97,73481.11,90.14,0.0000,0.0000,0.0000,0.0215,0.0020,0.3073,0.001555,0.0419,0.0000,73480.16,0.0000,0.0013,0.0000,0.0000,0.5500,384.28,0.5400,47.91,0.5300,73.43,0.5200,626.00,0.5100,36.00,0.5600,296.84,0.5700,133.05,0.5800,160.50,0.5900,199.00,0.6000,111.00,0.4400,296.84,0.4300,133.05,0.4200,160.50,0.4100,199.00,0.4000,111.00,0.4500,384.28,0.4600,47.91,0.4700,73.43,0.4800,626.00,0.4900,36.00,1167.62,900.39,2068.01,900.39,1167.62,2068.01,0.0100,0.0100,0.1292,-0.1292,0.5556,0.4444,0.3701,0.4774,0.4774,0.3701,131.1152,-10.9048,-10.9085,131.1590
btc-updown-5m-1780094400,1780094450000,250,73385.39,73481.11,95.72,0.0000,0.0000,0.0000,0.0204,0.0020,0.3073,0.001555,0.0388,0.0000,73480.80,0.0000,0.0004,0.0000,0.0000,0.5500,517.51,0.5400,22.00,0.5300,74.43,0.5200,651.91,0.5100,36.00,0.5600,152.91,0.5700,73.05,0.5800,95.50,0.5900,114.00,0.6000,56.00,0.4400,152.91,0.4300,73.05,0.4200,95.50,0.4100,114.00,0.4000,56.00,0.4500,517.51,0.4600,22.00,0.4700,74.43,0.4800,651.91,0.4900,36.00,1301.85,491.46,1793.31,491.46,1301.85,1793.31,0.0100,0.0100,0.4519,-0.4519,0.5577,0.4423,0.4144,0.4598,0.4598,0.4144,199.1890,-103.2404,-103.2591,199.2251
btc-updown-5m-1780094400,1780094451000,249,73385.39,73481.11,95.72,0.0000,0.0000,0.0000,0.0001,0.0000,0.3070,0.001555,0.0388,0.0000,73480.80,0.0000,0.0004,0.0000,0.0000,0.5500,508.22,0.5400,27.00,0.5300,74.43,0.5200,651.91,0.5100,36.00,0.5600,215.72,0.5700,73.05,0.5800,100.50,0.5900,119.00,0.6000,56.00,0.4400,215.72,0.4300,73.05,0.4200,100.50,0.4100,119.00,0.4000,56.00,0.4500,508.22,0.4600,27.00,0.4700,74.43,0.4800,651.91,0.4900,36.00,1297.56,564.27,1861.83,564.27,1297.56,1861.83,0.0100,0.0100,0.3939,-0.3939,0.5570,0.4430,0.4125,0.5118,0.5118,0.4125,183.6219,-72.0506,-72.0625,183.6523
btc-updown-5m-1780094400,1780094452000,248,73385.18,73481.09,95.91,-0.0000,-0.0000,1.0128,1.0128,0.0040,0.3073,0.001555,0.0715,14.1744,73480.94,-0.0000,0.0002,-0.0261,-0.0000,0.5500,60.66,0.5400,43.00,0.5300,90.34,0.5200,636.00,0.5100,36.00,0.5600,386.55,0.5700,148.00,0.5800,155.50,0.5900,174.00,0.6000,111.00,0.4400,386.55,0.4300,148.00,0.4200,155.50,0.4100,174.00,0.4000,111.00,0.4500,60.66,0.4600,43.00,0.4700,90.34,0.4800,636.00,0.4900,36.00,866.00,975.05,1841.05,975.05,866.00,1841.05,0.0100,0.0100,-0.0592,0.0592,0.5514,0.4486,0.1197,0.5482,0.5482,0.1197,29.4771,80.5295,80.5429,29.4820
btc-updown-5m-1780094400,1780094453000,247,73384.65,73481.10,96.45,0.0000,-0.0000,0.0022,1.0150,0.0060,0.1420,0.001014,0.0715,0.0308,73480.94,0.0000,0.0002,0.0131,0.0000,0.5200,303.53,0.5100,10.00,0.5000,17.64,0.4900,320.00,0.4800,28.42,0.5300,351.89,0.5400,191.55,0.5500,228.00,0.5600,557.82,0.5700,111.00,0.4700,351.89,0.4600,191.55,0.4500,228.00,0.4400,557.82,0.4300,111.00,0.4800,303.53,0.4900,10.00,0.5000,17.64,0.5100,320.00,0.5200,28.42,679.59,1440.26,2119.85,1440.26,679.59,2119.85,0.0100,0.0100,-0.3588,0.3588,0.5246,0.4754,0.4614,0.3773,0.3773,0.4614,-74.9901,85.2297,85.2579,-75.0149
btc-updown-5m-1780094400,1780094454000,246,73384.81,73481.10,96.29,0.0000,-0.0000,0.0489,1.0639,0.0060,0.1417,0.001014,0.0710,0.6892,73481.06,0.0000,0.0000,0.0000,0.0000,0.5200,201.45,0.5100,20.00,0.5000,22.64,0.4900,320.00,0.4800,28.42,0.5300,210.65,0.5400,182.55,0.5500,228.00,0.5600,232.82,0.5700,116.00,0.4700,210.65,0.4600,182.55,0.4500,228.00,0.4400,232.82,0.4300,116.00,0.4800,201.45,0.4900,20.00,0.5000,22.64,0.5100,320.00,0.5200,28.42,592.51,970.02,1562.53,970.02,592.51,1562.53,0.0100,0.0100,-0.2416,0.2416,0.5249,0.4751,0.3737,0.4054,0.4054,0.3737,-88.9182,11.8018,11.8078,-88.9631
btc-updown-5m-1780094400,1780094455000,245,73382.54,73481.10,98.56,0.0000,-0.0000,0.0000,1.0639,0.0060,0.1413,0.001014,0.0710,0.0000,73481.06,0.0000,0.0000,0.0000,0.0000,0.5200,221.45,0.5100,25.00,0.5000,17.64,0.4900,325.00,0.4800,23.42,0.5300,206.89,0.5400,163.00,0.5500,228.00,0.5600,232.82,0.5700,116.00,0.4700,206.89,0.4600,163.00,0.4500,228.00,0.4400,232.82,0.4300,116.00,0.4800,221.45,0.4900,25.00,0.5000,17.64,0.5100,325.00,0.5200,23.42,612.51,946.71,1559.22,946.71,612.51,1559.22,0.0100,0.0100,-0.2143,0.2143,0.5252,0.4748,0.4024,0.3907,0.3907,0.4024,-91.4665,7.6322,7.6322,-91.4665
btc-updown-5m-1780094400,1780094456000,244,73382.54,73481.10,98.56,0.0000,-0.0000,0.0170,1.0809,0.0060,0.1413,0.001014,0.0711,0.2390,73481.09,0.0000,0.0000,0.0000,0.0000,0.5200,49.99,0.5100,20.00,0.5000,27.64,0.4900,25.00,0.4800,23.42,0.5300,252.88,0.5400,209.00,0.5500,228.00,0.5600,232.82,0.5700,111.00,0.4700,252.88,0.4600,209.00,0.4500,228.00,0.4400,232.82,0.4300,111.00,0.4800,49.99,0.4900,20.00,0.5000,27.64,0.5100,25.00,0.5200,23.42,146.05,1033.70,1179.75,1033.70,146.05,1179.75,0.0100,0.0100,-0.7524,0.7524,0.5217,0.4783,0.4792,0.4468,0.4468,0.4792,-191.9934,90.0731,90.0731,-191.9934
btc-updown-5m-1780094400,1780094457000,243,73382.57,73481.09,98.52,-0.0000,0.0000,0.0009,0.0690,0.0040,0.1417,0.001014,0.0710,0.0128,73481.10,-0.0000,-0.0000,-0.0134,-0.0000,0.5200,49.99,0.5100,20.00,0.5000,27.64,0.4900,25.00,0.4800,23.42,0.5300,240.47,0.5400,209.00,0.5500,228.00,0.5600,232.82,0.5700,111.00,0.4700,240.47,0.4600,209.00,0.4500,228.00,0.4400,232.82,0.4300,111.00,0.4800,49.99,0.4900,20.00,0.5000,27.64,0.5100,25.00,0.5200,23.42,146.05,1021.29,1167.34,1021.29,146.05,1167.34,0.0100,0.0100,-0.7498,0.7498,0.5217,0.4783,0.4792,0.4401,0.4401,0.4792,-211.2811,82.8281,82.8434,-211.3202
btc-updown-5m-1780094400,1780094458000,242,73382.51,73478.05,95.54,-0.0041,-0.0042,0.3478,0.4146,0.6100,0.1047,0.000743,0.0821,4.2347,73480.68,-0.0007,-0.0036,-3.9528,-0.0001,0.5100,121.50,0.5000,7.64,0.4900,10.00,0.4800,13.42,0.4700,44.27,0.5200,37.78,0.5300,418.93,0.5400,178.00,0.5500,228.00,0.5600,232.82,0.4800,37.78,0.4700,418.93,0.4600,178.00,0.4500,228.00,0.4400,232.82,0.4900,121.50,0.5000,7.64,0.5100,10.00,0.5200,13.42,0.5300,44.27,196.83,1095.53,1292.36,1095.53,196.83,1292.36,0.0100,0.0100,-0.6954,0.6954,0.5176,0.4824,0.6561,0.4169,0.4169,0.6561,-105.5356,23.7011,23.6973,-105.5187
btc-updown-5m-1780094400,1780094459000,241,73381.32,73478.06,96.74,0.0000,-0.0041,0.0020,0.3678,0.6120,0.1050,0.000743,0.0498,0.0410,73480.40,-0.0007,-0.0032,0.0132,0.0000,0.5100,5.87,0.5000,10.00,0.4900,10.00,0.4800,23.42,0.4700,36.27,0.5200,511.31,0.5300,138.19,0.5400,158.00,0.5500,163.00,0.5600,227.82,0.4800,511.31,0.4700,138.19,0.4600,158.00,0.4500,163.00,0.4400,227.82,0.4900,5.87,0.5000,10.00,0.5100,10.00,0.5200,23.42,0.5300,36.27,85.56,1198.32,1283.88,1198.32,85.56,1283.88,0.0100,0.0100,-0.8667,0.8667,0.5101,0.4899,0.1855,0.5420,0.5420,0.1855,-110.6827,-52.7394,-52.7763,-110.7602
btc-updown-5m-1780094400,1780094460000,240,73380.01,73478.05,98.04,-0.0000,-0.0042,0.0013,0.3691,0.6140,0.1050,0.000743,0.0498,0.0265,73480.40,-0.0002,-0.0032,-0.0133,-0.0000,0.5100,28.25,0.5000,10.00,0.4900,10.00,0.4800,28.42,0.4700,36.27,0.5200,372.26,0.5300,155.58,0.5400,158.00,0.5500,176.00,0.5600,232.82,0.4800,372.26,0.4700,155.58,0.4600,158.00,0.4500,176.00,0.4400,232.82,0.4900,28.25,0.5000,10.00,0.5100,10.00,0.5200,28.42,0.5300,36.27,112.94,1094.66,1207.60,1094.66,112.94,1207.60,0.0100,0.0100,-0.8130,0.8130,0.5107,0.4893,0.3387,0.4822,0.4822,0.3387,-82.8055,24.4009,24.4009,-82.8055
btc-updown-5m-1780094400,1780094461000,239,73379.98,73478.05,98.07,0.0000,-0.0042,0.0018,0.3539,0.6140,0.1050,0.000743,0.0496,0.0357,73480.39,-0.0002,-0.0032,0.0000,0.0000,0.5100,10.57,0.5000,15.00,0.4900,30.20,0.4800,28.62,0.4700,36.47,0.5200,320.98,0.5300,402.19,0.5400,158.00,0.5500,176.00,0.5600,222.82,0.4800,320.98,0.4700,402.19,0.4600,158.00,0.4500,176.00,0.4400,222.82,0.4900,10.57,0.5000,15.00,0.5100,30.20,0.5200,28.62,0.5300,36.47,120.86,1279.99,1400.85,1279.99,120.86,1400.85,0.0100,0.0100,-0.8274,0.8274,0.5103,0.4897,0.2116,0.5650,0.5650,0.2116,-80.5192,54.5824,54.5824,-80.5192
btc-updown-5m-1780094400,1780094462000,238,73379.98,73478.05,98.07,0.0000,-0.0041,0.0000,0.3530,0.6120,0.1050,0.000743,0.0495,0.0000,73480.39,-0.0000,-0.0032,0.0000,0.0000,0.4700,20.49,0.4600,349.64,0.4500,40.19,0.4400,47.21,0.4300,41.30,0.5100,314.03,0.5200,148.17,0.5300,230.19,0.5400,123.00,0.5500,176.00,0.4900,314.03,0.4800,148.17,0.4700,230.19,0.4600,123.00,0.4500,176.00,0.5300,20.49,0.5400,349.64,0.5500,40.19,0.5600,47.21,0.5700,41.30,498.83,991.39,1490.22,991.39,498.83,1490.22,0.0400,0.0400,-0.3305,0.3305,0.4725,0.5275,0.7420,0.4662,0.4662,0.7420,59.2012,-7.1002,-7.1002,59.2012
btc-updown-5m-1780094400,1780094463000,237,73379.65,73478.05,98.40,0.0000,0.0000,0.0000,0.0051,0.0040,0.1050,0.000743,0.0495,0.0000,73480.39,-0.0000,-0.0032,0.0000,0.0000,0.4800,162.92,0.4700,41.49,0.4600,354.64,0.4500,46.23,0.4400,47.21,0.4900,143.08,0.5000,128.00,0.5100,151.50,0.5200,126.00,0.5300,213.19,0.5100,143.08,0.5000,128.00,0.4900,151.50,0.4800,126.00,0.4700,213.19,0.5200,162.92,0.5300,41.49,0.5400,354.64,0.5500,46.23,0.5600,47.21,652.49,761.77,1414.26,761.77,652.49,1414.26,0.0100,0.0100,-0.0773,0.0773,0.4853,0.5147,0.3133,0.3559,0.3559,0.3133,101.3429,-37.2838,-37.2838,101.3429
btc-updown-5m-1780094400,1780094464000,236,73379.51,73478.06,98.55,0.0000,0.0000,0.0714,0.0745,0.0040,0.1053,0.000743,0.0518,1.3766,73480.29,0.0000,-0.0030,0.0134,0.0000,0.4800,393.41,0.4700,58.49,0.4600,354.64,0.4500,40.19,0.4400,47.21,0.4900,29.97,0.5000,168.00,0.5100,107.50,0.5200,56.00,0.5300,166.00,0.5100,29.97,0.5000,168.00,0.4900,107.50,0.4800,56.00,0.4700,166.00,0.5200,393.41,0.5300,58.49,0.5400,354.64,0.5500,40.19,0.5600,47.21,893.94,527.47,1421.41,527.47,893.94,1421.41,0.0100,0.0100,0.2578,-0.2578,0.4893,0.5107,0.5055,0.3753,0.3753,0.5055,109.4662,-90.5940,-90.5789,109.4479
btc-updown-5m-1780094400,1780094465000,235,73379.51,73478.06,98.55,0.0000,0.0000,0.0080,0.0812,0.0020,0.1053,0.000743,0.0521,0.1543,73480.28,0.0000,-0.0030,0.0000,0.0000,0.4900,80.00,0.4800,160.83,0.4700,46.49,0.4600,354.64,0.4500,40.19,0.5000,192.50,0.5100,119.50,0.5200,56.00,0.5300,166.00,0.5400,68.00,0.5000,192.50,0.4900,119.50,0.4800,56.00,0.4700,166.00,0.4600,68.00,0.5100,80.00,0.5200,160.83,0.5300,46.49,0.5400,354.64,0.5500,40.19,682.15,602.00,1284.15,602.00,682.15,1284.15,0.0100,0.0100,0.0624,-0.0624,0.4929,0.5071,0.3530,0.5183,0.5183,0.3530,112.2111,-76.6795,-76.6795,112.2111
btc-updown-5m-1780094400,1780094466000,234,73379.51,73478.06,98.55,0.0000,0.0000,0.0129,0.0923,0.0020,0.1053,0.000743,0.0525,0.2462,73480.26,0.0000,-0.0030,0.0000,0.0000,0.4900,142.85,0.4800,176.04,0.4700,51.49,0.4600,365.20,0.4500,56.10,0.5000,61.10,0.5100,184.50,0.5200,61.00,0.5300,171.00,0.5400,73.00,0.5000,61.10,0.4900,184.50,0.4800,61.00,0.4700,171.00,0.4600,73.00,0.5100,142.85,0.5200,176.04,0.5300,51.49,0.5400,365.20,0.5500,56.10,791.68,550.60,1342.28,550.60,791.68,1342.28,0.0100,0.0100,0.1796,-0.1796,0.4970,0.5030,0.4028,0.4461,0.4461,0.4028,114.0403,-96.7109,-96.6297,113.9446
btc-updown-5m-1780094400,1780094467000,233,73379.51,73478.06,98.55,0.0000,0.0000,0.0000,0.0923,0.0020,0.1053,0.000743,0.0521,0.0000,73480.25,0.0000,-0.0030,0.0000,0.0000,0.4900,158.96,0.4800,176.55,0.4700,51.49,0.4600,360.20,0.4500,56.10,0.5000,40.00,0.5100,123.50,0.5200,61.00,0.5300,171.00,0.5400,73.00,0.5000,40.00,0.4900,123.50,0.4800,61.00,0.4700,171.00,0.4600,73.00,0.5100,158.96,0.5200,176.55,0.5300,51.49,0.5400,360.20,0.5500,56.10,803.30,468.50,1271.80,468.50,803.30,1271.80,0.0100,0.0100,0.2632,-0.2632,0.4980,0.5020,0.4177,0.3490,0.3490,0.4177,112.2705,-130.1193,-130.1193,112.2705
btc-updown-5m-1780094400,1780094468000,232,73379.51,73478.06,98.55,0.0000,0.0000,0.0000,0.0923,0.0020,0.1053,0.000743,0.0521,0.0000,73480.25,0.0000,-0.0030,0.0000,0.0000,0.5000,35.20,0.4900,26.20,0.4800,169.29,0.4700,46.49,0.4600,360.20,0.5100,214.60,0.5200,133.00,0.5300,226.00,0.5400,133.00,0.5500,194.00,0.4900,214.60,0.4800,133.00,0.4700,226.00,0.4600,133.00,0.4500,194.00,0.5000,35.20,0.5100,26.20,0.5200,169.29,0.5300,46.49,0.5400,360.20,637.38,900.60,1537.98,900.60,637.38,1537.98,0.0100,0.0100,-0.1711,0.1711,0.5014,0.4986,0.0963,0.3860,0.3860,0.0963,27.5082,-21.4836,-21.5048,27.5354
btc-updown-5m-1780094400,1780094469000,231,73379.38,73478.05,98.67,-0.0000,-0.0000,0.0068,0.0277,0.0020,0.1053,0.000743,0.0523,0.1295,73480.24,-0.0000,-0.0030,-0.0134,-0.0000,0.5000,43.96,0.4900,41.20,0.4800,157.29,0.4700,51.49,0.4600,360.20,0.5100,204.48,0.5200,141.00,0.5300,226.00,0.5400,133.00,0.5500,194.00,0.4900,204.48,0.4800,141.00,0.4700,226.00,0.4600,133.00,0.4500,194.00,0.5000,43.96,0.5100,41.20,0.5200,157.29,0.5300,51.49,0.5400,360.20,654.14,898.48,1552.62,898.48,654.14,1552.62,0.0100,0.0100,-0.1574,0.1574,0.5018,0.4982,0.1302,0.3845,0.3845,0.1302,-2.2675,24.4962,24.4962,-2.2675
btc-updown-5m-1780094400,1780094470000,230,73379.37,73478.05,98.68,0.0000,-0.0000,0.0000,0.0197,0.0020,0.1053,0.000743,0.0522,0.0000,73480.24,-0.0000,-0.0030,0.0000,0.0000,0.5000,36.20,0.4900,82.09,0.4800,187.29,0.4700,81.49,0.4600,390.20,0.5100,154.98,0.5200,153.00,0.5300,226.00,0.5400,128.00,0.5500,194.00,0.4900,154.98,0.4800,153.00,0.4700,226.00,0.4600,128.00,0.4500,194.00,0.5000,36.20,0.5100,82.09,0.5200,187.29,0.5300,81.49,0.5400,390.20,777.27,855.98,1633.25,855.98,777.27,1633.25,0.0100,0.0100,-0.0482,0.0482,0.5019,0.4981,0.1522,0.3598,0.3598,0.1522,-20.0567,56.4741,56.4741,-20.0567
btc-updown-5m-1780094400,1780094471000,229,73379.37,73478.05,98.68,0.0000,-0.0000,0.0002,0.0069,0.0020,0.1050,0.000743,0.0522,0.0033,73480.24,-0.0000,-0.0030,0.0000,0.0000,0.5000,56.20,0.4900,98.00,0.4800,81.20,0.4700,76.49,0.4600,96.76,0.5100,99.70,0.5200,205.00,0.5300,221.00,0.5400,128.00,0.5500,189.00,0.4900,99.70,0.4800,205.00,0.4700,221.00,0.4600,128.00,0.4500,189.00,0.5000,56.20,0.5100,98.00,0.5200,81.20,0.5300,76.49,0.5400,96.76,408.65,842.70,1251.35,842.70,408.65,1251.35,0.0100,0.0100,-0.3469,0.3469,0.5036,0.4964,0.3773,0.3616,0.3616,0.3773,-54.4392,8.7582,9.0516,-56.2627
btc-updown-5m-1780094400,1780094472000,228,73379.40,73478.05,98.65,0.0000,-0.0000,0.0044,0.0114,0.0020,0.1047,0.000743,0.0520,0.0850,73480.23,0.0000,-0.0030,0.0000,0.0000,0.4900,100.39,0.4800,72.89,0.4700,93.49,0.4600,106.01,0.4500,70.19,0.5000,111.00,0.5100,116.00,0.5200,180.00,0.5300,221.00,0.5400,128.00,0.5000,111.00,0.4900,116.00,0.4800,180.00,0.4700,221.00,0.4600,128.00,0.5100,100.39,0.5200,72.89,0.5300,93.49,0.5400,106.01,0.5500,70.19,442.97,756.00,1198.97,756.00,442.97,1198.97,0.0100,0.0100,-0.2611,0.2611,0.4947,0.5053,0.3912,0.3003,0.3003,0.3912,-55.1553,34.1761,34.1645,-55.1366
btc-updown-5m-1780094400,1780094473000,227,73379.61,73478.05,98.44,0.0000,-0.0000,0.0000,0.0114,0.0020,0.1047,0.000743,0.0519,0.0000,73480.23,0.0000,-0.0030,0.0000,0.0000,0.5000,169.00,0.4900,249.78,0.4800,122.89,0.4700,136.49,0.4600,161.01,0.5100,47.00,0.5200,45.00,0.5300,171.00,0.5400,73.00,0.5500,139.00,0.4900,47.00,0.4800,45.00,0.4700,171.00,0.4600,73.00,0.4500,139.00,0.5000,169.00,0.5100,249.78,0.5200,122.89,0.5300,136.49,0.5400,161.01,839.17,475.00,1314.17,475.00,839.17,1314.17,0.0100,0.0100,0.2771,-0.2771,0.5078,0.4922,0.4990,0.1937,0.1937,0.4990,9.1733,-1.4640,-1.4638,9.1717
btc-updown-5m-1780094400,1780094474000,226,73379.61,73478.05,98.44,0.0000,0.0000,0.0726,0.0772,0.0000,0.1043,0.000743,0.0542,1.3385,73480.13,-0.0000,-0.0028,0.0000,0.0000,0.5100,242.03,0.5000,101.20,0.4900,242.49,0.4800,117.89,0.4700,131.49,0.5300,167.33,0.5400,73.00,0.5500,149.00,0.5600,160.82,0.5700,61.00,0.4700,167.33,0.4600,73.00,0.4500,149.00,0.4400,160.82,0.4300,61.00,0.4900,242.03,0.5000,101.20,0.5100,242.49,0.5200,117.89,0.5300,131.49,835.10,611.15,1446.25,611.15,835.10,1446.25,0.0200,0.0200,0.1548,-0.1548,0.5218,0.4782,0.4110,0.3932,0.3932,0.4110,34.3026,-49.6912,-49.6567,34.2788
btc-updown-5m-1780094400,1780094475000,225,73379.61,73478.05,98.44,0.0000,0.0000,0.0048,0.0820,0.0000,0.1043,0.000743,0.0528,0.0907,73480.10,0.0000,-0.0028,0.0000,0.0000,0.5200,404.77,0.5100,136.41,0.5000,101.20,0.4900,217.49,0.4800,122.89,0.5300,4.90,0.5400,79.00,0.5500,149.00,0.5600,160.82,0.5700,61.00,0.4700,4.90,0.4600,79.00,0.4500,149.00,0.4400,160.82,0.4300,61.00,0.4800,404.77,0.4900,136.41,0.5000,101.20,0.5100,217.49,0.5200,122.89,982.76,454.72,1437.48,454.72,982.76,1437.48,0.0100,0.0100,0.3673,-0.3673,0.5299,0.4701,0.5507,0.1845,0.1845,0.5507,53.7752,-72.6166,-72.5928,53.7576
btc-updown-5m-1780094400,1780094476000,224,73379.56,73478.05,98.49,0.0000,0.0000,0.0000,0.0818,0.0000,0.1040,0.000743,0.0528,0.0000,73480.10,0.0000,-0.0028,0.0000,0.0000,0.5300,269.72,0.5200,109.20,0.5100,103.20,0.5000,96.20,0.4900,217.49,0.5400,89.74,0.5500,145.00,0.5600,160.82,0.5700,61.00,0.5800,76.00,0.4600,89.74,0.4500,145.00,0.4400,160.82,0.4300,61.00,0.4200,76.00,0.4700,269.72,0.4800,109.20,0.4900,103.20,0.5000,96.20,0.5100,217.49,795.81,532.56,1328.37,532.56,795.81,1328.37,0.0100,0.0100,0.1982,-0.1982,0.5375,0.4625,0.4761,0.4408,0.4408,0.4761,3.1752,-55.3896,-55.3991,3.1757
btc-updown-5m-1780094400,1780094477000,223,73379.56,73478.05,98.49,0.0000,0.0000,0.0000,0.0774,0.0000,0.1040,0.000743,0.0521,0.0000,73480.09,0.0000,-0.0028,0.0000,0.0000,0.5300,279.57,0.5200,132.03,0.5100,103.20,0.5000,96.20,0.4900,207.29,0.5400,53.04,0.5500,155.00,0.5600,214.82,0.5700,61.00,0.5800,76.00,0.4600,53.04,0.4500,155.00,0.4400,214.82,0.4300,61.00,0.4200,76.00,0.4700,279.57,0.4800,132.03,0.4900,103.20,0.5000,96.20,0.5100,207.29,818.29,559.86,1378.15,559.86,818.29,1378.15,0.0100,0.0100,0.1875,-0.1875,0.5384,0.4616,0.5030,0.3716,0.3716,0.5030,70.6276,-55.8224,-55.8032,70.6032
btc-updown-5m-1780094400,1780094478000,222,73379.45,73478.05,98.60,0.0000,0.0000,0.0009,0.0783,0.0000,0.1040,0.000743,0.0522,0.0171,73480.09,0.0000,-0.0028,0.0000,0.0000,0.5300,17.37,0.5200,74.20,0.5100,48.20,0.5000,36.20,0.4900,152.29,0.5400,160.76,0.5500,226.00,0.5600,215.82,0.5700,121.00,0.5800,131.00,0.4600,160.76,0.4500,226.00,0.4400,215.82,0.4300,121.00,0.4200,131.00,0.4700,17.37,0.4800,74.20,0.4900,48.20,0.5000,36.20,0.5100,152.29,328.26,854.58,1182.84,854.58,328.26,1182.84,0.0100,0.0100,-0.4450,0.4450,0.5310,0.4690,0.2790,0.4526,0.4526,0.2790,-18.7653,14.5384,14.5408,-18.7684
btc-updown-5m-1780094400,1780094479000,221,73379.42,73478.05,98.63,0.0000,0.0000,0.0513,0.0570,0.0020,0.1043,0.000743,0.0538,0.9541,73480.02,0.0000,-0.0027,0.0000,0.0000,0.5300,18.11,0.5200,15.20,0.5100,41.20,0.5000,36.20,0.4900,152.29,0.5400,173.76,0.5500,242.73,0.5600,215.82,0.5700,121.00,0.5800,131.00,0.4600,173.76,0.4500,242.73,0.4400,215.82,0.4300,121.00,0.4200,131.00,0.4700,18.11,0.4800,15.20,0.4900,41.20,0.5000,36.20,0.5100,152.29,263.00,884.31,1147.31,884.31,263.00,1147.31,0.0100,0.0100,-0.5415,0.5415,0.5309,0.4691,0.1267,0.4710,0.4710,0.1267,-127.2292,71.5816,71.5940,-127.2513
btc-updown-5m-1780094400,1780094480000,220,73379.76,73478.06,98.30,0.0000,0.0000,0.0004,0.0526,0.0040,0.1047,0.000743,0.0538,0.0071,73480.02,0.0000,-0.0027,0.0134,0.0000,0.5300,34.18,0.5200,15.20,0.5100,41.20,0.5000,36.20,0.4900,152.29,0.5400,120.46,0.5500,242.74,0.5600,215.82,0.5700,121.00,0.5800,131.00,0.4600,120.46,0.4500,242.74,0.4400,215.82,0.4300,121.00,0.4200,131.00,0.4700,34.18,0.4800,15.20,0.4900,41.20,0.5000,36.20,0.5100,152.29,279.07,831.02,1110.09,831.02,279.07,1110.09,0.0100,0.0100,-0.4972,0.4972,0.5322,0.4678,0.1769,0.4371,0.4371,0.1769,-101.4560,67.8851,67.8721,-101.4365
btc-updown-5m-1780094400,1780094481000,219,73379.76,73478.06,98.30,0.0000,0.0000,0.0000,0.0526,0.0040,0.1047,0.000743,0.0538,0.0000,73480.02,0.0000,-0.0027,0.0000,0.0000,0.5300,52.05,0.5200,27.20,0.5100,41.20,0.5000,36.20,0.4900,152.29,0.5400,110.70,0.5500,216.00,0.5600,215.82,0.5700,121.00,0.5800,131.00,0.4600,110.70,0.4500,216.00,0.4400,215.82,0.4300,121.00,0.4200,131.00,0.4700,52.05,0.4800,27.20,0.4900,41.20,0.5000,36.20,0.5100,152.29,308.94,794.52,1103.46,794.52,308.94,1103.46,0.0100,0.0100,-0.4401,0.4401,0.5332,0.4668,0.2565,0.4112,0.4112,0.2565,-122.8492,62.8436,62.8319,-122.8263
btc-updown-5m-1780094400,1780094482000,218,73379.78,73478.05,98.27,-0.0000,0.0000,0.0004,0.0530,0.0060,0.1043,0.000743,0.0538,0.0074,73480.02,-0.0000,-0.0027,-0.0134,-0.0000,0.5300,52.05,0.5200,27.20,0.5100,41.20,0.5000,36.20,0.4900,152.29,0.5400,110.70,0.5500,216.00,0.5600,215.82,0.5700,121.00,0.5800,131.00,0.4600,110.70,0.4500,216.00,0.4400,215.82,0.4300,121.00,0.4200,131.00,0.4700,52.05,0.4800,27.20,0.4900,41.20,0.5000,36.20,0.5100,152.29,308.94,794.52,1103.46,794.52,308.94,1103.46,0.0100,0.0100,-0.4401,0.4401,0.5332,0.4668,0.2565,0.4112,0.4112,0.2565,-132.1053,74.0351,74.0160,-132.0712
btc-updown-5m-1780094400,1780094483000,217,73379.78,73478.06,98.28,0.0000,0.0000,0.0007,0.0528,0.0080,0.1043,0.000743,0.0212,0.0345,73478.37,0.0000,-0.0004,0.0134,0.0000,0.5100,41.20,0.5000,36.20,0.4900,152.29,0.4800,27.89,0.4700,66.08,0.5400,236.36,0.5500,192.23,0.5600,115.82,0.5700,121.00,0.5800,121.00,0.4600,236.36,0.4500,192.23,0.4400,115.82,0.4300,121.00,0.4200,121.00,0.4900,41.20,0.5000,36.20,0.5100,152.29,0.5200,27.89,0.5300,66.08,323.66,786.41,1110.07,786.41,323.66,1110.07,0.0300,0.0300,-0.4169,0.4169,0.5145,0.4855,0.2391,0.5450,0.5450,0.2391,-74.4768,43.6991,43.7068,-74.4899
btc-updown-5m-1780094400,1780094484000,216,73379.88,73478.05,98.17,-0.0000,0.0000,0.0030,0.0045,0.0080,0.1047,0.000743,0.0212,0.1414,73478.36,-0.0000,-0.0004,-0.0134,-0.0000,0.5100,99.69,0.5000,66.20,0.4900,182.29,0.4800,57.89,0.4700,96.08,0.5200,35.22,0.5300,102.00,0.5400,111.00,0.5500,167.23,0.5600,115.82,0.4800,35.22,0.4700,102.00,0.4600,111.00,0.4500,167.23,0.4400,115.82,0.4900,99.69,0.5000,66.20,0.5100,182.29,0.5200,57.89,0.5300,96.08,502.15,531.27,1033.42,531.27,502.15,1033.42,0.0100,0.0100,-0.0282,0.0282,0.5174,0.4826,0.3304,0.2583,0.2583,0.3304,12.3100,-7.5846,-7.5832,12.3077
btc-updown-5m-1780094400,1780094485000,215,73379.83,73478.05,98.22,0.0000,-0.0000,0.0000,0.0041,0.0060,0.1047,0.000743,0.0196,0.0000,73478.14,-0.0000,-0.0001,0.0000,0.0000,0.5100,79.69,0.5000,83.20,0.4900,187.29,0.4800,72.14,0.4700,76.49,0.5200,93.15,0.5300,121.99,0.5400,126.00,0.5500,167.23,0.5600,115.82,0.4800,93.15,0.4700,121.99,0.4600,126.00,0.4500,167.23,0.4400,115.82,0.4900,79.69,0.5000,83.20,0.5100,187.29,0.5200,72.14,0.5300,76.49,498.81,624.19,1123.00,624.19,498.81,1123.00,0.0100,0.0100,-0.1116,0.1116,0.5146,0.4854,0.3266,0.3447,0.3447,0.3266,39.0543,-43.0805,-43.0805,39.0543
btc-updown-5m-1780094400,1780094486000,214,73379.82,73478.05,98.23,0.0000,-0.0000,0.0000,0.0041,0.0060,0.1047,0.000743,0.0196,0.0000,73478.14,-0.0000,-0.0001,0.0000,0.0000,0.5100,79.69,0.5000,83.20,0.4900,187.29,0.4800,72.14,0.4700,76.49,0.5200,93.15,0.5300,121.99,0.5400,126.00,0.5500,167.23,0.5600,115.82,0.4800,93.15,0.4700,121.99,0.4600,126.00,0.4500,167.23,0.4400,115.82,0.4900,79.69,0.5000,83.20,0.5100,187.29,0.5200,72.14,0.5300,76.49,498.81,624.19,1123.00,624.19,498.81,1123.00,0.0100,0.0100,-0.1116,0.1116,0.5146,0.4854,0.3266,0.3447,0.3447,0.3266,43.6338,-41.0703,-41.0703,43.6338
btc-updown-5m-1780094400,1780094487000,213,73379.87,73478.05,98.18,0.0000,0.0000,0.0000,0.0037,0.0040,0.1043,0.000743,0.0191,0.0000,73478.06,-0.0000,-0.0000,0.0000,0.0000,0.5200,217.12,0.5100,99.04,0.5000,96.20,0.4900,107.20,0.4800,92.89,0.5300,18.70,0.5400,73.50,0.5500,107.23,0.5600,55.82,0.5700,56.00,0.4700,18.70,0.4600,73.50,0.4500,107.23,0.4400,55.82,0.4300,56.00,0.4800,217.12,0.4900,99.04,0.5000,96.20,0.5100,107.20,0.5200,92.89,612.45,311.25,923.70,311.25,612.45,923.70,0.0100,0.0100,0.3261,-0.3261,0.5292,0.4708,0.5162,0.2962,0.2962,0.5162,69.5016,-79.8259,-79.8259,69.5016
btc-updown-5m-1780094400,1780094488000,212,73379.84,73478.06,98.22,0.0000,0.0000,0.0135,0.0165,0.0040,0.0033,0.000007,0.0195,0.6946,73478.05,0.0000,0.0000,0.0134,0.0000,0.6200,667.65,0.6100,131.67,0.6000,197.92,0.5900,116.00,0.5800,116.00,0.6300,26.44,0.6400,10.00,0.6500,10.00,0.6600,41.18,0.6700,66.00,0.3700,26.44,0.3600,10.00,0.3500,10.00,0.3400,41.18,0.3300,66.00,0.3800,667.65,0.3900,131.67,0.4000,197.92,0.4100,116.00,0.4200,116.00,1229.24,153.62,1382.86,153.62,1229.24,1382.86,0.0100,0.0100,0.7778,-0.7778,0.6296,0.3704,0.6503,0.2372,0.2372,0.6503,165.9840,-92.9840,-93.0170,166.0429
btc-updown-5m-1780094400,1780094489000,211,73380.71,73478.06,97.35,0.0000,0.0000,0.0002,0.0138,0.0020,0.0030,0.000007,0.0083,0.0278,73478.05,0.0000,0.0000,0.0000,0.0000,0.6600,184.56,0.6500,182.92,0.6400,76.00,0.6300,76.00,0.6200,91.00,0.6700,51.33,0.6800,156.19,0.6900,157.99,0.7000,155.00,0.7100,471.18,0.3300,51.33,0.3200,156.19,0.3100,157.99,0.3000,155.00,0.2900,471.18,0.3400,184.56,0.3500,182.92,0.3600,76.00,0.3700,76.00,0.3800,91.00,610.48,991.69,1602.17,991.69,610.48,1602.17,0.0100,0.0100,-0.2379,0.2379,0.6678,0.3322,0.6020,0.2093,0.2093,0.6020,47.4004,33.9250,33.9250,47.4004
btc-updown-5m-1780094400,1780094490000,210,73380.71,73478.06,97.35,0.0000,0.0000,0.0000,0.0138,0.0020,0.0027,0.000007,0.0082,0.0000,73478.05,0.0000,0.0000,0.0000,0.0000,0.6600,178.56,0.6500,182.92,0.6400,76.00,0.6300,76.00,0.6200,91.00,0.6700,90.12,0.6800,161.19,0.6900,166.00,0.7000,140.00,0.7100,471.18,0.3300,90.12,0.3200,161.19,0.3100,166.00,0.3000,140.00,0.2900,471.18,0.3400,178.56,0.3500,182.92,0.3600,76.00,0.3700,76.00,0.3800,91.00,604.48,1028.49,1632.97,1028.49,604.48,1632.97,0.0100,0.0100,-0.2597,0.2597,0.6666,0.3334,0.5980,0.2443,0.2443,0.5980,15.9763,81.5521,81.5521,15.9763
btc-updown-5m-1780094400,1780094491000,209,73381.68,73478.06,96.38,0.0000,0.0000,0.0000,0.0138,0.0020,0.0027,0.000007,0.0082,0.0000,73478.05,0.0000,0.0000,0.0000,0.0000,0.6600,185.56,0.6500,172.92,0.6400,76.00,0.6300,96.00,0.6200,86.00,0.6700,85.51,0.6800,218.19,0.6900,151.00,0.7000,190.00,0.7100,390.39,0.3300,85.51,0.3200,218.19,0.3100,151.00,0.3000,190.00,0.2900,390.39,0.3400,185.56,0.3500,172.92,0.3600,76.00,0.3700,96.00,0.3800,86.00,616.48,1035.09,1651.57,1035.09,616.48,1651.57,0.0100,0.0100,-0.2535,0.2535,0.6668,0.3332,0.5815,0.2934,0.2934,0.5815,19.4850,68.0411,68.0185,19.4786
btc-updown-5m-1780094400,1780094492000,208,73383.28,73478.05,94.77,-0.0000,0.0000,0.0346,0.0484,0.0040,0.0030,0.000007,0.0092,3.7487,73478.05,-0.0000,-0.0000,-0.0129,-0.0000,0.6600,273.87,0.6500,93.00,0.6400,76.00,0.6300,96.00,0.6200,91.00,0.6700,42.56,0.6800,235.09,0.6900,131.00,0.7000,205.00,0.7100,370.39,0.3300,42.56,0.3200,235.09,0.3100,131.00,0.3000,205.00,0.2900,370.39,0.3400,273.87,0.3500,93.00,0.3600,76.00,0.3700,96.00,0.3800,91.00,629.87,984.04,1613.91,984.04,629.87,1613.91,0.0100,0.0100,-0.2194,0.2194,0.6687,0.3313,0.5825,0.2822,0.2822,0.5825,70.7479,70.5446,70.5196,70.7229
btc-updown-5m-1780094400,1780094493000,207,73383.28,73478.05,94.77,0.0000,-0.0000,0.0001,0.0350,0.0020,0.0030,0.000007,0.0092,0.0119,73478.05,-0.0000,-0.0000,0.0000,0.0000,0.6700,188.19,0.6600,71.18,0.6500,81.00,0.6400,106.00,0.6300,121.00,0.6800,177.23,0.6900,143.00,0.7000,182.22,0.7100,336.00,0.7200,273.38,0.3200,177.23,0.3100,143.00,0.3000,182.22,0.2900,336.00,0.2800,273.38,0.3300,188.19,0.3400,71.18,0.3500,81.00,0.3600,106.00,0.3700,121.00,567.37,1111.83,1679.20,1111.83,567.37,1679.20,0.0100,0.0100,-0.3242,0.3242,0.6751,0.3249,0.4571,0.2880,0.2880,0.4571,-7.3817,131.0922,131.1351,-7.3841
btc-updown-5m-1780094400,1780094494000,206,73382.20,73478.06,95.86,0.0000,0.0000,0.0584,0.0931,0.0040,0.0030,0.000007,0.0111,5.2496,73478.05,0.0000,0.0000,0.0130,0.0000,0.6700,227.04,0.6600,119.18,0.6500,101.00,0.6400,111.00,0.6300,121.00,0.6800,76.42,0.6900,178.00,0.7000,117.22,0.7100,376.00,0.7200,242.13,0.3200,76.42,0.3100,178.00,0.3000,117.22,0.2900,376.00,0.2800,242.13,0.3300,227.04,0.3400,119.18,0.3500,101.00,0.3600,111.00,0.3700,121.00,679.22,989.77,1668.99,989.77,679.22,1668.99,0.0100,0.0100,-0.1861,0.1861,0.6775,0.3225,0.5097,0.2570,0.2570,0.5097,-89.7992,136.5143,136.4697,-89.7699
btc-updown-5m-1780094400,1780094495000,205,73381.96,73478.05,96.09,-0.0000,-0.0000,0.0339,0.1270,0.0060,0.0033,0.000007,0.0099,3.4225,73478.05,-0.0000,-0.0000,-0.0131,-0.0000,0.6700,78.56,0.6600,89.18,0.6500,76.00,0.6400,81.00,0.6300,121.00,0.7100,239.73,0.7200,238.59,0.7300,82.71,0.7400,257.89,0.7500,164.38,0.2900,239.73,0.2800,238.59,0.2700,82.71,0.2600,257.89,0.2500,164.38,0.3300,78.56,0.3400,89.18,0.3500,76.00,0.3600,81.00,0.3700,121.00,445.74,983.30,1429.04,983.30,445.74,1429.04,0.0400,0.0400,-0.3762,0.3762,0.6799,0.3201,0.3763,0.4864,0.4864,0.3763,-27.9889,-5.7562,-5.7553,-27.9844
btc-updown-5m-1780094400,1780094496000,204,73381.95,73478.06,96.11,0.0000,0.0000,0.0126,0.1396,0.0080,0.0037,0.000008,0.0101,1.2527,73478.05,0.0000,0.0000,0.0131,0.0000,0.6700,277.62,0.6600,108.00,0.6500,126.00,0.6400,116.00,0.6300,116.00,0.6800,55.58,0.6900,154.89,0.7000,66.00,0.7100,206.94,0.7200,184.59,0.3200,55.58,0.3100,154.89,0.3000,66.00,0.2900,206.94,0.2800,184.59,0.3300,277.62,0.3400,108.00,0.3500,126.00,0.3600,116.00,0.3700,116.00,743.62,668.00,1411.62,668.00,743.62,1411.62,0.0100,0.0100,0.0536,-0.0536,0.6783,0.3217,0.5186,0.3151,0.3151,0.5186,23.0593,-59.7431,-59.7431,23.0593
btc-updown-5m-1780094400,1780094497000,203,73381.90,73478.06,96.16,0.0000,0.0000,0.0016,0.1066,0.0080,0.0040,0.000008,0.0097,0.1630,73478.05,0.0000,0.0000,0.0000,0.0000,0.6800,73.74,0.6700,31.00,0.6600,93.00,0.6500,71.00,0.6400,61.00,0.6900,320.97,0.7000,140.00,0.7100,298.33,0.7200,282.32,0.7300,156.64,0.3100,320.97,0.3000,140.00,0.2900,298.33,0.2800,282.32,0.2700,156.64,0.3200,114.47,0.3300,31.00,0.3400,93.00,0.3500,71.00,0.3600,61.00,329.74,1198.26,1528.00,1198.26,370.47,1568.73,0.0100,0.0100,-0.5684,0.5277,0.6819,0.3174,0.3176,0.3847,0.3847,0.3927,-46.0055,23.8561,23.8561,-39.4478
btc-updown-5m-1780094400,1780094498000,202,73381.89,73478.06,96.17,0.0000,0.0000,0.0000,0.1065,0.0080,0.0040,0.000008,0.0097,0.0000,73478.05,0.0000,0.0000,0.0000,0.0000,0.6700,31.00,0.6600,93.00,0.6500,71.00,0.6400,61.00,0.6300,61.00,0.6800,44.24,0.6900,279.52,0.7000,203.20,0.7100,196.94,0.7200,319.59,0.3200,44.24,0.3100,279.52,0.3000,203.20,0.2900,196.94,0.2800,319.59,0.3300,31.00,0.3400,93.00,0.3500,71.00,0.3600,61.00,0.3700,61.00,317.00,1043.49,1360.49,1043.49,317.00,1360.49,0.0100,0.0100,-0.5340,0.5340,0.6741,0.3259,0.3912,0.3103,0.3103,0.3912,-51.8168,9.8460,9.8460,-51.8168
btc-updown-5m-1780094400,1780094499000,201,73381.84,73478.05,96.21,-0.0000,-0.0000,0.0403,0.0884,0.0080,0.0040,0.000008,0.0110,3.6655,73478.05,-0.0000,-0.0000,-0.0131,-0.0000,0.6200,22.46,0.6100,71.00,0.6000,41.00,0.5900,75.40,0.5800,31.30,0.6600,358.81,0.6700,341.82,0.6800,191.09,0.6900,164.52,0.7000,173.19,0.3400,358.81,0.3300,341.82,0.3200,191.09,0.3100,164.52,0.3000,173.19,0.3800,22.46,0.3900,71.00,0.4000,41.00,0.4100,75.40,0.4200,31.30,241.16,1229.43,1470.59,1229.43,241.16,1470.59,0.0400,0.0400,-0.6720,0.6720,0.6224,0.3776,0.3875,0.5699,0.5699,0.3875,-53.7035,17.3941,17.3913,-53.6948
btc-updown-5m-1780094400,1780094500000,200,73381.84,73478.05,96.21,0.0000,0.0000,0.0089,0.0633,0.0080,0.0043,0.000008,0.0111,0.8012,73478.05,-0.0000,-0.0000,0.0000,0.0000,0.6300,12.24,0.6200,20.00,0.6100,71.00,0.6000,41.00,0.5900,75.40,0.6400,525.92,0.6500,89.00,0.6600,122.50,0.6700,176.50,0.6800,125.24,0.3600,525.92,0.3500,89.00,0.3400,122.50,0.3300,176.50,0.3200,125.24,0.3700,12.24,0.3800,20.00,0.3900,71.00,0.4000,41.00,0.4100,75.40,219.64,1039.16,1258.80,1039.16,219.64,1258.80,0.0100,0.0100,-0.6510,0.6510,0.6302,0.3698,0.1468,0.5917,0.5917,0.1468,-78.2542,20.9088,20.9088,-78.2542
btc-updown-5m-1780094400,1780094501000,199,73381.06,73478.05,96.99,0.0000,-0.0000,0.0000,0.0507,0.0060,0.0043,0.000008,0.0111,0.0000,73478.05,-0.0000,-0.0000,0.0000,0.0000,0.6200,20.00,0.6100,71.00,0.6000,41.00,0.5900,75.40,0.5800,31.30,0.6300,20.47,0.6400,574.73,0.6500,117.00,0.6600,137.50,0.6700,191.50,0.3700,20.47,0.3600,574.73,0.3500,117.00,0.3400,137.50,0.3300,191.50,0.3800,20.00,0.3900,71.00,0.4000,41.00,0.4100,75.40,0.4200,31.30,238.70,1041.20,1279.90,1041.20,238.70,1279.90,0.0100,0.0100,-0.6270,0.6270,0.6249,0.3751,0.3812,0.5716,0.5716,0.3812,-35.1630,9.8336,9.8352,-35.1690
btc-updown-5m-1780094400,1780094502000,198,73380.93,73468.56,87.63,-0.0129,-0.0129,2.0913,2.1404,1.9020,0.3207,0.002319,0.0785,26.6357,73469.90,-0.0003,-0.0018,-11.3184,-0.0002,0.5400,15.19,0.5300,10.00,0.5200,15.00,0.5100,41.59,0.5000,21.00,0.5500,425.38,0.5600,137.44,0.5700,181.03,0.5800,196.00,0.5900,56.00,0.4500,425.38,0.4400,137.44,0.4300,181.03,0.4200,196.00,0.4100,56.00,0.4600,15.19,0.4700,10.00,0.4800,15.00,0.4900,41.59,0.5000,21.00,102.78,995.85,1098.63,995.85,102.78,1098.63,0.0100,0.0100,-0.8129,0.8129,0.5403,0.4597,0.2451,0.5652,0.5652,0.2451,-48.4090,53.3933,53.3933,-48.4090
btc-updown-5m-1780094400,1780094503000,197,73380.91,73468.57,87.66,0.0000,-0.0129,0.0013,2.1417,1.9040,0.3210,0.002319,0.0784,0.0166,73469.88,-0.0003,-0.0018,0.0119,0.0000,0.5300,14.03,0.5200,15.00,0.5100,48.00,0.5000,66.05,0.4900,56.00,0.5400,399.58,0.5500,155.73,0.5600,177.00,0.5700,96.00,0.5800,196.00,0.4600,399.58,0.4500,155.73,0.4400,177.00,0.4300,96.00,0.4200,196.00,0.4700,14.03,0.4800,15.00,0.4900,48.00,0.5000,66.05,0.5100,56.00,199.08,1024.31,1223.39,1024.31,199.08,1223.39,0.0100,0.0100,-0.6745,0.6745,0.5303,0.4697,0.1458,0.5421,0.5421,0.1458,-35.5729,-32.1782,-28.2281,-35.5671
btc-updown-5m-1780094400,1780094504000,196,73380.91,73468.56,87.65,-0.0000,-0.0129,0.0016,2.1031,1.9040,0.3213,0.002319,0.0785,0.0206,73469.88,-0.0003,-0.0018,-0.0119,-0.0000,0.5300,24.03,0.5200,15.00,0.5100,68.00,0.5000,56.05,0.4900,51.00,0.5400,403.39,0.5500,151.93,0.5600,132.00,0.5700,96.00,0.5800,151.00,0.4600,403.39,0.4500,151.93,0.4400,132.00,0.4300,96.00,0.4200,151.00,0.4700,24.03,0.4800,15.00,0.4900,68.00,0.5000,56.05,0.5100,51.00,214.08,934.32,1148.40,934.32,214.08,1148.40,0.0100,0.0100,-0.6272,0.6272,0.5306,0.4694,0.1823,0.5944,0.5944,0.1823,-17.9836,-19.0757,-19.0757,-17.9836
btc-updown-5m-1780094400,1780094505000,195,73375.11,73468.56,93.45,0.0000,-0.0129,0.0000,2.0942,1.9020,0.3213,0.002319,0.0761,0.0000,73469.63,-0.0001,-0.0015,0.0000,0.0000,0.5300,52.90,0.5200,15.00,0.5100,68.00,0.5000,21.00,0.4900,21.00,0.5400,176.16,0.5500,151.93,0.5600,151.00,0.5700,126.00,0.5800,131.00,0.4600,176.16,0.4500,151.93,0.4400,151.00,0.4300,126.00,0.4200,131.00,0.4700,52.90,0.4800,15.00,0.4900,68.00,0.5000,21.00,0.5100,21.00,177.90,736.09,913.99,736.09,177.90,913.99,0.0100,0.0100,-0.6107,0.6107,0.5323,0.4677,0.3817,0.4457,0.4457,0.3817,-22.4145,-78.0392,-78.0392,-22.4145
btc-updown-5m-1780094400,1780094506000,194,73373.54,73468.56,95.02,0.0000,-0.0129,0.0000,2.0942,1.9020,0.3213,0.002319,0.0760,0.0000,73469.61,-0.0000,-0.0014,0.0000,0.0000,0.5300,23.00,0.5200,25.00,0.5100,73.00,0.5000,29.00,0.4900,37.00,0.5400,255.89,0.5500,168.93,0.5600,186.00,0.5700,186.00,0.5800,136.00,0.4600,255.89,0.4500,168.93,0.4400,186.00,0.4300,186.00,0.4200,136.00,0.4700,23.00,0.4800,25.00,0.4900,73.00,0.5000,29.00,0.5100,37.00,187.00,932.82,1119.82,932.82,187.00,1119.82,0.0100,0.0100,-0.6660,0.6660,0.5308,0.4692,0.2567,0.4554,0.4554,0.2567,-5.4183,-6.6202,-6.6202,-5.4183
btc-updown-5m-1780094400,1780094507000,193,73372.41,73468.56,96.15,0.0000,0.0000,0.0000,0.0029,0.0040,0.3213,0.002319,0.0760,0.0000,73469.61,-0.0000,-0.0014,0.0000,0.0000,0.5200,8.00,0.5100,73.00,0.5000,29.00,0.4900,37.00,0.4800,26.00,0.5300,20.00,0.5400,265.65,0.5500,198.93,0.5600,137.74,0.5700,201.00,0.4700,20.00,0.4600,265.65,0.4500,198.93,0.4400,137.74,0.4300,201.00,0.4800,8.00,0.4900,73.00,0.5000,29.00,0.5100,37.00,0.5200,26.00,173.00,823.32,996.32,823.32,173.00,996.32,0.0100,0.0100,-0.6527,0.6527,0.5229,0.4771,0.4682,0.3469,0.3469,0.4682,-7.0866,-38.1336,-38.1336,-7.0866
btc-updown-5m-1780094400,1780094508000,192,73372.35,73468.56,96.21,0.0000,-0.0000,0.0000,0.0016,0.0020,0.3213,0.002319,0.0760,0.0000,73469.61,-0.0000,-0.0014,0.0000,0.0000,0.4800,32.72,0.4700,148.37,0.4600,51.00,0.4500,45.19,0.4400,66.30,0.4900,203.58,0.5000,16.00,0.5100,75.92,0.5200,87.65,0.5300,57.00,0.5100,203.58,0.5000,16.00,0.4900,75.92,0.4800,87.65,0.4700,57.00,0.5200,32.72,0.5300,148.37,0.5400,51.00,0.5500,45.19,0.5600,66.30,343.58,440.15,783.73,440.15,343.58,783.73,0.0100,0.0100,-0.1232,0.1232,0.4814,0.5186,0.5271,0.4989,0.4989,0.5271,36.3884,-35.2461,-27.7178,17.0669
btc-updown-5m-1780094400,1780094509000,191,73372.05,73468.56,96.51,0.0000,0.0000,0.0994,0.0994,0.0020,0.3213,0.002319,0.0791,1.2563,73469.57,0.0000,-0.0014,0.0000,0.0000,0.4800,37.62,0.4700,148.37,0.4600,56.20,0.4500,45.19,0.4400,66.30,0.4900,174.42,0.5000,16.00,0.5100,75.92,0.5200,87.65,0.5300,80.00,0.5100,174.42,0.5000,16.00,0.4900,75.92,0.4800,87.65,0.4700,80.00,0.5200,37.62,0.5300,148.37,0.5400,56.20,0.5500,45.19,0.5600,66.30,353.68,433.99,787.67,433.99,353.68,787.67,0.0100,0.0100,-0.1020,0.1020,0.4818,0.5182,0.5259,0.4388,0.4388,0.5259,31.0489,-103.0116,-103.0116,31.0489
btc-updown-5m-1780094400,1780094510000,190,73372.19,73468.56,96.37,0.0000,0.0000,0.0003,0.0997,0.0020,0.3210,0.002318,0.0775,0.0036,73469.38,0.0000,-0.0011,0.0000,0.0000,0.4900,176.06,0.4800,46.26,0.4700,148.00,0.4600,56.20,0.4500,45.19,0.5000,47.07,0.5100,19.92,0.5200,21.26,0.5300,50.00,0.5400,56.00,0.5000,47.07,0.4900,19.92,0.4800,21.26,0.4700,50.00,0.4600,56.00,0.5100,176.06,0.5200,46.26,0.5300,148.00,0.5400,56.20,0.5500,45.19,471.71,194.25,665.96,194.25,471.71,665.96,0.0100,0.0100,0.4166,-0.4166,0.4979,0.5021,0.4713,0.3449,0.3449,0.4713,53.3469,-125.3895,-125.4108,53.3560
btc-updown-5m-1780094400,1780094511000,189,73372.31,73468.57,96.26,0.0000,0.0000,0.0001,0.0999,0.0040,0.3213,0.002319,0.0775,0.0019,73469.38,0.0000,-0.0011,0.0131,0.0000,0.4900,161.38,0.4800,60.51,0.4700,141.20,0.4600,56.20,0.4500,45.19,0.5000,44.13,0.5100,24.92,0.5200,15.26,0.5300,67.00,0.5400,56.00,0.5000,44.13,0.4900,24.92,0.4800,15.26,0.4700,67.00,0.4600,56.00,0.5100,161.38,0.5200,60.51,0.5300,141.20,0.5400,56.20,0.5500,45.19,464.48,207.31,671.79,207.31,464.48,671.79,0.0100,0.0100,0.3828,-0.3828,0.4979,0.5021,0.4777,0.3331,0.3331,0.4777,42.3399,-96.6238,-96.6238,42.3399
btc-updown-5m-1780094400,1780094512000,188,73372.33,73468.57,96.24,0.0000,0.0000,0.0000,0.0999,0.0040,0.3210,0.002319,0.0775,0.0000,73469.38,0.0000,-0.0011,0.0000,0.0000,0.5000,243.51,0.4900,41.15,0.4800,41.00,0.4700,136.20,0.4600,86.20,0.5100,50.61,0.5200,5.00,0.5300,25.37,0.5400,39.00,0.5500,26.00,0.4900,50.61,0.4800,5.00,0.4700,25.37,0.4600,39.00,0.4500,26.00,0.5000,243.51,0.5100,41.15,0.5200,41.00,0.5300,136.20,0.5400,86.20,548.06,145.98,694.04,145.98,548.06,694.04,0.0100,0.0100,0.5793,-0.5793,0.5083,0.4917,0.5194,0.3809,0.3809,0.5194,60.2269,-131.2494,-131.2494,60.2269
btc-updown-5m-1780094400,1780094513000,187,73372.38,73468.57,96.19,0.0000,0.0000,0.0000,0.0999,0.0040,0.3207,0.002319,0.0775,0.0000,73469.38,0.0000,-0.0011,0.0000,0.0000,0.5000,232.89,0.4900,51.15,0.4800,26.00,0.4700,136.20,0.4600,56.20,0.5100,48.64,0.5200,10.00,0.5300,25.37,0.5400,39.00,0.5500,31.00,0.4900,48.64,0.4800,10.00,0.4700,25.37,0.4600,39.00,0.4500,31.00,0.5000,232.89,0.5100,51.15,0.5200,26.00,0.5300,136.20,0.5400,56.20,502.44,154.01,656.45,154.01,502.44,656.45,0.0100,0.0100,0.5308,-0.5308,0.5083,0.4917,0.5653,0.3808,0.3808,0.5653,54.4761,-132.2916,-132.2695,54.4669
btc-updown-5m-1780094400,1780094514000,186,73372.85,73468.57,95.72,0.0000,0.0000,0.0000,0.0004,0.0020,0.3203,0.002319,0.0775,0.0000,73469.38,0.0000,-0.0011,0.0000,0.0000,0.5000,213.08,0.4900,46.00,0.4800,26.00,0.4700,136.20,0.4600,56.20,0.5100,43.29,0.5200,10.00,0.5300,20.00,0.5400,23.00,0.5500,31.00,0.4900,43.29,0.4800,10.00,0.4700,20.00,0.4600,23.00,0.4500,31.00,0.5000,213.08,0.5100,46.00,0.5200,26.00,0.5300,136.20,0.5400,56.20,477.48,127.29,604.77,127.29,477.48,604.77,0.0100,0.0100,0.5790,-0.5790,0.5083,0.4917,0.5426,0.4187,0.4187,0.5426,22.3278,-52.1694,-52.1694,22.3278
btc-updown-5m-1780094400,1780094515000,185,73372.85,73468.56,95.71,-0.0000,0.0000,0.0010,0.0011,0.0040,0.3207,0.002319,0.0774,0.0124,73469.37,-0.0000,-0.0011,-0.0130,-0.0000,0.5700,617.25,0.5600,74.47,0.5500,36.00,0.5400,84.00,0.5300,71.00,0.5800,10.00,0.5900,20.00,0.6000,66.00,0.6100,67.47,0.6200,66.00,0.4200,10.00,0.4100,20.00,0.4000,66.00,0.3900,67.47,0.3800,66.00,0.4300,617.25,0.4400,74.47,0.4500,36.00,0.4600,84.00,0.4700,71.00,882.72,229.47,1112.19,229.47,882.72,1112.19,0.0100,0.0100,0.5874,-0.5874,0.5798,0.4202,0.7836,0.1307,0.1307,0.7836,94.7190,-22.5005,-22.5005,94.7190
btc-updown-5m-1780094400,1780094516000,184,73372.85,73468.57,95.72,0.0000,0.0000,0.0770,0.0780,0.0040,0.3210,0.002319,0.0799,0.9640,73469.34,0.0000,-0.0011,0.0130,0.0000,0.5700,145.62,0.5600,26.00,0.5500,41.00,0.5400,84.00,0.5300,31.00,0.5800,73.48,0.5900,20.00,0.6000,45.00,0.6100,46.47,0.6200,66.00,0.4200,73.48,0.4100,20.00,0.4000,45.00,0.3900,46.47,0.3800,66.00,0.4300,145.62,0.4400,26.00,0.4500,41.00,0.4600,84.00,0.4700,31.00,327.62,250.95,578.57,250.95,327.62,578.57,0.0100,0.0100,0.1325,-0.1325,0.5766,0.4234,0.5238,0.3725,0.3725,0.5238,-24.2005,9.5230,9.5198,-24.1924
btc-updown-5m-1780094400,1780094517000,183,73374.16,73468.57,94.41,0.0000,0.0000,0.0000,0.0780,0.0040,0.3210,0.002319,0.0799,0.0000,73469.34,0.0000,-0.0011,0.0000,0.0000,0.5400,9.41,0.5300,15.00,0.5200,97.00,0.5100,31.00,0.5000,26.00,0.5600,458.06,0.5700,67.70,0.5800,61.00,0.5900,67.13,0.6000,61.00,0.4400,458.06,0.4300,67.70,0.4200,61.00,0.4100,67.13,0.4000,61.00,0.4600,9.41,0.4700,15.00,0.4800,97.00,0.4900,31.00,0.5000,26.00,178.41,714.89,893.30,714.89,178.41,893.30,0.0200,0.0200,-0.6006,0.6006,0.5404,0.4596,0.1368,0.7354,0.7354,0.1368,-48.3390,85.7688,85.7978,-48.3553
btc-updown-5m-1780094400,1780094518000,182,73374.12,73468.57,94.45,0.0000,0.0000,0.0001,0.0780,0.0040,0.3207,0.002319,0.0799,0.0010,73469.34,0.0000,-0.0011,0.0000,0.0000,0.5400,7.23,0.5300,20.00,0.5200,81.00,0.5100,23.00,0.5000,26.00,0.5500,398.95,0.5600,81.00,0.5700,61.85,0.5800,56.00,0.5900,56.00,0.4500,398.95,0.4400,81.00,0.4300,61.85,0.4200,56.00,0.4100,56.00,0.4600,7.23,0.4700,20.00,0.4800,81.00,0.4900,23.00,0.5000,26.00,157.23,653.80,811.03,653.80,157.23,811.03,0.0100,0.0100,-0.6123,0.6123,0.5402,0.4598,0.1732,0.7341,0.7341,0.1732,-72.0291,93.5901,93.5901,-72.0291
btc-updown-5m-1780094400,1780094519000,181,73374.12,73468.56,94.44,-0.0000,-0.0000,0.0002,0.0783,0.0060,0.3210,0.002318,0.0794,0.0026,73469.29,-0.0000,-0.0010,-0.0129,-0.0000,0.5300,20.00,0.5200,81.00,0.5100,15.00,0.5000,31.03,0.4900,36.00,0.5500,384.29,0.5600,88.00,0.5700,66.00,0.5800,56.00,0.5900,56.00,0.4500,384.29,0.4400,88.00,0.4300,66.00,0.4200,56.00,0.4100,56.00,0.4700,20.00,0.4800,81.00,0.4900,15.00,0.5000,31.03,0.5100,36.00,183.03,650.29,833.32,650.29,183.03,833.32,0.0200,0.0200,-0.5607,0.5607,0.5310,0.4690,0.5518,0.7263,0.7263,0.5518,-58.3931,90.7276,90.7442,-58.4037
btc-updown-5m-1780094400,1780094520000,180,73373.66,73468.56,94.90,0.0000,0.0000,0.0020,0.0793,0.0040,0.3210,0.002318,0.0795,0.0253,73469.29,-0.0000,-0.0010,0.0000,0.0000,0.5300,38.00,0.5200,86.00,0.5100,20.00,0.5000,26.00,0.4900,36.00,0.5400,326.21,0.5500,91.68,0.5600,118.00,0.5700,66.00,0.5800,56.00,0.4600,326.21,0.4500,91.68,0.4400,118.00,0.4300,66.00,0.4200,56.00,0.4700,38.00,0.4800,86.00,0.4900,20.00,0.5000,26.00,0.5100,36.00,206.00,657.89,863.89,657.89,206.00,863.89,0.0100,0.0100,-0.5231,0.5231,0.5310,0.4690,0.6019,0.6352,0.6352,0.6019,-48.2288,94.2619,94.2451,-48.2202
btc-updown-5m-1780094400,1780094521000,179,73373.51,73468.57,95.06,0.0000,0.0000,0.0137,0.0160,0.0040,0.3213,0.002319,0.0799,0.1712,73469.29,0.0000,-0.0010,0.0129,0.0000,0.5200,10.08,0.5100,4.00,0.5000,10.00,0.4900,41.13,0.4800,31.20,0.5300,288.44,0.5400,80.35,0.5500,90.90,0.5600,98.00,0.5700,71.00,0.4700,288.44,0.4600,80.35,0.4500,90.90,0.4400,98.00,0.4300,71.00,0.4800,10.08,0.4900,4.00,0.5000,10.00,0.5100,41.13,0.5200,31.20,96.41,628.69,725.10,628.69,96.41,725.10,0.0100,0.0100,-0.7341,0.7341,0.5203,0.4797,0.1460,0.5866,0.5866,0.1460,-147.4285,40.2779,40.2582,-147.8464
btc-updown-5m-1780094400,1780094522000,178,73373.65,73468.57,94.92,0.0000,0.0000,0.0005,0.0164,0.0040,0.3210,0.002319,0.0800,0.0058,73469.29,0.0000,-0.0010,0.0000,0.0000,0.5100,11.43,0.5000,25.03,0.4900,36.00,0.4800,31.20,0.4700,147.70,0.5200,211.55,0.5300,92.87,0.5400,112.82,0.5500,95.90,0.5600,98.00,0.4800,211.55,0.4700,92.87,0.4600,112.82,0.4500,95.90,0.4400,98.00,0.4900,11.43,0.5000,25.03,0.5100,36.00,0.5200,31.20,0.5300,147.70,251.36,611.14,862.50,611.14,251.36,862.50,0.0100,0.0100,-0.4171,0.4171,0.5105,0.4895,0.1451,0.4981,0.4981,0.1451,-13.1483,61.8034,61.7928,-13.1460
btc-updown-5m-1780094400,1780094523000,177,73373.60,73468.56,94.96,-0.0000,-0.0000,0.0001,0.0165,0.0060,0.3213,0.002319,0.0788,0.0014,73469.17,-0.0000,-0.0008,-0.0129,-0.0000,0.4700,163.70,0.4600,70.45,0.4500,55.78,0.4400,41.84,0.4300,46.30,0.4800,34.88,0.4900,149.86,0.5000,98.13,0.5100,61.13,0.5200,98.91,0.5200,34.88,0.5100,149.86,0.5000,98.13,0.4900,61.13,0.4800,98.91,0.5300,163.70,0.5400,70.45,0.5500,55.78,0.5600,41.84,0.5700,46.30,378.07,442.91,820.98,442.91,378.07,820.98,0.0100,0.0100,-0.0790,0.0790,0.4782,0.5218,0.6193,0.4171,0.4171,0.6193,38.4263,-41.6982,-41.6982,38.4263
btc-updown-5m-1780094400,1780094524000,176,73373.65,73468.56,94.91,0.0000,0.0000,0.0908,0.1071,0.0060,0.3213,0.002318,0.0818,1.1108,73469.14,-0.0000,-0.0008,0.0000,0.0000,0.5000,57.32,0.4900,26.00,0.4800,31.23,0.4700,148.06,0.4600,61.20,0.5100,150.00,0.5200,69.08,0.5300,85.02,0.5400,56.00,0.5500,69.00,0.4900,150.00,0.4800,69.08,0.4700,85.02,0.4600,56.00,0.4500,69.00,0.5000,57.32,0.5100,26.00,0.5200,31.23,0.5300,148.06,0.5400,61.20,323.81,429.10,752.91,429.10,323.81,752.91,0.0100,0.0100,-0.1398,0.1398,0.5028,0.4972,0.2573,0.5106,0.5106,0.2573,25.4852,-40.0416,-40.0561,25.4944
btc-updown-5m-1780094400,1780094525000,175,73373.65,73468.56,94.91,0.0000,0.0000,0.0129,0.1180,0.0080,0.3213,0.002319,0.0803,0.1608,73468.93,-0.0000,-0.0005,0.0000,0.0000,0.5000,317.58,0.4900,33.16,0.4800,31.23,0.4700,162.31,0.4600,91.20,0.5200,24.02,0.5300,62.00,0.5400,26.00,0.5500,82.00,0.5600,56.00,0.4800,24.02,0.4700,62.00,0.4600,26.00,0.4500,82.00,0.4400,56.00,0.5000,317.58,0.5100,33.16,0.5200,31.23,0.5300,162.31,0.5400,91.20,635.48,250.02,885.50,250.02,635.48,885.50,0.0200,0.0200,0.4353,-0.4353,0.5186,0.4814,0.5519,0.3441,0.3441,0.5519,77.5483,-73.2742,-73.3002,77.5758
btc-updown-5m-1780094400,1780094526000,174,73373.65,73468.56,94.91,0.0000,-0.0000,0.0007,0.1050,0.0060,0.3210,0.002318,0.0792,0.0085,73468.81,-0.0000,-0.0003,0.0000,0.0000,0.5100,220.96,0.5000,39.62,0.4900,26.00,0.4800,26.00,0.4700,143.06,0.5300,25.00,0.5400,36.46,0.5500,82.00,0.5600,56.00,0.5700,66.00,0.4700,25.00,0.4600,36.46,0.4500,82.00,0.4400,56.00,0.4300,66.00,0.4900,220.96,0.5000,39.62,0.5100,26.00,0.5200,26.00,0.5300,143.06,455.64,265.46,721.10,265.46,455.64,721.10,0.0200,0.0200,0.2637,-0.2637,0.5280,0.4720,0.5719,0.2315,0.2315,0.5719,44.9749,-49.6449,-49.6449,44.9749
btc-updown-5m-1780094400,1780094527000,173,73373.61,73468.56,94.95,0.0000,-0.0000,0.0000,0.1045,0.0060,0.3207,0.002318,0.0788,0.0000,73468.76,-0.0000,-0.0003,0.0000,0.0000,0.5200,126.17,0.5100,264.38,0.5000,31.02,0.4900,26.00,0.4800,26.00,0.5300,50.00,0.5400,31.00,0.5500,57.58,0.5600,56.00,0.5700,66.00,0.4700,50.00,0.4600,31.00,0.4500,57.58,0.4400,56.00,0.4300,66.00,0.4800,126.17,0.4900,264.38,0.5000,31.02,0.5100,26.00,0.5200,26.00,473.57,260.58,734.15,260.58,473.57,734.15,0.0100,0.0100,0.2901,-0.2901,0.5272,0.4728,0.8247,0.3108,0.3108,0.8247,70.1041,-68.4219,-68.4092,70.0911
btc-updown-5m-1780094400,1780094528000,172,73373.61,73468.56,94.95,0.0000,0.0000,0.0000,0.1044,0.0040,0.3207,0.002318,0.0788,0.0000,73468.75,0.0000,-0.0003,0.0000,0.0000,0.5200,181.78,0.5100,255.17,0.5000,26.00,0.4900,26.00,0.4800,40.25,0.5300,10.00,0.5400,50.46,0.5500,82.00,0.5600,56.00,0.5700,66.00,0.4700,10.00,0.4600,50.46,0.4500,82.00,0.4400,56.00,0.4300,66.00,0.4800,181.78,0.4900,255.17,0.5000,26.00,0.5100,26.00,0.5200,40.25,529.20,264.46,793.66,264.46,529.20,793.66,0.0100,0.0100,0.3336,-0.3336,0.5295,0.4705,0.8257,0.2286,0.2286,0.8257,50.9872,-59.3676,-59.3676,50.9872
btc-updown-5m-1780094400,1780094529000,171,73373.61,73468.57,94.96,0.0000,0.0000,0.1210,0.1346,0.0040,0.3207,0.002319,0.0827,1.4639,73468.74,0.0000,-0.0002,0.0129,0.0000,0.5300,54.68,0.5200,38.00,0.5100,236.00,0.5000,26.00,0.4900,26.00,0.5400,51.98,0.5500,66.58,0.5600,56.00,0.5700,71.00,0.5800,66.00,0.4600,51.98,0.4500,66.58,0.4400,56.00,0.4300,71.00,0.4200,66.00,0.4700,54.68,0.4800,38.00,0.4900,236.00,0.5000,26.00,0.5100,26.00,380.68,311.56,692.24,311.56,380.68,692.24,0.0100,0.0100,0.0998,-0.0998,0.5351,0.4649,0.2435,0.3805,0.3805,0.2435,-16.4072,9.7966,9.7947,-16.4040
btc-updown-5m-1780094400,1780094530000,170,73373.62,73468.56,94.94,-0.0000,0.0000,0.0847,0.2064,0.0040,0.3207,0.002319,0.0841,1.0065,73468.59,-0.0000,-0.0000,-0.0129,-0.0000,0.5100,311.66,0.5000,43.03,0.4900,26.00,0.4800,45.35,0.4700,148.26,0.5200,140.00,0.5300,22.00,0.5400,69.44,0.5500,89.00,0.5600,98.00,0.4800,140.00,0.4700,22.00,0.4600,69.44,0.4500,89.00,0.4400,98.00,0.4900,311.66,0.5000,43.03,0.5100,26.00,0.5200,45.35,0.5300,148.26,574.30,418.44,992.74,418.44,574.30,992.74,0.0100,0.0100,0.1570,-0.1570,0.5169,0.4831,0.6176,0.3872,0.3872,0.6176,55.5289,27.3464,27.4114,55.6607
btc-updown-5m-1780094400,1780094531000,169,73373.61,73468.57,94.96,0.0000,0.0000,0.0057,0.2114,0.0060,0.3210,0.002319,0.0840,0.0683,73468.56,0.0000,0.0000,0.0129,0.0000,0.5100,363.85,0.5000,31.03,0.4900,26.00,0.4800,45.35,0.4700,148.26,0.5200,35.00,0.5300,15.00,0.5400,39.44,0.5500,89.00,0.5600,103.71,0.4800,35.00,0.4700,15.00,0.4600,39.44,0.4500,89.00,0.4400,103.71,0.4900,363.85,0.5000,31.03,0.5100,26.00,0.5200,45.35,0.5300,148.26,614.49,282.15,896.64,282.15,614.49,896.64,0.0100,0.0100,0.3707,-0.3707,0.5191,0.4809,0.6426,0.1772,0.1772,0.6426,-0.1516,14.3451,14.3451,-0.1516
btc-updown-5m-1780094400,1780094532000,168,73373.65,73468.57,94.92,0.0000,0.0000,0.0010,0.2124,0.0060,0.0047,0.000008,0.0840,0.0120,73468.56,0.0000,0.0000,0.0000,0.0000,0.5100,438.95,0.5000,42.51,0.4900,40.25,0.4800,31.10,0.4700,148.26,0.5200,30.97,0.5300,20.00,0.5400,26.44,0.5500,79.00,0.5600,103.71,0.4800,30.97,0.4700,20.00,0.4600,26.44,0.4500,79.00,0.4400,103.71,0.4900,438.95,0.5000,42.51,0.5100,40.25,0.5200,31.10,0.5300,148.26,701.07,260.12,961.19,260.12,701.07,961.19,0.0100,0.0100,0.4588,-0.4588,0.5193,0.4807,0.6868,0.1959,0.1959,0.6868,42.0401,-0.9147,-0.9149,42.0473
btc-updown-5m-1780094400,1780094533000,167,73373.28,73468.57,95.29,0.0000,0.0000,0.0001,0.2126,0.0060,0.0043,0.000008,0.0166,0.0078,73468.56,0.0000,0.0000,0.0000,0.0000,0.5200,196.35,0.5100,362.77,0.5000,26.00,0.4900,26.00,0.4800,31.10,0.5300,40.00,0.5400,120.00,0.5500,76.60,0.5600,61.00,0.5700,56.00,0.4700,40.00,0.4600,120.00,0.4500,76.60,0.4400,61.00,0.4300,56.00,0.4800,196.35,0.4900,362.77,0.5000,26.00,0.5100,26.00,0.5200,31.10,642.22,353.60,995.82,353.60,642.22,995.82,0.0100,0.0100,0.2898,-0.2898,0.5283,0.4717,0.8706,0.4525,0.4525,0.8706,30.8565,26.0689,26.0643,30.8511
btc-updown-5m-1780094400,1780094534000,166,73373.28,73468.56,95.28,-0.0000,-0.0000,0.0039,0.0954,0.0060,0.0043,0.000008,0.0167,0.2339,73468.56,-0.0000,-0.0000,-0.0130,-0.0000,0.5200,85.11,0.5100,267.77,0.5000,31.01,0.4900,26.00,0.4800,31.10,0.5300,43.11,0.5400,27.00,0.5500,81.60,0.5600,61.00,0.5700,56.00,0.4700,43.11,0.4600,27.00,0.4500,81.60,0.4400,61.00,0.4300,56.00,0.4800,85.11,0.4900,267.77,0.5000,31.01,0.5100,26.00,0.5200,31.10,440.99,268.71,709.70,268.71,440.99,709.70,0.0100,0.0100,0.2428,-0.2428,0.5266,0.4734,0.8002,0.2609,0.2609,0.8002,-14.9458,0.7201,0.7200,-14.9432
btc-updown-5m-1780094400,1780094535000,165,73373.33,73468.56,95.23,0.0000,0.0000,0.0000,0.0108,0.0040,0.0043,0.000008,0.0166,0.0000,73468.56,-0.0000,-0.0000,0.0000,0.0000,0.5200,41.00,0.5100,257.77,0.5000,31.00,0.4900,26.00,0.4800,31.10,0.5300,122.56,0.5400,32.44,0.5500,81.60,0.5600,36.69,0.5700,56.00,0.4700,122.56,0.4600,32.44,0.4500,81.60,0.4400,36.69,0.4300,56.00,0.4800,41.00,0.4900,257.77,0.5000,31.00,0.5100,26.00,0.5200,31.10,386.87,329.29,716.16,329.29,386.87,716.16,0.0100,0.0100,0.0804,-0.0804,0.5225,0.4775,0.7723,0.4707,0.4707,0.7723,6.4106,-2.5748,-2.5753,6.4118
btc-updown-5m-1780094400,1780094536000,164,73373.37,73468.56,95.19,0.0000,-0.0000,0.0794,0.0845,0.0020,0.0043,0.000008,0.0192,4.1408,73468.56,-0.0000,-0.0000,0.0000,0.0000,0.5200,28.16,0.5100,252.77,0.5000,36.01,0.4900,26.00,0.4800,31.10,0.5300,133.56,0.5400,63.44,0.5500,86.60,0.5600,61.00,0.5700,56.00,0.4700,133.56,0.4600,63.44,0.4500,86.60,0.4400,61.00,0.4300,56.00,0.4800,28.16,0.4900,252.77,0.5000,36.01,0.5100,26.00,0.5200,31.10,374.04,400.60,774.64,400.60,374.04,774.64,0.0100,0.0100,-0.0343,0.0343,0.5217,0.4783,0.7511,0.4918,0.4918,0.7511,-35.0227,-3.1200,-3.1194,-35.0166
btc-updown-5m-1780094400,1780094537000,163,73373.37,73468.57,95.20,0.0000,0.0000,0.0037,0.0871,0.0040,0.0047,0.000008,0.0193,0.1896,73468.56,0.0000,0.0000,0.0130,0.0000,0.5200,625.84,0.5100,240.77,0.5000,26.00,0.4900,56.00,0.4800,61.10,0.5400,16.71,0.5500,45.16,0.5600,57.00,0.5700,26.00,0.5800,36.00,0.4600,16.71,0.4500,45.16,0.4400,57.00,0.4300,26.00,0.4200,36.00,0.4800,625.84,0.4900,240.77,0.5000,26.00,0.5100,56.00,0.5200,61.10,1009.71,180.87,1190.58,180.87,1009.71,1190.58,0.0200,0.0200,0.6962,-0.6962,0.5395,0.4605,0.8583,0.3421,0.3421,0.8583,62.9749,-16.1702,-16.1603,62.9364
btc-updown-5m-1780094400,1780094538000,162,73373.37,73468.57,95.20,0.0000,0.0000,0.0075,0.0945,0.0060,0.0050,0.000008,0.0195,0.3842,73468.56,0.0000,0.0000,0.0000,0.0000,0.5400,296.42,0.5300,26.00,0.5200,46.00,0.5100,270.77,0.5000,56.00,0.5500,20.18,0.5600,33.69,0.5700,215.00,0.5800,36.96,0.5900,251.00,0.4500,20.18,0.4400,33.69,0.4300,215.00,0.4200,36.96,0.4100,251.00,0.4600,296.42,0.4700,26.00,0.4800,46.00,0.4900,270.77,0.5000,56.00,695.19,556.83,1252.02,556.83,695.19,1252.02,0.0100,0.0100,0.1105,-0.1105,0.5494,0.4506,0.4638,0.0967,0.0967,0.4638,-0.9714,49.0187,49.0106,-0.9713
btc-updown-5m-1780094400,1780094539000,161,73373.57,73468.57,95.00,0.0000,0.0000,0.0248,0.1154,0.0060,0.0050,0.000008,0.0203,1.2180,73468.56,0.0000,0.0000,0.0000,0.0000,0.5400,286.60,0.5300,38.00,0.5200,26.00,0.5100,264.68,0.5000,56.00,0.5500,27.17,0.5600,41.69,0.5700,226.00,0.5800,26.00,0.5900,246.00,0.4500,27.17,0.4400,41.69,0.4300,226.00,0.4200,26.00,0.4100,246.00,0.4600,286.60,0.4700,38.00,0.4800,26.00,0.4900,264.68,0.5000,56.00,671.28,566.86,1238.14,566.86,671.28,1238.14,0.0100,0.0100,0.0843,-0.0843,0.5491,0.4509,0.4836,0.1215,0.1215,0.4836,5.2952,38.8593,38.8593,5.2952
btc-updown-5m-1780094400,1780094540000,160,73373.57,73468.56,94.99,-0.0000,0.0000,0.0056,0.1210,0.0080,0.0053,0.000009,0.0173,0.3239,73468.56,-0.0000,-0.0000,-0.0129,-0.0000,0.5400,457.28,0.5300,43.00,0.5200,26.00,0.5100,234.68,0.5000,56.00,0.5500,23.59,0.5600,68.69,0.5700,231.00,0.5800,26.00,0.5900,246.00,0.4500,23.59,0.4400,68.69,0.4300,231.00,0.4200,26.00,0.4100,246.00,0.4600,457.28,0.4700,43.00,0.4800,26.00,0.4900,234.68,0.5000,56.00,816.96,595.28,1412.24,595.28,816.96,1412.24,0.0100,0.0100,0.1570,-0.1570,0.5495,0.4505,0.6124,0.1550,0.1550,0.6124,79.6906,49.2848,49.2757,79.6758
btc-updown-5m-1780094400,1780094541000,159,73373.57,73468.57,95.00,0.0000,0.0000,0.0206,0.0621,0.0100,0.0053,0.000009,0.0180,1.1440,73468.56,0.0000,0.0000,0.0129,0.0000,0.5400,290.30,0.5300,54.62,0.5200,26.00,0.5100,234.68,0.5000,56.00,0.5500,21.79,0.5600,68.69,0.5700,231.00,0.5800,31.96,0.5900,246.00,0.4500,21.79,0.4400,68.69,0.4300,231.00,0.4200,31.96,0.4100,246.00,0.4600,290.30,0.4700,54.62,0.4800,26.00,0.4900,234.68,0.5000,56.00,661.60,599.44,1261.04,599.44,661.60,1261.04,0.0100,0.0100,0.0493,-0.0493,0.5493,0.4507,0.5213,0.1509,0.1509,0.5213,59.2541,40.9726,40.9979,59.2907
btc-updown-5m-1780094400,1780094542000,158,73373.57,73468.57,95.00,0.0000,0.0000,0.0000,0.0585,0.0080,0.0053,0.000009,0.0180,0.0000,73468.56,0.0000,0.0000,0.0000,0.0000,0.5400,290.30,0.5300,54.62,0.5200,26.00,0.5100,234.68,0.5000,56.00,0.5500,21.79,0.5600,68.69,0.5700,231.00,0.5800,31.96,0.5900,246.00,0.4500,21.79,0.4400,68.69,0.4300,231.00,0.4200,31.96,0.4100,246.00,0.4600,290.30,0.4700,54.62,0.4800,26.00,0.4900,234.68,0.5000,56.00,661.60,599.44,1261.04,599.44,661.60,1261.04,0.0100,0.0100,0.0493,-0.0493,0.5493,0.4507,0.5213,0.1509,0.1509,0.5213,-61.5828,109.9895,110.0474,-61.6153
btc-updown-5m-1780094400,1780094543000,157,73373.62,73468.57,94.95,0.0000,0.0000,0.0000,0.0509,0.0060,0.0053,0.000009,0.0180,0.0000,73468.56,0.0000,0.0000,0.0000,0.0000,0.5400,161.49,0.5300,20.00,0.5200,38.00,0.5100,234.68,0.5000,70.25,0.5500,78.04,0.5600,62.00,0.5700,243.00,0.5800,26.00,0.5900,246.00,0.4500,78.04,0.4400,62.00,0.4300,243.00,0.4200,26.00,0.4100,246.00,0.4600,161.49,0.4700,20.00,0.4800,38.00,0.4900,234.68,0.5000,70.25,524.42,655.04,1179.46,655.04,524.42,1179.46,0.0100,0.0100,-0.1107,0.1107,0.5467,0.4533,0.3461,0.2138,0.2138,0.3461,-66.7231,82.1050,82.1328,-66.7457
btc-updown-5m-1780094400,1780094544000,156,73373.63,73468.56,94.93,-0.0000,-0.0000,0.2007,0.2269,0.0060,0.0057,0.000009,0.0244,8.2121,73468.56,-0.0000,-0.0000,-0.0129,-0.0000,0.5400,161.49,0.5300,20.00,0.5200,38.00,0.5100,234.68,0.5000,70.25,0.5500,78.04,0.5600,62.00,0.5700,243.00,0.5800,26.00,0.5900,246.00,0.4500,78.04,0.4400,62.00,0.4300,243.00,0.4200,26.00,0.4100,246.00,0.4600,161.49,0.4700,20.00,0.4800,38.00,0.4900,234.68,0.5000,70.25,524.42,655.04,1179.46,655.04,524.42,1179.46,0.0100,0.0100,-0.1107,0.1107,0.5467,0.4533,0.3461,0.2138,0.2138,0.3461,-33.5501,19.2947,19.2947,-33.5501
btc-updown-5m-1780094400,1780094545000,155,73373.58,73468.56,94.98,0.0000,0.0000,0.0547,0.2760,0.0040,0.0053,0.000009,0.0262,2.0880,73468.56,-0.0000,-0.0000,0.0000,0.0000,0.5400,226.99,0.5300,25.00,0.5200,38.00,0.5100,234.68,0.5000,70.25,0.5500,327.00,0.5600,67.00,0.5700,243.00,0.5800,26.00,0.5900,246.00,0.4500,327.00,0.4400,67.00,0.4300,243.00,0.4200,26.00,0.4100,246.00,0.4600,226.99,0.4700,25.00,0.4800,38.00,0.4900,234.68,0.5000,70.25,594.92,909.00,1503.92,909.00,594.92,1503.92,0.0100,0.0100,-0.2088,0.2088,0.5441,0.4559,0.4236,0.4334,0.4334,0.4236,-44.3105,62.6063,62.6188,-44.3194
btc-updown-5m-1780094400,1780094546000,154,73373.58,73468.56,94.98,0.0000,-0.0000,0.0000,0.2554,0.0020,0.0050,0.000008,0.0262,0.0000,73468.56,-0.0000,-0.0000,0.0000,0.0000,0.5400,241.99,0.5300,25.00,0.5200,38.00,0.5100,234.68,0.5000,56.00,0.5500,378.59,0.5600,67.00,0.5700,243.00,0.5800,26.00,0.5900,246.00,0.4500,378.59,0.4400,67.00,0.4300,243.00,0.4200,26.00,0.4100,246.00,0.4600,241.99,0.4700,25.00,0.4800,38.00,0.4900,234.68,0.5000,56.00,595.67,960.59,1556.26,960.59,595.67,1556.26,0.0100,0.0100,-0.2345,0.2345,0.5439,0.4561,0.4482,0.4639,0.4639,0.4482,-41.0480,67.7629,67.7755,-41.0557
btc-updown-5m-1780094400,1780094547000,153,73373.58,73468.56,94.98,0.0000,-0.0000,0.0000,0.2554,0.0020,0.0050,0.000008,0.0237,0.0000,73468.56,0.0000,-0.0000,0.0000,0.0000,0.5100,173.68,0.4900,5.11,0.4800,10.00,0.4700,127.06,0.4600,35.00,0.5300,33.96,0.5400,100.00,0.5500,756.61,0.5600,305.84,0.5700,261.82,0.4700,33.96,0.4600,100.00,0.4500,756.61,0.4400,305.84,0.4300,261.82,0.4900,173.68,0.5100,5.11,0.5200,10.00,0.5300,127.06,0.5400,35.00,350.85,1458.23,1809.08,1458.23,350.85,1809.08,0.0200,0.0200,-0.6121,0.6121,0.5267,0.4733,0.5096,0.0919,0.0919,0.5096,-4.0460,186.1681,185.7496,-4.0369
btc-updown-5m-1780094400,1780094548000,152,73373.72,73468.57,94.85,0.0000,0.0000,0.0079,0.2633,0.0040,0.0053,0.000009,0.0239,0.3303,73468.56,0.0000,0.0000,0.0129,0.0000,0.5100,7.83,0.5000,10.98,0.4800,10.00,0.4700,127.06,0.4600,40.44,0.5200,813.70,0.5300,119.29,0.5400,156.00,0.5500,305.54,0.5600,131.00,0.4800,813.70,0.4700,119.29,0.4600,156.00,0.4500,305.54,0.4400,131.00,0.4900,7.83,0.5000,10.98,0.5200,10.00,0.5300,127.06,0.5400,40.44,196.31,1525.53,1721.84,1525.53,196.31,1721.84,0.0100,0.0100,-0.7720,0.7720,0.5101,0.4899,0.0958,0.6116,0.6116,0.0958,-32.4798,168.2734,168.2734,-32.4798
btc-updown-5m-1780094400,1780094549000,151,73373.08,73466.47,93.39,-0.0029,-0.0028,0.2024,0.2651,0.4220,0.0750,0.000513,0.0305,6.6423,73468.11,-0.0016,-0.0022,-2.6694,-0.0000,0.4800,4.74,0.4700,111.62,0.4600,40.00,0.4500,29.45,0.4400,26.00,0.4900,595.29,0.5000,76.00,0.5100,99.47,0.5200,101.00,0.5300,91.96,0.5100,595.29,0.5000,76.00,0.4900,99.47,0.4800,101.00,0.4700,91.96,0.5200,4.74,0.5300,111.62,0.5400,40.00,0.5500,29.45,0.5600,26.00,211.81,963.72,1175.53,963.72,211.81,1175.53,0.0100,0.0100,-0.6396,0.6396,0.4801,0.5199,0.5494,0.6966,0.6966,0.5494,-44.7293,47.2502,47.2427,-44.7222
btc-updown-5m-1780094400,1780094550000,150,73373.08,73466.47,93.39,0.0000,-0.0028,0.0338,0.2441,0.4220,0.0750,0.000513,0.0316,1.0710,73468.06,-0.0006,-0.0022,0.0000,0.0000,0.4700,110.96,0.4600,35.00,0.4500,39.45,0.4400,23.00,0.4300,36.00,0.4800,328.50,0.4900,56.00,0.5000,41.00,0.5100,34.36,0.5200,101.00,0.5200,328.50,0.5100,56.00,0.5000,41.00,0.4900,34.36,0.4800,101.00,0.5300,110.96,0.5400,35.00,0.5500,39.45,0.5600,23.00,0.5700,36.00,244.41,560.86,805.27,560.86,244.41,805.27,0.0100,0.0100,-0.3930,0.3930,0.4725,0.5275,0.5972,0.6856,0.6856,0.5972,-61.6069,-66.8057,-66.8057,-61.6069
btc-updown-5m-1780094400,1780094551000,149,73371.72,73466.47,94.75,0.0000,-0.0028,0.0000,0.2441,0.4220,0.0747,0.000513,0.0315,0.0000,73468.06,-0.0001,-0.0022,0.0000,0.0000,0.4700,110.96,0.4600,35.00,0.4500,39.45,0.4400,23.00,0.4300,36.00,0.4800,328.50,0.4900,56.00,0.5000,41.00,0.5100,34.36,0.5200,101.00,0.5200,328.50,0.5100,56.00,0.5000,41.00,0.4900,34.36,0.4800,101.00,0.5300,110.96,0.5400,35.00,0.5500,39.45,0.5600,23.00,0.5700,36.00,244.41,560.86,805.27,560.86,244.41,805.27,0.0100,0.0100,-0.3930,0.3930,0.4725,0.5275,0.5972,0.6856,0.6856,0.5972,-70.9247,-70.4452,-70.4452,-70.9247
btc-updown-5m-1780094400,1780094552000,148,73371.22,73466.47,95.25,0.0000,-0.0028,0.0002,0.2443,0.4220,0.0747,0.000513,0.0311,0.0061,73468.05,-0.0001,-0.0021,0.0000,0.0000,0.4700,55.87,0.4600,45.00,0.4500,33.73,0.4400,38.17,0.4300,41.30,0.4800,366.55,0.4900,111.21,0.5000,41.00,0.5100,64.36,0.5200,101.00,0.5200,366.55,0.5100,111.21,0.5000,41.00,0.4900,64.36,0.4800,101.00,0.5300,55.87,0.5400,45.00,0.5500,33.73,0.5600,38.17,0.5700,41.30,214.07,684.12,898.19,684.12,214.07,898.19,0.0100,0.0100,-0.5233,0.5233,0.4713,0.5287,0.4712,0.6984,0.6984,0.4712,-61.7743,-46.7295,-46.7295,-61.7743
btc-updown-5m-1780094400,1780094553000,147,73371.33,73466.47,95.14,0.0000,-0.0029,0.0001,0.2366,0.4200,0.0743,0.000513,0.0310,0.0048,73468.05,-0.0001,-0.0021,0.0000,0.0000,0.4700,80.00,0.4600,45.44,0.4500,38.73,0.4400,10.00,0.4300,37.17,0.4800,387.65,0.4900,38.03,0.5000,46.01,0.5100,82.00,0.5200,101.00,0.5200,387.65,0.5100,38.03,0.5000,46.01,0.4900,82.00,0.4800,101.00,0.5300,80.00,0.5400,45.44,0.5500,38.73,0.5600,10.00,0.5700,37.17,211.34,654.69,866.03,654.69,211.34,866.03,0.0100,0.0100,-0.5119,0.5119,0.4717,0.5283,0.5935,0.6502,0.6502,0.5935,-5.8032,-137.7945,-137.8637,-5.8061
btc-updown-5m-1780094400,1780094554000,146,73371.33,73466.47,95.14,0.0000,0.0000,0.0062,0.0403,0.0020,0.0743,0.000513,0.0312,0.1978,73468.04,0.0000,-0.0021,0.0000,0.0000,0.4700,62.64,0.4600,45.44,0.4500,38.73,0.4400,22.17,0.4300,51.00,0.4800,188.34,0.4900,43.19,0.5000,36.01,0.5100,82.00,0.5200,101.00,0.5200,188.34,0.5100,43.19,0.5000,36.01,0.4900,82.00,0.4800,101.00,0.5300,62.64,0.5400,45.44,0.5500,38.73,0.5600,22.17,0.5700,51.00,219.98,450.54,670.52,450.54,219.98,670.52,0.0100,0.0100,-0.3439,0.3439,0.4725,0.5275,0.4913,0.5139,0.5139,0.4913,3.0622,-155.3403,-155.3403,3.0622
btc-updown-5m-1780094400,1780094555000,145,73371.44,73466.47,95.03,0.0000,0.0000,0.0000,0.0065,0.0020,0.0740,0.000513,0.0283,0.0000,73467.98,0.0000,-0.0021,0.0000,0.0000,0.4700,32.64,0.4600,45.44,0.4500,33.73,0.4400,10.00,0.4300,51.00,0.4800,124.16,0.4900,48.19,0.5000,36.01,0.5100,82.00,0.5200,101.00,0.5200,124.16,0.5100,48.19,0.5000,36.01,0.4900,82.00,0.4800,101.00,0.5300,32.64,0.5400,45.44,0.5500,33.73,0.5600,10.00,0.5700,51.00,172.81,391.36,564.17,391.36,172.81,564.17,0.0100,0.0100,-0.3874,0.3874,0.4721,0.5279,0.4518,0.4404,0.4404,0.4518,-5.2445,-172.9170,-172.9474,-5.2455
btc-updown-5m-1780094400,1780094556000,144,73371.02,73466.47,95.45,0.0000,0.0000,0.0283,0.0348,0.0040,0.0743,0.000513,0.0288,0.9816,73467.93,0.0000,-0.0020,0.0000,0.0000,0.5000,10.00,0.4900,40.00,0.4800,62.50,0.4600,30.00,0.4500,120.00,0.5200,69.57,0.5300,29.96,0.5400,66.00,0.5500,455.54,0.5600,52.00,0.4800,69.57,0.4700,29.96,0.4600,66.00,0.4500,455.54,0.4400,52.00,0.5000,10.00,0.5100,40.00,0.5200,62.50,0.5400,30.00,0.5500,120.00,262.50,673.07,935.57,673.07,262.50,935.57,0.0200,0.0200,-0.4388,0.4388,0.5025,0.4975,0.1905,0.1479,0.1479,0.1905,2.9891,18.5410,18.5440,2.9896
btc-updown-5m-1780094400,1780094557000,143,73371.29,73466.47,95.18,0.0000,0.0000,0.0002,0.0348,0.0040,0.0743,0.000513,0.0288,0.0056,73467.93,0.0000,-0.0020,0.0000,0.0000,0.5400,248.39,0.5300,76.33,0.5200,88.00,0.5100,46.00,0.5000,61.01,0.5500,423.74,0.5600,57.69,0.5700,241.00,0.5800,26.00,0.5900,246.00,0.4500,423.74,0.4400,57.69,0.4300,241.00,0.4200,26.00,0.4100,246.00,0.4600,248.39,0.4700,76.33,0.4800,88.00,0.4900,46.00,0.5000,61.01,519.73,994.43,1514.16,994.43,519.73,1514.16,0.0100,0.0100,-0.3135,0.3135,0.5437,0.4563,0.6248,0.4841,0.4841,0.6248,42.8045,85.4534,85.4687,42.8122
btc-updown-5m-1780094400,1780094558000,142,73371.58,73466.47,94.89,0.0000,0.0000,0.0021,0.0367,0.0060,0.0747,0.000513,0.0289,0.0724,73467.92,0.0000,-0.0020,0.0000,0.0000,0.5400,312.50,0.5300,82.33,0.5200,36.00,0.5100,26.00,0.5000,51.01,0.5500,226.26,0.5600,27.69,0.5700,210.00,0.5800,26.00,0.5900,246.00,0.4500,328.08,0.4400,27.69,0.4300,210.00,0.4200,26.00,0.4100,246.00,0.4600,312.50,0.4700,82.33,0.4800,36.00,0.4900,26.00,0.5000,51.01,507.84,735.95,1243.79,837.77,507.84,1345.61,0.0100,0.0100,-0.1834,0.2452,0.5458,0.4551,0.7775,0.3451,0.4247,0.7775,48.0645,8.4800,25.1473,48.0802
btc-updown-5m-1780094400,1780094559000,141,73372.28,73466.48,94.20,0.0000,0.0000,0.0534,0.0840,0.0060,0.0747,0.000513,0.0306,1.7470,73467.84,0.0000,-0.0019,0.0128,0.0000,0.4900,18.65,0.4800,31.23,0.4700,176.00,0.4600,31.00,0.4500,32.67,0.5000,75.00,0.5100,140.00,0.5200,156.85,0.5300,69.00,0.5400,61.00,0.5000,75.00,0.4900,90.00,0.4800,156.85,0.4700,69.00,0.4600,61.00,0.5100,21.65,0.5200,31.23,0.5300,176.00,0.5400,43.17,0.5500,32.67,289.55,501.85,791.40,451.85,304.72,756.57,0.0100,0.0100,-0.2683,0.1945,0.4920,0.5078,0.1723,0.4284,0.3652,0.1735,12.8297,-25.0722,-33.3344,15.3459
btc-updown-5m-1780094400,1780094560000,140,73372.25,73466.47,94.22,-0.0000,0.0000,0.0001,0.0841,0.0080,0.0747,0.000513,0.0267,0.0056,73467.74,-0.0000,-0.0017,-0.0128,-0.0000,0.4800,25.88,0.4700,176.00,0.4600,31.00,0.4500,32.67,0.4400,31.30,0.5000,123.00,0.5100,127.00,0.5200,136.85,0.5300,69.00,0.5400,61.00,0.5000,123.00,0.4900,127.00,0.4800,136.85,0.4700,69.00,0.4600,61.00,0.5200,25.88,0.5300,176.00,0.5400,31.00,0.5500,32.67,0.5600,31.30,296.85,516.85,813.70,516.85,296.85,813.70,0.0200,0.0200,-0.2704,0.2704,0.4835,0.5165,0.6801,0.4837,0.4837,0.6801,12.6911,10.9477,10.9495,12.6932
btc-updown-5m-1780094400,1780094561000,139,73372.52,73466.47,93.95,0.0000,0.0000,0.0000,0.0558,0.0060,0.0743,0.000513,0.0240,0.0000,73467.64,-0.0000,-0.0016,0.0000,0.0000,0.4700,60.25,0.4600,20.20,0.4500,37.97,0.4400,142.00,0.4300,47.47,0.4800,362.24,0.4900,72.02,0.5000,66.50,0.5100,101.00,0.5200,84.71,0.5200,362.24,0.5100,72.02,0.5000,66.50,0.4900,101.00,0.4800,84.71,0.5300,60.25,0.5400,20.20,0.5500,37.97,0.5600,142.00,0.5700,47.47,307.89,686.47,994.36,686.47,307.89,994.36,0.0100,0.0100,-0.3807,0.3807,0.4714,0.5286,0.2613,0.6326,0.6326,0.2613,19.9411,57.5481,57.5381,19.9376
btc-updown-5m-1780094400,1780094562000,138,73372.18,73466.47,94.29,0.0000,0.0000,0.0000,0.0557,0.0060,0.0743,0.000513,0.0238,0.0000,73467.63,-0.0000,-0.0016,0.0000,0.0000,0.4700,77.57,0.4600,20.28,0.4500,42.97,0.4400,142.00,0.4300,47.47,0.4800,357.86,0.4900,39.64,0.5000,31.50,0.5100,66.00,0.5200,54.71,0.5200,357.86,0.5100,39.64,0.5000,31.50,0.4900,66.00,0.4800,54.71,0.5300,77.57,0.5400,20.28,0.5500,42.97,0.5600,142.00,0.5700,47.47,330.29,549.71,880.00,549.71,330.29,880.00,0.0100,0.0100,-0.2493,0.2493,0.4718,0.5282,0.2963,0.7231,0.7231,0.2963,-129.7745,64.9801,64.9693,-129.7529
btc-updown-5m-1780094400,1780094563000,137,73371.23,73466.48,95.25,0.0000,0.0000,0.0003,0.0539,0.0060,0.0747,0.000513,0.0237,0.0131,73467.63,0.0000,-0.0016,0.0130,0.0000,0.4700,33.65,0.4600,42.37,0.4500,42.97,0.4400,157.00,0.4300,47.47,0.4800,331.52,0.4900,42.83,0.5000,31.50,0.5100,66.00,0.5200,54.71,0.5200,331.52,0.5100,42.83,0.5000,31.50,0.4900,66.00,0.4800,54.71,0.5300,33.65,0.5400,42.37,0.5500,42.97,0.5600,157.00,0.5700,47.47,323.46,526.56,850.02,526.56,323.46,850.02,0.0100,0.0100,-0.2389,0.2389,0.4709,0.5291,0.2350,0.7109,0.7109,0.2350,-32.5677,-74.9919,-75.0161,-32.5782
btc-updown-5m-1780094400,1780094564000,136,73371.25,73466.47,95.22,-0.0000,-0.0000,0.0034,0.0038,0.0060,0.0747,0.000513,0.0238,0.1409,73467.63,-0.0000,-0.0016,-0.0130,-0.0000,0.4600,122.00,0.4500,42.97,0.4400,156.30,0.4300,47.47,0.4200,31.30,0.4700,29.20,0.4800,42.61,0.4900,31.50,0.5000,26.00,0.5100,66.00,0.5300,29.20,0.5200,42.61,0.5100,31.50,0.5000,26.00,0.4900,66.00,0.5400,122.00,0.5500,42.97,0.5600,156.30,0.5700,47.47,0.5800,31.30,400.04,195.31,595.35,195.31,400.04,595.35,0.0100,0.0100,0.3439,-0.3439,0.4681,0.5319,0.4124,0.3677,0.3677,0.4124,-22.8051,-115.1146,-115.1146,-22.8051
btc-updown-5m-1780094400,1780094565000,135,73371.36,73466.47,95.11,0.0000,0.0000,0.0474,0.0510,0.0060,0.0750,0.000513,0.0253,1.8759,73467.55,-0.0000,-0.0015,0.0000,0.0000,0.4600,291.57,0.4500,42.97,0.4400,162.85,0.4300,53.30,0.4200,37.04,0.4700,1.07,0.4800,42.61,0.4900,5.50,0.5000,26.00,0.5100,66.00,0.5300,1.07,0.5200,42.61,0.5100,5.50,0.5000,26.00,0.4900,66.00,0.5400,291.57,0.5500,42.97,0.5600,162.85,0.5700,53.30,0.5800,37.04,587.73,141.18,728.91,141.18,587.73,728.91,0.0100,0.0100,0.6126,-0.6126,0.4700,0.5300,0.5692,0.3094,0.3094,0.5692,45.2187,-47.8723,-47.8800,45.2260
btc-updown-5m-1780094400,1780094566000,134,73371.48,73466.47,94.99,0.0000,0.0000,0.0000,0.0510,0.0060,0.0750,0.000513,0.0253,0.0000,73467.55,-0.0000,-0.0015,0.0000,0.0000,0.4700,128.87,0.4600,55.28,0.4500,47.97,0.4400,162.85,0.4300,47.47,0.4800,46.52,0.4900,5.50,0.5000,26.00,0.5100,66.00,0.5200,49.71,0.5200,46.52,0.5100,5.50,0.5000,26.00,0.4900,66.00,0.4800,49.71,0.5300,128.87,0.5400,55.28,0.5500,47.97,0.5600,162.85,0.5700,47.47,442.44,193.73,636.17,193.73,442.44,636.17,0.0100,0.0100,0.3909,-0.3909,0.4773,0.5227,0.4162,0.2685,0.2685,0.4162,27.5967,-57.4259,-57.4356,27.6013
btc-updown-5m-1780094400,1780094567000,133,73371.68,73466.47,94.79,0.0000,0.0000,0.0031,0.0542,0.0060,0.0747,0.000513,0.0228,0.1378,73467.43,-0.0000,-0.0013,0.0000,0.0000,0.5000,24.27,0.4900,26.00,0.4800,41.20,0.4700,31.20,0.4600,40.66,0.5100,26.00,0.5200,26.00,0.5300,44.30,0.5400,26.00,0.5500,172.27,0.4900,26.00,0.4800,26.00,0.4700,44.30,0.4600,26.00,0.4500,172.27,0.5000,24.27,0.5100,26.00,0.5200,41.20,0.5300,31.20,0.5400,40.66,163.33,294.57,457.90,294.57,163.33,457.90,0.0100,0.0100,-0.2866,0.2866,0.5048,0.4952,0.3078,0.1765,0.1765,0.3078,-37.0971,-63.7494,-63.7596,-37.1030
btc-updown-5m-1780094400,1780094568000,132,73371.66,73466.47,94.81,0.0000,-0.0000,0.0000,0.0539,0.0040,0.0743,0.000513,0.0227,0.0000,73467.43,-0.0000,-0.0013,0.0000,0.0000,0.5100,10.00,0.5000,10.00,0.4900,31.00,0.4800,31.20,0.4700,46.20,0.5200,38.21,0.5300,37.30,0.5400,41.00,0.5500,147.27,0.5600,57.00,0.4800,38.21,0.4700,37.30,0.4600,41.00,0.4500,147.27,0.4400,57.00,0.4900,10.00,0.5000,10.00,0.5100,31.00,0.5200,31.20,0.5300,46.20,128.40,320.78,449.18,320.78,128.40,449.18,0.0100,0.0100,-0.4283,0.4283,0.5121,0.4879,0.1558,0.2354,0.2354,0.1558,-29.8247,-41.4146,-41.3867,-29.8045
btc-updown-5m-1780094400,1780094569000,131,73372.09,73466.47,94.38,0.0000,0.0000,0.0142,0.0648,0.0020,0.0740,0.000513,0.0229,0.6221,73467.40,0.0000,-0.0013,0.0000,0.0000,0.5100,7.79,0.5000,10.00,0.4900,56.10,0.4800,31.20,0.4700,46.20,0.5200,38.00,0.5300,32.30,0.5400,41.43,0.5500,147.27,0.5600,87.00,0.4800,38.00,0.4700,32.30,0.4600,41.43,0.4500,147.27,0.4400,87.00,0.4900,7.79,0.5000,10.00,0.5100,56.10,0.5200,31.20,0.5300,46.20,151.29,346.00,497.29,346.00,151.29,497.29,0.0100,0.0100,-0.3915,0.3915,0.5117,0.4883,0.1176,0.2032,0.2032,0.1176,-29.3355,-30.7650,-30.7598,-29.3305
btc-updown-5m-1780094400,1780094570000,130,73371.79,73466.48,94.69,0.0000,0.0000,0.0003,0.0177,0.0020,0.0740,0.000513,0.0221,0.0154,73467.35,0.0000,-0.0012,0.0129,0.0000,0.5100,30.48,0.5000,10.00,0.4900,56.00,0.4800,31.20,0.4700,46.20,0.5500,142.27,0.5600,87.00,0.5700,259.19,0.5800,69.71,0.5900,266.00,0.4500,142.27,0.4400,87.00,0.4300,259.19,0.4200,69.71,0.4100,266.00,0.4900,30.48,0.5000,10.00,0.5100,56.00,0.5200,31.20,0.5300,46.20,173.88,824.17,998.05,824.17,173.88,998.05,0.0400,0.0400,-0.6516,0.6516,0.5171,0.4829,0.2328,0.2782,0.2782,0.2328,-36.2405,99.9871,100.0032,-36.2464
btc-updown-5m-1780094400,1780094571000,129,73371.89,73466.48,94.59,0.0000,0.0000,0.0000,0.0177,0.0020,0.0737,0.000513,0.0219,0.0000,73467.34,0.0000,-0.0012,0.0000,0.0000,0.5100,30.48,0.5000,10.00,0.4900,56.00,0.4800,31.20,0.4700,46.20,0.5500,142.27,0.5600,87.00,0.5700,259.19,0.5800,69.71,0.5900,266.00,0.4500,142.27,0.4400,87.00,0.4300,259.19,0.4200,69.71,0.4100,266.00,0.4900,30.48,0.5000,10.00,0.5100,56.00,0.5200,31.20,0.5300,46.20,173.88,824.17,998.05,824.17,173.88,998.05,0.0400,0.0400,-0.6516,0.6516,0.5171,0.4829,0.2328,0.2782,0.2782,0.2328,-60.4886,120.9829,120.9829,-60.4886
btc-updown-5m-1780094400,1780094572000,128,73372.02,73466.47,94.45,-0.0000,0.0000,0.0084,0.0230,0.0040,0.0740,0.000513,0.0215,0.3916,73467.30,-0.0000,-0.0011,-0.0129,-0.0000,0.5100,30.48,0.5000,10.00,0.4900,56.00,0.4800,31.20,0.4700,46.20,0.5500,142.27,0.5600,87.00,0.5700,259.19,0.5800,69.71,0.5900,266.00,0.4500,142.27,0.4400,87.00,0.4300,259.19,0.4200,69.71,0.4100,266.00,0.4900,30.48,0.5000,10.00,0.5100,56.00,0.5200,31.20,0.5300,46.20,173.88,824.17,998.05,824.17,173.88,998.05,0.0400,0.0400,-0.6516,0.6516,0.5171,0.4829,0.2328,0.2782,0.2782,0.2328,-64.0649,150.3912,150.3912,-64.0649
btc-updown-5m-1780094400,1780094573000,127,73372.02,73466.47,94.45,0.0000,0.0000,0.0503,0.0733,0.0060,0.0743,0.000513,0.0232,2.1739,73467.24,-0.0000,-0.0010,0.0000,0.0000,0.5200,18.95,0.5100,40.79,0.5000,36.00,0.4900,26.00,0.4800,31.20,0.5300,47.65,0.5400,37.42,0.5500,142.27,0.5600,57.00,0.5700,229.19,0.4700,47.65,0.4600,37.42,0.4500,142.27,0.4400,57.00,0.4300,229.19,0.4800,18.95,0.4900,40.79,0.5000,36.00,0.5100,26.00,0.5200,31.20,152.94,513.53,666.47,513.53,152.94,666.47,0.0100,0.0100,-0.5410,0.5410,0.5228,0.4772,0.3906,0.1657,0.1657,0.3906,-12.1760,28.8551,28.8602,-12.1782
btc-updown-5m-1780094400,1780094574000,126,73372.02,73466.47,94.45,0.0000,0.0000,0.0000,0.0591,0.0060,0.0740,0.000513,0.0232,0.0000,73467.24,-0.0000,-0.0010,0.0000,0.0000,0.5200,10.00,0.5100,26.00,0.5000,48.00,0.4900,31.00,0.4800,31.20,0.5300,142.61,0.5400,60.00,0.5500,142.27,0.5600,57.00,0.5700,229.19,0.4700,142.61,0.4600,60.00,0.4500,142.27,0.4400,57.00,0.4300,229.19,0.4800,10.00,0.4900,26.00,0.5000,48.00,0.5100,31.00,0.5200,31.20,146.20,631.07,777.27,631.07,146.20,777.27,0.0100,0.0100,-0.6238,0.6238,0.5207,0.4793,0.2462,0.3211,0.3211,0.2462,2.9247,50.9842,51.0178,2.9267
btc-updown-5m-1780094400,1780094575000,125,73373.39,73466.47,93.08,0.0000,-0.0000,0.0228,0.0815,0.0040,0.0740,0.000513,0.0174,1.3072,73466.71,-0.0000,-0.0003,0.0000,0.0000,0.4500,14.55,0.4400,101.56,0.4300,41.30,0.4200,31.30,0.4100,261.40,0.4800,58.00,0.4900,80.50,0.5000,51.00,0.5100,115.96,0.5200,26.00,0.5200,58.00,0.5100,80.50,0.5000,51.00,0.4900,115.96,0.4800,26.00,0.5500,14.55,0.5600,101.56,0.5700,41.30,0.5800,31.30,0.5900,261.40,450.11,331.46,781.57,331.46,450.11,781.57,0.0300,0.0300,0.1518,-0.1518,0.4560,0.5440,0.2580,0.4178,0.4178,0.2580,48.9628,-2.3824,-2.3824,48.9628
btc-updown-5m-1780094400,1780094576000,124,73373.58,73466.47,92.89,0.0000,-0.0000,0.0002,0.0817,0.0040,0.0740,0.000513,0.0157,0.0141,73466.51,0.0000,-0.0000,0.0000,0.0000,0.5000,22.59,0.4800,258.66,0.4700,31.31,0.4600,51.50,0.4500,34.55,0.5100,115.96,0.5200,31.00,0.5300,36.00,0.5400,46.00,0.5500,142.27,0.4900,115.96,0.4800,31.00,0.4700,36.00,0.4600,46.00,0.4500,142.27,0.5000,22.59,0.5200,258.66,0.5300,31.31,0.5400,51.50,0.5500,34.55,398.61,371.23,769.84,371.23,398.61,769.84,0.0100,0.0100,0.0356,-0.0356,0.5016,0.4984,0.7056,0.3959,0.3959,0.7056,37.3306,-75.2392,-75.2017,37.3120
btc-updown-5m-1780094400,1780094577000,123,73373.70,73466.47,92.77,0.0000,0.0000,0.0000,0.0733,0.0020,0.0740,0.000513,0.0157,0.0000,73466.51,0.0000,-0.0000,0.0000,0.0000,0.5000,35.00,0.4800,5.20,0.4700,10.00,0.4600,36.50,0.4500,29.55,0.5100,377.02,0.5200,26.00,0.5300,26.00,0.5400,46.00,0.5500,172.27,0.4900,377.02,0.4800,26.00,0.4700,26.00,0.4600,46.00,0.4500,172.27,0.5000,35.00,0.5200,5.20,0.5300,10.00,0.5400,36.50,0.5500,29.55,116.25,647.29,763.54,647.29,116.25,763.54,0.0100,0.0100,-0.6955,0.6955,0.5008,0.4992,0.3458,0.6226,0.6226,0.3458,-14.8126,25.2295,25.2189,-14.8064
btc-updown-5m-1780094400,1780094578000,122,73374.20,73466.47,92.27,0.0000,0.0000,0.0000,0.0230,0.0000,0.0737,0.000513,0.0157,0.0000,73466.51,0.0000,-0.0000,0.0000,0.0000,0.4800,15.20,0.4700,35.50,0.4600,26.00,0.4500,34.55,0.4400,31.00,0.5100,365.71,0.5200,26.00,0.5300,26.00,0.5400,26.00,0.5500,142.27,0.4900,365.71,0.4800,26.00,0.4700,26.00,0.4600,26.00,0.4500,142.27,0.5200,15.20,0.5300,35.50,0.5400,26.00,0.5500,34.55,0.5600,31.00,142.25,585.98,728.23,585.98,142.25,728.23,0.0300,0.0300,-0.6093,0.6093,0.4812,0.5188,0.3564,0.6685,0.6685,0.3564,-8.3509,11.0184,11.0143,-8.3478
btc-updown-5m-1780094400,1780094579000,121,73374.23,73466.47,92.24,0.0000,0.0000,0.0132,0.0362,0.0000,0.0037,0.000006,0.0158,0.8323,73466.47,0.0000,-0.0000,0.0000,0.0000,0.4800,74.82,0.4700,37.00,0.4600,31.43,0.4500,39.55,0.4400,31.00,0.4900,38.00,0.5000,43.00,0.5100,124.03,0.5200,26.00,0.5300,526.00,0.5100,38.00,0.5000,43.00,0.4900,124.03,0.4800,26.00,0.4700,526.00,0.5200,74.82,0.5300,37.00,0.5400,31.43,0.5500,39.55,0.5600,31.00,213.80,757.03,970.83,757.03,213.80,970.83,0.0100,0.0100,-0.5596,0.5596,0.4866,0.5134,0.5230,0.1070,0.1070,0.5230,10.3500,36.8520,36.8705,10.3552
btc-updown-5m-1780094400,1780094580000,120,73374.07,73466.48,92.41,0.0000,0.0000,0.0012,0.0146,0.0020,0.0040,0.000007,0.0093,0.1329,73466.47,0.0000,0.0000,0.0126,0.0000,0.4900,70.56,0.4800,41.75,0.4700,47.88,0.4600,41.93,0.4500,30.02,0.5000,20.00,0.5100,83.78,0.5200,31.20,0.5300,537.00,0.5400,56.00,0.5000,20.00,0.4900,83.78,0.4800,31.20,0.4700,537.00,0.4600,56.00,0.5100,70.56,0.5200,41.75,0.5300,47.88,0.5400,41.93,0.5500,30.02,232.14,727.98,960.12,727.98,232.14,960.12,0.0100,0.0100,-0.5164,0.5164,0.4978,0.5022,0.4838,0.1426,0.1426,0.4838,14.3257,16.1544,16.1463,14.3186
btc-updown-5m-1780094400,1780094581000,119,73374.03,73466.48,92.45,0.0000,0.0000,0.0000,0.0144,0.0020,0.0040,0.000007,0.0082,0.0000,73466.47,0.0000,0.0000,0.0000,0.0000,0.4900,10.41,0.4800,35.75,0.4700,58.19,0.4600,26.00,0.4500,30.02,0.5000,26.76,0.5100,95.78,0.5200,26.00,0.5300,537.00,0.5400,26.00,0.5000,26.76,0.4900,95.78,0.4800,26.00,0.4700,537.00,0.4600,26.00,0.5100,10.41,0.5200,35.75,0.5300,58.19,0.5400,26.00,0.5500,30.02,160.37,711.54,871.91,711.54,160.37,871.91,0.0100,0.0100,-0.6321,0.6321,0.4928,0.5072,0.2878,0.1722,0.1722,0.2878,-37.4946,57.0271,57.0081,-37.4821
btc-updown-5m-1780094400,1780094582000,118,73373.66,73466.48,92.82,0.0000,0.0000,0.0000,0.0144,0.0020,0.0040,0.000007,0.0082,0.0000,73466.47,0.0000,0.0000,0.0000,0.0000,0.4900,5.19,0.4800,47.75,0.4700,53.22,0.4600,36.50,0.4500,24.55,0.5000,29.98,0.5100,76.97,0.5200,43.20,0.5300,537.00,0.5400,56.00,0.5000,29.98,0.4900,76.97,0.4800,43.20,0.4700,537.00,0.4600,56.00,0.5100,5.19,0.5200,47.75,0.5300,53.22,0.5400,36.50,0.5500,24.55,167.21,743.15,910.36,743.15,167.21,910.36,0.0100,0.0100,-0.6327,0.6327,0.4915,0.5085,0.3166,0.1439,0.1439,0.3166,-45.8083,90.2902,90.2902,-45.8083
btc-updown-5m-1780094400,1780094583000,117,73373.66,73466.48,92.82,0.0000,0.0000,0.0003,0.0147,0.0040,0.0043,0.000007,0.0082,0.0364,73466.47,0.0000,0.0000,0.0000,0.0000,0.4400,15.50,0.4300,51.23,0.4200,41.30,0.4100,237.32,0.4000,41.40,0.4500,55.96,0.4600,78.00,0.4700,86.50,0.4800,90.75,0.4900,56.00,0.5500,55.96,0.5400,78.00,0.5300,86.50,0.5200,90.75,0.5100,56.00,0.5600,15.50,0.5700,51.23,0.5800,41.30,0.5900,237.32,0.6000,41.40,386.75,367.21,753.96,367.21,386.75,753.96,0.0100,0.0100,0.0259,-0.0259,0.4422,0.5578,0.1725,0.3648,0.3648,0.1725,46.3582,-48.0000,-48.0082,46.3661
btc-updown-5m-1780094400,1780094584000,116,73373.66,73466.47,92.81,-0.0000,0.0000,0.0585,0.0600,0.0060,0.0043,0.000007,0.0101,5.7763,73466.47,-0.0000,-0.0000,-0.0126,-0.0000,0.4400,98.16,0.4300,41.65,0.4200,47.09,0.4100,231.40,0.4000,52.56,0.4500,10.00,0.4600,20.50,0.4700,54.58,0.4800,70.25,0.4900,56.00,0.5500,10.00,0.5400,20.50,0.5300,54.58,0.5200,70.25,0.5100,56.00,0.5600,98.16,0.5700,41.65,0.5800,47.09,0.5900,231.40,0.6000,52.56,470.86,211.33,682.19,211.33,470.86,682.19,0.0100,0.0100,0.3804,-0.3804,0.4491,0.5509,0.2969,0.1443,0.1443,0.2969,62.0662,-28.6747,-28.6690,62.0539
btc-updown-5m-1780094400,1780094585000,115,73373.07,73466.47,93.40,0.0000,-0.0000,0.0000,0.0588,0.0040,0.0043,0.000007,0.0099,0.0000,73466.47,-0.0000,-0.0000,0.0000,0.0000,0.4700,50.00,0.4600,76.00,0.4500,41.52,0.4400,36.44,0.4300,51.84,0.4900,19.54,0.5000,26.00,0.5100,61.77,0.5200,26.00,0.5300,567.00,0.5100,19.54,0.5000,26.00,0.4900,61.77,0.4800,26.00,0.4700,567.00,0.5300,50.00,0.5400,76.00,0.5500,41.52,0.5600,36.44,0.5700,51.84,255.80,700.31,956.11,700.31,255.80,956.11,0.0200,0.0200,-0.4649,0.4649,0.4844,0.5156,0.4926,0.0650,0.0650,0.4926,16.4628,57.6793,57.6600,16.4573
btc-updown-5m-1780094400,1780094586000,114,73372.49,73466.47,93.98,0.0000,-0.0000,0.0000,0.0588,0.0040,0.0040,0.000007,0.0099,0.0000,73466.47,-0.0000,-0.0000,0.0000,0.0000,0.4800,61.00,0.4700,15.29,0.4600,38.00,0.4500,41.00,0.4400,31.00,0.4900,19.54,0.5000,26.00,0.5100,61.77,0.5200,26.00,0.5300,537.00,0.5100,19.54,0.5000,26.00,0.4900,61.77,0.4800,26.00,0.4700,537.00,0.5200,61.00,0.5300,15.29,0.5400,38.00,0.5500,41.00,0.5600,31.00,186.29,670.31,856.60,670.31,186.29,856.60,0.0100,0.0100,-0.5650,0.5650,0.4876,0.5124,0.4095,0.0679,0.0679,0.4095,-13.5409,-14.8991,-14.9043,-13.5456
btc-updown-5m-1780094400,1780094587000,113,73372.40,73466.47,94.07,0.0000,-0.0000,0.0000,0.0588,0.0040,0.0040,0.000007,0.0090,0.0000,73466.47,-0.0000,-0.0000,0.0000,0.0000,0.4800,12.48,0.4700,16.33,0.4600,43.00,0.4500,41.00,0.4400,26.00,0.4900,65.02,0.5000,48.00,0.5100,66.77,0.5200,26.00,0.5300,537.00,0.5100,65.02,0.5000,48.00,0.4900,66.77,0.4800,26.00,0.4700,537.00,0.5200,12.48,0.5300,16.33,0.5400,43.00,0.5500,41.00,0.5600,26.00,138.81,742.79,881.60,742.79,138.81,881.60,0.0100,0.0100,-0.6851,0.6851,0.4816,0.5184,0.2075,0.1522,0.1522,0.2075,-3.5731,5.1790,5.1798,-3.5737
btc-updown-5m-1780094400,1780094588000,112,73372.29,73466.47,94.18,0.0000,-0.0000,0.0008,0.0593,0.0020,0.0037,0.000007,0.0090,0.0907,73466.47,-0.0000,-0.0000,0.0000,0.0000,0.4800,25.00,0.4700,53.33,0.4600,43.40,0.4500,36.52,0.4400,26.00,0.4900,18.54,0.5000,38.00,0.5100,61.77,0.5200,26.00,0.5300,567.00,0.5100,18.54,0.5000,38.00,0.4900,61.77,0.4800,26.00,0.4700,567.00,0.5200,25.00,0.5300,53.33,0.5400,43.40,0.5500,36.52,0.5600,26.00,184.25,711.31,895.56,711.31,184.25,895.56,0.0100,0.0100,-0.5885,0.5885,0.4857,0.5143,0.4251,0.0795,0.0795,0.4251,7.8180,-52.6689,-52.6600,7.8167
btc-updown-5m-1780094400,1780094589000,111,73372.10,73466.47,94.37,0.0000,0.0000,0.0015,0.0024,0.0000,0.0033,0.000007,0.0090,0.1718,73466.47,0.0000,-0.0000,0.0000,0.0000,0.4800,45.00,0.4700,22.53,0.4600,48.00,0.4500,36.16,0.4400,26.00,0.4900,102.02,0.5000,38.00,0.5100,66.77,0.5200,36.00,0.5300,537.00,0.5100,102.02,0.5000,38.00,0.4900,66.77,0.4800,36.00,0.4700,537.00,0.5200,45.00,0.5300,22.53,0.5400,48.00,0.5500,36.16,0.5600,26.00,177.69,779.79,957.48,779.79,177.69,957.48,0.0100,0.0100,-0.6288,0.6288,0.4831,0.5169,0.3800,0.1796,0.1796,0.3800,-33.7936,69.1320,69.1320,-33.7936
btc-updown-5m-1780094400,1780094590000,110,73372.27,73466.47,94.20,0.0000,0.0000,0.0000,0.0024,0.0000,0.0030,0.000006,0.0073,0.0000,73466.47,-0.0000,-0.0000,0.0000,0.0000,0.4900,3.31,0.4800,26.00,0.4700,33.53,0.4600,36.00,0.4500,31.00,0.5100,86.84,0.5200,56.00,0.5300,537.00,0.5400,26.00,0.5500,152.27,0.4900,86.84,0.4800,56.00,0.4700,537.00,0.4600,26.00,0.4500,152.27,0.5100,3.31,0.5200,26.00,0.5300,33.53,0.5400,36.00,0.5500,31.00,129.84,858.11,987.95,858.11,129.84,987.95,0.0200,0.0200,-0.7372,0.7372,0.4907,0.5093,0.2257,0.1665,0.1665,0.2257,-58.9840,108.1077,108.1077,-58.9840
btc-updown-5m-1780094400,1780094591000,109,73372.27,73466.47,94.20,0.0000,0.0000,0.0000,0.0024,0.0000,0.0030,0.000006,0.0073,0.0000,73466.47,-0.0000,-0.0000,0.0000,0.0000,0.5000,5.00,0.4900,29.62,0.4800,46.00,0.4700,26.00,0.4600,32.40,0.5100,63.32,0.5200,51.18,0.5300,537.00,0.5400,26.00,0.5500,157.27,0.4900,63.32,0.4800,51.18,0.4700,537.00,0.4600,26.00,0.4500,157.27,0.5000,5.00,0.5100,29.62,0.5200,46.00,0.5300,26.00,0.5400,32.40,139.02,834.77,973.79,834.77,139.02,973.79,0.0100,0.0100,-0.7145,0.7145,0.5007,0.4993,0.2490,0.1372,0.1372,0.2490,-19.7230,22.7090,22.7128,-19.7264
btc-updown-5m-1780094400,1780094592000,108,73372.28,73466.47,94.19,0.0000,0.0000,0.0000,0.0024,0.0000,0.0030,0.000006,0.0073,0.0000,73466.47,-0.0000,-0.0000,0.0000,0.0000,0.4900,10.00,0.4800,51.00,0.4700,26.00,0.4600,32.40,0.4500,26.00,0.5000,15.00,0.5100,84.64,0.5200,41.18,0.5300,537.00,0.5400,36.40,0.5000,15.00,0.4900,84.64,0.4800,41.18,0.4700,537.00,0.4600,36.40,0.5100,10.00,0.5200,51.00,0.5300,26.00,0.5400,32.40,0.5500,26.00,145.40,714.22,859.62,714.22,145.40,859.62,0.0100,0.0100,-0.6617,0.6617,0.4940,0.5060,0.4195,0.1395,0.1395,0.4195,-4.7682,95.8365,95.8699,-4.7699
btc-updown-5m-1780094400,1780094593000,107,73373.05,73466.47,93.42,0.0000,0.0000,0.0007,0.0023,0.0000,0.0027,0.000006,0.0073,0.1011,73466.47,0.0000,-0.0000,0.0000,0.0000,0.4900,10.05,0.4800,46.00,0.4700,26.00,0.4600,41.00,0.4500,35.41,0.5000,16.00,0.5100,52.64,0.5200,43.18,0.5300,537.00,0.5400,26.00,0.5000,16.00,0.4900,52.64,0.4800,43.18,0.4700,537.00,0.4600,26.00,0.5100,10.05,0.5200,46.00,0.5300,26.00,0.5400,41.00,0.5500,35.41,158.46,674.82,833.28,674.82,158.46,833.28,0.0100,0.0100,-0.6197,0.6197,0.4939,0.5061,0.3537,0.1017,0.1017,0.3537,3.2549,-11.2589,-11.2570,3.2544
btc-updown-5m-1780094400,1780094594000,106,73373.05,73466.48,93.43,0.0000,0.0000,0.0071,0.0078,0.0020,0.0027,0.000006,0.0075,0.9408,73466.47,0.0000,0.0000,0.0127,0.0000,0.4500,15.00,0.4400,15.64,0.4300,10.00,0.4200,26.00,0.4100,32.23,0.4600,16.50,0.4700,26.00,0.4800,128.69,0.4900,26.00,0.5000,31.00,0.5400,16.50,0.5300,26.00,0.5200,128.69,0.5100,26.00,0.5000,31.00,0.5500,15.00,0.5600,15.64,0.5700,10.00,0.5800,26.00,0.5900,32.23,98.87,228.19,327.06,228.19,98.87,327.06,0.0100,0.0100,-0.3954,0.3954,0.4548,0.5452,0.3099,0.1862,0.1862,0.3099,-16.5933,-81.1966,-81.2239,-16.5989
btc-updown-5m-1780094400,1780094595000,105,73372.86,73466.48,93.62,0.0000,0.0000,0.0000,0.0078,0.0020,0.0023,0.000006,0.0074,0.0000,73466.47,0.0000,0.0000,0.0000,0.0000,0.4700,123.75,0.4600,10.00,0.4500,26.00,0.4400,36.65,0.4300,31.00,0.4800,45.56,0.4900,22.59,0.5000,31.00,0.5100,52.64,0.5200,26.00,0.5200,45.56,0.5100,22.59,0.5000,31.00,0.4900,52.64,0.4800,26.00,0.5300,123.75,0.5400,10.00,0.5500,26.00,0.5600,36.65,0.5700,31.00,227.40,177.79,405.19,177.79,227.40,405.19,0.0100,0.0100,0.1224,-0.1224,0.4773,0.5227,0.5882,0.3833,0.3833,0.5882,5.0207,-17.6064,-17.6096,5.0216
btc-updown-5m-1780094400,1780094596000,104,73373.36,73466.48,93.12,0.0000,0.0000,0.0000,0.0078,0.0020,0.0023,0.000006,0.0059,0.0000,73466.47,0.0000,0.0000,0.0000,0.0000,0.4300,37.55,0.4200,10.00,0.4100,32.23,0.4000,36.00,0.3900,31.50,0.4400,43.15,0.4500,28.00,0.4600,26.00,0.4700,26.00,0.4800,136.82,0.5600,43.15,0.5500,28.00,0.5400,26.00,0.5300,26.00,0.5200,136.82,0.5700,37.55,0.5800,10.00,0.5900,32.23,0.6000,36.00,0.6100,31.50,147.28,259.97,407.25,259.97,147.28,407.25,0.0100,0.0100,-0.2767,0.2767,0.4347,0.5653,0.3229,0.2737,0.2737,0.3229,-32.0630,-69.5488,-69.5608,-32.0685
btc-updown-5m-1780094400,1780094597000,103,73373.36,73466.47,93.11,-0.0000,0.0000,0.0063,0.0141,0.0040,0.0027,0.000006,0.0061,1.0244,73466.47,-0.0000,-0.0000,-0.0127,-0.0000,0.4300,51.28,0.4200,22.00,0.4100,32.23,0.4000,41.40,0.3900,37.86,0.4400,43.15,0.4500,28.00,0.4600,26.00,0.4700,26.00,0.4800,191.82,0.5600,43.15,0.5500,28.00,0.5400,26.00,0.5300,26.00,0.5200,191.82,0.5700,51.28,0.5800,22.00,0.5900,32.23,0.6000,41.40,0.6100,37.86,184.77,314.97,499.74,314.97,184.77,499.74,0.0100,0.0100,-0.2605,0.2605,0.4354,0.5646,0.3966,0.2259,0.2259,0.3966,7.6311,-67.2790,-67.2916,7.6325
btc-updown-5m-1780094400,1780094598000,102,73373.06,73466.48,93.42,0.0000,0.0000,0.0088,0.0222,0.0060,0.0030,0.000007,0.0063,1.4066,73466.47,0.0000,0.0000,0.0127,0.0000,0.4300,17.71,0.4200,22.00,0.4100,16.23,0.4000,41.40,0.3900,31.50,0.4400,43.15,0.4500,21.00,0.4600,63.03,0.4700,42.00,0.4800,196.82,0.5600,43.15,0.5500,21.00,0.5400,63.03,0.5300,42.00,0.5200,196.82,0.5700,17.71,0.5800,22.00,0.5900,16.23,0.6000,41.40,0.6100,31.50,128.84,366.00,494.84,366.00,128.84,494.84,0.0100,0.0100,-0.4793,0.4793,0.4329,0.5671,0.3082,0.1753,0.1753,0.3082,-2.7577,-57.9883,-57.9787,-2.7572
btc-updown-5m-1780094400,1780094599000,101,73372.96,73466.48,93.52,0.0000,0.0000,0.0821,0.0972,0.0040,0.0030,0.000007,0.0089,9.1936,73466.47,0.0000,0.0000,0.0000,0.0000,0.4000,154.27,0.3900,30.45,0.3800,38.00,0.3700,32.92,0.3600,36.00,0.4100,11.38,0.4200,31.00,0.4300,26.00,0.4400,28.72,0.4500,26.00,0.5900,11.38,0.5800,31.00,0.5700,26.00,0.5600,28.72,0.5500,26.00,0.6000,154.27,0.6100,30.45,0.6200,38.00,0.6300,32.92,0.6400,36.00,291.64,123.10,414.74,123.10,291.64,414.74,0.0100,0.0100,0.4064,-0.4064,0.4093,0.5907,0.6334,0.3443,0.3443,0.6334,21.8579,-90.5498,-90.5498,21.8579
btc-updown-5m-1780094400,1780094600000,100,73373.00,73466.47,93.47,-0.0000,-0.0000,0.0086,0.1058,0.0060,0.0030,0.000007,0.0088,0.9770,73466.47,-0.0000,-0.0000,-0.0127,-0.0000,0.4200,60.34,0.4100,82.71,0.4000,29.58,0.3900,40.10,0.3800,26.00,0.4300,22.00,0.4400,43.72,0.4500,26.00,0.4600,93.03,0.4700,56.00,0.5700,22.00,0.5600,43.72,0.5500,26.00,0.5400,93.03,0.5300,56.00,0.5800,60.34,0.5900,82.71,0.6000,29.58,0.6100,40.10,0.6200,26.00,238.73,240.75,479.48,240.75,238.73,479.48,0.0100,0.0100,-0.0042,0.0042,0.4273,0.5727,0.5992,0.2730,0.2730,0.5992,16.7580,0.3017,0.3017,16.7552
btc-updown-5m-1780094400,1780094601000,99,73372.81,73466.47,93.66,0.0000,-0.0000,0.0018,0.1075,0.0060,0.0030,0.000007,0.0088,0.1989,73466.47,-0.0000,-0.0000,0.0000,0.0000,0.3700,99.42,0.3600,30.00,0.3500,42.76,0.3400,40.80,0.3300,41.92,0.3800,42.57,0.3900,56.00,0.4000,53.00,0.4100,56.00,0.4200,56.00,0.6200,42.57,0.6100,56.00,0.6000,53.00,0.5900,56.00,0.5800,56.00,0.6300,99.42,0.6400,30.00,0.6500,42.76,0.6600,40.80,0.6700,41.92,254.90,263.57,518.47,263.57,254.90,518.47,0.0100,0.0100,-0.0167,0.0167,0.3770,0.6230,0.5077,0.3740,0.3740,0.5077,20.5659,-10.9756,-10.9697,20.5549
btc-updown-5m-1780094400,1780094602000,98,73372.71,73466.48,93.77,0.0000,0.0000,0.0001,0.1014,0.0060,0.0030,0.000007,0.0088,0.0148,73466.47,0.0000,0.0000,0.0128,0.0000,0.3700,1.54,0.3600,6.83,0.3500,51.74,0.3400,56.80,0.3300,36.90,0.3800,66.70,0.3900,38.00,0.4000,58.00,0.4100,56.00,0.4200,76.00,0.6200,66.70,0.6100,38.00,0.6000,58.00,0.5900,56.00,0.5800,76.00,0.6300,1.54,0.6400,6.83,0.6500,51.74,0.6600,56.80,0.6700,36.90,153.81,294.70,448.51,294.70,153.81,448.51,0.0100,0.0100,-0.3141,0.3141,0.3702,0.6298,0.0544,0.3553,0.3553,0.0544,-0.0192,2.1915,2.1908,-0.0192
btc-updown-5m-1780094400,1780094603000,97,73372.71,73466.48,93.77,0.0000,0.0000,0.0000,0.0926,0.0040,0.0027,0.000007,0.0085,0.0000,73466.47,0.0000,0.0000,0.0000,0.0000,0.3700,5.71,0.3600,15.00,0.3500,44.44,0.3400,61.80,0.3300,42.45,0.3800,50.00,0.3900,48.00,0.4000,73.00,0.4100,56.00,0.4200,56.00,0.6200,50.00,0.6100,48.00,0.6000,73.00,0.5900,56.00,0.5800,56.00,0.6300,5.71,0.6400,15.00,0.6500,44.44,0.6600,61.80,0.6700,42.45,169.40,283.00,452.40,283.00,169.40,452.40,0.0100,0.0100,-0.2511,0.2511,0.3710,0.6290,0.1223,0.3463,0.3463,0.1223,6.7660,-16.3773,-16.3644,6.7606
btc-updown-5m-1780094400,1780094604000,96,73372.87,73466.48,93.61,0.0000,0.0000,0.0030,0.0134,0.0040,0.0027,0.000007,0.0070,0.4228,73466.47,0.0000,0.0000,0.0000,0.0000,0.3700,0.66,0.3600,16.82,0.3500,57.44,0.3400,69.65,0.3300,36.90,0.3800,115.87,0.3900,83.00,0.4000,53.00,0.4100,56.00,0.4200,56.00,0.6200,115.87,0.6100,83.00,0.6000,53.00,0.5900,56.00,0.5800,56.00,0.6300,0.66,0.6400,16.82,0.6500,57.44,0.6600,69.65,0.6700,36.90,181.47,363.87,545.34,363.87,181.47,545.34,0.0100,0.0100,-0.3345,0.3345,0.3701,0.6299,0.0963,0.5465,0.5465,0.0963,8.3607,-0.3841,-0.3841,8.3607
btc-updown-5m-1780094400,1780094605000,95,73372.62,73466.48,93.86,0.0000,0.0000,0.0082,0.0130,0.0020,0.0027,0.000007,0.0073,1.1234,73466.47,0.0000,0.0000,0.0000,0.0000,0.3800,102.72,0.3700,36.63,0.3600,26.00,0.3500,52.44,0.3400,56.80,0.3900,28.92,0.4000,28.00,0.4100,26.00,0.4200,26.00,0.4300,19.67,0.6100,28.92,0.6000,28.00,0.5900,26.00,0.5800,26.00,0.5700,19.67,0.6200,102.72,0.6300,36.63,0.6400,26.00,0.6500,52.44,0.6600,56.80,274.59,128.59,403.18,128.59,274.59,403.18,0.0100,0.0100,0.3621,-0.3621,0.3878,0.6122,0.5075,0.4426,0.4426,0.5075,5.4359,0.3602,0.3602,5.4349
btc-updown-5m-1780094400,1780094606000,94,73372.71,73466.48,93.77,0.0000,0.0000,0.0048,0.0161,0.0020,0.0027,0.000007,0.0067,0.7195,73466.48,0.0000,0.0000,0.0000,0.0000,0.3900,158.91,0.3800,48.23,0.3700,38.00,0.3600,38.25,0.3500,57.44,0.4100,16.21,0.4200,31.00,0.4300,19.67,0.4400,23.72,0.4500,26.00,0.5900,16.21,0.5800,31.00,0.5700,19.67,0.5600,23.72,0.5500,26.00,0.6100,158.91,0.6200,48.23,0.6300,38.00,0.6400,38.25,0.6500,57.44,340.83,116.60,457.43,116.60,340.83,457.43,0.0200,0.0200,0.4902,-0.4902,0.4081,0.5919,0.6078,0.4049,0.4049,0.6078,19.6062,-21.8267,-21.8267,19.6062
btc-updown-5m-1780094400,1780094607000,93,73373.00,73466.47,93.47,-0.0000,-0.0000,0.0008,0.0167,0.0020,0.0030,0.000007,0.0067,0.1119,73466.48,-0.0000,-0.0000,-0.0127,-0.0000,0.3900,32.00,0.3800,15.00,0.3700,26.00,0.3600,40.07,0.3500,47.44,0.4000,136.00,0.4100,32.21,0.4200,26.00,0.4300,24.67,0.4400,28.72,0.6000,136.00,0.5900,32.21,0.5800,26.00,0.5700,24.67,0.5600,28.72,0.6100,32.00,0.6200,15.00,0.6300,26.00,0.6400,40.07,0.6500,47.44,160.51,247.60,408.11,247.60,160.51,408.11,0.0100,0.0100,-0.2134,0.2134,0.3919,0.6081,0.2928,0.6794,0.6794,0.2928,-3.4441,-7.3191,-7.3191,-3.4441
btc-updown-5m-1780094400,1780094608000,92,73373.00,73466.47,93.47,0.0000,-0.0000,0.0000,0.0167,0.0020,0.0030,0.000007,0.0067,0.0000,73466.48,-0.0000,-0.0000,0.0000,0.0000,0.4200,41.75,0.4100,32.02,0.4000,26.00,0.3900,26.00,0.3800,26.00,0.4400,36.04,0.4500,46.00,0.4600,122.71,0.4700,54.30,0.4800,213.52,0.5600,36.04,0.5500,46.00,0.5400,122.71,0.5300,54.30,0.5200,213.52,0.5800,41.75,0.5900,32.02,0.6000,26.00,0.6100,26.00,0.6200,26.00,151.77,472.57,624.34,472.57,151.77,624.34,0.0200,0.0200,-0.5138,0.5138,0.4307,0.5693,0.4861,0.1736,0.1736,0.4861,-23.2150,37.3838,37.3717,-23.2075
btc-updown-5m-1780094400,1780094609000,91,73372.82,73466.47,93.65,0.0000,-0.0000,0.0000,0.0137,0.0020,0.0030,0.000007,0.0067,0.0000,73466.48,-0.0000,-0.0000,0.0000,0.0000,0.4400,8.00,0.4300,26.00,0.4200,26.00,0.4100,26.00,0.4000,26.00,0.4600,3.10,0.4700,54.30,0.4800,213.52,0.4900,22.59,0.5000,26.00,0.5400,3.10,0.5300,54.30,0.5200,213.52,0.5100,22.59,0.5000,26.00,0.5600,8.00,0.5700,26.00,0.5800,26.00,0.5900,26.00,0.6000,26.00,112.00,319.51,431.51,319.51,112.00,431.51,0.0200,0.0200,-0.4809,0.4809,0.4544,0.5456,0.3036,0.1797,0.1797,0.3036,-9.6584,6.1434,6.1496,-9.6682
btc-updown-5m-1780094400,1780094610000,90,73372.82,73466.47,93.65,0.0000,-0.0000,0.0004,0.0060,0.0020,0.0027,0.000007,0.0063,0.0636,73466.48,-0.0000,-0.0000,0.0000,0.0000,0.4500,100.00,0.4400,34.00,0.4300,31.00,0.4200,36.00,0.4100,26.00,0.4600,223.25,0.4700,59.30,0.4800,213.52,0.4900,22.59,0.5000,26.00,0.5400,223.25,0.5300,59.30,0.5200,213.52,0.5100,22.59,0.5000,26.00,0.5500,100.00,0.5600,34.00,0.5700,31.00,0.5800,36.00,0.5900,26.00,227.00,544.66,771.66,544.66,227.00,771.66,0.0100,0.0100,-0.4117,0.4117,0.4531,0.5469,0.5903,0.5188,0.5188,0.5903,0.7575,66.0410,66.0643,0.7578
btc-updown-5m-1780094400,1780094611000,89,73372.72,73466.47,93.75,0.0000,-0.0000,0.0000,0.0011,0.0020,0.0027,0.000007,0.0063,0.0000,73466.48,-0.0000,-0.0000,0.0000,0.0000,0.4400,98.06,0.4300,39.00,0.4200,36.00,0.4100,31.00,0.4000,26.00,0.4600,215.06,0.4700,54.30,0.4800,218.52,0.4900,22.59,0.5000,56.00,0.5400,215.06,0.5300,54.30,0.5200,218.52,0.5100,22.59,0.5000,56.00,0.5600,98.06,0.5700,39.00,0.5800,36.00,0.5900,31.00,0.6000,26.00,230.06,566.47,796.53,566.47,230.06,796.53,0.0200,0.0200,-0.4223,0.4223,0.4463,0.5537,0.5958,0.4755,0.4755,0.5958,-22.7456,81.1767,81.1767,-22.7456
btc-updown-5m-1780094400,1780094612000,88,73372.82,73466.47,93.65,0.0000,0.0000,0.0000,0.0004,0.0000,0.0027,0.000007,0.0063,0.0000,73466.48,-0.0000,-0.0000,0.0000,0.0000,0.4400,17.80,0.4300,31.00,0.4200,36.00,0.4100,26.00,0.4000,26.00,0.4600,158.18,0.4700,71.30,0.4800,218.52,0.4900,22.59,0.5000,531.00,0.5400,158.18,0.5300,71.30,0.5200,218.52,0.5100,22.59,0.5000,531.00,0.5600,17.80,0.5700,31.00,0.5800,36.00,0.5900,26.00,0.6000,26.00,136.80,1001.59,1138.39,1001.59,136.80,1138.39,0.0200,0.0200,-0.7597,0.7597,0.4420,0.5580,0.3567,0.2291,0.2291,0.3567,-10.0327,185.7210,185.6451,-10.0286
btc-updown-5m-1780094400,1780094613000,87,73372.87,73466.47,93.60,0.0000,0.0000,0.0010,0.0014,0.0020,0.0027,0.000007,0.0063,0.1528,73466.48,0.0000,-0.0000,0.0000,0.0000,0.4500,35.81,0.4400,33.39,0.4300,51.72,0.4200,31.00,0.4100,26.00,0.4600,20.00,0.4700,54.30,0.4800,330.52,0.4900,27.59,0.5000,531.00,0.5400,20.00,0.5300,54.30,0.5200,330.52,0.5100,27.59,0.5000,531.00,0.5500,35.81,0.5600,33.39,0.5700,51.72,0.5800,31.00,0.5900,26.00,177.92,963.41,1141.33,963.41,177.92,1141.33,0.0100,0.0100,-0.6882,0.6882,0.4564,0.5436,0.3889,0.0771,0.0771,0.3889,2.9544,121.4678,121.5091,2.9554
btc-updown-5m-1780094400,1780094614000,86,73372.87,73466.48,93.61,0.0000,0.0000,0.0803,0.0817,0.0040,0.0027,0.000007,0.0089,9.0616,73466.48,0.0000,0.0000,0.0127,0.0000,0.4500,35.81,0.4400,27.80,0.4300,51.72,0.4200,31.00,0.4100,26.00,0.4600,16.92,0.4700,38.41,0.4800,318.52,0.4900,27.59,0.5000,536.00,0.5400,16.92,0.5300,38.41,0.5200,318.52,0.5100,27.59,0.5000,536.00,0.5500,35.81,0.5600,27.80,0.5700,51.72,0.5800,31.00,0.5900,26.00,172.33,937.44,1109.77,937.44,172.33,1109.77,0.0100,0.0100,-0.6894,0.6894,0.4568,0.5432,0.3691,0.0590,0.0590,0.3691,-5.1531,78.1924,78.2196,-5.1549
btc-updown-5m-1780094400,1780094615000,85,73372.78,73466.47,93.69,-0.0000,0.0000,0.2517,0.3330,0.0060,0.0030,0.000007,0.0151,16.6775,73466.47,-0.0000,-0.0000,-0.0128,-0.0000,0.4200,55.00,0.4100,50.08,0.4000,26.00,0.3900,26.00,0.3800,2016.00,0.4500,50.00,0.4600,50.00,0.4700,65.00,0.4800,169.12,0.4900,52.59,0.5500,50.00,0.5400,50.00,0.5300,65.00,0.5200,169.12,0.5100,52.59,0.5800,55.00,0.5900,50.08,0.6000,26.00,0.6100,26.00,0.6200,2016.00,2173.08,386.71,2559.79,386.71,2173.08,2559.79,0.0300,0.0300,0.6979,-0.6979,0.4357,0.5643,0.0484,0.2586,0.2586,0.0484,338.7550,-1.9106,-1.9100,338.6428
btc-updown-5m-1780094400,1780094616000,84,73372.69,73466.47,93.78,0.0000,0.0000,0.0017,0.3347,0.0060,0.0030,0.000007,0.0151,0.1116,73466.47,-0.0000,-0.0000,0.0000,0.0000,0.4400,158.00,0.4300,46.00,0.4200,31.00,0.4100,28.09,0.4000,26.00,0.4500,1.00,0.4600,26.00,0.4700,26.00,0.4800,144.12,0.4900,22.59,0.5500,1.00,0.5400,26.00,0.5300,26.00,0.5200,144.12,0.5100,22.59,0.5600,158.00,0.5700,46.00,0.5800,31.00,0.5900,28.09,0.6000,26.00,289.09,219.71,508.80,219.71,289.09,508.80,0.0100,0.0100,0.1364,-0.1364,0.4499,0.5501,0.7057,0.1229,0.1229,0.7057,11.5775,-60.5911,-60.5685,11.5732
btc-updown-5m-1780094400,1780094617000,83,73372.69,73466.48,93.79,0.0000,0.0000,0.0024,0.3371,0.0080,0.0033,0.000007,0.0152,0.1589,73466.47,0.0000,0.0000,0.0128,0.0000,0.4400,125.08,0.4300,38.00,0.4200,31.00,0.4100,22.08,0.4000,26.00,0.4500,1.00,0.4600,26.00,0.4700,26.00,0.4800,144.12,0.4900,22.59,0.5500,1.00,0.5400,26.00,0.5300,26.00,0.5200,144.12,0.5100,22.59,0.5600,125.08,0.5700,38.00,0.5800,31.00,0.5900,22.08,0.6000,26.00,242.16,219.71,461.87,219.71,242.16,461.87,0.0100,0.0100,0.0486,-0.0486,0.4499,0.5501,0.6734,0.1229,0.1229,0.6734,2.0880,-59.8378,-59.8585,2.0887
btc-updown-5m-1780094400,1780094618000,82,73372.69,73466.48,93.79,0.0000,0.0000,0.0000,0.3362,0.0060,0.0033,0.000007,0.0152,0.0000,73466.47,0.0000,0.0000,0.0000,0.0000,0.3800,2000.58,0.3700,16.61,0.3600,26.00,0.3500,36.74,0.3400,56.00,0.3900,102.00,0.4000,82.22,0.4100,97.00,0.4200,61.00,0.4300,61.00,0.6100,102.00,0.6000,82.22,0.5900,97.00,0.5800,61.00,0.5700,61.00,0.6200,2000.58,0.6300,16.61,0.6400,26.00,0.6500,36.74,0.6600,56.00,2135.93,403.22,2539.15,403.22,2135.93,2539.15,0.0100,0.0100,0.6824,-0.6824,0.3895,0.6105,0.9444,0.4569,0.4569,0.9444,338.9643,-27.3492,-27.3492,338.9643
btc-updown-5m-1780094400,1780094619000,81,73372.69,73466.48,93.79,0.0000,0.0000,0.0000,0.2559,0.0040,0.0033,0.000007,0.0152,0.0000,73466.47,0.0000,0.0000,0.0000,0.0000,0.4000,65.00,0.3900,68.38,0.3800,1518.79,0.3700,10.00,0.3600,26.00,0.4100,83.06,0.4200,61.00,0.4300,61.00,0.4400,31.00,0.4500,36.00,0.5900,83.06,0.5800,61.00,0.5700,61.00,0.5600,31.00,0.5500,36.00,0.6000,65.00,0.6100,68.38,0.6200,1518.79,0.6300,10.00,0.6400,26.00,1688.17,272.06,1960.23,272.06,1688.17,1960.23,0.0100,0.0100,0.7224,-0.7224,0.4044,0.5956,0.0790,0.5295,0.5295,0.0790,256.5932,-118.6934,-118.8324,256.8936
btc-updown-5m-1780094400,1780094620000,80,73371.81,73466.48,94.67,0.0000,0.0000,0.0000,0.0041,0.0020,0.0033,0.000007,0.0152,0.0000,73466.47,0.0000,0.0000,0.0000,0.0000,0.4300,35.68,0.4200,8.00,0.4100,31.00,0.4000,26.00,0.3900,26.00,0.4400,41.60,0.4500,56.00,0.4600,66.00,0.4700,26.00,0.4800,39.12,0.5600,41.60,0.5500,56.00,0.5400,66.00,0.5300,26.00,0.5200,39.12,0.5700,35.68,0.5800,8.00,0.5900,31.00,0.6000,26.00,0.6100,26.00,126.68,228.72,355.40,228.72,126.68,355.40,0.0100,0.0100,-0.2871,0.2871,0.4346,0.5654,0.3448,0.4267,0.4267,0.3448,-23.7467,-118.0816,-117.9830,-23.7268
btc-updown-5m-1780094400,1780094621000,79,73371.74,73466.47,94.73,-0.0000,0.0000,0.0005,0.0029,0.0040,0.0037,0.000008,0.0152,0.0316,73466.47,-0.0000,-0.0000,-0.0129,-0.0000,0.4700,13.00,0.4600,146.00,0.4500,56.43,0.4400,16.00,0.4300,26.00,0.4900,51.61,0.5000,537.73,0.5100,73.64,0.5200,26.00,0.5300,537.00,0.5100,51.61,0.5000,537.73,0.4900,73.64,0.4800,26.00,0.4700,537.00,0.5300,13.00,0.5400,146.00,0.5500,56.43,0.5600,16.00,0.5700,26.00,257.43,1225.98,1483.41,1225.98,257.43,1483.41,0.0200,0.0200,-0.6529,0.6529,0.4740,0.5260,0.6176,0.4807,0.4807,0.6176,15.3261,68.7881,68.7881,15.3261
btc-updown-5m-1780094400,1780094622000,78,73371.84,73466.47,94.63,0.0000,-0.0000,0.0000,0.0005,0.0020,0.0037,0.000008,0.0152,0.0000,73466.47,-0.0000,-0.0000,0.0000,0.0000,0.4700,36.03,0.4600,26.00,0.4500,31.00,0.4400,31.00,0.4300,31.00,0.4800,21.58,0.4900,22.00,0.5000,492.73,0.5100,31.64,0.5200,15.00,0.5200,21.58,0.5100,22.00,0.5000,492.73,0.4900,31.64,0.4800,15.00,0.5300,36.03,0.5400,26.00,0.5500,31.00,0.5600,31.00,0.5700,31.00,155.03,582.95,737.98,582.95,155.03,737.98,0.0100,0.0100,-0.5799,0.5799,0.4763,0.5237,0.4001,0.0748,0.0748,0.4001,-17.0076,70.9038,70.8761,-17.0010
btc-updown-5m-1780094400,1780094623000,77,73371.84,73466.47,94.63,0.0000,-0.0000,0.0000,0.0005,0.0020,0.0037,0.000008,0.0152,0.0000,73466.47,0.0000,-0.0000,0.0000,0.0000,0.4300,122.00,0.4200,46.00,0.4100,37.88,0.4000,27.70,0.3900,37.95,0.4700,5.22,0.4800,49.13,0.4900,26.00,0.5000,508.73,0.5100,47.64,0.5300,5.22,0.5200,49.13,0.5100,26.00,0.5000,508.73,0.4900,47.64,0.5700,122.00,0.5800,46.00,0.5900,37.88,0.6000,27.70,0.6100,37.95,271.53,636.72,908.25,636.72,271.53,908.25,0.0400,0.0400,-0.4021,0.4021,0.4684,0.5316,0.6187,0.0854,0.0854,0.6187,-316.4203,21.1704,21.1596,-316.2579
btc-updown-5m-1780094400,1780094624000,76,73371.52,73466.47,94.95,0.0000,-0.0000,0.0000,0.0005,0.0020,0.0033,0.000007,0.0151,0.0000,73466.47,0.0000,-0.0000,0.0000,0.0000,0.4700,389.11,0.4600,135.45,0.4500,38.00,0.4400,42.89,0.4300,26.00,0.4800,17.09,0.4900,10.00,0.5000,513.73,0.5100,47.64,0.5200,52.00,0.5200,17.09,0.5100,10.00,0.5000,513.73,0.4900,47.64,0.4800,52.00,0.5300,389.11,0.5400,135.45,0.5500,38.00,0.5600,42.89,0.5700,26.00,631.45,640.46,1271.91,640.46,631.45,1271.91,0.0100,0.0100,-0.0071,0.0071,0.4796,0.5204,0.8307,0.0423,0.0423,0.8307,-241.0554,20.1340,20.1307,-241.0160
btc-updown-5m-1780094400,1780094625000,75,73370.97,73466.47,95.50,0.0000,-0.0000,0.0000,0.0005,0.0020,0.0033,0.000007,0.0149,0.0000,73466.47,0.0000,-0.0000,0.0000,0.0000,0.4700,508.06,0.4600,110.76,0.4500,38.00,0.4400,36.54,0.4300,26.00,0.5000,475.89,0.5100,47.64,0.5200,52.00,0.5300,542.00,0.5400,26.00,0.5000,475.89,0.4900,47.64,0.4800,52.00,0.4700,542.00,0.4600,26.00,0.5300,508.06,0.5400,110.76,0.5500,38.00,0.5600,36.54,0.5700,26.00,719.36,1143.53,1862.89,1143.53,719.36,1862.89,0.0300,0.0300,-0.2277,0.2277,0.4855,0.5145,0.8602,0.4578,0.4578,0.8602,-186.4147,135.6735,135.6511,-186.3839
btc-updown-5m-1780094400,1780094626000,74,73371.06,73466.48,95.42,0.0000,0.0000,0.0002,0.0002,0.0020,0.0037,0.000008,0.0149,0.0107,73466.47,0.0000,0.0000,0.0130,0.0000,0.4700,141.13,0.4600,108.48,0.4500,26.00,0.4400,31.00,0.4300,26.00,0.4900,7.77,0.5000,491.89,0.5100,47.64,0.5200,52.00,0.5300,542.00,0.5100,7.77,0.5000,491.89,0.4900,47.64,0.4800,52.00,0.4700,542.00,0.5300,141.13,0.5400,108.48,0.5500,26.00,0.5600,31.00,0.5700,26.00,332.61,1141.30,1473.91,1141.30,332.61,1473.91,0.0200,0.0200,-0.5487,0.5487,0.4890,0.5110,0.7505,0.4378,0.4378,0.7505,-2.1681,96.9698,96.9381,-2.1674
btc-updown-5m-1780094400,1780094627000,73,73371.06,73466.47,95.41,-0.0000,0.0000,0.0043,0.0045,0.0040,0.0037,0.000008,0.0151,0.2882,73466.47,-0.0000,-0.0000,-0.0130,-0.0000,0.4800,159.68,0.4700,140.33,0.4600,26.00,0.4500,31.00,0.4400,26.00,0.4900,7.93,0.5000,454.98,0.5100,59.64,0.5200,36.09,0.5300,537.00,0.5100,7.93,0.5000,454.98,0.4900,59.64,0.4800,36.09,0.4700,537.00,0.5200,159.68,0.5300,140.33,0.5400,26.00,0.5500,31.00,0.5600,26.00,383.01,1095.64,1478.65,1095.64,383.01,1478.65,0.0100,0.0100,-0.4819,0.4819,0.4895,0.5105,0.7833,0.4225,0.4225,0.7833,36.4586,151.4058,151.4550,36.4705
btc-updown-5m-1780094400,1780094628000,72,73371.06,73466.48,95.42,0.0000,0.0000,0.0001,0.0046,0.0060,0.0037,0.000008,0.0149,0.0087,73466.47,0.0000,0.0000,0.0130,0.0000,0.4800,127.15,0.4700,130.13,0.4600,26.00,0.4500,31.00,0.4400,26.00,0.4900,8.21,0.5000,470.98,0.5100,85.64,0.5200,31.00,0.5300,537.00,0.5100,8.21,0.5000,470.98,0.4900,85.64,0.4800,31.00,0.4700,537.00,0.5200,127.15,0.5300,130.13,0.5400,26.00,0.5500,31.00,0.5600,26.00,340.28,1132.83,1473.11,1132.83,340.28,1473.11,0.0100,0.0100,-0.5380,0.5380,0.4894,0.5106,0.7561,0.4230,0.4230,0.7561,31.3346,93.0108,93.0108,31.3346
btc-updown-5m-1780094400,1780094629000,71,73371.58,73466.47,94.89,-0.0000,0.0000,0.0511,0.0558,0.0080,0.0040,0.000008,0.0162,3.1505,73466.47,-0.0000,-0.0000,-0.0129,-0.0000,0.4900,60.69,0.4800,48.73,0.4700,135.33,0.4600,31.00,0.4500,31.00,0.5000,417.76,0.5100,85.64,0.5200,36.00,0.5300,537.00,0.5400,26.00,0.5000,417.76,0.4900,85.64,0.4800,36.00,0.4700,537.00,0.4600,26.00,0.5100,60.69,0.5200,48.73,0.5300,135.33,0.5400,31.00,0.5500,31.00,306.75,1102.40,1409.15,1102.40,306.75,1409.15,0.0100,0.0100,-0.5646,0.5646,0.4913,0.5087,0.3567,0.4566,0.4566,0.3567,6.0205,168.3248,168.3824,6.0226
btc-updown-5m-1780094400,1780094630000,70,73371.58,73466.48,94.90,0.0000,0.0000,0.0030,0.0588,0.0100,0.0040,0.000008,0.0137,0.2216,73466.47,0.0000,0.0000,0.0129,0.0000,0.4900,56.76,0.4800,37.38,0.4700,135.33,0.4600,31.00,0.4500,31.00,0.5000,415.88,0.5100,85.64,0.5200,36.00,0.5300,537.00,0.5400,26.00,0.5000,415.88,0.4900,85.64,0.4800,36.00,0.4700,537.00,0.4600,26.00,0.5100,56.76,0.5200,37.38,0.5300,135.33,0.5400,31.00,0.5500,31.00,291.47,1100.52,1391.99,1100.52,291.47,1391.99,0.0100,0.0100,-0.5812,0.5812,0.4912,0.5088,0.3230,0.4557,0.4557,0.3230,-7.5184,75.6602,75.6732,-7.5197
btc-updown-5m-1780094400,1780094631000,69,73371.58,73466.48,94.90,0.0000,0.0000,0.0000,0.0586,0.0080,0.0040,0.000008,0.0134,0.0000,73466.47,0.0000,0.0000,0.0000,0.0000,0.4700,59.98,0.4600,22.50,0.4500,26.00,0.4400,26.00,0.4300,26.00,0.4800,10.00,0.4900,34.69,0.5000,638.88,0.5100,73.64,0.5200,26.00,0.5200,10.00,0.5100,34.69,0.5000,638.88,0.4900,73.64,0.4800,26.00,0.5300,59.98,0.5400,22.50,0.5500,26.00,0.5600,26.00,0.5700,26.00,160.48,783.21,943.69,783.21,160.48,943.69,0.0100,0.0100,-0.6599,0.6599,0.4786,0.5214,0.5140,0.0571,0.0571,0.5140,-106.5672,27.3617,27.3663,-106.5851
btc-updown-5m-1780094400,1780094632000,68,73371.34,73466.48,95.14,0.0000,0.0000,0.0009,0.0551,0.0060,0.0037,0.000008,0.0134,0.0643,73466.47,0.0000,0.0000,0.0000,0.0000,0.4800,50.00,0.4700,103.84,0.4600,33.18,0.4500,31.00,0.4400,26.00,0.4900,17.96,0.5000,643.88,0.5100,78.64,0.5200,26.00,0.5300,537.00,0.5100,17.96,0.5000,643.88,0.4900,78.64,0.4800,26.00,0.4700,537.00,0.5200,50.00,0.5300,103.84,0.5400,33.18,0.5500,31.00,0.5600,26.00,244.02,1303.48,1547.50,1303.48,244.02,1547.50,0.0100,0.0100,-0.6846,0.6846,0.4874,0.5126,0.6304,0.5077,0.5077,0.6304,-16.1425,29.5517,29.5625,-16.1484
btc-updown-5m-1780094400,1780094633000,67,73371.34,73466.47,95.13,-0.0000,-0.0000,0.0001,0.0551,0.0060,0.0040,0.000008,0.0134,0.0082,73466.47,-0.0000,-0.0000,-0.0129,-0.0000,0.4600,10.00,0.4500,10.00,0.4400,24.48,0.4300,26.00,0.4200,31.82,0.5000,675.98,0.5100,78.64,0.5200,26.00,0.5300,537.00,0.5400,26.00,0.5000,675.98,0.4900,78.64,0.4800,26.00,0.4700,537.00,0.4600,26.00,0.5400,10.00,0.5500,10.00,0.5600,24.48,0.5700,26.00,0.5800,31.82,102.30,1343.62,1445.92,1343.62,102.30,1445.92,0.0400,0.0400,-0.8585,0.8585,0.4606,0.5394,0.1955,0.5616,0.5616,0.1955,-46.8709,41.4059,25.8453,-39.7448
btc-updown-5m-1780094400,1780094634000,66,73370.68,73466.48,95.80,0.0000,0.0000,0.0774,0.0814,0.0060,0.0043,0.000009,0.0159,4.8769,73466.47,0.0000,0.0000,0.0130,0.0000,0.4200,3.34,0.4100,26.00,0.4000,27.70,0.3900,31.70,0.3800,1488.23,0.4900,35.00,0.5000,602.40,0.5100,78.64,0.5200,26.00,0.5300,537.00,0.5100,35.00,0.5000,602.40,0.4900,78.64,0.4800,26.00,0.4700,537.00,0.5800,3.34,0.5900,26.00,0.6000,27.70,0.6100,31.70,0.6200,1488.23,1576.97,1279.04,2856.01,1279.04,1576.97,2856.01,0.0700,0.0700,0.1043,-0.1043,0.4261,0.5739,0.0186,0.4983,0.4983,0.0186,203.1690,24.0200,24.0200,203.1691
btc-updown-5m-1780094400,1780094635000,65,73370.04,73466.48,96.44,0.0000,0.0000,0.0000,0.0783,0.0040,0.0043,0.000009,0.0158,0.0000,73466.47,0.0000,0.0000,0.0000,0.0000,0.4500,111.02,0.4400,18.00,0.4300,26.00,0.4200,26.34,0.4100,31.00,0.4600,1.56,0.4700,26.00,0.4800,31.00,0.4900,23.00,0.5000,602.40,0.5400,1.56,0.5300,26.00,0.5200,31.00,0.5100,23.00,0.5000,602.40,0.5500,111.02,0.5600,18.00,0.5700,26.00,0.5800,26.34,0.5900,31.00,212.36,683.96,896.32,683.96,212.36,896.32,0.0100,0.0100,-0.5262,0.5262,0.4599,0.5401,0.6076,0.0403,0.0403,0.6076,-15.5554,-68.9585,-68.9357,-15.5502
btc-updown-5m-1780094400,1780094636000,64,73370.08,73466.47,96.39,-0.0000,-0.0000,0.0016,0.0799,0.0060,0.0047,0.000009,0.0156,0.1003,73466.47,-0.0000,-0.0000,-0.0131,-0.0000,0.4500,164.02,0.4400,10.00,0.4300,26.00,0.4200,26.34,0.4100,31.00,0.4700,21.14,0.4800,31.00,0.4900,23.00,0.5000,594.40,0.5100,18.00,0.5300,21.14,0.5200,31.00,0.5100,23.00,0.5000,594.40,0.4900,18.00,0.5500,164.02,0.5600,10.00,0.5700,26.00,0.5800,26.34,0.5900,31.00,257.36,687.54,944.90,687.54,257.36,944.90,0.0200,0.0200,-0.4553,0.4553,0.4677,0.5323,0.6762,0.0758,0.0758,0.6762,16.5823,-132.5815,-132.5815,16.5823
btc-updown-5m-1780094400,1780094637000,63,73370.08,73466.47,96.39,0.0000,-0.0000,0.0000,0.0790,0.0060,0.0043,0.000009,0.0154,0.0000,73466.47,-0.0000,-0.0000,0.0000,0.0000,0.4600,16.17,0.4500,22.00,0.4400,26.00,0.4300,31.00,0.4200,26.34,0.4700,16.46,0.4800,30.00,0.4900,15.00,0.5000,594.40,0.5100,44.00,0.5300,16.46,0.5200,30.00,0.5100,15.00,0.5000,594.40,0.4900,44.00,0.5400,16.17,0.5500,22.00,0.5600,26.00,0.5700,31.00,0.5800,26.34,121.51,699.86,821.37,699.86,121.51,821.37,0.0100,0.0100,-0.7041,0.7041,0.4650,0.5350,0.3141,0.0664,0.0664,0.3141,-7.2624,-13.5661,-13.5639,-7.2612
btc-updown-5m-1780094400,1780094638000,62,73369.90,73459.10,89.20,-0.0100,-0.0100,0.6332,0.7121,1.4800,0.2503,0.001801,0.0358,17.6858,73462.27,-0.0011,-0.0043,-8.9484,-0.0001,0.3800,1009.42,0.3500,20.00,0.3400,10.00,0.3300,10.00,0.3200,15.00,0.3900,42.34,0.4000,18.00,0.4100,79.00,0.4200,23.00,0.4300,228.61,0.6100,42.34,0.6000,18.00,0.5900,79.00,0.5800,23.00,0.5700,228.61,0.6200,1009.42,0.6500,20.00,0.6600,10.00,0.6700,10.00,0.6800,15.00,1064.42,390.95,1455.37,390.95,1064.42,1455.37,0.0100,0.0100,0.4627,-0.4627,0.3896,0.6104,0.9671,0.1543,0.1543,0.9671,151.2321,-159.2624,-159.2893,151.2576
btc-updown-5m-1780094400,1780094639000,61,73369.91,73459.10,89.19,0.0000,-0.0100,0.0000,0.6348,1.4780,0.2503,0.001801,0.0358,0.0000,73462.27,-0.0011,-0.0043,0.0000,0.0000,0.4000,11.40,0.3900,26.73,0.3800,845.63,0.3700,10.00,0.3600,10.00,0.4100,20.00,0.4200,76.06,0.4300,114.00,0.4400,130.00,0.4500,70.00,0.5900,20.00,0.5800,76.06,0.5700,114.00,0.5600,130.00,0.5500,70.00,0.6000,11.40,0.6100,26.73,0.6200,845.63,0.6300,10.00,0.6400,10.00,903.76,410.06,1313.82,410.06,903.76,1313.82,0.0100,0.0100,0.3758,-0.3758,0.4036,0.5964,0.0422,0.2343,0.2343,0.0422,134.0907,-156.1921,-156.1921,134.0907
btc-updown-5m-1780094400,1780094640000,60,73366.43,73459.11,92.68,0.0000,-0.0100,0.0034,0.6381,1.4800,0.2507,0.001801,0.0359,0.0941,73462.26,-0.0000,-0.0043,0.0126,0.0000,0.4100,48.30,0.4000,96.00,0.3900,38.23,0.3800,694.58,0.3700,5.00,0.4200,7.47,0.4300,51.00,0.4400,90.00,0.4500,10.00,0.4600,70.00,0.5800,7.47,0.5700,51.00,0.5600,90.00,0.5500,10.00,0.5400,70.00,0.5900,48.30,0.6000,96.00,0.6100,38.23,0.6200,694.58,0.6300,5.00,882.11,228.47,1110.58,228.47,882.11,1110.58,0.0100,0.0100,0.5886,-0.5886,0.4187,0.5813,0.1636,0.2559,0.2559,0.1636,-114.3050,-172.8195,-172.8195,-114.3050
btc-updown-5m-1780094400,1780094641000,59,73363.85,73459.11,95.26,0.0000,-0.0100,0.0003,0.6369,1.4780,0.2507,0.001801,0.0359,0.0078,73462.25,-0.0000,-0.0043,0.0000,0.0000,0.4300,0.51,0.4200,20.00,0.3800,705.97,0.3700,13.00,0.3600,8.00,0.4400,120.96,0.4500,75.00,0.4600,100.00,0.4700,65.88,0.4800,75.00,0.5600,120.96,0.5500,75.00,0.5400,100.00,0.5300,65.88,0.5200,75.00,0.5700,0.51,0.5800,20.00,0.6200,705.97,0.6300,13.00,0.6400,8.00,747.48,436.84,1184.32,436.84,747.48,1184.32,0.0100,0.0100,0.2623,-0.2623,0.4300,0.5700,0.0274,0.4486,0.4486,0.0274,-134.0833,-37.0714,-37.0714,-134.0833
btc-updown-5m-1780094400,1780094642000,58,73363.85,73459.10,95.25,-0.0000,-0.0100,0.0001,0.6369,1.4800,0.2510,0.001801,0.0359,0.0025,73462.25,-0.0000,-0.0043,-0.0130,-0.0000,0.3800,534.35,0.3500,15.00,0.3400,10.00,0.3000,18.33,0.2900,25.00,0.3900,104.57,0.4000,10.00,0.4100,230.55,0.4200,51.00,0.4300,18.75,0.6100,104.57,0.6000,10.00,0.5900,230.55,0.5800,51.00,0.5700,18.75,0.6200,534.35,0.6500,15.00,0.6600,10.00,0.7000,18.33,0.7100,25.00,602.68,414.87,1017.55,414.87,602.68,1017.55,0.0100,0.0100,0.1846,-0.1846,0.3884,0.6116,0.9115,0.2762,0.2762,0.9115,-137.8417,-4.0623,-4.0632,-137.8745
btc-updown-5m-1780094400,1780094643000,57,73363.55,73459.10,95.55,0.0000,0.0000,0.0000,0.0038,0.0040,0.2507,0.001801,0.0359,0.0000,73462.25,-0.0000,-0.0043,0.0000,0.0000,0.4000,14.07,0.3900,13.77,0.3800,468.74,0.3700,6.58,0.3500,10.00,0.4100,207.91,0.4200,66.00,0.4300,20.00,0.4400,48.90,0.4500,10.00,0.5900,207.91,0.5800,66.00,0.5700,20.00,0.5600,48.90,0.5500,10.00,0.6000,14.07,0.6100,13.77,0.6200,468.74,0.6300,6.58,0.6500,10.00,513.16,352.81,865.97,352.81,513.16,865.97,0.0100,0.0100,0.1852,-0.1852,0.4006,0.5994,0.0543,0.7764,0.7764,0.0543,-121.4533,-7.5931,-7.5931,-121.4533
btc-updown-5m-1780094400,1780094644000,56,73363.44,73459.11,95.67,0.0000,0.0000,0.0715,0.0752,0.0060,0.2507,0.001801,0.0382,1.8717,73462.06,0.0000,-0.0040,0.0130,0.0000,0.3800,467.41,0.3700,20.00,0.3600,36.77,0.3500,10.00,0.3400,10.00,0.3900,59.40,0.4000,28.00,0.4100,196.91,0.4200,61.00,0.4300,25.00,0.6100,59.40,0.6000,28.00,0.5900,196.91,0.5800,61.00,0.5700,25.00,0.6200,467.41,0.6300,20.00,0.6400,36.77,0.6500,10.00,0.6600,10.00,544.18,370.31,914.49,370.31,544.18,914.49,0.0100,0.0100,0.1901,-0.1901,0.3889,0.6111,0.8957,0.2360,0.2360,0.8957,-109.0616,29.0906,29.1011,-109.1011
btc-updown-5m-1780094400,1780094645000,55,73361.78,73459.11,97.33,0.0000,0.0000,0.0000,0.0718,0.0040,0.2503,0.001801,0.0356,0.0000,73461.74,0.0000,-0.0036,0.0000,0.0000,0.3800,135.20,0.3600,36.77,0.3500,10.00,0.3400,10.00,0.3000,18.33,0.3900,48.96,0.4000,28.00,0.4100,196.91,0.4200,61.00,0.4300,25.00,0.6100,48.96,0.6000,28.00,0.5900,196.91,0.5800,61.00,0.5700,25.00,0.6200,135.20,0.6400,36.77,0.6500,10.00,0.6600,10.00,0.7000,18.33,210.30,359.87,570.17,359.87,210.30,570.17,0.0100,0.0100,-0.2623,0.2623,0.3873,0.6127,0.8177,0.2139,0.2139,0.8177,-131.6531,-16.0958,-16.0958,-131.6531
btc-updown-5m-1780094400,1780094646000,54,73361.87,73459.11,97.24,0.0000,0.0000,0.0018,0.0734,0.0040,0.2503,0.001801,0.0275,0.0654,73460.34,0.0000,-0.0017,0.0000,0.0000,0.3700,14.55,0.3600,12.00,0.3500,10.00,0.3400,10.00,0.3100,5.00,0.3800,79.21,0.3900,36.00,0.4000,15.00,0.4100,196.91,0.4200,61.00,0.6200,79.21,0.6100,36.00,0.6000,15.00,0.5900,196.91,0.5800,61.00,0.6300,14.55,0.6400,12.00,0.6500,10.00,0.6600,10.00,0.6900,5.00,51.55,388.12,439.67,388.12,51.55,439.67,0.0100,0.0100,-0.7655,0.7655,0.3716,0.6284,0.5150,0.2968,0.2968,0.5150,-122.1098,37.2837,37.2775,-122.0896
btc-updown-5m-1780094400,1780094647000,53,73362.48,73459.11,96.63,0.0000,0.0000,0.0014,0.0747,0.0020,0.2500,0.001801,0.0275,0.0520,73460.32,0.0000,-0.0017,0.0000,0.0000,0.3700,70.00,0.3600,55.03,0.3500,16.96,0.3400,10.00,0.3100,13.00,0.3900,9.84,0.4000,37.00,0.4100,196.91,0.4200,66.00,0.4300,15.00,0.6100,9.84,0.6000,37.00,0.5900,196.91,0.5800,66.00,0.5700,15.00,0.6300,70.00,0.6400,55.03,0.6500,16.96,0.6600,10.00,0.6900,13.00,164.99,324.75,489.74,324.75,164.99,489.74,0.0200,0.0200,-0.3262,0.3262,0.3875,0.6125,0.7578,0.1442,0.1442,0.7578,-108.6533,37.1527,37.1588,-108.6711
btc-updown-5m-1780094400,1780094648000,52,73362.48,73459.11,96.63,0.0000,0.0000,0.0000,0.0747,0.0020,0.2500,0.001801,0.0274,0.0000,73460.31,0.0000,-0.0016,0.0000,0.0000,0.4100,144.13,0.4000,94.34,0.3900,74.34,0.3800,8.00,0.3700,8.00,0.4200,43.47,0.4300,15.00,0.4400,30.00,0.4500,19.06,0.4600,20.00,0.5800,43.47,0.5700,15.00,0.5600,30.00,0.5500,19.06,0.5400,20.00,0.5900,144.13,0.6000,94.34,0.6100,74.34,0.6200,8.00,0.6300,8.00,328.81,127.53,456.34,127.53,328.81,456.34,0.0100,0.0100,0.4411,-0.4411,0.4177,0.5823,0.7253,0.4585,0.4585,0.7253,-73.5746,-13.4616,-13.4726,-73.6349
btc-updown-5m-1780094400,1780094649000,51,73362.47,73459.11,96.64,0.0000,0.0000,0.0000,0.0032,0.0000,0.2500,0.001801,0.0274,0.0000,73460.31,0.0000,-0.0016,0.0000,0.0000,0.4100,44.00,0.4000,34.83,0.3900,70.00,0.3800,8.00,0.3700,8.00,0.4200,10.01,0.4400,30.00,0.4500,10.00,0.4600,10.00,0.4700,26.88,0.5800,10.01,0.5600,30.00,0.5500,10.00,0.5400,10.00,0.5300,26.88,0.5900,44.00,0.6000,34.83,0.6100,70.00,0.6200,8.00,0.6300,8.00,164.83,86.89,251.72,86.89,164.83,251.72,0.0100,0.0100,0.3096,-0.3096,0.4181,0.5819,0.4783,0.4605,0.4605,0.4783,-76.8391,-35.1673,-35.1617,-76.8267
btc-updown-5m-1780094400,1780094650000,50,73362.72,73459.11,96.39,0.0000,0.0000,0.0000,0.0032,0.0000,0.2500,0.001801,0.0274,0.0000,73460.31,0.0000,-0.0016,0.0000,0.0000,0.4100,43.00,0.4000,74.83,0.3900,48.23,0.3600,38.03,0.3500,10.00,0.4300,9.01,0.4400,30.00,0.4500,24.06,0.4600,10.00,0.4700,26.88,0.5700,9.01,0.5600,30.00,0.5500,24.06,0.5400,10.00,0.5300,26.88,0.5900,43.00,0.6000,74.83,0.6100,48.23,0.6400,38.03,0.6500,10.00,214.09,99.95,314.04,99.95,214.09,314.04,0.0200,0.0200,0.3635,-0.3635,0.4265,0.5735,0.5504,0.3903,0.3903,0.5504,-53.9506,-44.8581,-44.8656,-53.9595
btc-updown-5m-1780094400,1780094651000,49,73362.47,73459.11,96.64,0.0000,0.0000,0.0000,0.0014,0.0000,0.2497,0.001801,0.0274,0.0000,73460.31,0.0000,-0.0016,0.0000,0.0000,0.4200,34.47,0.4100,12.00,0.4000,34.83,0.3900,50.00,0.3800,8.00,0.4300,112.00,0.4400,27.18,0.4500,32.54,0.4600,10.00,0.4700,16.88,0.5700,112.00,0.5600,27.18,0.5500,32.54,0.5400,10.00,0.5300,16.88,0.5800,34.47,0.5900,12.00,0.6000,34.83,0.6100,50.00,0.6200,8.00,139.30,198.60,337.90,198.60,139.30,337.90,0.0100,0.0100,-0.1755,0.1755,0.4224,0.5776,0.3336,0.7008,0.7008,0.3336,-11.5304,-26.9794,-26.9653,-11.5244
btc-updown-5m-1780094400,1780094652000,48,73362.40,73459.11,96.71,0.0000,0.0000,0.0000,,0.0000,0.2497,0.001801,0.0274,0.0000,73460.30,0.0000,-0.0016,0.0000,0.0000,0.4200,259.44,0.4100,40.00,0.4000,34.83,0.3900,42.00,0.3800,5.00,0.4300,25.06,0.4400,22.00,0.4500,55.00,0.4600,34.23,0.4700,16.88,0.5700,9.06,0.5600,22.00,0.5500,55.00,0.5400,20.00,0.5300,16.88,0.5800,279.03,0.5900,40.00,0.6000,34.83,0.6100,42.00,0.6200,6.40,381.27,153.17,534.44,122.94,402.26,525.20,0.0100,0.0100,0.4268,-0.5318,0.4291,0.5703,0.7854,0.3072,0.2526,0.7931,54.2749,-38.6749,-45.7838,60.5508
btc-updown-5m-1780094400,1780094653000,47,73362.40,73459.10,96.70,-0.0000,-0.0000,0.0023,0.0023,0.0020,0.2500,0.001801,0.0275,0.0840,73460.30,0.0000,-0.0016,-0.0132,-0.0000,0.4400,50.48,0.4000,42.83,0.3900,48.23,0.3700,30.00,0.3600,73.03,0.4500,213.90,0.4600,10.00,0.4700,26.88,0.4800,10.00,0.4900,69.99,0.5500,213.90,0.5400,10.00,0.5300,26.88,0.5200,10.00,0.5100,69.99,0.5600,50.48,0.6000,42.83,0.6100,48.23,0.6300,30.00,0.6400,73.03,244.57,330.77,575.34,330.77,244.57,575.34,0.0100,0.0100,-0.1498,0.1498,0.4419,0.5581,0.3815,0.6769,0.6769,0.3815,10.3978,0.9896,0.9893,10.3944
btc-updown-5m-1780094400,1780094654000,46,73362.78,73459.11,96.33,0.0000,0.0000,0.0034,0.0057,0.0040,0.2503,0.001801,0.0276,0.1224,73460.30,0.0000,-0.0016,0.0131,0.0000,0.4200,5.80,0.4000,42.83,0.3900,42.00,0.3800,5.00,0.3700,30.00,0.4300,27.53,0.4400,106.58,0.4500,61.58,0.4600,17.39,0.4700,16.88,0.5700,27.53,0.5600,106.58,0.5500,61.58,0.5400,17.39,0.5300,16.88,0.5800,5.80,0.6000,42.83,0.6100,42.00,0.6200,5.00,0.6300,30.00,125.63,229.96,355.59,229.96,125.63,355.59,0.0100,0.0100,-0.2934,0.2934,0.4217,0.5783,0.3871,0.5832,0.5832,0.3871,-56.3412,10.9866,10.9829,-56.3221
btc-updown-5m-1780094400,1780094655000,45,73361.39,73459.11,97.72,0.0000,0.0000,0.0005,0.0062,0.0040,0.2503,0.001801,0.0276,0.0185,73460.30,0.0000,-0.0016,0.0000,0.0000,0.4200,18.66,0.4100,12.00,0.4000,34.83,0.3900,50.00,0.3600,30.00,0.4300,32.53,0.4400,19.58,0.4500,30.00,0.4600,10.00,0.4700,16.88,0.5700,32.53,0.5600,19.58,0.5500,30.00,0.5400,10.00,0.5300,16.88,0.5800,18.66,0.5900,12.00,0.6000,34.83,0.6100,50.00,0.6400,30.00,145.49,108.99,254.48,108.99,145.49,254.48,0.0100,0.0100,0.1434,-0.1434,0.4236,0.5764,0.2107,0.4781,0.4781,0.2107,-4.4565,-9.2257,-9.2257,-4.4565
btc-updown-5m-1780094400,1780094656000,44,73361.54,73459.11,97.57,0.0000,0.0000,0.0000,0.0062,0.0040,0.2500,0.001801,0.0276,0.0000,73460.30,0.0000,-0.0016,0.0000,0.0000,0.4400,29.46,0.4000,28.18,0.3900,42.00,0.3700,30.00,0.3600,30.00,0.4500,167.64,0.4800,20.00,0.4900,10.00,0.5000,641.09,0.5100,220.00,0.5500,167.64,0.5200,20.00,0.5100,10.00,0.5000,641.09,0.4900,220.00,0.5600,29.46,0.6000,28.18,0.6100,42.00,0.6300,30.00,0.6400,30.00,159.64,1058.73,1218.37,1058.73,159.64,1218.37,0.0100,0.0100,-0.7379,0.7379,0.4415,0.5585,0.3611,0.1772,0.1772,0.3611,-9.1528,159.7327,159.7327,-9.1528
btc-updown-5m-1780094400,1780094657000,43,73361.61,73459.11,97.50,0.0000,0.0000,0.0042,0.0104,0.0040,0.2497,0.001801,0.0278,0.1509,73460.29,0.0000,-0.0016,0.0000,0.0000,0.4200,27.79,0.4000,20.18,0.3900,50.00,0.3800,8.00,0.3700,5.00,0.4300,31.34,0.4400,7.58,0.4500,15.00,0.4600,15.00,0.4700,5.00,0.5700,31.34,0.5600,7.58,0.5500,15.00,0.5400,15.00,0.5300,5.00,0.5800,27.79,0.6000,20.18,0.6100,50.00,0.6200,8.00,0.6300,5.00,110.97,73.92,184.89,73.92,110.97,184.89,0.0100,0.0100,0.2004,-0.2004,0.4247,0.5753,0.4323,0.5265,0.5265,0.4323,-4.9992,-28.0204,-28.0158,-4.9984
btc-updown-5m-1780094400,1780094658000,42,73361.49,73459.11,97.62,0.0000,0.0000,0.0011,0.0092,0.0020,0.2493,0.001801,0.0277,0.0401,73460.26,0.0000,-0.0016,0.0000,0.0000,0.4500,1.47,0.4200,5.80,0.4000,20.18,0.3900,55.00,0.3800,30.00,0.4600,376.69,0.4700,5.00,0.4900,14.12,0.5000,651.09,0.5100,210.00,0.5400,376.69,0.5300,5.00,0.5100,14.12,0.5000,651.09,0.4900,210.00,0.5500,1.47,0.5800,5.80,0.6000,20.18,0.6100,55.00,0.6200,30.00,112.45,1256.90,1369.35,1256.90,112.45,1369.35,0.0100,0.0100,-0.8358,0.8358,0.4500,0.5500,0.0647,0.3037,0.3037,0.0647,-46.1256,189.3840,189.4490,-46.1414
btc-updown-5m-1780094400,1780094659000,41,73361.49,73459.11,97.62,0.0000,0.0000,0.0001,0.0059,0.0000,0.2490,0.001801,0.0277,0.0040,73460.25,0.0000,-0.0016,0.0000,0.0000,0.4300,26.12,0.4200,20.00,0.4100,5.94,0.4000,28.18,0.3900,42.00,0.4400,248.55,0.4500,20.00,0.4900,9.12,0.5000,627.94,0.5100,210.00,0.5600,248.55,0.5500,20.00,0.5100,9.12,0.5000,627.94,0.4900,210.00,0.5700,26.12,0.5800,20.00,0.5900,5.94,0.6000,28.18,0.6100,42.00,122.24,1115.61,1237.85,1115.61,122.24,1237.85,0.0100,0.0100,-0.8025,0.8025,0.4310,0.5690,0.3773,0.2407,0.2407,0.3773,-21.6190,122.3052,122.2453,-21.6084
btc-updown-5m-1780094400,1780094660000,40,73361.72,73459.11,97.39,0.0000,0.0000,0.0002,0.0056,0.0020,0.2490,0.001801,0.0260,0.0081,73459.86,0.0000,-0.0010,0.0000,0.0000,0.4800,96.46,0.4300,13.66,0.4200,20.00,0.4000,50.18,0.3900,72.00,0.4900,68.38,0.5000,627.53,0.5100,210.00,0.5200,20.00,0.5300,31.00,0.5100,68.38,0.5000,627.53,0.4900,210.00,0.4800,20.00,0.4700,31.00,0.5200,96.46,0.5700,13.66,0.5800,20.00,0.6000,50.18,0.6100,72.00,252.30,956.91,1209.21,956.91,252.30,1209.21,0.0100,0.0100,-0.5827,0.5827,0.4859,0.5141,0.4365,0.7272,0.7272,0.4365,20.1272,173.9378,173.9378,20.1272
btc-updown-5m-1780094400,1780094661000,39,73361.72,73459.11,97.39,0.0000,0.0000,0.0000,0.0056,0.0020,0.2490,0.001801,0.0259,0.0000,73459.84,0.0000,-0.0010,0.0000,0.0000,0.4000,18.51,0.3900,26.24,0.3800,8.00,0.3700,8.00,0.3500,20.00,0.4100,76.25,0.4200,7.58,0.4300,28.09,0.4400,15.00,0.4500,30.00,0.5900,76.25,0.5800,7.58,0.5700,28.09,0.5600,15.00,0.5500,30.00,0.6000,18.51,0.6100,26.24,0.6200,8.00,0.6300,8.00,0.6500,20.00,80.75,156.92,237.67,156.92,80.75,237.67,0.0100,0.0100,-0.3205,0.3205,0.4020,0.5980,0.5542,0.5342,0.5342,0.5542,-12.1337,10.3562,10.3562,-12.1337
btc-updown-5m-1780094400,1780094662000,38,73361.55,73459.10,97.55,-0.0000,-0.0000,0.0016,0.0030,0.0040,0.2493,0.001801,0.0260,0.0601,73459.83,-0.0000,-0.0010,-0.0133,-0.0000,0.3200,12.47,0.3000,68.33,0.2900,33.38,0.2800,10.00,0.2700,9.00,0.3300,89.72,0.3400,12.00,0.3500,325.00,0.3700,20.00,0.3800,25.00,0.6700,89.72,0.6600,12.00,0.6500,325.00,0.6300,20.00,0.6200,25.00,0.6800,12.47,0.7000,68.33,0.7100,33.38,0.7200,10.00,0.7300,9.00,133.18,471.72,604.90,471.72,133.18,604.90,0.0100,0.0100,-0.5597,0.5597,0.3212,0.6788,0.6067,0.2156,0.2156,0.6067,-4.4063,-97.7535,-97.7373,-4.4056
btc-updown-5m-1780094400,1780094663000,37,73361.55,73459.10,97.55,0.0000,-0.0000,0.0000,0.0019,0.0040,0.2490,0.001801,0.0259,0.0000,73459.83,-0.0000,-0.0010,0.0000,0.0000,0.3000,78.33,0.2900,25.00,0.2800,10.00,0.2700,39.00,0.2600,48.60,0.3100,132.45,0.3200,12.00,0.3300,17.24,0.3400,34.00,0.3500,325.00,0.6900,132.45,0.6800,12.00,0.6700,17.24,0.6600,34.00,0.6500,325.00,0.7000,78.33,0.7100,25.00,0.7200,10.00,0.7300,39.00,0.7400,48.60,200.93,520.69,721.62,520.69,200.93,721.62,0.0100,0.0100,-0.4431,0.4431,0.3037,0.6963,0.5143,0.2774,0.2774,0.5143,17.2580,74.8324,74.8324,17.2580
btc-updown-5m-1780094400,1780094664000,36,73361.55,73459.11,97.56,0.0000,0.0000,0.0380,0.0398,0.0060,0.2490,0.001801,0.0272,1.3995,73459.79,0.0000,-0.0009,0.0133,0.0000,0.3000,55.60,0.2900,25.00,0.2800,18.67,0.2700,9.00,0.2600,18.60,0.3100,157.38,0.3200,12.00,0.3300,10.00,0.3500,325.00,0.3700,50.00,0.6900,157.38,0.6800,12.00,0.6700,10.00,0.6500,325.00,0.6300,50.00,0.7000,55.60,0.7100,25.00,0.7200,18.67,0.7300,9.00,0.7400,18.60,126.87,554.38,681.25,554.38,126.87,681.25,0.0100,0.0100,-0.6275,0.6275,0.3026,0.6974,0.6353,0.3055,0.3055,0.6353,2.4620,-122.8274,-135.1617,1.5869
btc-updown-5m-1780094400,1780094665000,35,73361.10,73459.11,98.01,0.0000,0.0000,0.0000,0.0396,0.0040,0.2490,0.001801,0.0247,0.0000,73459.12,0.0000,-0.0000,0.0000,0.0000,0.3300,65.01,0.3100,19.83,0.3000,28.66,0.2900,30.00,0.2700,9.00,0.3400,26.58,0.3500,310.00,0.3700,15.00,0.3800,15.00,0.3900,55.00,0.6600,26.58,0.6500,310.00,0.6300,15.00,0.6200,15.00,0.6100,55.00,0.6700,65.01,0.6900,19.83,0.7000,28.66,0.7100,30.00,0.7300,9.00,152.50,421.58,574.08,421.58,152.50,574.08,0.0100,0.0100,-0.4687,0.4687,0.3371,0.6629,0.5563,0.7984,0.7984,0.5563,-24.5069,-78.8132,-78.8001,-24.5028
btc-updown-5m-1780094400,1780094666000,34,73361.10,73459.10,98.00,-0.0000,-0.0000,0.0058,0.0454,0.0060,0.2490,0.001801,0.0249,0.2326,73459.12,-0.0000,-0.0000,-0.0133,-0.0000,0.3400,122.14,0.3300,100.47,0.3200,26.84,0.3100,56.12,0.3000,28.66,0.3500,296.25,0.3800,5.00,0.3900,15.00,0.4400,38.76,0.4500,110.00,0.6500,296.25,0.6200,5.00,0.6100,15.00,0.5600,38.76,0.5500,110.00,0.6600,122.14,0.6700,100.47,0.6800,26.84,0.6900,56.12,0.7000,28.66,334.23,465.01,799.24,465.01,334.23,799.24,0.0100,0.0100,-0.1636,0.1636,0.3429,0.6571,0.6660,0.6478,0.6478,0.6660,4.2034,-79.3028,-79.1695,4.1964
btc-updown-5m-1780094400,1780094667000,33,73361.33,73459.10,97.77,0.0000,0.0000,0.0000,0.0438,0.0040,0.2490,0.001801,0.0248,0.0000,73459.10,-0.0000,-0.0000,0.0000,0.0000,0.3400,514.61,0.3300,30.00,0.3200,30.00,0.3100,30.00,0.3000,38.66,0.3500,267.04,0.3600,17.00,0.3900,10.00,0.4400,17.76,0.4500,116.00,0.6500,267.04,0.6400,17.00,0.6100,10.00,0.5600,17.76,0.5500,116.00,0.6600,514.61,0.6700,30.00,0.6800,30.00,0.6900,30.00,0.7000,38.66,643.27,427.80,1071.07,427.80,643.27,1071.07,0.0100,0.0100,0.2012,-0.2012,0.3466,0.6534,0.8466,0.6640,0.6640,0.8466,92.3527,44.4722,44.4722,92.3527
btc-updown-5m-1780094400,1780094668000,32,73361.86,73459.10,97.24,0.0000,0.0000,0.0008,0.0446,0.0040,0.0030,0.000007,0.0248,0.0318,73459.10,-0.0000,-0.0000,0.0000,0.0000,0.3400,995.01,0.3300,30.00,0.3200,35.00,0.3100,30.00,0.3000,43.72,0.3500,73.31,0.3900,10.00,0.4400,17.76,0.4500,116.00,0.4600,83.86,0.6500,73.31,0.6100,10.00,0.5600,17.76,0.5500,116.00,0.5400,83.86,0.6600,995.01,0.6700,30.00,0.6800,35.00,0.6900,30.00,0.7000,43.72,1133.73,300.93,1434.66,300.93,1133.73,1434.66,0.0100,0.0100,0.5805,-0.5805,0.3493,0.6507,0.9041,0.2768,0.2768,0.9041,164.4019,-28.0628,-28.0628,164.4019
btc-updown-5m-1780094400,1780094669000,31,73361.86,73459.10,97.24,0.0000,-0.0000,0.0000,0.0066,0.0020,0.0030,0.000007,0.0044,0.0000,73459.11,-0.0000,-0.0000,0.0000,0.0000,0.3400,756.92,0.3300,30.00,0.3200,30.00,0.3100,30.00,0.3000,38.66,0.3500,1.06,0.4000,10.00,0.4400,5.00,0.4500,116.00,0.4600,78.86,0.6500,1.06,0.6000,10.00,0.5600,5.00,0.5500,116.00,0.5400,78.86,0.6600,756.92,0.6700,30.00,0.6800,30.00,0.6900,30.00,0.7000,38.66,885.58,210.92,1096.50,210.92,885.58,1096.50,0.0100,0.0100,0.6153,-0.6153,0.3500,0.6500,0.8886,0.0524,0.0524,0.8886,106.2054,-50.3391,-50.3391,106.2054
btc-updown-5m-1780094400,1780094670000,30,73362.01,73459.10,97.09,0.0000,-0.0000,0.0000,0.0066,0.0020,0.0027,0.000007,0.0044,0.0000,73459.11,0.0000,-0.0000,0.0000,0.0000,0.4400,82.19,0.4300,30.00,0.4200,30.00,0.4100,30.00,0.4000,30.00,0.4500,253.64,0.4600,78.86,0.5000,594.38,0.5100,210.00,0.5200,20.00,0.5500,253.64,0.5400,78.86,0.5000,594.38,0.4900,210.00,0.4800,20.00,0.5600,82.19,0.5700,30.00,0.5800,30.00,0.5900,30.00,0.6000,30.00,202.19,1156.88,1359.07,1156.88,202.19,1359.07,0.0100,0.0100,-0.7025,0.7025,0.4424,0.5576,0.5549,0.2874,0.2874,0.5549,17.6615,122.8891,122.8891,17.6615
btc-updown-5m-1780094400,1780094671000,29,73362.17,73459.10,96.93,0.0000,0.0000,0.0021,0.0029,0.0000,0.0027,0.000007,0.0044,0.4772,73459.11,0.0000,-0.0000,0.0000,0.0000,0.4400,372.27,0.4300,45.00,0.4200,30.00,0.4100,30.00,0.4000,30.00,0.4500,71.76,0.4600,93.86,0.5000,594.38,0.5100,210.00,0.5200,20.00,0.5500,71.76,0.5400,93.86,0.5000,594.38,0.4900,210.00,0.4800,20.00,0.5600,372.27,0.5700,45.00,0.5800,30.00,0.5900,30.00,0.6000,30.00,507.27,990.00,1497.27,990.00,507.27,1497.27,0.0100,0.0100,-0.3224,0.3224,0.4484,0.5516,0.8226,0.1673,0.1673,0.8226,56.0786,95.3634,95.3634,56.0786
btc-updown-5m-1780094400,1780094672000,28,73362.31,73459.10,96.79,0.0000,0.0000,0.0000,0.0029,0.0000,0.0023,0.000006,0.0043,0.0000,73459.11,0.0000,-0.0000,0.0000,0.0000,0.4500,127.31,0.4400,30.00,0.4300,57.00,0.4200,30.00,0.4100,35.00,0.4600,82.59,0.4700,12.00,0.5000,594.38,0.5100,215.00,0.5200,20.00,0.5400,82.59,0.5300,12.00,0.5000,594.38,0.4900,215.00,0.4800,20.00,0.5500,127.31,0.5600,30.00,0.5700,57.00,0.5800,30.00,0.5900,35.00,279.31,923.97,1203.28,923.97,279.31,1203.28,0.0100,0.0100,-0.5358,0.5358,0.4561,0.5439,0.5632,0.1024,0.1024,0.5632,-57.2380,75.7227,74.9854,-52.2356
btc-updown-5m-1780094400,1780094673000,27,73363.50,73459.10,95.60,0.0000,0.0000,0.0000,0.0021,0.0000,0.0023,0.000006,0.0043,0.0000,73459.11,0.0000,-0.0000,0.0000,0.0000,0.4500,139.50,0.4400,30.00,0.4300,45.00,0.4200,30.00,0.4100,35.00,0.4600,47.24,0.4700,12.00,0.5000,594.38,0.5100,205.00,0.5200,20.00,0.5400,47.24,0.5300,12.00,0.5000,594.38,0.4900,205.00,0.4800,20.00,0.5500,139.50,0.5600,30.00,0.5700,45.00,0.5800,30.00,0.5900,35.00,279.50,878.62,1158.12,878.62,279.50,1158.12,0.0100,0.0100,-0.5173,0.5173,0.4575,0.5425,0.6064,0.0674,0.0674,0.6064,-27.9361,85.5415,85.5554,-27.9407
btc-updown-5m-1780094400,1780094674000,26,73362.67,73459.11,96.44,0.0000,0.0000,0.0416,0.0437,0.0020,0.0023,0.000006,0.0057,7.3145,73459.11,0.0000,0.0000,0.0131,0.0000,0.4500,154.40,0.4400,30.00,0.4300,45.00,0.4200,30.00,0.4100,35.00,0.4600,45.32,0.4700,12.00,0.5000,594.38,0.5100,205.00,0.5200,20.00,0.5400,45.32,0.5300,12.00,0.5000,594.38,0.4900,205.00,0.4800,20.00,0.5500,154.40,0.5600,30.00,0.5700,45.00,0.5800,30.00,0.5900,35.00,294.40,876.70,1171.10,876.70,294.40,1171.10,0.0100,0.0100,-0.4972,0.4972,0.4577,0.5423,0.6264,0.0654,0.0654,0.6264,-157.0015,107.7011,107.7212,-157.0309
btc-updown-5m-1780094400,1780094675000,25,73362.67,73459.11,96.44,0.0000,0.0000,0.0000,0.0437,0.0020,0.0023,0.000006,0.0034,0.0000,73459.11,0.0000,0.0000,0.0000,0.0000,0.4800,33.14,0.4700,30.00,0.4600,30.00,0.4500,30.00,0.4400,30.00,0.4900,62.91,0.5000,417.53,0.5100,200.00,0.5200,15.00,0.5300,20.00,0.5100,62.91,0.5000,417.53,0.4900,200.00,0.4800,15.00,0.4700,20.00,0.5200,33.14,0.5300,30.00,0.5400,30.00,0.5500,30.00,0.5600,30.00,153.14,715.44,868.58,715.44,153.14,868.58,0.0100,0.0100,-0.6474,0.6474,0.4835,0.5165,0.4123,0.6715,0.6715,0.4123,-127.5012,82.9058,82.9196,-127.5223
btc-updown-5m-1780094400,1780094676000,24,73363.01,73459.10,96.09,-0.0000,0.0000,0.0009,0.0425,0.0040,0.0027,0.000007,0.0034,0.2696,73459.11,-0.0000,-0.0000,-0.0131,-0.0000,0.4900,29.90,0.4800,35.05,0.4700,30.00,0.4600,30.00,0.4500,30.00,0.5000,531.46,0.5100,200.00,0.5200,15.00,0.5300,20.00,0.5400,25.00,0.5000,531.46,0.4900,200.00,0.4800,15.00,0.4700,20.00,0.4600,25.00,0.5100,29.90,0.5200,35.05,0.5300,30.00,0.5400,30.00,0.5500,30.00,154.95,791.46,946.41,791.46,154.95,946.41,0.0100,0.0100,-0.6726,0.6726,0.4905,0.5095,0.4192,0.9242,0.9242,0.4192,-7.9182,-61.2504,-61.2504,-7.9182
btc-updown-5m-1780094400,1780094677000,23,73362.79,73459.10,96.31,0.0000,0.0000,0.0000,0.0425,0.0040,0.0027,0.000007,0.0034,0.0000,73459.11,-0.0000,-0.0000,0.0000,0.0000,0.4900,31.37,0.4800,30.00,0.4700,30.00,0.4600,30.00,0.4500,30.00,0.5000,318.46,0.5100,222.00,0.5200,10.00,0.5300,20.00,0.5400,25.27,0.5000,318.46,0.4900,222.00,0.4800,10.00,0.4700,20.00,0.4600,25.27,0.5100,31.37,0.5200,30.00,0.5300,30.00,0.5400,30.00,0.5500,30.00,151.37,595.73,747.10,595.73,151.37,747.10,0.0100,0.0100,-0.5948,0.5948,0.4909,0.5091,0.4054,0.9072,0.9072,0.4054,-54.5679,-85.7009,-85.7009,-54.5679
btc-updown-5m-1780094400,1780094678000,22,73362.79,73473.40,110.61,0.0195,0.0195,0.4054,0.4480,2.8640,0.4793,0.003494,0.0164,24.7409,73470.51,0.0018,0.0039,21.5316,0.0003,0.5500,324.72,0.5400,140.00,0.5300,30.00,0.5200,30.00,0.5100,30.00,0.6200,167.97,0.6500,61.97,0.6800,45.00,0.6900,17.00,0.7000,50.00,0.3800,167.97,0.3500,61.97,0.3200,45.00,0.3100,17.00,0.3000,50.00,0.4500,324.72,0.4600,140.00,0.4700,30.00,0.4800,30.00,0.4900,30.00,554.72,341.94,896.66,341.94,554.72,896.66,0.0700,0.0700,0.2373,-0.2373,0.5961,0.4039,0.8378,0.6725,0.6725,0.8378,20.9874,-98.1453,-98.1453,20.9874
btc-updown-5m-1780094400,1780094679000,21,73362.79,73473.41,110.62,0.0000,0.0195,0.0300,0.4363,2.8640,0.4797,0.003494,0.0174,1.7270,73470.68,0.0017,0.0037,0.0151,0.0000,0.9300,188.15,0.9200,138.69,0.9100,88.81,0.9000,329.62,0.8900,30.00,0.9500,899.84,0.9600,313.42,0.9700,410.34,0.9800,704.00,0.9900,5699.83,0.0500,899.84,0.0400,313.42,0.0300,410.34,0.0200,704.00,0.0100,5699.83,0.0700,188.15,0.0800,138.69,0.0900,88.81,0.1000,329.62,0.1100,30.00,775.27,8027.43,8802.70,8027.43,775.27,8802.70,0.0200,0.0200,-0.8239,0.8239,0.9335,0.0665,0.4216,0.1511,0.1511,0.4216,421.0677,5319.9857,5319.9866,421.0677
btc-updown-5m-1780094400,1780094680000,20,73378.40,73473.41,95.01,0.0000,0.0195,0.0000,0.4363,2.8640,0.4797,0.003494,0.0174,0.0000,73470.68,0.0001,0.0037,0.0000,0.0000,0.9300,188.15,0.9200,138.69,0.9100,88.81,0.9000,329.62,0.8900,30.00,0.9500,899.84,0.9600,313.42,0.9700,410.34,0.9800,704.00,0.9900,5699.83,0.0500,899.84,0.0400,313.42,0.0300,410.34,0.0200,704.00,0.0100,5699.83,0.0700,188.15,0.0800,138.69,0.0900,88.81,0.1000,329.62,0.1100,30.00,775.27,8027.43,8802.70,8027.43,775.27,8802.70,0.0200,0.0200,-0.8239,0.8239,0.9335,0.0665,0.4216,0.1511,0.1511,0.4216,421.0677,5319.9857,5319.9866,421.0677
btc-updown-5m-1780094400,1780094681000,19,73378.40,73473.40,95.00,-0.0000,0.0195,0.1354,0.5708,2.8640,0.4800,0.003494,0.0217,6.2330,73471.22,0.0000,0.0030,-0.0129,-0.0000,,,,,,,,,,,,,,,,,,,,,,,,,,,,,,,,,,,,,,,,,-0.00,-0.00,-0.00,-0.00,-0.00,-0.00,,,,,,,,,,,,,,
btc-updown-5m-1780094400,1780094682000,18,73379.27,73473.40,94.13,0.0000,0.0195,0.0000,0.5708,2.8640,0.4800,0.003494,0.0217,0.0000,73471.22,-0.0000,0.0030,0.0000,0.0000,,,,,,,,,,,,,,,,,,,,,,,,,,,,,,,,,,,,,,,,,-0.00,-0.00,-0.00,-0.00,-0.00,-0.00,,,,,,,,,,,,,,
btc-updown-5m-1780094400,1780094683000,17,73379.19,73473.40,94.21,0.0000,0.0000,0.0004,0.1658,0.0040,0.4797,0.003494,0.0217,0.0193,73471.22,-0.0000,0.0030,0.0000,0.0000,,,,,,,,,,,,,,,,,,,,,,,,,,,,,,,,,,,,,,,,,-0.00,-0.00,-0.00,-0.00,-0.00,-0.00,,,,,,,,,,,,,,
btc-updown-5m-1780094400,1780094684000,16,73379.76,73473.41,93.65,0.0000,0.0000,0.0364,0.1723,0.0040,0.4797,0.003494,0.0228,1.5957,73471.38,0.0000,0.0028,0.0127,0.0000,,,,,,,,,,,,,,,,,,,,,,,,,,,,,,,,,,,,,,,,,-0.00,-0.00,-0.00,-0.00,-0.00,-0.00,,,,,,,,,,,,,,
btc-updown-5m-1780094400,1780094685000,15,73380.24,73473.41,93.17,0.0000,0.0000,0.0000,0.1723,0.0040,0.4797,0.003494,0.0227,0.0000,73471.44,0.0000,0.0027,0.0000,0.0000,,,,,,,,,,,,,,,,,,,,,,,,,,,,,,,,,,,,,,,,,-0.00,-0.00,-0.00,-0.00,-0.00,-0.00,,,,,,,,,,,,,,
btc-updown-5m-1780094400,1780094686000,14,73380.46,73473.41,92.95,0.0000,0.0000,0.0001,0.0370,0.0020,0.4797,0.003494,0.0227,0.0048,73471.45,0.0000,0.0027,0.0000,0.0000,,,,,,,,,,,,,,,,,,,,,,,,,,,,,,,,,,,,,,,,,-0.00,-0.00,-0.00,-0.00,-0.00,-0.00,,,,,,,,,,,,,,
btc-updown-5m-1780094400,1780094687000,13,73380.46,73473.41,92.95,0.0000,0.0000,0.0000,0.0370,0.0020,0.4797,0.003494,0.0227,0.0000,73471.45,0.0000,0.0027,0.0000,0.0000,,,,,,,,,,,,,,,,,,,,,,,,,,,,,,,,,,,,,,,,,-0.00,-0.00,-0.00,-0.00,-0.00,-0.00,,,,,,,,,,,,,,
btc-updown-5m-1780094400,1780094688000,12,73380.72,73473.41,92.69,0.0000,0.0000,0.0002,0.0367,0.0020,0.4797,0.003494,0.0226,0.0084,73471.52,0.0000,0.0026,0.0000,0.0000,,,,,,,,,,,,,,,,,,,,,,,,,,,,,,,,,,,,,,,,,-0.00,-0.00,-0.00,-0.00,-0.00,-0.00,,,,,,,,,,,,,,
btc-updown-5m-1780094400,1780094689000,11,73380.88,73473.41,92.53,0.0000,0.0000,0.0000,0.0003,0.0000,0.4797,0.003494,0.0225,0.0000,73471.54,0.0000,0.0025,0.0000,0.0000,,,,,,,,,,,,,,,,,,,,,,,,,,,,,,,,,,,,,,,,,-0.00,-0.00,-0.00,-0.00,-0.00,-0.00,,,,,,,,,,,,,,
btc-updown-5m-1780094400,1780094690000,10,73380.92,73473.41,92.49,0.0000,0.0000,0.0017,0.0020,0.0000,0.4793,0.003494,0.0226,0.0743,73471.55,0.0000,0.0025,0.0000,0.0000,,,,,,,,,,,,,,,,,,,,,,,,,,,,,,,,,,,,,,,,,-0.00,-0.00,-0.00,-0.00,-0.00,-0.00,,,,,,,,,,,,,,
btc-updown-5m-1780094400,1780094691000,9,73381.11,73473.41,92.30,0.0000,0.0000,0.0000,0.0019,0.0000,0.4793,0.003494,0.0226,0.0000,73471.55,0.0000,0.0025,0.0000,0.0000,,,,,,,,,,,,,,,,,,,,,,,,,,,,,,,,,,,,,,,,,-0.00,-0.00,-0.00,-0.00,-0.00,-0.00,,,,,,,,,,,,,,
btc-updown-5m-1780094400,1780094692000,8,73381.16,73473.41,92.25,0.0000,0.0000,0.0000,0.0019,0.0000,0.4790,0.003494,0.0226,0.0000,73471.55,0.0000,0.0025,0.0000,0.0000,,,,,,,,,,,,,,,,,,,,,,,,,,,,,,,,,,,,,,,,,-0.00,-0.00,-0.00,-0.00,-0.00,-0.00,,,,,,,,,,,,,,
btc-updown-5m-1780094400,1780094693000,7,73381.22,73473.41,92.19,0.0000,0.0000,0.0000,0.0017,0.0000,0.4790,0.003494,0.0225,0.0000,73471.58,0.0000,0.0025,0.0000,0.0000,,,,,,,,,,,,,,,,,,,,,,,,,,,,,,,,,,,,,,,,,-0.00,-0.00,-0.00,-0.00,-0.00,-0.00,,,,,,,,,,,,,,
btc-updown-5m-1780094400,1780094694000,6,73381.22,73473.41,92.19,0.0000,0.0000,0.0005,0.0022,0.0000,0.4787,0.003494,0.0226,0.0213,73471.58,0.0000,0.0025,0.0000,0.0000,,,,,,,,,,,,,,,,,,,,,,,,,,,,,,,,,,,,,,,,,-0.00,-0.00,-0.00,-0.00,-0.00,-0.00,,,,,,,,,,,,,,
btc-updown-5m-1780094400,1780094695000,5,73380.41,73473.41,93.00,0.0000,0.0000,0.0000,0.0005,0.0000,0.4787,0.003494,0.0213,0.0000,73472.29,0.0000,0.0015,0.0000,0.0000,,,,,,,,,,,,,,,,,,,,,,,,,,,,,,,,,,,,,,,,,-0.00,-0.00,-0.00,-0.00,-0.00,-0.00,,,,,,,,,,,,,,
btc-updown-5m-1780094400,1780094696000,4,73379.56,73473.41,93.85,0.0000,0.0000,0.0000,0.0005,0.0000,0.4783,0.003494,0.0213,0.0000,73472.29,0.0000,0.0015,0.0000,0.0000,,,,,,,,,,,,,,,,,,,,,,,,,,,,,,,,,,,,,,,,,-0.00,-0.00,-0.00,-0.00,-0.00,-0.00,,,,,,,,,,,,,,
btc-updown-5m-1780094400,1780094697000,3,73377.52,73466.47,88.95,-0.0094,-0.0094,1.3263,1.3268,1.3880,0.7097,0.003936,0.0639,20.7464,73468.44,-0.0000,-0.0027,-8.4023,-0.0001,,,,,,,,,,,,,,,,,,,,,,,,,,,,,,,,,,,,,,,,,-0.00,-0.00,-0.00,-0.00,-0.00,-0.00,,,,,,,,,,,,,,
btc-updown-5m-1780094400,1780094698000,2,73377.57,73466.06,88.49,-0.0006,-0.0100,0.0049,1.3317,1.4700,0.7233,0.003939,0.0641,0.0766,73468.43,-0.0006,-0.0032,-0.4938,-0.0000,,,,,,,,,,,,,,,,,,,,,,,,,,,,,,,,,,,,,,,,,-0.00,-0.00,-0.00,-0.00,-0.00,-0.00,,,,,,,,,,,,,,
btc-updown-5m-1780094400,1780094699000,1,73377.53,73466.06,88.53,0.0000,-0.0100,0.0083,1.3396,1.4700,0.7233,0.003939,0.0643,0.1290,73468.42,-0.0006,-0.0032,0.0000,0.0000,,,,,,,,,,,,,,,,,,,,,,,,,,,,,,,,,,,,,,,,,-0.00,-0.00,-0.00,-0.00,-0.00,-0.00,,,,,,,,,,,,,,
btc-updown-5m-1780094400,1780094700000,0,73372.44,73466.05,93.61,-0.0000,-0.0100,0.0010,1.3406,1.4720,0.7237,0.003939,0.0644,0.0155,73468.42,-0.0006,-0.0032,-0.0127,-0.0000,,,,,,,,,,,,,,,,,,,,,,,,,,,,,,,,,,,,,,,,,-0.00,-0.00,-0.00,-0.00,-0.00,-0.00,,,,,,,,,,,,,,
