market_slug,timestamp_ms,seconds_till_end,oracle_btc_price,binance_btc_price,lag,binance_ret1s_x100,binance_ret5s_x100,binance_volume_1s,binance_volume_5s,binance_atr_5s,binance_atr_30s,binance_rvol_30s,binance_volma_30s,binance_volume_spike,binance_vwap_30s,binance_p_vwap_5s,binance_p_vwap_30s,lat_dir_raw_x1000,lat_dir_norm_x1000,up_bid_1_price,up_bid_1_size,up_bid_2_price,up_bid_2_size,up_bid_3_price,up_bid_3_size,up_bid_4_price,up_bid_4_size,up_bid_5_price,up_bid_5_size,up_ask_1_price,up_ask_1_size,up_ask_2_price,up_ask_2_size,up_ask_3_price,up_ask_3_size,up_ask_4_price,up_ask_4_size,up_ask_5_price,up_ask_5_size,down_bid_1_price,down_bid_1_size,down_bid_2_price,down_bid_2_size,down_bid_3_price,down_bid_3_size,down_bid_4_price,down_bid_4_size,down_bid_5_price,down_bid_5_size,down_ask_1_price,down_ask_1_size,down_ask_2_price,down_ask_2_size,down_ask_3_price,down_ask_3_size,down_ask_4_price,down_ask_4_size,down_ask_5_price,down_ask_5_size,pm_up_bid_depth5,pm_up_ask_depth5,pm_up_total_depth5,pm_down_bid_depth5,pm_down_ask_depth5,pm_down_total_depth5,pm_up_spread,pm_down_spread,pm_up_imbalance,pm_down_imbalance,pm_up_microprice,pm_down_microprice,pm_up_bid_slope,pm_up_ask_slope,pm_down_bid_slope,pm_down_ask_slope,pm_up_bid_eatflow,pm_up_ask_eatflow,pm_down_bid_eatflow,pm_down_ask_eatflow
btc-updown-5m-1780095000,1780095001000,299,73384.72,73473.65,88.93,0.0120,-0.0467,2.2411,11.9187,10.4020,1.8030,0.010834,0.4279,5.2373,73470.73,0.0098,0.0040,10.6765,0.0001,,,,,,,,,,,,,,,,,,,,,,,,,,,,,,,,,,,,,,,,,-0.00,-0.00,-0.00,-0.00,-0.00,-0.00,,,,,,,,,,,,,,
btc-updown-5m-1780095000,1780095002000,298,73376.45,73480.00,103.55,0.0086,-0.0381,2.7316,14.6499,11.6720,2.0147,0.010987,0.5156,5.2980,73472.28,0.0150,0.0105,8.9497,0.0001,,,,,,,,,,,,,,,,,,,,,,,,,,,,,,,,,,,,,,,,,-0.00,-0.00,-0.00,-0.00,-0.00,-0.00,,,,,,,,,,,,,,
btc-updown-5m-1780095000,1780095003000,297,73377.17,73485.24,108.07,0.0071,0.0278,0.0980,5.3863,4.0880,2.1897,0.011091,0.5188,0.1889,73472.36,0.0220,0.0175,7.7065,0.0001,0.6500,198.93,0.6400,16.00,0.6300,21.00,0.6200,75.45,0.6100,48.00,0.6600,25.81,0.6700,46.47,0.6800,55.00,0.6900,85.00,0.7000,76.60,0.3400,25.81,0.3300,46.47,0.3200,55.00,0.3100,85.00,0.3000,76.60,0.3500,198.93,0.3600,16.00,0.3700,21.00,0.3800,75.45,0.3900,48.00,359.38,288.88,648.26,288.88,359.38,648.26,0.0100,0.0100,0.1088,-0.1088,0.6589,0.3411,0.5981,0.2502,0.2502,0.5981,-4247.3471,129.8750,129.8750,-4247.3471
btc-updown-5m-1780095000,1780095004000,296,73380.64,73485.25,104.61,0.0000,0.0278,0.0806,5.2766,4.0880,2.1897,0.011091,0.5214,0.1547,73472.42,0.0116,0.0175,0.0142,0.0000,0.6500,69.96,0.6400,28.00,0.6300,41.00,0.6200,60.45,0.6100,38.00,0.6600,90.04,0.6700,55.00,0.6800,82.97,0.6900,95.00,0.7000,69.00,0.3400,90.04,0.3300,55.00,0.3200,82.97,0.3100,95.00,0.3000,69.00,0.3500,69.96,0.3600,28.00,0.3700,41.00,0.3800,60.45,0.3900,38.00,237.41,392.01,629.42,392.01,237.41,629.42,0.0100,0.0100,-0.2456,0.2456,0.6544,0.3456,0.4126,0.3700,0.3700,0.4126,-4051.0314,250.4968,250.4968,-4051.0314
btc-updown-5m-1780095000,1780095005000,295,73386.62,73481.36,94.74,-0.0053,0.0225,1.2770,6.4284,4.8640,2.2530,0.011113,0.5559,2.2971,73472.64,0.0046,0.0119,-5.0153,-0.0001,0.6200,29.34,0.6100,25.00,0.6000,106.00,0.5900,36.00,0.5800,41.67,0.6400,310.18,0.6500,151.04,0.6600,90.70,0.6700,88.97,0.6800,91.00,0.3600,310.18,0.3500,151.04,0.3400,90.70,0.3300,88.97,0.3200,91.00,0.3800,29.34,0.3900,25.00,0.4000,106.00,0.4100,36.00,0.4200,41.67,238.01,731.89,969.90,731.89,238.01,969.90,0.0200,0.0200,-0.5092,0.5092,0.6217,0.3783,0.2283,0.6302,0.6302,0.2283,-1217.2512,205.4058,205.2487,-1216.3198
btc-updown-5m-1780095000,1780095006000,294,73386.67,73481.36,94.69,0.0000,0.0105,0.0152,4.2024,3.1020,2.2530,0.011113,0.5264,0.0288,73470.63,0.0043,0.0146,0.0000,0.0000,0.5700,433.94,0.5600,2187.93,0.5500,18.55,0.5400,53.71,0.5300,89.76,0.5800,395.74,0.5900,93.52,0.6000,75.07,0.6100,130.97,0.6200,126.17,0.4200,395.74,0.4100,93.52,0.4000,75.07,0.3900,130.97,0.3800,126.17,0.4300,433.94,0.4400,2187.93,0.4500,18.55,0.4600,53.71,0.4700,89.76,2783.89,821.47,3605.36,821.47,2783.89,3605.36,0.0100,0.0100,0.5443,-0.5443,0.5752,0.4248,0.9418,0.5956,0.5956,0.9418,-173.5836,171.5342,171.4873,-173.5360
btc-updown-5m-1780095000,1780095007000,293,73386.67,73481.36,94.69,0.0000,0.0019,0.0000,1.4708,1.8320,2.2527,0.011113,0.5255,0.0000,73470.57,0.0010,0.0147,0.0000,0.0000,0.5700,332.45,0.5600,284.06,0.5500,73.55,0.5400,118.71,0.5300,144.76,0.5800,174.06,0.5900,128.52,0.6000,94.00,0.6100,160.97,0.6200,169.66,0.4200,174.06,0.4100,128.52,0.4000,94.00,0.3900,160.97,0.3800,169.66,0.4300,332.45,0.4400,284.06,0.4500,73.55,0.4600,118.71,0.4700,144.76,953.53,727.21,1680.74,727.21,953.53,1680.74,0.0100,0.0100,0.1347,-0.1347,0.5766,0.4234,0.6466,0.4161,0.4161,0.6466,138.4768,120.9289,120.8996,138.4433
btc-updown-5m-1780095000,1780095008000,292,73382.34,73471.54,89.20,-0.0134,-0.0186,1.3437,2.7166,2.7460,2.5797,0.011322,0.5688,2.3623,73470.64,-0.0073,0.0012,-11.9203,-0.0002,0.5700,342.45,0.5600,296.06,0.5500,73.55,0.5400,118.71,0.5300,154.76,0.5800,187.74,0.5900,128.52,0.6000,100.15,0.6100,160.97,0.6200,176.27,0.4200,187.74,0.4100,128.52,0.4000,100.15,0.3900,160.97,0.3800,176.27,0.4300,342.45,0.4400,296.06,0.4500,73.55,0.4600,118.71,0.4700,154.76,985.53,753.65,1739.18,753.65,985.53,1739.18,0.0100,0.0100,0.1333,-0.1333,0.5765,0.4235,0.6479,0.4196,0.4196,0.6479,125.3348,106.7377,106.8973,125.5221
btc-updown-5m-1780095000,1780095009000,291,73381.09,73471.54,90.45,0.0000,-0.0187,0.0417,2.6776,2.7440,2.5797,0.011322,0.5701,0.0731,73470.64,-0.0068,0.0012,0.0000,0.0000,0.5700,337.40,0.5600,296.06,0.5500,73.55,0.5400,113.71,0.5300,154.76,0.5800,102.12,0.5900,128.52,0.6000,100.15,0.6100,160.97,0.6200,171.27,0.4200,102.12,0.4100,128.52,0.4000,100.15,0.3900,160.97,0.3800,171.27,0.4300,337.40,0.4400,296.06,0.4500,73.55,0.4600,113.71,0.4700,154.76,975.48,663.03,1638.51,663.03,975.48,1638.51,0.0100,0.0100,0.1907,-0.1907,0.5777,0.4223,0.6494,0.3479,0.3479,0.6494,115.2952,65.8819,65.8819,115.2952
btc-updown-5m-1780095000,1780095010000,290,73380.20,73471.54,91.34,0.0000,-0.0134,0.0000,1.4006,1.9660,2.5797,0.011322,0.5683,0.0000,73470.52,-0.0064,0.0014,0.0000,0.0000,0.5600,211.23,0.5500,8.55,0.5400,8.71,0.5300,39.76,0.5200,24.00,0.5800,784.26,0.5900,101.00,0.6000,80.15,0.6100,108.00,0.6200,161.27,0.4200,784.26,0.4100,101.00,0.4000,80.15,0.3900,108.00,0.3800,161.27,0.4400,211.23,0.4500,8.55,0.4600,8.71,0.4700,39.76,0.4800,24.00,292.25,1234.68,1526.93,1234.68,292.25,1526.93,0.0200,0.0200,-0.6172,0.6172,0.5642,0.4358,0.7520,0.7170,0.7170,0.7520,-4.4506,148.3164,148.2654,-4.4490
btc-updown-5m-1780095000,1780095011000,289,73373.64,73471.54,97.90,0.0000,-0.0134,0.2544,1.6398,1.9640,2.5793,0.011322,0.5765,0.4412,73470.53,-0.0001,0.0014,0.0000,0.0000,0.4700,25.92,0.4600,8.00,0.4500,50.03,0.4400,15.18,0.4300,110.00,0.4800,417.85,0.4900,25.00,0.5000,71.04,0.5100,51.00,0.5200,66.00,0.5200,417.85,0.5100,25.00,0.5000,71.04,0.4900,51.00,0.4800,66.00,0.5300,25.92,0.5400,8.00,0.5500,50.03,0.5600,15.18,0.5700,110.00,209.13,630.89,840.02,630.89,209.13,840.02,0.0100,0.0100,-0.5021,0.5021,0.4706,0.5294,0.1622,0.7019,0.7019,0.1622,-459.6426,-27.8863,-27.9014,-459.8916
btc-updown-5m-1780095000,1780095012000,288,73371.54,73462.11,90.57,-0.0128,-0.0262,0.4170,2.0568,3.8520,2.8937,0.011492,0.5895,0.7073,73470.31,-0.0102,-0.0112,-11.6246,-0.0002,0.4200,5.74,0.4000,5.00,0.3900,20.00,0.3800,191.86,0.3700,120.30,0.4700,203.51,0.4800,570.76,0.4900,51.00,0.5000,118.04,0.5100,106.00,0.5300,203.51,0.5200,570.76,0.5100,51.00,0.5000,118.04,0.4900,106.00,0.5800,5.74,0.6000,5.00,0.6100,20.00,0.6200,191.86,0.6300,120.30,342.90,1049.31,1392.21,1049.31,342.90,1392.21,0.0500,0.0500,-0.5074,0.5074,0.4214,0.5786,0.0313,0.7379,0.7379,0.0313,-372.7090,44.4301,43.5539,-372.2785
btc-updown-5m-1780095000,1780095013000,287,73371.34,73462.11,90.77,0.0000,-0.0128,0.0000,0.7130,1.8880,2.8937,0.011492,0.5883,0.0000,73470.23,-0.0102,-0.0111,0.0000,0.0000,0.4100,5.00,0.3900,36.12,0.3800,221.86,0.3700,120.00,0.3600,70.00,0.4200,148.32,0.4300,231.69,0.4400,56.04,0.4500,169.00,0.4600,31.00,0.5800,148.32,0.5700,231.69,0.5600,56.04,0.5500,169.00,0.5400,31.00,0.5900,5.00,0.6100,36.12,0.6200,221.86,0.6300,120.00,0.6400,70.00,452.98,636.05,1089.03,636.05,452.98,1089.03,0.0100,0.0100,-0.1681,0.1681,0.4103,0.5897,0.0908,0.5975,0.5975,0.0908,-104.8323,-0.1194,-0.1194,-104.8323
btc-updown-5m-1780095000,1780095014000,286,73369.50,73462.10,92.60,-0.0000,-0.0128,0.0102,0.6816,1.8900,2.8940,0.011492,0.5886,0.0174,73470.23,-0.0053,-0.0111,-0.0126,-0.0000,0.3900,60.60,0.3800,260.00,0.3700,180.00,0.3600,70.00,0.3500,35.00,0.4000,272.11,0.4100,249.77,0.4200,69.40,0.4300,56.00,0.4400,31.00,0.6000,272.11,0.5900,249.77,0.5800,69.40,0.5700,56.00,0.5600,31.00,0.6100,60.60,0.6200,260.00,0.6300,180.00,0.6400,70.00,0.6500,35.00,605.60,678.28,1283.88,678.28,605.60,1283.88,0.0100,0.0100,-0.0566,0.0566,0.3918,0.6082,0.5294,0.7694,0.7694,0.5294,-66.8146,-12.5034,-12.5034,-66.8146
btc-updown-5m-1780095000,1780095015000,285,73366.75,73454.00,87.25,-0.0110,-0.0239,0.7634,1.4449,3.5100,3.1640,0.011595,0.6133,1.2448,73469.58,-0.0075,-0.0212,-9.6201,-0.0001,0.3900,56.96,0.3800,270.00,0.3700,180.00,0.3600,108.00,0.3500,110.00,0.4000,303.33,0.4100,176.14,0.4200,70.40,0.4300,56.00,0.4400,31.00,0.6000,303.33,0.5900,176.14,0.5800,70.40,0.5700,56.00,0.5600,31.00,0.6100,56.96,0.6200,270.00,0.6300,180.00,0.6400,108.00,0.6500,110.00,724.96,636.87,1361.83,636.87,724.96,1361.83,0.0100,0.0100,0.0647,-0.0647,0.3916,0.6084,0.4510,0.7529,0.7529,0.4510,39.8061,-40.8510,-40.8510,39.8061
btc-updown-5m-1780095000,1780095016000,284,73365.84,73454.00,88.16,0.0000,-0.0239,0.0000,1.1906,3.5100,3.1637,0.011596,0.6132,0.0000,73469.57,-0.0075,-0.0212,0.0000,0.0000,0.3200,13.74,0.3100,45.00,0.3000,30.00,0.2900,25.00,0.2800,25.00,0.4000,801.41,0.4100,81.00,0.4200,42.40,0.4300,71.00,0.4400,46.00,0.6000,801.41,0.5900,81.00,0.5800,42.40,0.5700,71.00,0.5600,46.00,0.6800,13.74,0.6900,45.00,0.7000,30.00,0.7100,25.00,0.7200,25.00,138.74,1041.81,1180.55,1041.81,138.74,1180.55,0.0800,0.0800,-0.7650,0.7650,0.3213,0.6787,0.4234,0.8470,0.8470,0.4234,-26.5249,-31.6752,-31.6648,-26.5162
btc-updown-5m-1780095000,1780095017000,283,73359.25,73454.01,94.76,0.0000,-0.0110,0.0019,0.7756,1.6240,3.1640,0.011596,0.6132,0.0032,73469.57,-0.0039,-0.0212,0.0129,0.0000,0.3600,90.31,0.3500,110.00,0.3400,112.51,0.3200,66.74,0.3100,65.00,0.3900,62.89,0.4000,161.00,0.4100,96.00,0.4200,42.40,0.4300,86.00,0.6100,62.89,0.6000,161.00,0.5900,96.00,0.5800,42.40,0.5700,86.00,0.6400,90.31,0.6500,110.00,0.6600,112.51,0.6800,66.74,0.6900,65.00,444.56,448.29,892.85,448.29,444.56,892.85,0.0300,0.0300,-0.0042,0.0042,0.3777,0.6223,0.4506,0.4994,0.4994,0.4506,62.8395,15.5574,49.5111,62.4959
btc-updown-5m-1780095000,1780095018000,282,73356.53,73454.01,97.48,0.0000,-0.0110,0.0405,0.8160,1.6240,3.1640,0.011596,0.6145,0.0659,73469.54,-0.0001,-0.0211,0.0000,0.0000,0.3600,462.32,0.3500,241.00,0.3400,214.34,0.3300,129.00,0.3200,179.81,0.3700,31.32,0.3800,160.00,0.3900,90.00,0.4000,48.00,0.4100,116.00,0.6300,31.32,0.6200,160.00,0.6100,90.00,0.6000,48.00,0.5900,116.00,0.6400,462.32,0.6500,241.00,0.6600,214.34,0.6700,129.00,0.6800,179.81,1226.47,445.32,1671.79,445.32,1226.47,1671.79,0.0100,0.0100,0.4673,-0.4673,0.3694,0.6306,0.5735,0.4296,0.4296,0.5735,143.0188,-97.7646,-97.7963,143.0651
btc-updown-5m-1780095000,1780095019000,281,73356.53,73454.00,97.47,-0.0000,-0.0110,0.1044,0.9102,1.6240,3.1640,0.011595,0.6179,0.1690,73469.45,-0.0001,-0.0210,-0.0133,-0.0000,0.3600,443.40,0.3500,273.00,0.3400,214.34,0.3300,129.00,0.3200,179.81,0.3700,29.59,0.3800,160.00,0.3900,95.00,0.4000,48.00,0.4100,116.00,0.6300,29.59,0.6200,160.00,0.6100,95.00,0.6000,48.00,0.5900,116.00,0.6400,443.40,0.6500,273.00,0.6600,214.34,0.6700,129.00,0.6800,179.81,1239.55,448.59,1688.14,448.59,1239.55,1688.14,0.0100,0.0100,0.4685,-0.4685,0.3694,0.6306,0.5780,0.4226,0.4226,0.5780,136.9261,10.4907,10.4907,136.9261
btc-updown-5m-1780095000,1780095020000,280,73355.88,73454.00,98.12,0.0000,0.0000,0.5102,0.6571,0.0060,3.1640,0.011596,0.6331,0.8060,73468.97,-0.0000,-0.0204,0.0000,0.0000,0.3700,66.88,0.3600,88.02,0.3500,216.00,0.3400,154.34,0.3300,61.00,0.3800,56.98,0.3900,145.00,0.4000,69.00,0.4100,101.00,0.4200,61.00,0.6200,56.98,0.6100,145.00,0.6000,69.00,0.5900,101.00,0.5800,61.00,0.6300,66.88,0.6400,88.02,0.6500,216.00,0.6600,154.34,0.6700,61.00,586.24,432.98,1019.22,432.98,586.24,1019.22,0.0100,0.0100,0.1504,-0.1504,0.3754,0.6246,0.2642,0.4665,0.4665,0.2642,-7.1741,-40.2026,-40.2091,-7.1752
btc-updown-5m-1780095000,1780095021000,279,73355.88,73454.00,98.12,0.0000,0.0000,0.0000,0.6571,0.0060,3.1640,0.011596,0.6330,0.0000,73468.97,-0.0000,-0.0204,0.0000,0.0000,0.3700,3.92,0.3600,94.27,0.3500,216.00,0.3400,159.34,0.3300,76.00,0.3800,153.22,0.3900,135.00,0.4000,114.00,0.4100,116.00,0.4200,76.00,0.6200,153.22,0.6100,135.00,0.6000,114.00,0.5900,116.00,0.5800,76.00,0.6300,3.92,0.6400,94.27,0.6500,216.00,0.6600,159.34,0.6700,76.00,549.53,594.22,1143.75,594.22,549.53,1143.75,0.0100,0.0100,-0.0391,0.0391,0.3702,0.6298,0.1787,0.4850,0.4850,0.1787,86.3044,-91.8356,-91.8356,86.3044
btc-updown-5m-1780095000,1780095022000,278,73354.51,73454.01,99.50,0.0000,0.0000,0.0036,0.6588,0.0060,3.1643,0.011596,0.6331,0.0057,73468.97,0.0000,-0.0204,0.0135,0.0000,0.3700,11.80,0.3600,78.27,0.3500,221.00,0.3400,159.34,0.3300,76.00,0.3800,154.60,0.3900,135.00,0.4000,84.00,0.4100,116.00,0.4200,76.00,0.6200,154.60,0.6100,135.00,0.6000,84.00,0.5900,116.00,0.5800,76.00,0.6300,11.80,0.6400,78.27,0.6500,221.00,0.6600,159.34,0.6700,76.00,546.41,565.60,1112.01,565.60,546.41,1112.01,0.0100,0.0100,-0.0173,0.0173,0.3707,0.6293,0.1648,0.5120,0.5120,0.1648,61.0722,-74.8896,-74.9021,61.0823
btc-updown-5m-1780095000,1780095023000,277,73354.53,73454.01,99.48,0.0000,0.0000,0.0000,0.6183,0.0060,3.1643,0.011596,0.6327,0.0000,73468.94,0.0000,-0.0203,0.0000,0.0000,0.3500,185.00,0.3400,159.34,0.3300,76.00,0.3200,137.74,0.3100,124.00,0.3800,125.00,0.3900,108.00,0.4000,84.00,0.4100,116.00,0.4200,76.00,0.6200,125.00,0.6100,108.00,0.6000,84.00,0.5900,116.00,0.5800,76.00,0.6500,185.00,0.6600,159.34,0.6700,76.00,0.6800,137.74,0.6900,124.00,682.08,509.00,1191.08,509.00,682.08,1191.08,0.0300,0.0300,0.1453,-0.1453,0.3679,0.6321,0.5048,0.4578,0.4578,0.5048,43.9600,10.8700,10.8682,43.9527
btc-updown-5m-1780095000,1780095024000,276,73354.51,73454.00,99.49,-0.0000,0.0000,0.0739,0.5878,0.0060,3.1647,0.011596,0.6351,0.1163,73468.88,-0.0000,-0.0203,-0.0135,-0.0000,0.3500,226.50,0.3400,311.34,0.3300,151.00,0.3200,192.74,0.3100,171.00,0.3600,92.14,0.3700,192.07,0.3800,68.00,0.3900,116.00,0.4000,79.00,0.6400,92.14,0.6300,192.07,0.6200,68.00,0.6100,116.00,0.6000,79.00,0.6500,226.50,0.6600,311.34,0.6700,151.00,0.6800,192.74,0.6900,171.00,1052.58,547.21,1599.79,547.21,1052.58,1599.79,0.0100,0.0100,0.3159,-0.3159,0.3571,0.6429,0.5110,0.5194,0.5194,0.5110,-4.0464,22.4179,22.4216,-4.0471
btc-updown-5m-1780095000,1780095025000,275,73354.51,73454.00,99.49,0.0000,0.0000,0.0000,0.0775,0.0040,3.1647,0.011596,0.6351,0.0000,73468.88,-0.0000,-0.0203,0.0000,0.0000,0.3600,36.87,0.3500,176.82,0.3400,213.00,0.3300,118.51,0.3200,137.74,0.3700,238.66,0.3800,91.00,0.3900,93.00,0.4000,103.00,0.4100,116.00,0.6300,238.66,0.6200,91.00,0.6100,93.00,0.6000,103.00,0.5900,116.00,0.6400,36.87,0.6500,176.82,0.6600,213.00,0.6700,118.51,0.6800,137.74,682.94,641.66,1324.60,641.66,682.94,1324.60,0.0100,0.0100,0.0312,-0.0312,0.3613,0.6387,0.3129,0.5138,0.5138,0.3129,-92.2303,31.9917,32.0023,-92.2609
btc-updown-5m-1780095000,1780095026000,274,73354.51,73454.01,99.50,0.0000,0.0000,0.0137,0.0912,0.0060,3.1650,0.011596,0.6355,0.0216,73468.87,0.0000,-0.0202,0.0135,0.0000,0.3600,137.36,0.3500,236.82,0.3400,258.00,0.3300,163.51,0.3200,192.74,0.3700,45.53,0.3800,113.00,0.3900,83.00,0.4000,118.00,0.4100,101.00,0.6300,45.53,0.6200,113.00,0.6100,83.00,0.6000,118.00,0.5900,101.00,0.6400,137.36,0.6500,236.82,0.6600,258.00,0.6700,163.51,0.6800,192.74,988.43,460.53,1448.96,460.53,988.43,1448.96,0.0100,0.0100,0.3643,-0.3643,0.3675,0.6325,0.3786,0.3442,0.3442,0.3786,66.1103,5.9941,5.9941,66.1103
btc-updown-5m-1780095000,1780095027000,273,73354.56,73454.01,99.45,0.0000,0.0000,0.0001,0.0877,0.0040,3.1650,0.011596,0.6355,0.0002,73468.87,0.0000,-0.0202,0.0000,0.0000,0.3600,123.03,0.3500,246.82,0.3400,253.00,0.3300,163.51,0.3200,197.74,0.3700,60.53,0.3800,130.00,0.3900,113.00,0.4000,118.00,0.4100,101.00,0.6300,60.53,0.6200,130.00,0.6100,113.00,0.6000,118.00,0.5900,101.00,0.6400,123.03,0.6500,246.82,0.6600,253.00,0.6700,163.51,0.6800,197.74,984.10,522.53,1506.63,522.53,984.10,1506.63,0.0100,0.0100,0.3064,-0.3064,0.3667,0.6333,0.3758,0.3646,0.3646,0.3758,73.9683,-4.9956,-4.9956,73.9683
btc-updown-5m-1780095000,1780095028000,272,73354.60,73454.00,99.40,-0.0000,-0.0000,0.0004,0.0881,0.0060,1.7263,0.005018,0.6355,0.0006,73468.87,-0.0000,-0.0202,-0.0135,-0.0000,0.3700,394.01,0.3600,148.63,0.3500,225.39,0.3400,246.00,0.3300,131.00,0.3800,28.35,0.3900,110.00,0.4000,70.00,0.4100,76.00,0.4200,78.11,0.6200,28.35,0.6100,110.00,0.6000,70.00,0.5900,76.00,0.5800,78.11,0.6300,394.01,0.6400,148.63,0.6500,225.39,0.6600,246.00,0.6700,131.00,1145.03,362.46,1507.49,362.46,1145.03,1507.49,0.0100,0.0100,0.5191,-0.5191,0.3793,0.6207,0.4739,0.3817,0.3817,0.4739,100.9988,-34.2737,-34.2621,100.9648
btc-updown-5m-1780095000,1780095029000,271,73354.59,73454.00,99.41,0.0000,0.0000,0.0000,0.0142,0.0040,1.7260,0.005018,0.3335,0.0000,73472.54,-0.0000,-0.0252,0.0000,0.0000,0.3700,299.74,0.3600,141.15,0.3500,176.00,0.3400,246.00,0.3300,141.00,0.3800,6.51,0.3900,90.00,0.4000,76.00,0.4100,61.00,0.4200,61.00,0.6200,6.51,0.6100,90.00,0.6000,76.00,0.5900,61.00,0.5800,61.00,0.6300,299.74,0.6400,141.15,0.6500,176.00,0.6600,246.00,0.6700,141.00,1003.89,294.51,1298.40,294.51,1003.89,1298.40,0.0100,0.0100,0.5463,-0.5463,0.3798,0.6202,0.4392,0.3277,0.3277,0.4392,52.5061,-34.9959,-34.9959,52.5061
btc-updown-5m-1780095000,1780095030000,270,73355.59,73454.00,98.41,0.0000,0.0000,0.0000,0.0142,0.0040,1.7257,0.005018,0.3274,0.0000,73472.68,-0.0000,-0.0254,0.0000,0.0000,0.3700,215.30,0.3600,161.15,0.3500,187.45,0.3400,246.00,0.3300,146.00,0.3800,17.28,0.3900,186.46,0.4000,86.00,0.4100,88.11,0.4200,26.00,0.6200,17.28,0.6100,186.46,0.6000,86.00,0.5900,88.11,0.5800,26.00,0.6300,215.30,0.6400,161.15,0.6500,187.45,0.6600,246.00,0.6700,146.00,955.90,403.85,1359.75,403.85,955.90,1359.75,0.0100,0.0100,0.4060,-0.4060,0.3793,0.6207,0.3938,0.5045,0.5045,0.3938,-16.0518,-23.8021,-23.7981,-16.0491
btc-updown-5m-1780095000,1780095031000,269,73355.52,73454.01,98.49,0.0000,0.0000,0.0103,0.0109,0.0040,1.4320,0.004452,0.3236,0.0319,73472.76,0.0000,-0.0255,0.0134,0.0000,0.3700,215.30,0.3600,161.15,0.3500,187.45,0.3400,246.00,0.3300,146.00,0.3800,17.28,0.3900,186.46,0.4000,86.00,0.4100,88.11,0.4200,26.00,0.6200,17.28,0.6100,186.46,0.6000,86.00,0.5900,88.11,0.5800,26.00,0.6300,215.30,0.6400,161.15,0.6500,187.45,0.6600,246.00,0.6700,146.00,955.90,403.85,1359.75,403.85,955.90,1359.75,0.0100,0.0100,0.4060,-0.4060,0.3793,0.6207,0.3938,0.5045,0.5045,0.3938,54.8112,-49.0402,-49.0303,54.8002
btc-updown-5m-1780095000,1780095032000,268,73355.56,73454.01,98.45,0.0000,0.0000,0.0000,0.0107,0.0040,1.2203,0.004091,0.2514,0.0000,73472.50,0.0000,-0.0252,0.0000,0.0000,0.4200,22.50,0.4100,184.00,0.4000,148.00,0.3900,83.00,0.3800,151.00,0.4300,163.00,0.4400,5.00,0.4500,57.11,0.4600,38.15,0.4700,66.00,0.5700,163.00,0.5600,5.00,0.5500,57.11,0.5400,38.15,0.5300,66.00,0.5800,22.50,0.5900,184.00,0.6000,148.00,0.6100,83.00,0.6200,151.00,588.50,329.26,917.76,329.26,588.50,917.76,0.0100,0.0100,0.2825,-0.2825,0.4212,0.5788,0.3509,0.5102,0.5102,0.3509,-69.3938,-28.6515,-28.6417,-69.3702
btc-updown-5m-1780095000,1780095033000,267,73356.47,73454.00,97.53,-0.0000,0.0000,0.0169,0.0272,0.0040,1.0457,0.003798,0.1638,0.1032,73468.41,-0.0000,-0.0196,-0.0133,-0.0000,0.4200,111.00,0.4100,254.04,0.4000,193.65,0.3900,113.00,0.3800,176.00,0.4300,110.68,0.4400,28.00,0.4500,108.11,0.4600,109.15,0.4700,86.00,0.5700,110.68,0.5600,28.00,0.5500,108.11,0.5400,109.15,0.5300,86.00,0.5800,111.00,0.5900,254.04,0.6000,193.65,0.6100,113.00,0.6200,176.00,847.69,441.94,1289.63,441.94,847.69,1289.63,0.0100,0.0100,0.3146,-0.3146,0.4250,0.5750,0.4306,0.3138,0.3138,0.4306,-26.5664,-0.0997,-0.0997,-26.5664
btc-updown-5m-1780095000,1780095034000,266,73357.85,73454.00,96.15,0.0000,0.0000,0.0000,0.0272,0.0040,1.0453,0.003798,0.1606,0.0000,73468.08,-0.0000,-0.0192,0.0000,0.0000,0.4200,73.20,0.4100,259.55,0.4000,178.00,0.3900,123.00,0.3800,176.00,0.4300,185.70,0.4400,40.45,0.4500,88.11,0.4600,104.15,0.4700,86.00,0.5700,185.70,0.5600,40.45,0.5500,88.11,0.5400,104.15,0.5300,86.00,0.5800,73.20,0.5900,259.55,0.6000,178.00,0.6100,123.00,0.6200,176.00,809.75,504.41,1314.16,504.41,809.75,1314.16,0.0100,0.0100,0.2323,-0.2323,0.4228,0.5772,0.4109,0.4483,0.4483,0.4109,-60.5223,30.6571,30.6520,-60.5121
btc-updown-5m-1780095000,1780095035000,265,73358.11,73454.00,95.89,0.0000,0.0000,0.0000,0.0272,0.0040,0.9157,0.003736,0.1580,0.0000,73467.80,-0.0000,-0.0188,0.0000,0.0000,0.4200,68.20,0.4100,246.55,0.4000,188.00,0.3900,118.00,0.3800,176.00,0.4300,174.07,0.4400,46.00,0.4500,93.11,0.4600,104.15,0.4700,86.00,0.5700,174.07,0.5600,46.00,0.5500,93.11,0.5400,104.15,0.5300,86.00,0.5800,68.20,0.5900,246.55,0.6000,188.00,0.6100,118.00,0.6200,176.00,796.75,503.33,1300.08,503.33,796.75,1300.08,0.0100,0.0100,0.2257,-0.2257,0.4228,0.5772,0.3950,0.4372,0.4372,0.3950,-34.2365,38.4638,38.4567,-34.2302
btc-updown-5m-1780095000,1780095036000,264,73357.53,73454.00,96.47,0.0000,-0.0000,0.0015,0.0184,0.0040,0.9157,0.003736,0.1169,0.0126,73463.01,-0.0000,-0.0123,0.0000,0.0000,0.4100,352.33,0.4000,258.00,0.3900,188.00,0.3800,221.00,0.3700,224.00,0.4200,101.80,0.4300,154.68,0.4400,93.11,0.4500,61.00,0.4600,94.15,0.5800,101.80,0.5700,154.68,0.5600,93.11,0.5500,61.00,0.5400,94.15,0.5900,352.33,0.6000,258.00,0.6100,188.00,0.6200,221.00,0.6300,224.00,1243.33,504.74,1748.07,504.74,1243.33,1748.07,0.0100,0.0100,0.4225,-0.4225,0.4178,0.5822,0.4909,0.5081,0.5081,0.4909,47.4777,16.6650,16.6623,47.4699
btc-updown-5m-1780095000,1780095037000,263,73357.53,73454.01,96.48,0.0000,0.0000,0.0008,0.0192,0.0060,0.9160,0.003736,0.1164,0.0070,73462.93,0.0000,-0.0121,0.0131,0.0000,0.4100,503.49,0.4000,260.00,0.3900,178.79,0.3800,206.00,0.3700,201.00,0.4200,10.60,0.4300,111.68,0.4400,100.11,0.4500,61.00,0.4600,64.15,0.5800,10.60,0.5700,111.68,0.5600,100.11,0.5500,61.00,0.5400,64.15,0.5900,503.49,0.6000,260.00,0.6100,178.79,0.6200,206.00,0.6300,201.00,1349.28,347.54,1696.82,347.54,1349.28,1696.82,0.0100,0.0100,0.5904,-0.5904,0.4198,0.5802,0.5658,0.3518,0.3518,0.5658,111.7474,20.8774,20.8812,111.7678
btc-updown-5m-1780095000,1780095038000,262,73357.53,73454.00,96.47,-0.0000,0.0000,0.0240,0.0263,0.0060,0.5890,0.002985,0.1172,0.2051,73462.87,-0.0000,-0.0121,-0.0131,-0.0000,0.4100,543.24,0.4000,253.65,0.3900,173.00,0.3800,196.00,0.3700,201.00,0.4200,2.61,0.4300,143.79,0.4400,95.11,0.4500,66.00,0.4600,64.15,0.5800,2.61,0.5700,143.79,0.5600,95.11,0.5500,66.00,0.5400,64.15,0.5900,543.24,0.6000,253.65,0.6100,173.00,0.6200,196.00,0.6300,201.00,1366.89,371.66,1738.55,371.66,1366.89,1738.55,0.0100,0.0100,0.5724,-0.5724,0.4200,0.5800,0.5830,0.3939,0.3939,0.5830,-0.0873,27.1399,27.1399,-0.0873
btc-updown-5m-1780095000,1780095039000,261,73359.76,73454.00,94.24,0.0000,0.0000,0.0000,0.0263,0.0060,0.5890,0.002985,0.0738,0.0000,73457.78,-0.0000,-0.0051,0.0000,0.0000,0.4100,481.40,0.4000,253.65,0.3900,173.00,0.3800,196.00,0.3700,201.00,0.4200,12.61,0.4300,143.79,0.4400,92.11,0.4500,53.00,0.4600,64.15,0.5800,12.61,0.5700,143.79,0.5600,92.11,0.5500,53.00,0.5400,64.15,0.5900,481.40,0.6000,253.65,0.6100,173.00,0.6200,196.00,0.6300,201.00,1305.05,365.66,1670.71,365.66,1305.05,1670.71,0.0100,0.0100,0.5623,-0.5623,0.4197,0.5803,0.5632,0.4277,0.4277,0.5632,19.8240,-7.0528,-7.0528,19.8240
btc-updown-5m-1780095000,1780095040000,260,73359.81,73454.00,94.19,0.0000,0.0000,0.0000,0.0263,0.0060,0.5890,0.002985,0.0725,0.0000,73457.53,-0.0000,-0.0048,0.0000,0.0000,0.4100,511.98,0.4000,265.65,0.3900,173.00,0.3800,196.00,0.3700,201.00,0.4200,11.80,0.4300,153.79,0.4400,100.11,0.4500,56.00,0.4600,64.15,0.5800,11.80,0.5700,153.79,0.5600,100.11,0.5500,56.00,0.5400,64.15,0.5900,511.98,0.6000,265.65,0.6100,173.00,0.6200,196.00,0.6300,201.00,1347.63,385.85,1733.48,385.85,1347.63,1733.48,0.0100,0.0100,0.5548,-0.5548,0.4198,0.5802,0.5770,0.4292,0.4292,0.5770,87.1625,-19.2124,-19.2187,87.1908
btc-updown-5m-1780095000,1780095041000,259,73359.82,73454.01,94.19,0.0000,0.0000,0.0014,0.0262,0.0060,0.5893,0.002985,0.0725,0.0186,73457.53,0.0000,-0.0048,0.0128,0.0000,0.4100,402.38,0.4000,265.65,0.3900,173.00,0.3800,196.00,0.3700,206.00,0.4200,103.10,0.4300,87.11,0.4400,95.11,0.4500,56.00,0.4600,64.15,0.5800,103.10,0.5700,87.11,0.5600,95.11,0.5500,56.00,0.5400,64.15,0.5900,402.38,0.6000,265.65,0.6100,173.00,0.6200,196.00,0.6300,206.00,1243.03,405.47,1648.50,405.47,1243.03,1648.50,0.0100,0.0100,0.5081,-0.5081,0.4180,0.5820,0.5374,0.4691,0.4691,0.5374,85.6932,-25.5845,-25.5799,85.6779
btc-updown-5m-1780095000,1780095042000,258,73359.83,73454.00,94.17,-0.0000,-0.0000,0.0002,0.0256,0.0060,0.2750,0.001979,0.0643,0.0036,73455.74,-0.0000,-0.0024,-0.0128,-0.0000,0.4100,51.50,0.4000,207.65,0.3900,133.00,0.3800,161.00,0.3700,166.00,0.4200,233.46,0.4300,120.11,0.4400,88.11,0.4500,51.00,0.4600,64.15,0.5800,233.46,0.5700,120.11,0.5600,88.11,0.5500,51.00,0.5400,64.15,0.5900,51.50,0.6000,207.65,0.6100,133.00,0.6200,161.00,0.6300,166.00,719.15,556.83,1275.98,556.83,719.15,1275.98,0.0100,0.0100,0.1272,-0.1272,0.4118,0.5882,0.3604,0.6350,0.6350,0.3604,-85.7484,0.4728,0.4728,-85.7484
btc-updown-5m-1780095000,1780095043000,257,73360.29,73454.01,93.72,0.0000,0.0000,0.0150,0.0165,0.0060,0.2753,0.001979,0.0514,0.2914,73454.05,0.0000,-0.0001,0.0128,0.0000,0.4000,204.50,0.3900,132.00,0.3800,137.00,0.3700,166.00,0.3600,84.99,0.4100,204.29,0.4200,202.02,0.4300,137.31,0.4400,51.00,0.4500,51.00,0.5900,163.58,0.5800,202.02,0.5700,137.31,0.5600,51.00,0.5500,51.00,0.6000,204.50,0.6100,132.00,0.6200,137.00,0.6300,166.00,0.6400,84.99,724.49,645.62,1370.11,604.91,724.49,1329.40,0.0100,0.0100,0.0576,-0.0900,0.4050,0.5944,0.4645,0.6293,0.6044,0.4645,-106.2207,50.6766,43.7555,-106.2207
btc-updown-5m-1780095000,1780095044000,256,73359.42,73454.00,94.58,-0.0000,0.0000,0.0459,0.0624,0.0080,0.2753,0.001979,0.0529,0.8677,73454.05,-0.0000,-0.0001,-0.0129,-0.0000,0.4000,489.46,0.3900,218.48,0.3800,186.00,0.3700,221.00,0.3600,139.99,0.4100,17.30,0.4200,83.73,0.4300,118.11,0.4400,61.00,0.4500,51.00,0.5900,17.30,0.5800,83.73,0.5700,118.11,0.5600,61.00,0.5500,51.00,0.6000,489.46,0.6100,218.48,0.6200,186.00,0.6300,221.00,0.6400,139.99,1254.93,331.14,1586.07,331.14,1254.93,1586.07,0.0100,0.0100,0.5824,-0.5824,0.4097,0.5903,0.5641,0.3051,0.3051,0.5641,-7.6205,-5.2931,-5.2940,-7.6219
btc-updown-5m-1780095000,1780095045000,255,73359.18,73454.00,94.82,0.0000,0.0000,0.0069,0.0693,0.0100,0.0057,0.000009,0.0527,0.1308,73454.00,-0.0000,-0.0000,0.0000,0.0000,0.4100,175.27,0.4000,232.50,0.3900,133.79,0.3800,121.00,0.3700,161.00,0.4200,186.54,0.4300,130.11,0.4400,56.00,0.4500,51.00,0.4600,64.15,0.5800,186.54,0.5700,130.11,0.5600,56.00,0.5500,51.00,0.5400,64.15,0.5900,175.27,0.6000,232.50,0.6100,133.79,0.6200,121.00,0.6300,161.00,823.56,487.80,1311.36,487.80,823.56,1311.36,0.0100,0.0100,0.2560,-0.2560,0.4148,0.5852,0.4951,0.6491,0.6491,0.4951,-86.7336,18.9964,18.9863,-86.6874
btc-updown-5m-1780095000,1780095046000,254,73357.88,73454.01,96.13,0.0000,0.0000,0.0005,0.0684,0.0100,0.0060,0.000010,0.0281,0.0171,73454.00,0.0000,0.0000,0.0131,0.0000,0.4100,68.69,0.4000,220.15,0.3900,128.00,0.3800,121.00,0.3700,161.00,0.4200,226.55,0.4300,144.65,0.4400,56.00,0.4500,51.00,0.4600,64.15,0.5800,226.55,0.5700,144.65,0.5600,56.00,0.5500,51.00,0.5400,64.15,0.5900,68.69,0.6000,220.15,0.6100,128.00,0.6200,121.00,0.6300,161.00,698.84,542.35,1241.19,542.35,698.84,1241.19,0.0100,0.0100,0.1261,-0.1261,0.4123,0.5877,0.4133,0.6844,0.6844,0.4133,-109.2791,26.3601,26.3557,-109.2607
btc-updown-5m-1780095000,1780095047000,253,73357.87,73454.01,96.14,0.0000,0.0000,0.0000,0.0682,0.0080,0.0057,0.000009,0.0281,0.0000,73454.00,0.0000,0.0000,0.0000,0.0000,0.4100,36.52,0.4000,215.15,0.3900,123.00,0.3800,126.00,0.3700,161.00,0.4200,261.99,0.4300,152.50,0.4400,56.00,0.4500,51.00,0.4600,64.15,0.5800,261.99,0.5700,152.50,0.5600,56.00,0.5500,51.00,0.5400,64.15,0.5900,36.52,0.6000,215.15,0.6100,123.00,0.6200,126.00,0.6300,161.00,661.67,585.64,1247.31,585.64,661.67,1247.31,0.0100,0.0100,0.0610,-0.0610,0.4112,0.5888,0.3804,0.7078,0.7078,0.3804,-110.6299,34.2854,34.2985,-110.6720
btc-updown-5m-1780095000,1780095048000,252,73358.05,73454.00,95.95,-0.0000,-0.0000,0.0055,0.0588,0.0080,0.0060,0.000010,0.0282,0.1954,73454.00,-0.0000,-0.0000,-0.0131,-0.0000,0.3600,19.49,0.3500,70.48,0.3400,105.00,0.3300,60.00,0.3200,151.39,0.3700,913.03,0.3800,199.64,0.3900,130.11,0.4000,151.67,0.4100,84.58,0.6300,913.03,0.6200,199.64,0.6100,130.11,0.6000,151.67,0.5900,84.58,0.6400,19.49,0.6500,70.48,0.6600,105.00,0.6700,60.00,0.6800,151.39,406.36,1479.03,1885.39,1479.03,406.36,1885.39,0.0100,0.0100,-0.5689,0.5689,0.3602,0.6398,0.2214,0.7523,0.7523,0.2214,-57.1110,159.9560,159.9560,-57.1110
btc-updown-5m-1780095000,1780095049000,251,73357.58,73454.00,96.42,0.0000,0.0000,0.0079,0.0208,0.0080,0.0060,0.000009,0.0272,0.2894,73454.00,-0.0000,-0.0000,0.0000,0.0000,0.3500,34.37,0.3400,102.42,0.3300,102.51,0.3200,151.48,0.3100,103.00,0.3700,376.55,0.3800,199.64,0.3900,145.11,0.4000,91.67,0.4100,79.58,0.6300,376.55,0.6200,199.64,0.6100,145.11,0.6000,91.67,0.5900,79.58,0.6500,34.37,0.6600,102.42,0.6700,102.51,0.6800,151.48,0.6900,103.00,493.78,892.55,1386.33,892.55,493.78,1386.33,0.0200,0.0200,-0.2876,0.2876,0.3517,0.6483,0.2770,0.6456,0.6456,0.2770,-40.7543,43.6195,50.8018,-40.7471
btc-updown-5m-1780095000,1780095050000,250,73357.00,73454.00,97.00,0.0000,0.0000,0.0009,0.0147,0.0060,0.0057,0.000009,0.0239,0.0360,73454.00,-0.0000,-0.0000,0.0000,0.0000,0.3500,32.21,0.3400,44.67,0.3300,75.00,0.3200,181.36,0.3100,118.00,0.3600,417.90,0.3700,228.12,0.3800,125.00,0.3900,135.11,0.4000,79.67,0.6400,417.90,0.6300,228.12,0.6200,125.00,0.6100,135.11,0.6000,79.67,0.6500,32.21,0.6600,44.67,0.6700,75.00,0.6800,181.36,0.6900,118.00,451.24,985.80,1437.04,985.80,451.24,1437.04,0.0100,0.0100,-0.3720,0.3720,0.3507,0.6493,0.1704,0.6553,0.6553,0.1704,-133.2156,108.5132,108.4952,-133.1936
btc-updown-5m-1780095000,1780095051000,249,73355.76,73454.00,98.24,0.0000,-0.0000,0.0001,0.0143,0.0040,0.0057,0.000009,0.0074,0.0122,73454.00,-0.0000,-0.0000,0.0000,0.0000,0.3200,124.34,0.3100,182.00,0.3000,124.51,0.2900,101.00,0.2800,85.40,0.3300,368.94,0.3400,239.31,0.3500,249.51,0.3600,88.11,0.3700,61.00,0.6700,368.94,0.6600,239.31,0.6500,249.51,0.6400,88.11,0.6300,61.00,0.6800,124.34,0.6900,182.00,0.7000,124.51,0.7100,101.00,0.7200,85.40,617.25,1006.87,1624.12,1006.87,617.25,1624.12,0.0100,0.0100,-0.2399,0.2399,0.3225,0.6775,0.4963,0.6041,0.6041,0.4963,-35.2795,85.1593,85.2038,-35.2979
btc-updown-5m-1780095000,1780095052000,248,73355.74,73454.00,98.26,0.0000,-0.0000,0.0863,0.1007,0.0040,0.0053,0.000009,0.0102,8.4755,73454.00,0.0000,-0.0000,0.0000,0.0000,0.3200,126.36,0.3100,229.00,0.3000,82.00,0.2900,123.51,0.2800,95.42,0.3300,505.69,0.3400,140.00,0.3500,199.51,0.3600,88.11,0.3700,61.00,0.6700,505.69,0.6600,140.00,0.6500,199.51,0.6400,88.11,0.6300,61.00,0.6800,126.36,0.6900,229.00,0.7000,82.00,0.7100,123.51,0.7200,95.42,656.29,994.31,1650.60,994.31,656.29,1650.60,0.0100,0.0100,-0.2048,0.2048,0.3220,0.6780,0.5415,0.6494,0.6494,0.5415,-7.0587,74.9768,74.9643,-7.0576
btc-updown-5m-1780095000,1780095053000,247,73355.50,73454.01,98.51,0.0000,0.0000,0.0002,0.0954,0.0040,0.0057,0.000009,0.0101,0.0238,73454.00,0.0000,0.0000,0.0134,0.0000,0.3200,106.12,0.3100,236.00,0.3000,94.00,0.2900,86.00,0.2800,132.93,0.3300,569.64,0.3400,150.00,0.3500,120.11,0.3600,113.11,0.3700,56.00,0.6700,569.64,0.6600,150.00,0.6500,120.11,0.6400,113.11,0.6300,56.00,0.6800,106.12,0.6900,236.00,0.7000,94.00,0.7100,86.00,0.7200,132.93,655.05,1008.86,1663.91,1008.86,655.05,1663.91,0.0100,0.0100,-0.2126,0.2126,0.3216,0.6784,0.5223,0.7133,0.7133,0.5223,-8.3770,66.4801,66.4801,-8.3770
btc-updown-5m-1780095000,1780095054000,246,73354.91,73454.01,99.10,0.0000,0.0000,0.0640,0.1516,0.0020,0.0053,0.000009,0.0121,5.2750,73454.00,0.0000,0.0000,0.0000,0.0000,0.3200,261.98,0.3100,347.15,0.3000,142.00,0.2900,176.00,0.2800,217.77,0.3300,421.08,0.3400,140.00,0.3500,130.11,0.3600,98.11,0.3700,61.00,0.6700,421.08,0.6600,140.00,0.6500,130.11,0.6400,98.11,0.6300,61.00,0.6800,261.98,0.6900,347.15,0.7000,142.00,0.7100,176.00,0.7200,217.77,1144.90,850.30,1995.20,850.30,1144.90,1995.20,0.0100,0.0100,0.1477,-0.1477,0.3238,0.6762,0.5320,0.6599,0.6599,0.5320,107.8742,-54.4940,-54.4940,107.8742
btc-updown-5m-1780095000,1780095055000,245,73354.91,73454.00,99.09,-0.0000,0.0000,1.2233,1.3740,0.0040,0.0057,0.000009,0.0492,24.8534,73454.00,-0.0000,-0.0000,-0.0135,-0.0000,0.3200,210.12,0.3100,300.15,0.3000,87.00,0.2900,131.00,0.2800,167.77,0.3300,382.00,0.3400,140.00,0.3500,125.11,0.3600,98.11,0.3700,61.00,0.6700,382.00,0.6600,140.00,0.6500,125.11,0.6400,98.11,0.6300,61.00,0.6800,210.12,0.6900,300.15,0.7000,87.00,0.7100,131.00,0.7200,167.77,896.04,806.22,1702.26,806.22,896.04,1702.26,0.0100,0.0100,0.0528,-0.0528,0.3235,0.6765,0.5695,0.6475,0.6475,0.5695,90.3385,-18.2941,-18.2905,90.3209
btc-updown-5m-1780095000,1780095056000,244,73354.89,73454.00,99.11,0.0000,0.0000,0.0002,1.3741,0.0040,0.0053,0.000009,0.0492,0.0043,73454.00,-0.0000,-0.0000,0.0000,0.0000,0.3100,32.74,0.3000,36.00,0.2900,70.00,0.2800,56.00,0.2700,195.99,0.3200,635.26,0.3300,169.17,0.3400,116.00,0.3500,61.00,0.3600,56.00,0.6800,635.26,0.6700,169.17,0.6600,116.00,0.6500,61.00,0.6400,56.00,0.6900,32.74,0.7000,36.00,0.7100,70.00,0.7200,56.00,0.7300,195.99,390.73,1037.43,1428.16,1037.43,390.73,1428.16,0.0100,0.0100,-0.4528,0.4528,0.3105,0.6895,0.1759,0.7754,0.7754,0.1759,-6.6256,22.2301,22.2301,-6.6256
btc-updown-5m-1780095000,1780095057000,243,73355.55,73454.00,98.45,0.0000,0.0000,0.0000,1.2878,0.0040,0.0053,0.000009,0.0488,0.0000,73454.00,-0.0000,-0.0000,0.0000,0.0000,0.3100,17.34,0.3000,36.00,0.2900,70.00,0.2800,56.00,0.2700,221.87,0.3200,510.12,0.3300,169.17,0.3400,116.00,0.3500,61.00,0.3600,56.00,0.6800,510.12,0.6700,169.17,0.6600,116.00,0.6500,61.00,0.6400,56.00,0.6900,17.34,0.7000,36.00,0.7100,70.00,0.7200,56.00,0.7300,221.87,401.21,912.29,1313.50,912.29,401.21,1313.50,0.0100,0.0100,-0.3891,0.3891,0.3103,0.6897,0.1329,0.7446,0.7446,0.1329,-19.1107,-24.1650,-25.2997,-19.1107
btc-updown-5m-1780095000,1780095058000,242,73354.84,73454.00,99.16,0.0000,-0.0000,0.0000,1.2875,0.0020,0.0050,0.000009,0.0488,0.0000,73454.00,-0.0000,-0.0000,0.0000,0.0000,0.3200,30.00,0.3100,149.34,0.3000,129.36,0.2900,138.00,0.2800,106.00,0.3300,77.73,0.3400,116.00,0.3500,61.00,0.3600,56.00,0.3700,56.00,0.6700,77.73,0.6600,116.00,0.6500,61.00,0.6400,56.00,0.6300,56.00,0.6800,30.00,0.6900,149.34,0.7000,129.36,0.7100,138.00,0.7200,106.00,552.70,366.73,919.43,366.73,552.70,919.43,0.0100,0.0100,0.2023,-0.2023,0.3228,0.6772,0.3245,0.5283,0.5283,0.3245,-17.8603,-108.2034,-108.2034,-17.8603
btc-updown-5m-1780095000,1780095059000,241,73353.79,73454.00,100.21,0.0000,-0.0000,0.0000,1.2235,0.0020,0.0050,0.000009,0.0488,0.0000,73454.00,-0.0000,-0.0000,0.0000,0.0000,0.3100,31.60,0.3000,74.00,0.2900,94.64,0.2800,90.30,0.2700,264.99,0.3200,335.09,0.3300,177.62,0.3400,91.00,0.3500,66.00,0.3600,56.00,0.6800,335.09,0.6700,177.62,0.6600,91.00,0.6500,66.00,0.6400,56.00,0.6900,31.60,0.7000,74.00,0.7100,94.64,0.7200,90.30,0.7300,264.99,555.53,725.71,1281.24,725.71,555.53,1281.24,0.0100,0.0100,-0.1328,0.1328,0.3109,0.6891,0.1901,0.7065,0.7065,0.1901,-17.6697,-55.3722,-55.3631,-17.6668
btc-updown-5m-1780095000,1780095060000,240,73353.79,73454.00,100.21,0.0000,0.0000,0.0009,0.0011,0.0000,0.0050,0.000009,0.0488,0.0182,73454.00,0.0000,-0.0000,0.0000,0.0000,0.3100,10.02,0.3000,71.00,0.2900,114.65,0.2800,95.30,0.2700,230.99,0.3200,326.25,0.3300,182.37,0.3400,91.00,0.3500,66.00,0.3600,56.00,0.6800,326.25,0.6700,182.37,0.6600,91.00,0.6500,66.00,0.6400,56.00,0.6900,10.02,0.7000,71.00,0.7100,114.65,0.7200,95.30,0.7300,230.99,521.96,721.62,1243.58,721.62,521.96,1243.58,0.0100,0.0100,-0.1606,0.1606,0.3103,0.6897,0.1552,0.7048,0.7048,0.1552,-96.5267,-24.8384,-24.8384,-96.5267
btc-updown-5m-1780095000,1780095061000,239,73353.96,73454.00,100.04,0.0000,0.0000,0.0089,0.0098,0.0000,0.0047,0.000008,0.0491,0.1823,73454.00,0.0000,-0.0000,0.0000,0.0000,0.3000,139.94,0.2900,156.00,0.2800,168.30,0.2700,285.99,0.2600,157.80,0.3100,236.00,0.3200,144.93,0.3300,175.62,0.3400,96.00,0.3500,61.00,0.6900,236.00,0.6800,144.93,0.6700,175.62,0.6600,96.00,0.6500,61.00,0.7000,139.94,0.7100,156.00,0.7200,168.30,0.7300,285.99,0.7400,157.80,908.03,713.55,1621.58,713.55,908.03,1621.58,0.0100,0.0100,0.1199,-0.1199,0.3037,0.6963,0.3259,0.5339,0.5339,0.3259,-57.0142,-12.0901,-12.0901,-57.0142
btc-updown-5m-1780095000,1780095062000,238,73353.97,73454.00,100.03,0.0000,0.0000,0.0000,0.0098,0.0000,0.0047,0.000008,0.0488,0.0000,73454.00,0.0000,-0.0000,0.0000,0.0000,0.3000,53.66,0.2900,83.65,0.2800,123.30,0.2700,200.99,0.2600,72.80,0.3100,389.26,0.3200,106.97,0.3300,165.62,0.3400,71.00,0.3500,56.00,0.6900,389.26,0.6800,106.97,0.6700,165.62,0.6600,71.00,0.6500,56.00,0.7000,53.66,0.7100,83.65,0.7200,123.30,0.7300,200.99,0.7400,72.80,534.40,788.85,1323.25,788.85,534.40,1323.25,0.0100,0.0100,-0.1923,0.1923,0.3012,0.6988,0.2569,0.6291,0.6291,0.2569,15.5835,-42.3654,-42.3724,15.5861
btc-updown-5m-1780095000,1780095063000,237,73354.12,73454.00,99.88,0.0000,0.0000,0.0054,0.0153,0.0000,0.0043,0.000008,0.0489,0.1112,73454.00,0.0000,-0.0000,0.0000,0.0000,0.2800,130.63,0.2700,205.99,0.2600,72.80,0.2500,102.31,0.2400,106.33,0.3000,342.16,0.3100,184.63,0.3200,81.96,0.3300,160.62,0.3400,66.00,0.7000,342.16,0.6900,184.63,0.6800,81.96,0.6700,160.62,0.6600,66.00,0.7200,130.63,0.7300,205.99,0.7400,72.80,0.7500,102.31,0.7600,106.33,618.06,835.37,1453.43,835.37,618.06,1453.43,0.0200,0.0200,-0.1495,0.1495,0.2855,0.7145,0.5446,0.6306,0.6306,0.5446,38.7129,-20.2026,-20.2026,38.7129
btc-updown-5m-1780095000,1780095064000,236,73354.12,73454.01,99.89,0.0000,0.0000,0.1700,0.1853,0.0020,0.0047,0.000008,0.0539,3.1557,73454.00,0.0000,0.0000,0.0136,0.0000,0.2800,312.39,0.2700,337.99,0.2600,186.14,0.2500,144.86,0.2400,145.20,0.2900,115.17,0.3000,71.00,0.3100,179.15,0.3200,64.00,0.3300,160.62,0.7100,115.17,0.7000,71.00,0.6900,179.15,0.6800,64.00,0.6700,160.62,0.7200,312.39,0.7300,337.99,0.7400,186.14,0.7500,144.86,0.7600,145.20,1126.58,589.94,1716.52,589.94,1126.58,1716.52,0.0100,0.0100,0.3126,-0.3126,0.2873,0.7127,0.5773,0.3156,0.3156,0.5773,82.7981,24.9934,24.9934,82.7981
btc-updown-5m-1780095000,1780095065000,235,73354.09,73444.03,89.94,-0.0136,-0.0136,0.8822,1.0666,1.9980,0.3373,0.002439,0.0823,10.7165,73450.55,-0.0024,-0.0089,-12.2193,-0.0002,0.3000,30.00,0.2900,103.00,0.2800,249.10,0.2700,312.99,0.2600,167.52,0.3100,60.68,0.3200,64.00,0.3300,165.62,0.3400,61.00,0.3500,56.00,0.6900,60.68,0.6800,64.00,0.6700,165.62,0.6600,61.00,0.6500,56.00,0.7000,30.00,0.7100,103.00,0.7200,249.10,0.7300,312.99,0.7400,167.52,862.61,407.30,1269.91,407.30,862.61,1269.91,0.0100,0.0100,0.3585,-0.3585,0.3033,0.6967,0.1542,0.3061,0.3061,0.1542,94.5120,-14.1979,-14.2003,94.5279
btc-updown-5m-1780095000,1780095066000,234,73354.10,73430.00,75.90,-0.0191,-0.0327,0.3854,1.4431,4.8040,0.8047,0.004139,0.0948,4.0677,73447.86,-0.0158,-0.0243,-14.4999,-0.0002,0.3000,109.10,0.2900,81.60,0.2800,156.19,0.2700,195.99,0.2600,100.21,0.3100,150.18,0.3200,69.00,0.3300,175.62,0.3400,61.00,0.3500,56.00,0.6900,150.18,0.6800,69.00,0.6700,175.62,0.6600,61.00,0.6500,56.00,0.7000,109.10,0.7100,81.60,0.7200,156.19,0.7300,195.99,0.7400,100.21,643.09,511.80,1154.89,511.80,643.09,1154.89,0.0100,0.0100,0.1137,-0.1137,0.3042,0.6958,0.2965,0.4283,0.4283,0.2965,15.2980,-23.2883,-23.2883,15.2980
btc-updown-5m-1780095000,1780095067000,233,73354.24,73430.01,75.77,0.0000,-0.0327,0.0012,1.4443,4.8060,0.8047,0.004139,0.0947,0.0125,73447.85,-0.0156,-0.0243,0.0103,0.0000,0.2300,301.42,0.2200,5.00,0.2100,100.00,0.2000,58.62,0.1900,55.51,0.2500,105.00,0.2600,6.88,0.2700,69.00,0.2800,83.32,0.2900,69.09,0.7500,105.00,0.7400,6.88,0.7300,69.00,0.7200,83.32,0.7100,69.09,0.7700,301.42,0.7800,5.00,0.7900,100.00,0.8000,58.62,0.8100,55.51,520.55,333.29,853.84,333.29,520.55,853.84,0.0200,0.0200,0.2193,-0.2193,0.2448,0.7552,0.5886,0.3357,0.3357,0.5886,-65.8308,-64.6041,-64.6151,-65.8420
btc-updown-5m-1780095000,1780095068000,232,73346.61,73430.00,83.39,-0.0000,-0.0327,0.0119,1.4507,4.8080,0.8047,0.004139,0.0951,0.1247,73447.77,-0.0155,-0.0242,-0.0114,-0.0000,0.2300,180.79,0.2200,5.00,0.2100,85.00,0.2000,30.50,0.1900,10.00,0.2400,21.86,0.2500,162.32,0.2600,62.00,0.2700,69.00,0.2800,46.18,0.7600,21.86,0.7500,162.32,0.7400,62.00,0.7300,69.00,0.7200,46.18,0.7700,180.79,0.7800,5.00,0.7900,85.00,0.8000,30.50,0.8100,10.00,311.29,361.36,672.65,361.36,311.29,672.65,0.0100,0.0100,-0.0744,0.0744,0.2389,0.7611,0.5968,0.5097,0.5097,0.5968,-37.3656,-79.5160,-79.4894,-37.3531
btc-updown-5m-1780095000,1780095069000,231,73338.44,73430.00,91.56,0.0000,-0.0327,0.0000,1.2807,4.8060,0.8047,0.004139,0.0943,0.0000,73447.72,-0.0154,-0.0241,0.0000,0.0000,0.2100,41.55,0.2000,75.50,0.1900,42.77,0.1800,45.81,0.1700,170.70,0.2200,342.86,0.2300,228.68,0.2400,144.28,0.2500,190.04,0.2600,134.80,0.7800,342.86,0.7700,228.68,0.7600,144.28,0.7500,190.04,0.7400,134.80,0.7900,41.55,0.8000,75.50,0.8100,42.77,0.8200,45.81,0.8300,170.70,376.33,1040.66,1416.99,1040.66,376.33,1416.99,0.0100,0.0100,-0.4688,0.4688,0.2111,0.7889,0.3110,0.5492,0.5492,0.3110,-27.3732,21.4076,22.3889,-27.3732
btc-updown-5m-1780095000,1780095070000,230,73336.61,73430.00,93.39,0.0000,-0.0191,0.0007,0.3991,2.8100,0.8047,0.004139,0.0943,0.0070,73447.72,-0.0132,-0.0241,0.0000,0.0000,0.2100,6.96,0.2000,85.50,0.1900,41.27,0.1800,108.58,0.1700,117.96,0.2200,217.89,0.2300,243.68,0.2400,139.28,0.2500,195.04,0.2600,144.80,0.7800,217.89,0.7700,243.68,0.7600,139.28,0.7500,195.04,0.7400,144.80,0.7900,6.96,0.8000,85.50,0.8100,41.27,0.8200,108.58,0.8300,117.96,360.27,940.69,1300.96,940.69,360.27,1300.96,0.0100,0.0100,-0.4461,0.4461,0.2103,0.7897,0.2566,0.4907,0.4907,0.2566,-124.0988,56.8016,56.8016,-124.0988
btc-updown-5m-1780095000,1780095071000,229,73336.26,73430.00,93.74,0.0000,0.0000,0.0000,0.0137,0.0040,0.8043,0.004139,0.0943,0.0000,73447.72,-0.0000,-0.0241,0.0000,0.0000,0.2000,255.35,0.1900,206.64,0.1800,137.27,0.1700,178.70,0.1600,206.39,0.2100,171.72,0.2200,80.00,0.2300,242.79,0.2400,147.28,0.2500,66.00,0.7900,171.72,0.7800,80.00,0.7700,242.79,0.7600,147.28,0.7500,66.00,0.8000,255.35,0.8100,206.64,0.8200,137.27,0.8300,178.70,0.8400,206.39,984.35,707.79,1692.14,707.79,984.35,1692.14,0.0100,0.0100,0.1634,-0.1634,0.2060,0.7940,0.4693,0.3556,0.3556,0.4693,1.2552,33.8849,33.8849,1.2552
btc-updown-5m-1780095000,1780095072000,228,73336.05,73430.00,93.95,0.0000,-0.0000,0.0000,0.0125,0.0020,0.8040,0.004139,0.0943,0.0000,73447.72,-0.0000,-0.0241,0.0000,0.0000,0.2000,182.75,0.1900,223.64,0.1800,107.27,0.1700,158.04,0.1600,212.05,0.2100,318.60,0.2200,80.00,0.2300,159.15,0.2400,147.28,0.2500,66.00,0.7900,318.60,0.7800,80.00,0.7700,159.15,0.7600,147.28,0.7500,66.00,0.8000,182.75,0.8100,223.64,0.8200,107.27,0.8300,158.04,0.8400,212.05,883.75,771.03,1654.78,771.03,883.75,1654.78,0.0100,0.0100,0.0681,-0.0681,0.2036,0.7964,0.4598,0.5170,0.5170,0.4598,113.0044,-51.2823,-51.2823,113.0044
btc-updown-5m-1780095000,1780095073000,227,73336.05,73430.00,93.95,0.0000,0.0000,0.0004,0.0010,0.0000,0.8037,0.004139,0.0943,0.0038,73447.71,-0.0000,-0.0241,0.0000,0.0000,0.2000,59.25,0.1900,40.27,0.1800,76.40,0.1700,36.19,0.1600,37.70,0.2100,323.96,0.2200,75.00,0.2300,169.15,0.2400,127.28,0.2500,66.00,0.7900,323.96,0.7800,75.00,0.7700,169.15,0.7600,127.28,0.7500,66.00,0.8000,59.25,0.8100,40.27,0.8200,76.40,0.8300,36.19,0.8400,37.70,249.81,761.39,1011.20,761.39,249.81,1011.20,0.0100,0.0100,-0.5059,0.5059,0.2015,0.7985,0.3984,0.5240,0.5240,0.3984,-56.5486,65.9062,65.8942,-56.5383
btc-updown-5m-1780095000,1780095074000,226,73335.96,73430.01,94.05,0.0000,0.0000,0.0003,0.0013,0.0020,0.8037,0.004139,0.0938,0.0029,73447.68,0.0000,-0.0241,0.0128,0.0000,0.1700,79.23,0.1600,221.46,0.1500,526.53,0.1400,169.88,0.1300,210.84,0.1800,410.35,0.1900,139.54,0.2000,273.18,0.2100,212.09,0.2200,63.00,0.8200,410.35,0.8100,139.54,0.8000,273.18,0.7900,212.09,0.7800,63.00,0.8300,79.23,0.8400,221.46,0.8500,526.53,0.8600,169.88,0.8700,210.84,1207.94,1098.16,2306.10,1098.16,1207.94,2306.10,0.0100,0.0100,0.0476,-0.0476,0.1716,0.8284,0.2489,0.5007,0.5007,0.2489,143.1574,117.6537,117.6537,143.1574
btc-updown-5m-1780095000,1780095075000,225,73335.66,73430.01,94.35,0.0000,0.0000,0.0000,0.0006,0.0020,0.8033,0.004139,0.0924,0.0000,73447.58,0.0000,-0.0239,0.0000,0.0000,0.1600,154.27,0.1500,544.95,0.1400,232.51,0.1300,226.12,0.1200,378.29,0.1700,182.06,0.1800,64.11,0.1900,226.49,0.2000,128.18,0.2100,81.00,0.8300,182.06,0.8200,64.11,0.8100,226.49,0.8000,128.18,0.7900,81.00,0.8400,154.27,0.8500,544.95,0.8600,232.51,0.8700,226.12,0.8800,378.29,1536.14,681.84,2217.98,681.84,1536.14,2217.98,0.0100,0.0100,0.3852,-0.3852,0.1646,0.8354,0.4552,0.3610,0.3610,0.4552,187.9670,-49.0846,-49.0925,187.9974
btc-updown-5m-1780095000,1780095076000,224,73335.66,73430.01,94.35,0.0000,0.0000,0.0043,0.0049,0.0020,0.8030,0.004139,0.0923,0.0462,73447.54,0.0000,-0.0239,0.0000,0.0000,0.1600,132.41,0.1500,558.53,0.1400,219.54,0.1300,237.89,0.1200,378.29,0.1700,259.12,0.1800,83.00,0.1900,261.49,0.2000,133.18,0.2100,73.99,0.8300,259.12,0.8200,83.00,0.8100,261.49,0.8000,133.18,0.7900,73.99,0.8400,132.41,0.8500,558.53,0.8600,219.54,0.8700,237.89,0.8800,378.29,1526.66,810.78,2337.44,810.78,1526.66,2337.44,0.0100,0.0100,0.3063,-0.3063,0.1634,0.8366,0.4526,0.4220,0.4220,0.4526,179.3250,-24.4345,-24.4345,179.3250
btc-updown-5m-1780095000,1780095077000,223,73333.12,73430.01,96.89,0.0000,0.0000,0.0000,0.0049,0.0020,0.8030,0.004139,0.0923,0.0000,73447.53,0.0000,-0.0239,0.0000,0.0000,0.1500,502.88,0.1400,123.74,0.1300,133.54,0.1200,323.29,0.1100,682.80,0.1700,340.36,0.1800,59.79,0.1900,256.05,0.2000,107.18,0.2100,66.00,0.8300,340.36,0.8200,59.79,0.8100,256.05,0.8000,107.18,0.7900,66.00,0.8500,502.88,0.8600,123.74,0.8700,133.54,0.8800,323.29,0.8900,682.80,1766.25,829.38,2595.63,829.38,1766.25,2595.63,0.0200,0.0200,0.3609,-0.3609,0.1619,0.8381,0.3548,0.4825,0.4825,0.3548,136.6955,17.9108,17.9108,136.6955
btc-updown-5m-1780095000,1780095078000,222,73331.91,73430.00,98.09,-0.0000,0.0000,0.0135,0.0180,0.0040,0.8030,0.004139,0.0927,0.1452,73447.45,-0.0000,-0.0238,-0.0134,-0.0000,0.1500,779.30,0.1400,252.53,0.1300,233.49,0.1200,378.29,0.1100,727.80,0.1600,38.00,0.1700,120.00,0.1800,90.51,0.1900,167.93,0.2000,79.38,0.8400,38.00,0.8300,120.00,0.8200,90.51,0.8100,167.93,0.8000,79.38,0.8500,779.30,0.8600,252.53,0.8700,233.49,0.8800,378.29,0.8900,727.80,2371.41,495.82,2867.23,495.82,2371.41,2867.23,0.0100,0.0100,0.6541,-0.6541,0.1595,0.8405,0.4351,0.3187,0.3187,0.4351,242.3688,-44.8371,-44.8371,242.3688
btc-updown-5m-1780095000,1780095079000,221,73331.89,73430.01,98.12,0.0000,0.0000,0.0462,0.0639,0.0040,0.8030,0.004139,0.0940,0.4917,73447.16,0.0000,-0.0234,0.0134,0.0000,0.1600,7.86,0.1500,539.51,0.1400,228.42,0.1300,251.63,0.1200,381.29,0.1700,343.05,0.1800,101.40,0.1900,162.93,0.2000,79.38,0.2100,66.00,0.8300,343.05,0.8200,101.40,0.8100,162.93,0.8000,79.38,0.7900,66.00,0.8400,7.86,0.8500,539.51,0.8600,228.42,0.8700,251.63,0.8800,381.29,1408.71,752.76,2161.47,752.76,1408.71,2161.47,0.0100,0.0100,0.3035,-0.3035,0.1602,0.8398,0.3886,0.5904,0.5904,0.3886,189.8591,-1.4138,-1.4141,189.8902
btc-updown-5m-1780095000,1780095080000,220,73331.80,73430.00,98.20,-0.0000,-0.0000,0.0123,0.0762,0.0060,0.8033,0.004139,0.0941,0.1303,73447.07,-0.0000,-0.0232,-0.0134,-0.0000,0.1500,686.69,0.1400,247.33,0.1300,197.79,0.1200,381.29,0.1100,727.80,0.1600,17.50,0.1800,6.11,0.1900,40.00,0.2000,38.00,0.2100,140.00,0.8400,17.50,0.8200,6.11,0.8100,40.00,0.8000,38.00,0.7900,140.00,0.8500,686.69,0.8600,247.33,0.8700,197.79,0.8800,381.29,0.8900,727.80,2240.90,241.61,2482.51,241.61,2240.90,2482.51,0.0100,0.0100,0.8054,-0.8054,0.1598,0.8402,0.4168,0.0977,0.0977,0.4168,253.8350,-143.8658,-143.8412,253.7915
btc-updown-5m-1780095000,1780095081000,219,73331.80,73425.01,93.21,-0.0068,-0.0068,0.4357,0.5077,1.0040,0.9697,0.004258,0.1082,4.0280,73444.20,-0.0010,-0.0261,-6.3341,-0.0001,0.1700,2.66,0.1600,103.30,0.1500,414.64,0.1400,91.73,0.1300,65.50,0.1800,758.41,0.1900,144.94,0.2000,133.68,0.2100,111.00,0.2200,132.00,0.8200,758.41,0.8100,144.94,0.8000,133.68,0.7900,111.00,0.7800,132.00,0.8300,2.66,0.8400,103.30,0.8500,414.64,0.8600,91.73,0.8700,65.50,677.83,1280.03,1957.86,1280.03,677.83,1957.86,0.0100,0.0100,-0.3076,0.3076,0.1700,0.8300,0.1563,0.7057,0.7057,0.1563,-147.6281,102.8879,102.8702,-147.6028
btc-updown-5m-1780095000,1780095082000,218,73331.80,73425.01,93.21,0.0000,-0.0068,0.0000,0.5077,1.0040,0.9697,0.004258,0.1082,0.0000,73444.20,-0.0010,-0.0261,0.0000,0.0000,0.1500,315.16,0.1400,94.95,0.1300,34.00,0.1200,309.67,0.1100,642.80,0.1600,67.75,0.1700,168.93,0.1800,587.21,0.1900,139.94,0.2000,123.68,0.8400,67.75,0.8300,168.93,0.8200,587.21,0.8100,139.94,0.8000,123.68,0.8500,315.16,0.8600,94.95,0.8700,34.00,0.8800,309.67,0.8900,642.80,1396.58,1087.51,2484.09,1087.51,1396.58,2484.09,0.0100,0.0100,0.1244,-0.1244,0.1582,0.8418,0.2937,0.2176,0.2176,0.2937,-21.8850,46.5439,46.5439,-21.8850
btc-updown-5m-1780095000,1780095083000,217,73332.52,73425.01,92.49,0.0000,-0.0068,0.0000,0.4942,1.0020,0.9693,0.004258,0.1054,0.0000,73443.95,-0.0010,-0.0258,0.0000,0.0000,0.1400,34.73,0.1300,62.90,0.1200,338.01,0.1100,675.87,0.1000,169.80,0.1600,844.75,0.1700,235.94,0.1800,200.97,0.1900,154.94,0.2000,142.20,0.8400,844.75,0.8300,235.94,0.8200,200.97,0.8100,154.94,0.8000,142.20,0.8600,34.73,0.8700,62.90,0.8800,338.01,0.8900,675.87,0.9000,169.80,1281.31,1578.80,2860.11,1578.80,1281.31,2860.11,0.0200,0.0200,-0.1040,0.1040,0.1408,0.8592,0.0762,0.6845,0.6845,0.0762,-36.6617,139.2355,139.2355,-36.6617
btc-updown-5m-1780095000,1780095084000,216,73328.13,73420.01,91.88,-0.0068,-0.0136,0.7827,1.2307,2.0000,1.1360,0.004362,0.1306,5.9920,73439.32,-0.0029,-0.0263,-6.2568,-0.0001,0.1400,55.76,0.1300,119.11,0.1200,298.39,0.1100,553.36,0.1000,174.80,0.1500,749.69,0.1600,203.79,0.1700,149.94,0.1800,139.45,0.1900,127.80,0.8500,749.69,0.8400,203.79,0.8300,149.94,0.8200,139.45,0.8100,127.80,0.8600,55.76,0.8700,119.11,0.8800,298.39,0.8900,553.36,0.9000,174.80,1201.42,1370.67,2572.09,1370.67,1201.42,2572.09,0.0100,0.0100,-0.0658,0.0658,0.1407,0.8593,0.1456,0.6956,0.6956,0.1456,-192.6861,144.0794,144.0082,-192.5909
btc-updown-5m-1780095000,1780095085000,215,73325.77,73420.01,94.24,0.0000,-0.0136,0.0000,1.2184,1.9980,1.1357,0.004362,0.1286,0.0000,73439.08,-0.0025,-0.0260,0.0000,0.0000,0.1300,94.91,0.1200,318.39,0.1100,489.97,0.1000,247.32,0.0900,199.05,0.1400,1383.79,0.1500,345.98,0.1600,175.95,0.1700,163.86,0.1800,144.80,0.8600,1383.79,0.8500,345.98,0.8400,175.95,0.8300,163.86,0.8200,144.80,0.8700,94.91,0.8800,318.39,0.8900,489.97,0.9000,247.32,0.9100,199.05,1349.64,2214.38,3564.02,2214.38,1349.64,3564.02,0.0100,0.0100,-0.2426,0.2426,0.1306,0.8694,0.3062,0.7812,0.7812,0.3062,-32.2994,240.3367,255.9439,-36.9112
btc-updown-5m-1780095000,1780095086000,214,73324.24,73420.01,95.77,0.0000,-0.0068,0.0000,0.7827,1.0000,1.1357,0.004362,0.0891,0.0000,73432.48,-0.0024,-0.0170,0.0000,0.0000,0.0900,385.05,0.0800,489.42,0.0700,823.44,0.0600,593.34,0.0500,1893.78,0.1000,179.11,0.1100,56.00,0.1200,68.00,0.1300,70.99,0.1400,1041.73,0.9000,179.11,0.8900,56.00,0.8800,68.00,0.8700,70.99,0.8600,1041.73,0.9100,385.05,0.9200,489.42,0.9300,823.44,0.9400,593.34,0.9500,1893.78,4185.03,1415.83,5600.86,1415.83,4185.03,5600.86,0.0100,0.0100,0.4944,-0.4944,0.0968,0.9032,0.2090,0.1661,0.1661,0.2090,583.8039,220.0077,220.0077,583.8039
btc-updown-5m-1780095000,1780095087000,213,73322.62,73420.00,97.38,-0.0000,-0.0068,0.0300,0.8127,1.0020,1.1360,0.004362,0.0901,0.3331,73432.34,-0.0000,-0.0168,-0.0133,-0.0000,0.0900,220.10,0.0800,520.37,0.0700,813.44,0.0600,590.19,0.0500,1877.95,0.1000,133.00,0.1100,88.39,0.1200,115.00,0.1300,91.76,0.1400,1004.71,0.9000,133.00,0.8900,88.39,0.8800,115.00,0.8700,91.76,0.8600,1004.71,0.9100,220.10,0.9200,520.37,0.9300,813.44,0.9400,590.19,0.9500,1877.95,4022.05,1432.86,5454.91,1432.86,4022.05,5454.91,0.0100,0.0100,0.4747,-0.4747,0.0962,0.9038,0.1841,0.1545,0.1545,0.1841,536.7068,24.5274,24.5313,536.7929
btc-updown-5m-1780095000,1780095088000,212,73322.62,73420.01,97.39,0.0000,-0.0068,0.0343,0.8470,1.0040,1.1363,0.004362,0.0912,0.3757,73432.19,0.0000,-0.0166,0.0133,0.0000,0.0900,314.27,0.0800,523.63,0.0700,813.44,0.0600,610.19,0.0500,2499.21,0.1000,50.00,0.1100,93.39,0.1200,110.00,0.1300,95.99,0.1400,1093.44,0.9000,50.00,0.8900,93.39,0.8800,110.00,0.8700,95.99,0.8600,1093.44,0.9100,314.27,0.9200,523.63,0.9300,813.44,0.9400,610.19,0.9500,2499.21,4760.74,1442.82,6203.56,1442.82,4760.74,6203.56,0.0100,0.0100,0.5348,-0.5348,0.0986,0.9014,0.1760,0.0994,0.0994,0.1760,545.3118,42.7894,42.7894,545.3118
btc-updown-5m-1780095000,1780095089000,211,73322.64,73420.01,97.37,0.0000,0.0000,0.0001,0.0644,0.0040,1.1363,0.004362,0.0912,0.0012,73432.19,0.0000,-0.0166,0.0000,0.0000,0.1000,63.72,0.0900,116.01,0.0800,425.20,0.0700,596.21,0.0600,555.19,0.1100,349.01,0.1200,170.70,0.1300,160.99,0.1400,1092.74,0.1500,504.50,0.8900,349.01,0.8800,170.70,0.8700,160.99,0.8600,1092.74,0.8500,504.50,0.9000,63.72,0.9100,116.01,0.9200,425.20,0.9300,596.21,0.9400,555.19,1756.33,2277.94,4034.27,2277.94,1756.33,4034.27,0.0100,0.0100,-0.1293,0.1293,0.1015,0.8985,0.1023,0.2281,0.2281,0.1023,97.8188,113.0084,113.0084,97.8188
btc-updown-5m-1780095000,1780095090000,210,73322.64,73420.01,97.37,0.0000,0.0000,0.0005,0.0648,0.0060,1.1367,0.004362,0.0912,0.0053,73432.19,0.0000,-0.0166,0.0000,0.0000,0.1000,178.95,0.0900,196.26,0.0800,480.20,0.0700,613.44,0.0600,1083.67,0.1100,229.81,0.1200,132.70,0.1300,105.99,0.1400,1037.74,0.1500,475.50,0.8900,229.81,0.8800,132.70,0.8700,105.99,0.8600,1037.74,0.8500,475.50,0.9000,178.95,0.9100,196.26,0.9200,480.20,0.9300,613.44,0.9400,1083.67,2552.52,1981.74,4534.26,1981.74,2552.52,4534.26,0.0100,0.0100,0.1259,-0.1259,0.1044,0.8956,0.1470,0.1829,0.1829,0.1470,220.9464,98.0844,98.0844,220.9464
btc-updown-5m-1780095000,1780095091000,209,73322.80,73420.01,97.21,0.0000,0.0000,0.0000,0.0648,0.0060,1.1367,0.004362,0.0912,0.0000,73432.18,0.0000,-0.0166,0.0000,0.0000,0.1000,189.07,0.0900,181.26,0.0800,516.49,0.0700,613.44,0.0600,1083.67,0.1100,65.07,0.1200,127.00,0.1300,184.00,0.1400,78.00,0.1500,469.01,0.8900,65.07,0.8800,127.00,0.8700,184.00,0.8600,78.00,0.8500,469.01,0.9000,189.07,0.9100,181.26,0.9200,516.49,0.9300,613.44,0.9400,1083.67,2583.93,923.08,3507.01,923.08,2583.93,3507.01,0.0100,0.0100,0.4736,-0.4736,0.1074,0.8926,0.1433,0.2081,0.2081,0.1433,205.8522,-215.3602,-215.3962,205.8866
btc-updown-5m-1780095000,1780095092000,208,73322.80,73420.00,97.20,-0.0000,0.0000,0.0014,0.0363,0.0060,1.1370,0.004362,0.0909,0.0155,73432.11,-0.0000,-0.0165,-0.0132,-0.0000,0.1000,299.49,0.0900,217.14,0.0800,486.29,0.0700,604.43,0.0600,1073.67,0.1100,73.65,0.1200,118.00,0.1300,222.93,0.1400,114.46,0.1500,431.01,0.8900,73.65,0.8800,118.00,0.8700,222.93,0.8600,114.46,0.8500,431.01,0.9000,299.49,0.9100,217.14,0.9200,486.29,0.9300,604.43,0.9400,1073.67,2681.02,960.05,3641.07,960.05,2681.02,3641.07,0.0100,0.0100,0.4727,-0.4727,0.1080,0.8920,0.1927,0.1996,0.1996,0.1927,-290.7309,-88.5782,-88.5782,-290.7309
btc-updown-5m-1780095000,1780095093000,207,73322.54,73420.01,97.47,0.0000,0.0000,0.0007,0.0027,0.0060,1.1373,0.004362,0.0909,0.0076,73432.10,0.0000,-0.0165,0.0133,0.0000,0.1000,164.86,0.0900,226.29,0.0800,441.50,0.0700,653.29,0.0600,1087.67,0.1100,100.00,0.1200,136.99,0.1300,174.85,0.1400,104.00,0.1500,426.00,0.8900,100.00,0.8800,136.99,0.8700,174.85,0.8600,104.00,0.8500,426.00,0.9000,164.86,0.9100,226.29,0.9200,441.50,0.9300,653.29,0.9400,1087.67,2573.61,941.84,3515.45,941.84,2573.61,3515.45,0.0100,0.0100,0.4642,-0.4642,0.1062,0.8938,0.1520,0.2516,0.2516,0.1520,-243.3996,-61.3681,-61.3779,-243.4384
btc-updown-5m-1780095000,1780095094000,206,73322.36,73420.01,97.65,0.0000,0.0000,0.0001,0.0027,0.0060,1.1370,0.004362,0.0908,0.0010,73432.06,0.0000,-0.0164,0.0000,0.0000,0.1000,197.31,0.0900,226.29,0.0800,459.20,0.0700,653.29,0.0600,1087.67,0.1100,73.85,0.1200,156.03,0.1300,174.85,0.1400,104.00,0.1500,426.00,0.8900,73.85,0.8800,156.03,0.8700,174.85,0.8600,104.00,0.8500,426.00,0.9000,197.31,0.9100,226.29,0.9200,459.20,0.9300,653.29,0.9400,1087.67,2623.76,934.73,3558.49,934.73,2623.76,3558.49,0.0100,0.0100,0.4746,-0.4746,0.1073,0.8927,0.1614,0.2459,0.2459,0.1614,-351.8271,-68.4856,-68.4856,-351.8271
btc-updown-5m-1780095000,1780095095000,205,73322.68,73420.00,97.32,-0.0000,-0.0000,0.0001,0.0023,0.0060,0.8047,0.003750,0.0853,0.0008,73430.65,-0.0000,-0.0145,-0.0133,-0.0000,0.1000,175.08,0.0900,226.29,0.0800,459.20,0.0700,653.29,0.0600,1064.19,0.1100,58.33,0.1200,165.03,0.1300,226.27,0.1400,109.50,0.1500,426.00,0.8900,58.33,0.8800,165.03,0.8700,226.27,0.8600,109.50,0.8500,426.00,0.9000,175.08,0.9100,226.29,0.9200,459.20,0.9300,653.29,0.9400,1064.19,2578.05,985.13,3563.18,985.13,2578.05,3563.18,0.0100,0.0100,0.4471,-0.4471,0.1075,0.8925,0.1557,0.2267,0.2267,0.1557,151.2739,-237.9989,-238.0427,151.3018
btc-updown-5m-1780095000,1780095096000,204,73322.68,73420.00,97.32,0.0000,-0.0000,0.0012,0.0034,0.0060,0.3370,0.001697,0.0569,0.0204,73423.94,-0.0000,-0.0054,0.0000,0.0000,0.1000,170.58,0.0900,203.54,0.0800,400.26,0.0700,653.29,0.0600,1063.19,0.1100,61.33,0.1200,146.03,0.1300,142.43,0.1400,109.50,0.1500,431.01,0.8900,61.33,0.8800,146.03,0.8700,142.43,0.8600,109.50,0.8500,431.01,0.9000,170.58,0.9100,203.54,0.9200,400.26,0.9300,653.29,0.9400,1063.19,2490.86,890.30,3381.16,890.30,2490.86,3381.16,0.0100,0.0100,0.4734,-0.4734,0.1074,0.8926,0.1502,0.2329,0.2329,0.1502,-10.0867,-178.5441,-178.5149,-10.0851
btc-updown-5m-1780095000,1780095097000,203,73322.68,73420.01,97.33,0.0000,0.0000,0.0005,0.0025,0.0060,0.3370,0.001697,0.0444,0.0110,73422.25,0.0000,-0.0030,0.0133,0.0000,0.1000,153.19,0.0900,162.42,0.0800,390.26,0.0700,638.29,0.0600,1048.19,0.1100,229.22,0.1200,178.45,0.1300,220.22,0.1400,83.50,0.1500,481.01,0.8900,229.22,0.8800,178.45,0.8700,220.22,0.8600,83.50,0.8500,481.01,0.9000,153.19,0.9100,162.42,0.9200,390.26,0.9300,638.29,0.9400,1048.19,2392.35,1192.40,3584.75,1192.40,2392.35,3584.75,0.0100,0.0100,0.3347,-0.3347,0.1040,0.8960,0.1319,0.3419,0.3419,0.1319,-20.5372,43.9593,43.9737,-20.5440
btc-updown-5m-1780095000,1780095098000,202,73322.70,73420.01,97.31,0.0000,0.0000,0.0000,0.0018,0.0040,0.3367,0.001697,0.0444,0.0000,73422.24,0.0000,-0.0030,0.0000,0.0000,0.1000,157.07,0.0900,162.42,0.0800,390.26,0.0700,617.29,0.0600,1063.19,0.1100,120.14,0.1200,178.45,0.1300,220.22,0.1400,83.50,0.1500,476.00,0.8900,120.14,0.8800,178.45,0.8700,220.22,0.8600,83.50,0.8500,476.00,0.9000,157.07,0.9100,162.42,0.9200,390.26,0.9300,617.29,0.9400,1063.19,2390.23,1078.31,3468.54,1078.31,2390.23,3468.54,0.0100,0.0100,0.3782,-0.3782,0.1057,0.8943,0.1337,0.2769,0.2769,0.1337,-48.4973,19.7231,19.7297,-48.5135
btc-updown-5m-1780095000,1780095099000,201,73322.67,73420.01,97.34,0.0000,0.0000,0.0514,0.0531,0.0060,0.3370,0.001697,0.0457,1.1252,73422.10,0.0000,-0.0028,0.0000,0.0000,0.1000,57.27,0.0900,73.88,0.0800,294.00,0.0700,565.43,0.0600,985.19,0.1100,210.38,0.1200,131.00,0.1300,196.69,0.1400,133.00,0.1500,511.00,0.8900,210.38,0.8800,131.00,0.8700,196.69,0.8600,133.00,0.8500,511.00,0.9000,57.27,0.9100,73.88,0.9200,294.00,0.9300,565.43,0.9400,985.19,1975.77,1182.07,3157.84,1182.07,1975.77,3157.84,0.0100,0.0100,0.2513,-0.2513,0.1021,0.8979,0.0664,0.2888,0.2888,0.0664,-98.7186,39.6681,39.6681,-98.7186
btc-updown-5m-1780095000,1780095100000,200,73322.67,73420.00,97.33,-0.0000,0.0000,2.5288,2.5819,0.0060,0.3373,0.001697,0.1273,19.8720,73420.75,-0.0000,-0.0010,-0.0133,-0.0000,0.0800,301.09,0.0700,693.29,0.0600,578.34,0.0500,2685.40,0.0400,979.82,0.0900,57.00,0.1000,104.02,0.1100,169.65,0.1200,229.00,0.1300,144.85,0.9100,57.00,0.9000,104.02,0.8900,169.65,0.8800,229.00,0.8700,144.85,0.9200,301.09,0.9300,693.29,0.9400,578.34,0.9500,2685.40,0.9600,979.82,5237.94,704.52,5942.46,704.52,5237.94,5942.46,0.0100,0.0100,0.7629,-0.7629,0.0884,0.9116,0.1898,0.2286,0.2286,0.1898,432.0856,-51.6957,-51.6957,432.0856
btc-updown-5m-1780095000,1780095101000,199,73322.67,73420.01,97.34,0.0000,0.0000,0.0017,2.5824,0.0080,0.3377,0.001697,0.1273,0.0135,73420.75,0.0000,-0.0010,0.0133,0.0000,0.0800,524.94,0.0700,589.43,0.0600,560.34,0.0500,3146.40,0.0400,1064.74,0.0900,57.86,0.1000,189.61,0.1100,134.72,0.1200,208.69,0.1300,145.99,0.9100,57.86,0.9000,189.61,0.8900,134.72,0.8800,208.69,0.8700,145.99,0.9200,524.94,0.9300,589.43,0.9400,560.34,0.9500,3146.40,0.9600,1064.74,5885.85,736.87,6622.72,736.87,5885.85,6622.72,0.0100,0.0100,0.7775,-0.7775,0.0890,0.9110,0.1893,0.3358,0.3358,0.1893,678.5334,-47.2604,-47.2604,678.5334
btc-updown-5m-1780095000,1780095102000,198,73321.94,73420.01,98.07,0.0000,0.0000,0.0010,2.5829,0.0060,0.3377,0.001697,0.1273,0.0075,73420.75,0.0000,-0.0010,0.0000,0.0000,0.0900,209.17,0.0800,163.21,0.0700,554.43,0.0600,568.37,0.0500,3146.40,0.1000,78.88,0.1100,190.54,0.1200,213.69,0.1300,150.99,0.1400,83.80,0.9000,78.88,0.8900,190.54,0.8800,213.69,0.8700,150.99,0.8600,83.80,0.9100,209.17,0.9200,163.21,0.9300,554.43,0.9400,568.37,0.9500,3146.40,4641.58,717.90,5359.48,717.90,4641.58,5359.48,0.0100,0.0100,0.7321,-0.7321,0.0973,0.9027,0.0802,0.3753,0.3753,0.0802,352.0966,-32.8042,-32.7934,351.9802
btc-updown-5m-1780095000,1780095103000,197,73321.12,73420.01,98.89,0.0000,0.0000,0.0000,2.5829,0.0060,0.3377,0.001697,0.1273,0.0000,73420.75,0.0000,-0.0010,0.0000,0.0000,0.0900,257.40,0.0800,169.51,0.0700,559.43,0.0600,560.38,0.0500,3512.54,0.1000,83.02,0.1100,205.54,0.1200,219.90,0.1300,151.39,0.1400,83.80,0.9000,83.02,0.8900,205.54,0.8800,219.90,0.8700,151.39,0.8600,83.80,0.9100,257.40,0.9200,169.51,0.9300,559.43,0.9400,560.38,0.9500,3512.54,5059.26,743.65,5802.91,743.65,5059.26,5802.91,0.0100,0.0100,0.7437,-0.7437,0.0976,0.9024,0.0844,0.3880,0.3880,0.0844,439.3591,-73.9292,-73.9170,439.2868
btc-updown-5m-1780095000,1780095104000,196,73320.48,73420.00,99.52,-0.0000,-0.0000,0.0311,2.5626,0.0060,0.3377,0.001697,0.1283,0.2423,73420.74,-0.0000,-0.0010,-0.0136,-0.0000,0.0900,257.40,0.0800,169.51,0.0700,559.43,0.0600,560.38,0.0500,3512.54,0.1000,83.02,0.1100,205.54,0.1200,219.90,0.1300,151.39,0.1400,83.80,0.9000,83.02,0.8900,205.54,0.8800,219.90,0.8700,151.39,0.8600,83.80,0.9100,257.40,0.9200,169.51,0.9300,559.43,0.9400,560.38,0.9500,3512.54,5059.26,743.65,5802.91,743.65,5059.26,5802.91,0.0100,0.0100,0.7437,-0.7437,0.0976,0.9024,0.0844,0.3880,0.3880,0.0844,517.3541,-64.8692,-64.8566,517.2539
btc-updown-5m-1780095000,1780095105000,195,73319.92,73420.00,100.08,0.0000,0.0000,0.0031,0.0369,0.0060,0.3380,0.001697,0.1284,0.0244,73420.74,-0.0000,-0.0010,0.0000,0.0000,0.0900,274.15,0.0800,199.51,0.0700,559.43,0.0600,665.51,0.0500,3534.27,0.1100,191.76,0.1200,233.92,0.1300,145.99,0.1400,133.80,0.1500,481.39,0.8900,191.76,0.8800,233.92,0.8700,145.99,0.8600,133.80,0.8500,481.39,0.9100,274.15,0.9200,199.51,0.9300,559.43,0.9400,665.51,0.9500,3534.27,5232.87,1186.86,6419.73,1186.86,5232.87,6419.73,0.0200,0.0200,0.6302,-0.6302,0.1018,0.8982,0.0905,0.3587,0.3587,0.0905,552.6067,35.0199,35.0199,552.6067
btc-updown-5m-1780095000,1780095106000,194,73319.95,73420.00,100.05,0.0000,-0.0000,0.0000,0.0352,0.0040,0.3380,0.001697,0.1284,0.0000,73420.74,-0.0000,-0.0010,0.0000,0.0000,0.1000,240.36,0.0900,162.06,0.0800,148.00,0.0700,554.43,0.0600,665.51,0.1100,224.04,0.1200,230.69,0.1300,167.49,0.1400,83.80,0.1500,491.39,0.8900,224.04,0.8800,230.69,0.8700,167.49,0.8600,83.80,0.8500,491.39,0.9000,240.36,0.9100,162.06,0.9200,148.00,0.9300,554.43,0.9400,665.51,1770.36,1197.41,2967.77,1197.41,1770.36,2967.77,0.0100,0.0100,0.1931,-0.1931,0.1052,0.8948,0.2273,0.3798,0.3798,0.2273,-659.4865,93.7410,93.7053,-659.2357
btc-updown-5m-1780095000,1780095107000,193,73319.97,73420.00,100.03,0.0000,-0.0000,0.0000,0.0342,0.0040,0.3380,0.001697,0.1283,0.0000,73420.73,-0.0000,-0.0010,0.0000,0.0000,0.1000,239.66,0.0900,162.06,0.0800,148.00,0.0700,554.43,0.0600,695.51,0.1100,282.52,0.1200,276.37,0.1300,174.49,0.1400,83.80,0.1500,871.39,0.8900,282.52,0.8800,276.37,0.8700,174.49,0.8600,83.80,0.8500,871.39,0.9000,239.66,0.9100,162.06,0.9200,148.00,0.9300,554.43,0.9400,695.51,1799.66,1688.57,3488.23,1688.57,1799.66,3488.23,0.0100,0.0100,0.0318,-0.0318,0.1046,0.8954,0.2232,0.3310,0.3310,0.2232,-745.5181,168.7330,168.7011,-745.3772
btc-updown-5m-1780095000,1780095108000,192,73320.19,73420.00,99.81,0.0000,-0.0000,0.0418,0.0761,0.0060,0.3380,0.001697,0.1296,0.3228,73420.72,0.0000,-0.0010,0.0000,0.0000,0.1000,437.12,0.0900,167.06,0.0800,148.00,0.0700,554.43,0.0600,715.51,0.1100,308.57,0.1200,286.37,0.1300,175.06,0.1400,83.80,0.1500,880.67,0.8900,308.57,0.8800,286.37,0.8700,175.06,0.8600,83.80,0.8500,880.67,0.9000,437.12,0.9100,167.06,0.9200,148.00,0.9300,554.43,0.9400,715.51,2022.12,1734.47,3756.59,1734.47,2022.12,3756.59,0.0100,0.0100,0.0766,-0.0766,0.1059,0.8941,0.2988,0.3430,0.3430,0.2988,-445.4106,155.8527,155.7998,-445.2592
btc-updown-5m-1780095000,1780095109000,191,73320.34,73420.00,99.66,0.0000,0.0000,0.0136,0.0586,0.0040,0.3377,0.001697,0.1296,0.1051,73420.69,0.0000,-0.0009,0.0000,0.0000,0.1000,148.88,0.0900,84.24,0.0800,134.30,0.0700,494.43,0.0600,660.51,0.1100,309.88,0.1200,346.37,0.1300,230.06,0.1400,164.99,0.1500,905.67,0.8900,309.88,0.8800,346.37,0.8700,230.06,0.8600,164.99,0.8500,905.67,0.9000,148.88,0.9100,84.24,0.9200,134.30,0.9300,494.43,0.9400,660.51,1522.36,1956.97,3479.33,1956.97,1522.36,3479.33,0.0100,0.0100,-0.1249,0.1249,0.1032,0.8968,0.1531,0.3353,0.3353,0.1531,-568.1914,191.9092,191.8158,-567.9150
btc-updown-5m-1780095000,1780095110000,190,73319.92,73420.00,100.08,0.0000,0.0000,0.0000,0.0555,0.0020,0.3373,0.001697,0.1281,0.0000,73420.58,0.0000,-0.0008,0.0000,0.0000,0.1100,609.63,0.1000,287.55,0.0900,155.06,0.0800,161.62,0.0700,616.05,0.1300,136.49,0.1400,52.98,0.1500,841.39,0.1600,75.69,0.1700,129.38,0.8700,136.49,0.8600,52.98,0.8500,841.39,0.8400,75.69,0.8300,129.38,0.8900,609.63,0.9000,287.55,0.9100,155.06,0.9200,161.62,0.9300,616.05,1829.91,1235.93,3065.84,1235.93,1829.91,3065.84,0.0200,0.0200,0.1937,-0.1937,0.1263,0.8737,0.4903,0.1533,0.1533,0.4903,-617.3730,8.9024,8.9008,-617.2610
btc-updown-5m-1780095000,1780095111000,189,73319.92,73420.00,100.08,0.0000,0.0000,0.0001,0.0556,0.0020,0.1710,0.001222,0.1277,0.0007,73420.55,0.0000,-0.0008,0.0000,0.0000,0.1200,638.78,0.1100,150.20,0.1000,181.04,0.0900,122.24,0.0800,161.62,0.1300,260.35,0.1400,52.16,0.1500,796.39,0.1600,94.41,0.1700,129.38,0.8700,260.35,0.8600,52.16,0.8500,796.39,0.8400,94.41,0.8300,129.38,0.8800,638.78,0.8900,150.20,0.9000,181.04,0.9100,122.24,0.9200,161.62,1253.88,1332.69,2586.57,1332.69,1253.88,2586.57,0.0100,0.0100,-0.0305,0.0305,0.1271,0.8729,0.6292,0.2345,0.2345,0.6292,-98.2835,25.7431,25.7431,-98.2835
btc-updown-5m-1780095000,1780095112000,188,73320.06,73420.00,99.94,0.0000,0.0000,0.0000,0.0556,0.0020,0.1710,0.001222,0.1137,0.0000,73420.00,0.0000,-0.0000,0.0000,0.0000,0.1200,300.58,0.1100,137.45,0.1000,199.06,0.0900,127.24,0.0800,188.00,0.1300,379.00,0.1400,99.42,0.1500,796.19,0.1600,81.41,0.1700,179.38,0.8700,379.00,0.8600,99.42,0.8500,796.19,0.8400,81.41,0.8300,179.38,0.8800,300.58,0.8900,137.45,0.9000,199.06,0.9100,127.24,0.9200,188.00,952.33,1535.40,2487.73,1535.40,952.33,2487.73,0.0100,0.0100,-0.2344,0.2344,0.1244,0.8756,0.4600,0.3116,0.3116,0.4600,-168.5380,-33.5506,-33.5506,-168.5380
btc-updown-5m-1780095000,1780095113000,187,73321.70,73420.01,98.31,0.0000,0.0000,0.0043,0.0181,0.0020,0.1713,0.001222,0.1138,0.0382,73420.00,0.0000,0.0000,0.0134,0.0000,0.1200,455.57,0.1100,130.20,0.1000,204.11,0.0900,136.57,0.0800,194.10,0.1300,296.91,0.1400,117.15,0.1500,796.19,0.1600,81.41,0.1700,209.38,0.8700,296.91,0.8600,117.15,0.8500,796.19,0.8400,81.41,0.8300,209.38,0.8800,455.57,0.8900,130.20,0.9000,204.11,0.9100,136.57,0.9200,194.10,1120.55,1501.04,2621.59,1501.04,1120.55,2621.59,0.0100,0.0100,-0.1451,0.1451,0.1261,0.8739,0.5228,0.2758,0.2758,0.5228,-119.1218,-37.9352,-37.9286,-119.1011
btc-updown-5m-1780095000,1780095114000,186,73322.05,73420.01,97.96,0.0000,0.0000,0.0787,0.0831,0.0020,0.0047,0.000008,0.1164,0.6763,73420.00,0.0000,0.0000,0.0000,0.0000,0.1400,537.40,0.1300,332.11,0.1200,153.94,0.1100,145.74,0.1000,181.62,0.1500,689.11,0.1600,30.00,0.1700,161.86,0.1800,62.60,0.1900,58.09,0.8500,689.11,0.8400,30.00,0.8300,161.86,0.8200,62.60,0.8100,58.09,0.8600,537.40,0.8700,332.11,0.8800,153.94,0.8900,145.74,0.9000,181.62,1350.81,1001.66,2352.47,1001.66,1350.81,2352.47,0.0100,0.0100,0.1484,-0.1484,0.1444,0.8556,0.6437,0.7179,0.7179,0.6437,-111.9596,-122.2165,-122.2165,-111.9596
btc-updown-5m-1780095000,1780095115000,185,73322.06,73420.01,97.95,0.0000,0.0000,0.0000,0.0831,0.0020,0.0047,0.000008,0.0911,0.0000,73420.00,0.0000,0.0000,0.0000,0.0000,0.1400,468.91,0.1300,338.11,0.1200,139.94,0.1100,179.82,0.1000,185.00,0.1500,799.95,0.1600,47.75,0.1700,87.86,0.1800,94.90,0.1900,122.09,0.8500,799.95,0.8400,47.75,0.8300,87.86,0.8200,94.90,0.8100,122.09,0.8600,468.91,0.8700,338.11,0.8800,139.94,0.8900,179.82,0.9000,185.00,1311.78,1152.55,2464.33,1152.55,1311.78,2464.33,0.0100,0.0100,0.0646,-0.0646,0.1437,0.8563,0.6152,0.7355,0.7355,0.6152,-38.1209,-145.6227,-145.6227,-38.1209
btc-updown-5m-1780095000,1780095116000,184,73322.93,73420.01,97.08,0.0000,0.0000,0.0000,0.0830,0.0020,0.0047,0.000008,0.0911,0.0000,73420.00,0.0000,0.0000,0.0000,0.0000,0.1400,350.91,0.1300,338.11,0.1200,139.94,0.1100,179.82,0.1000,185.00,0.1500,776.08,0.1600,47.75,0.1700,87.86,0.1800,94.90,0.1900,122.09,0.8500,776.08,0.8400,47.75,0.8300,87.86,0.8200,94.90,0.8100,122.09,0.8600,350.91,0.8700,338.11,0.8800,139.94,0.8900,179.82,0.9000,185.00,1193.78,1128.68,2322.46,1128.68,1193.78,2322.46,0.0100,0.0100,0.0280,-0.0280,0.1431,0.8569,0.5772,0.7299,0.7299,0.5772,-228.3968,-30.6186,-30.6186,-228.3968
btc-updown-5m-1780095000,1780095117000,183,73324.15,73425.01,100.86,0.0068,0.0068,0.3300,0.4131,1.0020,0.1710,0.001222,0.1018,3.2434,73420.52,0.0014,0.0061,6.8688,0.0001,0.1400,307.72,0.1300,229.00,0.1200,81.68,0.1100,101.30,0.1000,158.89,0.1500,821.79,0.1600,110.76,0.1700,167.66,0.1800,160.90,0.1900,247.93,0.8500,821.79,0.8400,110.76,0.8300,167.66,0.8200,160.90,0.8100,247.93,0.8600,307.72,0.8700,229.00,0.8800,81.68,0.8900,101.30,0.9000,158.89,878.59,1509.04,2387.63,1509.04,878.59,2387.63,0.0100,0.0100,-0.2640,0.2640,0.1427,0.8573,0.6109,0.6180,0.6180,0.6109,-6.3089,11.6852,11.6872,-6.3100
btc-updown-5m-1780095000,1780095118000,182,73324.44,73425.01,100.57,0.0000,0.0068,0.0000,0.4087,1.0000,0.1707,0.001222,0.1008,0.0000,73420.53,0.0014,0.0061,0.0000,0.0000,0.1400,834.46,0.1300,308.70,0.1200,136.68,0.1100,128.20,0.1000,235.00,0.1500,369.02,0.1600,30.77,0.1700,81.00,0.1800,25.00,0.1900,165.59,0.8500,369.02,0.8400,30.77,0.8300,81.00,0.8200,25.00,0.8100,165.59,0.8600,834.46,0.8700,308.70,0.8800,136.68,0.8900,128.20,0.9000,235.00,1643.04,671.38,2314.42,671.38,1643.04,2314.42,0.0100,0.0100,0.4198,-0.4198,0.1469,0.8531,0.6958,0.5955,0.5955,0.6958,116.4183,-145.6295,-145.6541,116.4380
btc-updown-5m-1780095000,1780095119000,181,73325.59,73425.02,99.43,0.0000,0.0068,0.0077,0.3377,1.0020,0.1710,0.001222,0.0999,0.0767,73420.55,0.0013,0.0061,0.0135,0.0000,0.1400,336.30,0.1300,288.98,0.1200,135.76,0.1100,141.03,0.1000,200.00,0.1500,469.80,0.1600,100.61,0.1700,105.10,0.1800,90.36,0.1900,162.80,0.8500,469.80,0.8400,100.61,0.8300,105.10,0.8200,90.36,0.8100,162.80,0.8600,336.30,0.8700,288.98,0.8800,135.76,0.8900,141.03,0.9000,200.00,1102.07,928.67,2030.74,928.67,1102.07,2030.74,0.0100,0.0100,0.0854,-0.0854,0.1442,0.8558,0.5674,0.6142,0.6142,0.5674,-3.0425,-94.2328,-94.2794,-3.0440
btc-updown-5m-1780095000,1780095120000,180,73327.69,73425.01,97.32,-0.0000,0.0068,0.0032,0.3409,1.0040,0.1710,0.001222,0.1000,0.0322,73420.55,-0.0000,0.0061,-0.0133,-0.0000,0.1200,9.00,0.1100,46.83,0.1000,121.96,0.0900,117.24,0.0800,151.83,0.1300,528.80,0.1400,319.99,0.1500,426.29,0.1600,126.77,0.1700,193.26,0.8700,528.80,0.8600,319.99,0.8500,426.29,0.8400,126.77,0.8300,193.26,0.8800,9.00,0.8900,46.83,0.9000,121.96,0.9100,117.24,0.9200,151.83,446.86,1595.11,2041.97,1595.11,446.86,2041.97,0.0100,0.0100,-0.5623,0.5623,0.1202,0.8798,0.1249,0.5321,0.5321,0.1249,-148.3344,97.3827,97.4146,-148.3831
btc-updown-5m-1780095000,1780095121000,179,73329.46,73425.02,95.56,0.0000,0.0068,0.0130,0.3539,1.0060,0.1713,0.001222,0.1004,0.1293,73420.57,0.0000,0.0061,0.0130,0.0000,0.1100,59.11,0.1000,111.97,0.0900,108.39,0.0800,122.70,0.0700,489.56,0.1200,220.01,0.1300,288.87,0.1400,301.19,0.1500,386.76,0.1600,121.76,0.8800,220.01,0.8700,288.87,0.8600,301.19,0.8500,386.76,0.8400,121.76,0.8900,59.11,0.9000,111.97,0.9100,108.39,0.9200,122.70,0.9300,489.56,891.73,1318.59,2210.32,1318.59,891.73,2210.32,0.0100,0.0100,-0.1931,0.1931,0.1121,0.8879,0.1919,0.3859,0.3859,0.1919,-53.0750,33.3702,33.3820,-53.0937
btc-updown-5m-1780095000,1780095122000,178,73328.34,73425.01,96.67,-0.0000,0.0000,0.0022,0.0261,0.0080,0.1713,0.001222,0.1005,0.0223,73420.57,-0.0000,0.0060,-0.0132,-0.0000,0.1100,187.59,0.1000,210.44,0.0900,179.51,0.0800,160.00,0.0700,544.56,0.1300,206.43,0.1400,265.83,0.1500,346.77,0.1600,126.00,0.1700,159.45,0.8700,206.43,0.8600,265.83,0.8500,346.77,0.8400,126.00,0.8300,159.45,0.8900,187.59,0.9000,210.44,0.9100,179.51,0.9200,160.00,0.9300,544.56,1282.10,1104.48,2386.58,1104.48,1282.10,2386.58,0.0200,0.0200,0.0744,-0.0744,0.1195,0.8805,0.3105,0.4276,0.4276,0.3105,73.4226,-86.5723,-86.5574,73.4100
btc-updown-5m-1780095000,1780095123000,177,73327.71,73425.02,97.31,0.0000,0.0000,0.0056,0.0318,0.0100,0.1713,0.001222,0.1006,0.0561,73420.58,0.0000,0.0060,0.0133,0.0000,0.1100,490.92,0.1000,158.32,0.0900,159.90,0.0800,125.00,0.0700,496.43,0.1200,168.65,0.1300,188.68,0.1400,197.38,0.1500,195.62,0.1600,121.42,0.8800,168.65,0.8700,188.68,0.8600,197.38,0.8500,195.62,0.8400,121.42,0.8900,490.92,0.9000,158.32,0.9100,159.90,0.9200,125.00,0.9300,496.43,1430.57,871.75,2302.32,871.75,1430.57,2302.32,0.0100,0.0100,0.2427,-0.2427,0.1174,0.8826,0.4538,0.4099,0.4099,0.4538,92.4745,-130.9667,-130.9667,92.4745
btc-updown-5m-1780095000,1780095124000,176,73327.72,73425.02,97.30,0.0000,0.0000,0.0438,0.0679,0.0100,0.1717,0.001222,0.1020,0.4290,73420.64,0.0000,0.0060,0.0000,0.0000,0.1100,587.40,0.1000,174.97,0.0900,122.24,0.0800,135.00,0.0700,486.43,0.1200,35.59,0.1300,158.47,0.1400,202.38,0.1500,158.51,0.1600,95.54,0.8800,35.59,0.8700,158.47,0.8600,202.38,0.8500,158.51,0.8400,95.54,0.8900,587.40,0.9000,174.97,0.9100,122.24,0.9200,135.00,0.9300,486.43,1506.04,650.49,2156.53,650.49,1506.04,2156.53,0.0100,0.0100,0.3967,-0.3967,0.1194,0.8806,0.5062,0.2983,0.2983,0.5062,-24.8876,-3.4023,-3.4028,-24.8917
btc-updown-5m-1780095000,1780095125000,175,73327.85,73425.02,97.17,0.0000,0.0000,0.0002,0.0648,0.0080,0.1713,0.001222,0.1020,0.0019,73420.64,0.0000,0.0060,0.0000,0.0000,0.1100,582.10,0.1000,205.31,0.0900,169.14,0.0800,187.93,0.0700,546.43,0.1200,107.09,0.1300,171.97,0.1400,202.38,0.1500,158.70,0.1600,160.23,0.8800,107.09,0.8700,171.97,0.8600,202.38,0.8500,158.70,0.8400,160.23,0.8900,582.10,0.9000,205.31,0.9100,169.14,0.9200,187.93,0.9300,546.43,1690.91,800.37,2491.28,800.37,1690.91,2491.28,0.0100,0.0100,0.3575,-0.3575,0.1184,0.8816,0.4657,0.3487,0.3487,0.4657,98.6001,-21.4836,-21.4800,98.5836
btc-updown-5m-1780095000,1780095126000,174,73327.85,73425.01,97.16,-0.0000,-0.0000,0.0343,0.0862,0.0080,0.1717,0.001222,0.1031,0.3327,73420.69,-0.0000,0.0059,-0.0132,-0.0000,0.1200,597.34,0.1100,247.36,0.1000,168.31,0.0900,246.07,0.0800,194.13,0.1300,77.51,0.1400,135.00,0.1500,166.62,0.1600,101.24,0.1700,187.45,0.8700,77.51,0.8600,135.00,0.8500,166.62,0.8400,101.24,0.8300,187.45,0.8800,597.34,0.8900,247.36,0.9000,168.31,0.9100,246.07,0.9200,194.13,1453.21,667.82,2121.03,667.82,1453.21,2121.03,0.0100,0.0100,0.3703,-0.3703,0.1289,0.8711,0.5813,0.3182,0.3182,0.5813,167.2789,-154.1373,-154.1373,167.2789
btc-updown-5m-1780095000,1780095127000,173,73327.60,73425.02,97.42,0.0000,0.0000,0.0091,0.0930,0.0080,0.1717,0.001222,0.1034,0.0876,73420.70,0.0000,0.0059,0.0133,0.0000,0.1300,631.31,0.1200,285.99,0.1100,297.69,0.1000,185.00,0.0900,188.24,0.1400,49.31,0.1500,125.14,0.1600,55.75,0.1700,178.07,0.1800,81.00,0.8600,49.31,0.8500,125.14,0.8400,55.75,0.8300,178.07,0.8200,81.00,0.8700,631.31,0.8800,285.99,0.8900,297.69,0.9000,185.00,0.9100,188.24,1588.23,489.27,2077.50,489.27,1588.23,2077.50,0.0100,0.0100,0.5290,-0.5290,0.1393,0.8607,0.5776,0.3566,0.3566,0.5776,119.6594,-134.6366,-134.6146,119.6399
btc-updown-5m-1780095000,1780095128000,172,73327.82,73425.01,97.19,-0.0000,-0.0000,0.0001,0.0874,0.0080,0.1720,0.001222,0.1034,0.0009,73420.70,-0.0000,0.0059,-0.0132,-0.0000,0.1300,384.89,0.1200,212.02,0.1100,277.69,0.1000,175.00,0.0900,221.08,0.1400,214.77,0.1500,136.57,0.1600,25.75,0.1700,142.01,0.1800,99.80,0.8600,214.77,0.8500,136.57,0.8400,25.75,0.8300,142.01,0.8200,99.80,0.8700,384.89,0.8800,212.02,0.8900,277.69,0.9000,175.00,0.9100,221.08,1270.68,618.90,1889.58,618.90,1270.68,1889.58,0.0100,0.0100,0.3449,-0.3449,0.1364,0.8636,0.4698,0.5677,0.5677,0.4698,-0.3930,-69.7629,-69.7747,-0.3930
btc-updown-5m-1780095000,1780095129000,171,73331.08,73425.01,93.93,0.0000,-0.0000,0.0531,0.0968,0.0080,0.1720,0.001222,0.1051,0.5055,73420.77,-0.0000,0.0058,0.0000,0.0000,0.0700,173.82,0.0600,1040.54,0.0500,2817.31,0.0400,744.22,0.0300,1550.64,0.0800,705.91,0.0900,271.33,0.1000,319.76,0.1100,228.00,0.1200,126.00,0.9200,705.91,0.9100,271.33,0.9000,319.76,0.8900,228.00,0.8800,126.00,0.9300,173.82,0.9400,1040.54,0.9500,2817.31,0.9600,744.22,0.9700,1550.64,6326.53,1651.00,7977.53,1651.00,6326.53,7977.53,0.0100,0.0100,0.5861,-0.5861,0.0720,0.9280,0.1919,0.5919,0.5919,0.1919,840.0755,133.7080,133.7080,840.0755
btc-updown-5m-1780095000,1780095130000,170,73331.08,73425.01,93.93,0.0000,-0.0000,0.0000,0.0966,0.0080,0.1717,0.001222,0.1034,0.0000,73420.79,-0.0000,0.0058,0.0000,0.0000,0.0700,299.58,0.0600,968.81,0.0500,2790.47,0.0400,834.19,0.0300,1556.36,0.0800,1036.03,0.0900,271.33,0.1000,346.13,0.1100,228.00,0.1200,170.26,0.9200,1036.03,0.9100,271.33,0.9000,346.13,0.8900,228.00,0.8800,170.26,0.9300,299.58,0.9400,968.81,0.9500,2790.47,0.9600,834.19,0.9700,1556.36,6449.41,2051.75,8501.16,2051.75,6449.41,8501.16,0.0100,0.0100,0.5173,-0.5173,0.0722,0.9278,0.1967,0.6372,0.6372,0.1967,817.9890,236.7457,236.7062,817.8525
btc-updown-5m-1780095000,1780095131000,169,73329.14,73425.01,95.87,0.0000,0.0000,0.0186,0.0809,0.0060,0.1713,0.001222,0.0225,0.8283,73423.75,-0.0000,0.0017,0.0000,0.0000,0.0700,326.55,0.0600,573.81,0.0500,2436.47,0.0400,873.35,0.0300,1621.36,0.0800,908.09,0.0900,243.33,0.1000,328.56,0.1100,158.00,0.1200,95.26,0.9200,908.09,0.9100,243.33,0.9000,328.56,0.8900,158.00,0.8800,95.26,0.9300,326.55,0.9400,573.81,0.9500,2436.47,0.9600,873.35,0.9700,1621.36,5831.54,1733.24,7564.78,1733.24,5831.54,7564.78,0.0100,0.0100,0.5418,-0.5418,0.0726,0.9274,0.1544,0.6643,0.6643,0.1544,703.7101,158.5435,158.5166,703.5905
btc-updown-5m-1780095000,1780095132000,168,73328.03,73425.01,96.98,0.0000,-0.0000,0.0000,0.0718,0.0040,0.1713,0.001222,0.0224,0.0000,73423.76,-0.0000,0.0017,0.0000,0.0000,0.0700,324.18,0.0600,578.81,0.0500,2436.47,0.0400,854.22,0.0300,1646.36,0.0800,564.45,0.0900,253.33,0.1000,323.56,0.1100,158.00,0.1200,101.10,0.9200,564.45,0.9100,253.33,0.9000,323.56,0.8900,158.00,0.8800,101.10,0.9300,324.18,0.9400,578.81,0.9500,2436.47,0.9600,854.22,0.9700,1646.36,5840.04,1400.44,7240.48,1400.44,5840.04,7240.48,0.0100,0.0100,0.6132,-0.6132,0.0736,0.9264,0.1546,0.5839,0.5839,0.1546,726.7444,109.1050,109.1592,727.1053
btc-updown-5m-1780095000,1780095133000,167,73327.98,73425.01,97.03,0.0000,0.0000,0.0000,0.0717,0.0020,0.1713,0.001222,0.0224,0.0000,73423.76,0.0000,0.0017,0.0000,0.0000,0.0700,321.22,0.0600,593.81,0.0500,3085.90,0.0400,813.35,0.0300,1651.36,0.0800,468.76,0.0900,265.39,0.1000,323.56,0.1100,158.00,0.1200,66.00,0.9200,468.76,0.9100,265.39,0.9000,323.56,0.8900,158.00,0.8800,66.00,0.9300,321.22,0.9400,593.81,0.9500,3085.90,0.9600,813.35,0.9700,1651.36,6465.64,1281.71,7747.35,1281.71,6465.64,7747.35,0.0100,0.0100,0.6691,-0.6691,0.0741,0.9259,0.1415,0.5728,0.5728,0.1415,822.3893,147.0317,147.0561,822.5257
btc-updown-5m-1780095000,1780095134000,166,73328.08,73425.02,96.94,0.0000,0.0000,0.0024,0.0211,0.0020,0.1713,0.001222,0.0225,0.1086,73423.77,0.0000,0.0017,0.0132,0.0000,0.0700,437.59,0.0600,638.44,0.0500,3075.90,0.0400,798.35,0.0300,1626.36,0.0800,32.90,0.0900,265.39,0.1000,328.56,0.1100,158.00,0.1200,99.00,0.9200,32.90,0.9100,265.39,0.9000,328.56,0.8900,158.00,0.8800,99.00,0.9300,437.59,0.9400,638.44,0.9500,3075.90,0.9600,798.35,0.9700,1626.36,6576.64,883.85,7460.49,883.85,6576.64,7460.49,0.0100,0.0100,0.7631,-0.7631,0.0793,0.9207,0.1636,0.3375,0.3375,0.1636,914.1902,45.6496,45.6496,914.1902
btc-updown-5m-1780095000,1780095135000,165,73327.18,73425.01,97.83,-0.0000,0.0000,0.0014,0.0224,0.0040,0.1713,0.001222,0.0215,0.0646,73423.95,-0.0000,0.0014,-0.0133,-0.0000,0.0700,510.11,0.0600,673.37,0.0500,3106.32,0.0400,1208.16,0.0300,1617.36,0.0800,55.40,0.0900,255.39,0.1000,288.02,0.1100,158.00,0.1200,129.00,0.9200,55.40,0.9100,255.39,0.9000,288.02,0.8900,158.00,0.8800,129.00,0.9300,510.11,0.9400,673.37,0.9500,3106.32,0.9600,1208.16,0.9700,1617.36,7115.32,885.81,8001.13,885.81,7115.32,8001.13,0.0100,0.0100,0.7786,-0.7786,0.0790,0.9210,0.1663,0.3509,0.3509,0.1663,158.5064,-181.4490,-181.4490,158.5064
btc-updown-5m-1780095000,1780095136000,164,73327.18,73425.01,97.83,0.0000,0.0000,0.0000,0.0038,0.0040,0.1713,0.001222,0.0214,0.0000,73423.97,-0.0000,0.0014,0.0000,0.0000,0.0700,215.03,0.0600,755.09,0.0500,3109.03,0.0400,1242.90,0.0300,1799.57,0.0800,68.38,0.0900,269.92,0.1000,315.02,0.1100,208.00,0.1200,143.77,0.9200,68.38,0.9100,269.92,0.9000,315.02,0.8900,208.00,0.8800,143.77,0.9300,215.03,0.9400,755.09,0.9500,3109.03,0.9600,1242.90,0.9700,1799.57,7121.62,1005.09,8126.71,1005.09,7121.62,8126.71,0.0100,0.0100,0.7526,-0.7526,0.0776,0.9224,0.1362,0.3366,0.3366,0.1362,105.8259,-172.4348,-172.4907,105.8602
btc-updown-5m-1780095000,1780095137000,163,73327.17,73425.01,97.84,0.0000,0.0000,0.0144,0.0183,0.0060,0.1717,0.001222,0.0219,0.6604,73423.99,-0.0000,0.0014,0.0000,0.0000,0.0700,222.66,0.0600,630.81,0.0500,3178.22,0.0400,1301.41,0.0300,1765.44,0.0800,73.38,0.0900,269.92,0.1000,315.02,0.1100,208.00,0.1200,143.77,0.9200,73.38,0.9100,269.92,0.9000,315.02,0.8900,208.00,0.8800,143.77,0.9300,222.66,0.9400,630.81,0.9500,3178.22,0.9600,1301.41,0.9700,1765.44,7098.54,1010.09,8108.63,1010.09,7098.54,8108.63,0.0100,0.0100,0.7509,-0.7509,0.0775,0.9225,0.1202,0.3399,0.3399,0.1202,211.9083,-120.9483,-120.9686,211.9438
btc-updown-5m-1780095000,1780095138000,162,73327.39,73425.02,97.63,0.0000,0.0000,0.0006,0.0188,0.0080,0.1717,0.001222,0.0219,0.0256,73423.99,0.0000,0.0014,0.0133,0.0000,0.0800,160.00,0.0700,226.02,0.0600,672.60,0.0500,3106.13,0.0400,1281.41,0.0900,215.35,0.1000,315.02,0.1100,158.00,0.1200,113.77,0.1300,102.32,0.9100,215.35,0.9000,315.02,0.8900,158.00,0.8800,113.77,0.8700,102.32,0.9200,160.00,0.9300,226.02,0.9400,672.60,0.9500,3106.13,0.9600,1281.41,5446.16,904.46,6350.62,904.46,5446.16,6350.62,0.0100,0.0100,0.7152,-0.7152,0.0843,0.9157,0.0709,0.5864,0.5864,0.0709,-67.4752,-91.5990,-91.5825,-67.4630
btc-updown-5m-1780095000,1780095139000,161,73327.25,73425.02,97.77,0.0000,0.0000,0.0736,0.0900,0.0060,0.1717,0.001222,0.0229,3.2121,73424.33,0.0000,0.0009,0.0000,0.0000,0.0800,150.00,0.0700,216.02,0.0600,712.71,0.0500,3230.85,0.0400,1411.06,0.0900,162.78,0.1000,285.02,0.1100,158.00,0.1200,188.77,0.1300,132.32,0.9100,162.78,0.9000,285.02,0.8900,158.00,0.8800,188.77,0.8700,132.32,0.9200,150.00,0.9300,216.02,0.9400,712.71,0.9500,3230.85,0.9600,1411.06,5720.64,926.89,6647.53,926.89,5720.64,6647.53,0.0100,0.0100,0.7211,-0.7211,0.0848,0.9152,0.0640,0.4831,0.4831,0.0640,-122.4627,-66.0292,-66.0403,-122.4832
btc-updown-5m-1780095000,1780095140000,160,73327.25,73425.01,97.76,-0.0000,0.0000,0.0208,0.1094,0.0060,0.1720,0.001222,0.0231,0.8985,73424.43,-0.0000,0.0008,-0.0133,-0.0000,0.0800,130.86,0.0700,170.47,0.0600,631.92,0.0500,3237.93,0.0400,1369.92,0.0900,196.66,0.1000,315.02,0.1100,203.31,0.1200,147.30,0.1300,141.85,0.9100,196.66,0.9000,315.02,0.8900,203.31,0.8800,147.30,0.8700,141.85,0.9200,130.86,0.9300,170.47,0.9400,631.92,0.9500,3237.93,0.9600,1369.92,5541.10,1004.14,6545.24,1004.14,5541.10,6545.24,0.0100,0.0100,0.6932,-0.6932,0.0840,0.9160,0.0544,0.5096,0.5096,0.0544,-182.8794,15.7431,15.7431,-182.8794
btc-updown-5m-1780095000,1780095141000,159,73327.25,73425.01,97.76,0.0000,0.0000,0.0000,0.1094,0.0060,0.1720,0.001222,0.0231,0.0000,73424.43,-0.0000,0.0008,0.0000,0.0000,0.0800,131.90,0.0700,190.47,0.0600,631.92,0.0500,3237.93,0.0400,1379.92,0.0900,160.21,0.1000,275.02,0.1100,203.31,0.1200,159.60,0.1300,163.04,0.9100,160.21,0.9000,275.02,0.8900,203.31,0.8800,159.60,0.8700,163.04,0.9200,131.90,0.9300,190.47,0.9400,631.92,0.9500,3237.93,0.9600,1379.92,5572.14,961.18,6533.32,961.18,5572.14,6533.32,0.0100,0.0100,0.7058,-0.7058,0.0845,0.9155,0.0579,0.4528,0.4528,0.0579,-280.1371,7.3089,7.3075,-280.0845
btc-updown-5m-1780095000,1780095142000,158,73327.25,73425.01,97.76,0.0000,0.0000,0.0233,0.1182,0.0040,0.1720,0.001222,0.0239,0.9750,73424.45,-0.0000,0.0008,0.0000,0.0000,0.0800,130.81,0.0700,170.47,0.0600,802.59,0.0500,3291.38,0.0400,1462.98,0.1000,275.02,0.1100,213.31,0.1200,124.60,0.1300,167.04,0.1400,87.60,0.9000,275.02,0.8900,213.31,0.8800,124.60,0.8700,167.04,0.8600,87.60,0.9200,130.81,0.9300,170.47,0.9400,802.59,0.9500,3291.38,0.9600,1462.98,5858.23,867.57,6725.80,867.57,5858.23,6725.80,0.0200,0.0200,0.7420,-0.7420,0.0864,0.9136,0.0514,0.5629,0.5629,0.0514,-208.1710,-22.6594,-22.6520,-208.1025
btc-updown-5m-1780095000,1780095143000,157,73327.25,73425.01,97.76,0.0000,-0.0000,0.0000,0.1177,0.0020,0.1717,0.001222,0.0239,0.0000,73424.45,-0.0000,0.0008,0.0000,0.0000,0.0900,153.14,0.0800,173.45,0.0700,167.38,0.0600,803.02,0.0500,3224.57,0.1000,82.14,0.1100,245.82,0.1200,105.17,0.1300,137.04,0.1400,87.60,0.9000,82.14,0.8900,245.82,0.8800,105.17,0.8700,137.04,0.8600,87.60,0.9100,153.14,0.9200,173.45,0.9300,167.38,0.9400,803.02,0.9500,3224.57,4521.56,657.77,5179.33,657.77,4521.56,5179.33,0.0100,0.0100,0.7460,-0.7460,0.0965,0.9035,0.0722,0.4986,0.4986,0.0722,-436.7763,-59.7153,-59.7051,-436.7023
btc-updown-5m-1780095000,1780095144000,156,73327.28,73425.01,97.73,0.0000,-0.0000,0.0000,0.0441,0.0020,0.1717,0.001222,0.0237,0.0000,73424.48,-0.0000,0.0007,0.0000,0.0000,0.0900,153.14,0.0800,173.45,0.0700,167.38,0.0600,803.02,0.0500,3224.57,0.1000,82.14,0.1100,245.82,0.1200,105.17,0.1300,137.04,0.1400,87.60,0.9000,82.14,0.8900,245.82,0.8800,105.17,0.8700,137.04,0.8600,87.60,0.9100,153.14,0.9200,173.45,0.9300,167.38,0.9400,803.02,0.9500,3224.57,4521.56,657.77,5179.33,657.77,4521.56,5179.33,0.0100,0.0100,0.7460,-0.7460,0.0965,0.9035,0.0722,0.4986,0.4986,0.0722,-268.1773,-65.2284,-65.2284,-268.1772
btc-updown-5m-1780095000,1780095145000,155,73327.76,73425.01,97.25,0.0000,0.0000,0.0000,0.0233,0.0000,0.1717,0.001222,0.0212,0.0000,73425.01,0.0000,-0.0000,0.0000,0.0000,0.0900,149.69,0.0800,178.45,0.0700,161.09,0.0600,767.24,0.0500,2799.96,0.1000,93.14,0.1100,149.00,0.1200,65.66,0.1300,176.57,0.1400,117.60,0.9000,93.14,0.8900,149.00,0.8800,65.66,0.8700,176.57,0.8600,117.60,0.9100,149.69,0.9200,178.45,0.9300,161.09,0.9400,767.24,0.9500,2799.96,4056.43,601.97,4658.40,601.97,4056.43,4658.40,0.0100,0.0100,0.7416,-0.7416,0.0962,0.9038,0.0809,0.4022,0.4022,0.0809,-288.2216,-79.2348,-79.2198,-288.1670
btc-updown-5m-1780095000,1780095146000,154,73327.78,73425.01,97.23,0.0000,0.0000,0.0019,0.0252,0.0000,0.1717,0.001222,0.0213,0.0893,73425.01,0.0000,-0.0000,0.0000,0.0000,0.0900,138.75,0.0800,183.45,0.0700,236.42,0.0600,767.24,0.0500,2199.96,0.1000,78.14,0.1100,195.94,0.1200,87.30,0.1300,181.96,0.1400,117.60,0.9000,78.14,0.8900,195.94,0.8800,87.30,0.8700,181.96,0.8600,117.60,0.9100,138.75,0.9200,183.45,0.9300,236.42,0.9400,767.24,0.9500,2199.96,3525.82,660.94,4186.76,660.94,3525.82,4186.76,0.0100,0.0100,0.6843,-0.6843,0.0964,0.9036,0.0914,0.4147,0.4147,0.0914,-360.5797,-61.4063,-61.4283,-360.7088
btc-updown-5m-1780095000,1780095147000,153,73327.78,73425.02,97.24,0.0000,0.0000,0.0006,0.0026,0.0020,0.0053,0.000009,0.0213,0.0305,73425.01,0.0000,0.0000,0.0132,0.0000,0.0900,138.75,0.0800,183.45,0.0700,236.42,0.0600,767.24,0.0500,2199.96,0.1000,78.14,0.1100,195.94,0.1200,87.30,0.1300,181.96,0.1400,117.60,0.9000,78.14,0.8900,195.94,0.8800,87.30,0.8700,181.96,0.8600,117.60,0.9100,138.75,0.9200,183.45,0.9300,236.42,0.9400,767.24,0.9500,2199.96,3525.82,660.94,4186.76,660.94,3525.82,4186.76,0.0100,0.0100,0.6843,-0.6843,0.0964,0.9036,0.0914,0.4147,0.4147,0.0914,-460.2510,-68.8014,-68.8326,-460.4593
btc-updown-5m-1780095000,1780095148000,152,73327.78,73425.02,97.24,0.0000,0.0000,0.0000,0.0026,0.0020,0.0053,0.000009,0.0106,0.0000,73425.01,0.0000,0.0000,0.0000,0.0000,0.0700,178.45,0.0600,637.00,0.0500,2057.24,0.0400,999.22,0.0300,1601.49,0.0900,187.06,0.1000,199.43,0.1100,281.94,0.1200,146.90,0.1300,190.96,0.9100,187.06,0.9000,199.43,0.8900,281.94,0.8800,146.90,0.8700,190.96,0.9300,178.45,0.9400,637.00,0.9500,2057.24,0.9600,999.22,0.9700,1601.49,5473.40,1006.29,6479.69,1006.29,5473.40,6479.69,0.0200,0.0200,0.6894,-0.6894,0.0798,0.9202,0.1490,0.3841,0.3841,0.1490,-69.7502,18.1306,18.1306,-69.7502
btc-updown-5m-1780095000,1780095149000,151,73327.51,73425.02,97.51,0.0000,0.0000,0.0000,0.0026,0.0020,0.0050,0.000009,0.0106,0.0000,73425.01,0.0000,0.0000,0.0000,0.0000,0.0700,263.45,0.0600,694.00,0.0500,2166.11,0.0400,1150.70,0.0300,1709.39,0.0800,89.29,0.0900,118.00,0.1000,118.14,0.1100,254.94,0.1200,132.90,0.9200,89.29,0.9100,118.00,0.9000,118.14,0.8900,254.94,0.8800,132.90,0.9300,263.45,0.9400,694.00,0.9500,2166.11,0.9600,1150.70,0.9700,1709.39,5983.65,713.27,6696.92,713.27,5983.65,6696.92,0.0100,0.0100,0.7870,-0.7870,0.0775,0.9225,0.1600,0.2906,0.2906,0.1600,349.5419,19.4651,19.4481,349.2357
btc-updown-5m-1780095000,1780095150000,150,73327.51,73425.02,97.51,0.0000,0.0000,0.0017,0.0043,0.0040,0.0050,0.000008,0.0105,0.1655,73425.01,0.0000,0.0000,0.0000,0.0000,0.0800,66.58,0.0700,168.45,0.0600,603.24,0.0500,1978.71,0.0400,1633.73,0.0900,233.00,0.1000,244.40,0.1100,249.71,0.1200,178.53,0.1300,129.38,0.9100,233.00,0.9000,244.40,0.8900,249.71,0.8800,178.53,0.8700,129.38,0.9200,66.58,0.9300,168.45,0.9400,603.24,0.9500,1978.71,0.9600,1633.73,4450.71,1035.02,5485.73,1035.02,4450.71,5485.73,0.0100,0.0100,0.6227,-0.6227,0.0822,0.9178,0.0528,0.4612,0.4612,0.0528,10.5509,70.2395,70.2275,10.5491
btc-updown-5m-1780095000,1780095151000,149,73327.51,73425.02,97.51,0.0000,0.0000,0.0939,0.0962,0.0060,0.0050,0.000008,0.0134,7.0172,73425.02,0.0000,0.0000,0.0000,0.0000,0.0800,47.11,0.0700,163.45,0.0600,633.24,0.0500,1886.97,0.0400,1633.73,0.0900,336.00,0.1000,198.34,0.1100,263.01,0.1200,222.79,0.1300,129.38,0.9100,336.00,0.9000,198.34,0.8900,263.01,0.8800,222.79,0.8700,129.38,0.9200,47.11,0.9300,163.45,0.9400,633.24,0.9500,1886.97,0.9600,1633.73,4364.50,1149.52,5514.02,1149.52,4364.50,5514.02,0.0100,0.0100,0.5831,-0.5831,0.0812,0.9188,0.0482,0.4648,0.4648,0.0482,51.0710,96.4327,96.4646,51.0879
btc-updown-5m-1780095000,1780095152000,148,73327.63,73425.02,97.39,0.0000,0.0000,0.0000,0.0956,0.0040,0.0047,0.000007,0.0130,0.0000,73425.02,0.0000,0.0000,0.0000,0.0000,0.0800,11.05,0.0700,163.45,0.0600,633.24,0.0500,1906.97,0.0400,1663.73,0.0900,314.60,0.1000,244.06,0.1100,263.01,0.1200,233.58,0.1300,154.38,0.9100,314.60,0.9000,244.06,0.8900,263.01,0.8800,233.58,0.8700,154.38,0.9200,11.05,0.9300,163.45,0.9400,633.24,0.9500,1906.97,0.9600,1663.73,4378.44,1209.63,5588.07,1209.63,4378.44,5588.07,0.0100,0.0100,0.5671,-0.5671,0.0803,0.9197,0.0399,0.4618,0.4618,0.0399,300.1217,14.5696,14.5696,300.1217
btc-updown-5m-1780095000,1780095153000,147,73327.63,73425.02,97.39,0.0000,0.0000,0.0000,0.0956,0.0040,0.0043,0.000007,0.0129,0.0000,73425.02,0.0000,0.0000,0.0000,0.0000,0.0600,559.41,0.0500,1980.49,0.0400,1746.00,0.0300,1615.39,0.0200,1696.60,0.0700,262.09,0.0800,127.69,0.0900,181.00,0.1000,170.86,0.1100,164.71,0.9300,262.09,0.9200,127.69,0.9100,181.00,0.9000,170.86,0.8900,164.71,0.9400,559.41,0.9500,1980.49,0.9600,1746.00,0.9700,1615.39,0.9800,1696.60,7597.89,906.35,8504.24,906.35,7597.89,8504.24,0.0100,0.0100,0.7868,-0.7868,0.0668,0.9332,0.3343,0.4301,0.4301,0.3343,840.6451,-43.1762,-43.1762,840.6451
btc-updown-5m-1780095000,1780095154000,146,73327.63,73425.02,97.39,0.0000,0.0000,0.0000,0.0956,0.0040,0.0040,0.000007,0.0127,0.0000,73425.02,0.0000,0.0000,0.0000,0.0000,0.0600,552.44,0.0500,2021.33,0.0400,1746.00,0.0300,1600.39,0.0200,1711.60,0.0700,258.51,0.0800,123.69,0.0900,211.00,0.1000,210.86,0.1100,208.01,0.9300,258.51,0.9200,123.69,0.9100,211.00,0.9000,210.86,0.8900,208.01,0.9400,552.44,0.9500,2021.33,0.9600,1746.00,0.9700,1600.39,0.9800,1711.60,7631.76,1012.07,8643.83,1012.07,7631.76,8643.83,0.0100,0.0100,0.7658,-0.7658,0.0668,0.9332,0.3372,0.3776,0.3776,0.3372,369.2660,0.9889,0.9887,369.2029
btc-updown-5m-1780095000,1780095155000,145,73327.63,73420.06,92.43,-0.0068,-0.0068,0.8279,0.9218,0.9940,0.1693,0.001213,0.0380,21.7880,73421.53,-0.0007,-0.0020,-6.2438,-0.0001,0.0600,505.50,0.0500,1986.49,0.0400,1755.84,0.0300,1620.39,0.0200,1711.60,0.0700,238.51,0.0800,118.35,0.0900,211.40,0.1000,220.86,0.1100,242.50,0.9300,238.51,0.9200,118.35,0.9100,211.40,0.9000,220.86,0.8900,242.50,0.9400,505.50,0.9500,1986.49,0.9600,1755.84,0.9700,1620.39,0.9800,1711.60,7579.82,1031.62,8611.44,1031.62,7579.82,8611.44,0.0100,0.0100,0.7604,-0.7604,0.0668,0.9332,0.3288,0.3459,0.3459,0.3288,276.7613,64.0889,64.0889,276.7613
btc-updown-5m-1780095000,1780095156000,144,73327.63,73420.02,92.39,-0.0001,-0.0068,0.0032,0.8311,1.0000,0.1703,0.001212,0.0381,0.0840,73421.53,-0.0007,-0.0021,-0.0503,-0.0000,0.0500,1035.49,0.0400,1259.76,0.0300,1649.91,0.0200,1889.93,0.0100,8954.01,0.0600,699.91,0.0700,224.66,0.0800,115.10,0.0900,362.80,0.1000,112.47,0.9400,699.91,0.9300,224.66,0.9200,115.10,0.9100,362.80,0.9000,112.47,0.9500,1035.49,0.9600,1259.76,0.9700,1649.91,0.9800,1889.93,0.9900,8954.01,14789.10,1514.94,16304.04,1514.94,14789.10,16304.04,0.0100,0.0100,0.8142,-0.8142,0.0560,0.9440,0.1552,0.6103,0.6103,0.1552,1684.0391,79.5096,79.5096,1684.0391
btc-updown-5m-1780095000,1780095157000,143,73327.63,73420.02,92.39,0.0000,-0.0068,0.0000,0.8311,1.0000,0.1700,0.001212,0.0370,0.0000,73421.42,-0.0001,-0.0019,0.0000,0.0000,0.0500,1108.18,0.0400,1234.76,0.0300,1624.91,0.0200,1781.91,0.0100,8929.01,0.0600,748.02,0.0700,224.66,0.0800,114.08,0.0900,362.80,0.1000,112.47,0.9400,748.02,0.9300,224.66,0.9200,114.08,0.9100,362.80,0.9000,112.47,0.9500,1108.18,0.9600,1234.76,0.9700,1624.91,0.9800,1781.91,0.9900,8929.01,14678.77,1562.03,16240.80,1562.03,14678.77,16240.80,0.0100,0.0100,0.8076,-0.8076,0.0560,0.9440,0.1596,0.6227,0.6227,0.1596,1709.3231,74.6325,74.6325,1709.3231
btc-updown-5m-1780095000,1780095158000,142,73325.25,73420.01,94.76,-0.0000,-0.0068,0.0137,0.8448,1.0020,0.1700,0.001212,0.0371,0.3689,73421.38,-0.0001,-0.0019,-0.0129,-0.0000,0.0500,1026.53,0.0400,1854.77,0.0300,1655.91,0.0200,1786.91,0.0100,8869.01,0.0600,838.68,0.0700,245.72,0.0800,142.02,0.0900,332.80,0.1000,136.94,0.9400,838.68,0.9300,245.72,0.9200,142.02,0.9100,332.80,0.9000,136.94,0.9500,1026.53,0.9600,1854.77,0.9700,1655.91,0.9800,1786.91,0.9900,8869.01,15193.13,1696.16,16889.29,1696.16,15193.13,16889.29,0.0100,0.0100,0.7991,-0.7991,0.0555,0.9445,0.1896,0.6393,0.6393,0.1896,1372.2028,164.0069,164.0069,1372.2028
btc-updown-5m-1780095000,1780095159000,141,73321.64,73420.02,98.38,0.0000,-0.0068,0.0806,0.9254,1.0040,0.1700,0.001212,0.0397,2.0275,73421.29,-0.0000,-0.0017,0.0134,0.0000,0.0500,996.47,0.0400,1831.42,0.0300,1665.75,0.0200,1786.91,0.0100,9079.30,0.0600,774.41,0.0700,285.72,0.0800,196.22,0.0900,340.58,0.1000,148.34,0.9400,774.41,0.9300,285.72,0.9200,196.22,0.9100,340.58,0.9000,148.34,0.9500,996.47,0.9600,1831.42,0.9700,1665.75,0.9800,1786.91,0.9900,9079.30,15359.85,1745.27,17105.12,1745.27,15359.85,17105.12,0.0100,0.0100,0.7959,-0.7959,0.0556,0.9444,0.1841,0.6074,0.6074,0.1841,1412.3964,145.0082,144.9817,1412.1384
btc-updown-5m-1780095000,1780095160000,140,73321.64,73420.02,98.38,0.0000,-0.0001,0.0000,0.0975,0.0120,0.1700,0.001212,0.0380,0.0000,73421.12,-0.0000,-0.0015,0.0000,0.0000,0.0500,965.14,0.0400,1857.42,0.0300,1903.88,0.0200,1681.60,0.0100,8869.01,0.0600,699.67,0.0700,311.45,0.0800,180.96,0.0900,282.80,0.1000,213.13,0.9400,699.67,0.9300,311.45,0.9200,180.96,0.9100,282.80,0.9000,213.13,0.9500,965.14,0.9600,1857.42,0.9700,1903.88,0.9800,1681.60,0.9900,8869.01,15277.05,1688.01,16965.06,1688.01,15277.05,16965.06,0.0100,0.0100,0.8010,-0.8010,0.0558,0.9442,0.1848,0.5990,0.5990,0.1848,1434.2908,128.0926,127.9481,1432.6738
btc-updown-5m-1780095000,1780095161000,139,73321.64,73420.01,98.37,-0.0000,-0.0000,0.0092,0.1034,0.0060,0.1703,0.001212,0.0383,0.2393,73421.11,-0.0000,-0.0015,-0.0134,-0.0000,0.0500,924.50,0.0400,818.55,0.0300,1639.27,0.0200,1798.49,0.0100,8955.06,0.0600,790.59,0.0700,348.93,0.0800,224.78,0.0900,276.89,0.1000,227.97,0.9400,790.59,0.9300,348.93,0.9200,224.78,0.9100,276.89,0.9000,227.97,0.9500,924.50,0.9600,818.55,0.9700,1639.27,0.9800,1798.49,0.9900,8955.06,14135.87,1869.16,16005.03,1869.16,14135.87,16005.03,0.0100,0.0100,0.7664,-0.7664,0.0554,0.9446,0.1233,0.6096,0.6096,0.1233,1424.6824,68.1870,68.1870,1424.6823
btc-updown-5m-1780095000,1780095162000,138,73321.16,73420.02,98.86,0.0000,0.0000,0.0042,0.1076,0.0080,0.1707,0.001212,0.0379,0.1107,73421.05,0.0000,-0.0014,0.0135,0.0000,0.0500,744.87,0.0400,811.42,0.0300,1627.27,0.0200,1780.49,0.0100,9131.13,0.0600,822.76,0.0700,405.69,0.0800,195.42,0.0900,257.80,0.1000,222.13,0.9400,822.76,0.9300,405.69,0.9200,195.42,0.9100,257.80,0.9000,222.13,0.9500,744.87,0.9600,811.42,0.9700,1627.27,0.9800,1780.49,0.9900,9131.13,14095.18,1903.80,15998.98,1903.80,14095.18,15998.98,0.0100,0.0100,0.7620,-0.7620,0.0548,0.9452,0.1104,0.6453,0.6453,0.1104,-101.1868,65.7325,65.9287,-101.4888
btc-updown-5m-1780095000,1780095163000,137,73320.96,73420.02,99.06,0.0000,0.0000,0.0002,0.0941,0.0060,0.1707,0.001212,0.0379,0.0055,73421.05,0.0000,-0.0014,0.0000,0.0000,0.0500,726.65,0.0400,1275.33,0.0300,2039.27,0.0200,1877.67,0.0100,9136.13,0.0600,823.83,0.0700,425.69,0.0800,186.22,0.0900,169.59,0.1000,217.13,0.9400,823.83,0.9300,425.69,0.9200,186.22,0.9100,169.59,0.9000,217.13,0.9500,726.65,0.9600,1275.33,0.9700,2039.27,0.9800,1877.67,0.9900,9136.13,15055.05,1822.46,16877.51,1822.46,15055.05,16877.51,0.0100,0.0100,0.7840,-0.7840,0.0547,0.9453,0.1330,0.6856,0.6856,0.1330,61.3233,42.4430,42.4430,61.3233
btc-updown-5m-1780095000,1780095164000,136,73320.83,73420.01,99.18,-0.0000,-0.0000,11.2120,11.2256,0.0080,0.1710,0.001212,0.3995,28.0626,73420.11,-0.0000,-0.0001,-0.0135,-0.0000,0.0500,723.65,0.0400,1275.33,0.0300,1949.88,0.0200,1867.67,0.0100,9126.13,0.0600,835.05,0.0700,378.93,0.0800,177.42,0.0900,162.80,0.1000,217.13,0.9400,835.05,0.9300,378.93,0.9200,177.42,0.9100,162.80,0.9000,217.13,0.9500,723.65,0.9600,1275.33,0.9700,1949.88,0.9800,1867.67,0.9900,9126.13,14942.66,1771.33,16713.99,1771.33,14942.66,16713.99,0.0100,0.0100,0.7880,-0.7880,0.0546,0.9454,0.1338,0.6853,0.6853,0.1338,-44.1931,1.5731,1.5731,-44.1931
btc-updown-5m-1780095000,1780095165000,135,73320.58,73420.01,99.43,0.0000,-0.0000,0.0077,11.2333,0.0080,0.1707,0.001212,0.3997,0.0193,73420.11,-0.0000,-0.0001,0.0000,0.0000,0.0500,868.32,0.0400,1153.42,0.0300,2706.92,0.0200,1839.65,0.0100,9176.24,0.0600,788.27,0.0700,499.66,0.0800,177.42,0.0900,193.99,0.1000,185.94,0.9400,788.27,0.9300,499.66,0.9200,177.42,0.9100,193.99,0.9000,185.94,0.9500,868.32,0.9600,1153.42,0.9700,2706.92,0.9800,1839.65,0.9900,9176.24,15744.55,1845.28,17589.83,1845.28,15744.55,17589.83,0.0100,0.0100,0.7902,-0.7902,0.0552,0.9448,0.1284,0.6980,0.6980,0.1284,119.8853,39.5343,39.5343,119.8853
btc-updown-5m-1780095000,1780095166000,134,73320.56,73420.00,99.44,-0.0000,-0.0000,0.0019,11.2260,0.0080,0.1710,0.001212,0.3997,0.0048,73420.11,-0.0000,-0.0001,-0.0135,-0.0000,0.0500,711.06,0.0400,1158.42,0.0300,2701.92,0.0200,1861.64,0.0100,9166.24,0.0600,783.27,0.0700,598.06,0.0800,173.32,0.0900,210.90,0.1000,135.94,0.9400,783.27,0.9300,598.06,0.9200,173.32,0.9100,210.90,0.9000,135.94,0.9500,711.06,0.9600,1158.42,0.9700,2701.92,0.9800,1861.64,0.9900,9166.24,15599.28,1901.49,17500.77,1901.49,15599.28,17500.77,0.0100,0.0100,0.7827,-0.7827,0.0548,0.9452,0.1198,0.7264,0.7264,0.1198,250.4424,28.0458,28.0410,250.3999
btc-updown-5m-1780095000,1780095167000,133,73320.47,73420.00,99.53,0.0000,-0.0000,0.0000,11.2218,0.0060,0.1707,0.001212,0.3997,0.0000,73420.11,-0.0000,-0.0001,0.0000,0.0000,0.0500,528.34,0.0400,1158.42,0.0300,2693.92,0.0200,1821.51,0.0100,9166.24,0.0600,750.72,0.0700,713.35,0.0800,196.02,0.0900,195.90,0.1000,135.94,0.9400,750.72,0.9300,713.35,0.9200,196.02,0.9100,195.90,0.9000,135.94,0.9500,528.34,0.9600,1158.42,0.9700,2693.92,0.9800,1821.51,0.9900,9166.24,15368.43,1991.93,17360.36,1991.93,15368.43,17360.36,0.0100,0.0100,0.7705,-0.7705,0.0541,0.9459,0.1098,0.7350,0.7350,0.1098,242.8013,16.8059,16.7963,242.6625
btc-updown-5m-1780095000,1780095168000,132,73320.47,73420.00,99.53,0.0000,-0.0000,0.0000,11.2216,0.0060,0.1703,0.001212,0.3993,0.0000,73420.10,-0.0000,-0.0001,0.0000,0.0000,0.0500,680.03,0.0400,1158.42,0.0300,2693.92,0.0200,1855.64,0.0100,9166.24,0.0600,701.93,0.0700,763.35,0.0800,188.00,0.0900,195.90,0.1000,135.94,0.9400,701.93,0.9300,763.35,0.9200,188.00,0.9100,195.90,0.9000,135.94,0.9500,680.03,0.9600,1158.42,0.9700,2693.92,0.9800,1855.64,0.9900,9166.24,15554.25,1985.12,17539.37,1985.12,15554.25,17539.37,0.0100,0.0100,0.7736,-0.7736,0.0549,0.9451,0.1182,0.7381,0.7381,0.1182,107.2303,26.7019,26.6960,107.2067
btc-updown-5m-1780095000,1780095169000,131,73320.46,73420.00,99.54,0.0000,-0.0000,0.0000,0.0096,0.0020,0.1703,0.001212,0.3992,0.0000,73420.10,-0.0000,-0.0001,0.0000,0.0000,0.0500,715.64,0.0400,1158.42,0.0300,2564.92,0.0200,1961.64,0.0100,9181.24,0.0600,694.93,0.0700,753.35,0.0800,198.00,0.0900,179.71,0.1000,157.13,0.9400,694.93,0.9300,753.35,0.9200,198.00,0.9100,179.71,0.9000,157.13,0.9500,715.64,0.9600,1158.42,0.9700,2564.92,0.9800,1961.64,0.9900,9181.24,15581.86,1983.12,17564.98,1983.12,15581.86,17564.98,0.0100,0.0100,0.7742,-0.7742,0.0551,0.9449,0.1203,0.7303,0.7303,0.1203,88.6438,27.0335,27.0335,88.6438
btc-updown-5m-1780095000,1780095170000,130,73320.46,73420.00,99.54,0.0000,-0.0000,0.0000,0.0019,0.0020,0.1700,0.001212,0.3969,0.0000,73420.07,-0.0000,-0.0001,0.0000,0.0000,0.0500,717.58,0.0400,1158.42,0.0300,2314.92,0.0200,1945.64,0.0100,9181.24,0.0600,683.26,0.0700,664.35,0.0800,198.00,0.0900,234.65,0.1000,157.13,0.9400,683.26,0.9300,664.35,0.9200,198.00,0.9100,234.65,0.9000,157.13,0.9500,717.58,0.9600,1158.42,0.9700,2314.92,0.9800,1945.64,0.9900,9181.24,15317.80,1937.39,17255.19,1937.39,15317.80,17255.19,0.0100,0.0100,0.7754,-0.7754,0.0551,0.9449,0.1225,0.6956,0.6956,0.1225,64.1265,28.3863,28.3766,64.1046
btc-updown-5m-1780095000,1780095171000,129,73320.57,73420.00,99.43,0.0000,0.0000,0.0002,0.0002,0.0000,0.1700,0.001212,0.3962,0.0005,73420.06,0.0000,-0.0001,0.0000,0.0000,0.0500,694.58,0.0400,1158.42,0.0300,2237.96,0.0200,1960.64,0.0100,9166.24,0.0600,703.26,0.0700,544.35,0.0800,198.35,0.0900,234.65,0.1000,157.13,0.9400,703.26,0.9300,544.35,0.9200,198.35,0.9100,234.65,0.9000,157.13,0.9500,694.58,0.9600,1158.42,0.9700,2237.96,0.9800,1960.64,0.9900,9166.24,15217.84,1837.74,17055.58,1837.74,15217.84,17055.58,0.0100,0.0100,0.7845,-0.7845,0.0550,0.9450,0.1218,0.6789,0.6789,0.1218,-87.6973,-1.2554,-1.2552,-87.6827
btc-updown-5m-1780095000,1780095172000,128,73320.57,73420.00,99.43,0.0000,0.0000,0.0184,0.0186,0.0000,0.1700,0.001212,0.3968,0.0463,73420.06,0.0000,-0.0001,0.0000,0.0000,0.0500,196.61,0.0400,1057.42,0.0300,2208.96,0.0200,1875.65,0.0100,9166.24,0.0600,825.74,0.0700,614.38,0.0800,248.00,0.0900,305.84,0.1000,195.94,0.9400,825.74,0.9300,614.38,0.9200,248.00,0.9100,305.84,0.9000,195.94,0.9500,196.61,0.9600,1057.42,0.9700,2208.96,0.9800,1875.65,0.9900,9166.24,14504.88,2189.90,16694.78,2189.90,14504.88,16694.78,0.0100,0.0100,0.7377,-0.7377,0.0519,0.9481,0.0865,0.6576,0.6576,0.0865,-184.1804,48.5375,48.5375,-184.1804
btc-updown-5m-1780095000,1780095173000,127,73320.57,73420.01,99.44,0.0000,0.0000,0.0014,0.0199,0.0020,0.1703,0.001212,0.3961,0.0034,73420.05,0.0000,-0.0001,0.0135,0.0000,0.0500,156.61,0.0400,1027.42,0.0300,2178.96,0.0200,1875.65,0.0100,9147.24,0.0600,793.99,0.0700,621.22,0.0800,276.00,0.0900,305.84,0.1000,195.94,0.9400,793.99,0.9300,621.22,0.9200,276.00,0.9100,305.84,0.9000,195.94,0.9500,156.61,0.9600,1027.42,0.9700,2178.96,0.9800,1875.65,0.9900,9147.24,14385.88,2192.99,16578.87,2192.99,14385.88,16578.87,0.0100,0.0100,0.7354,-0.7354,0.0516,0.9484,0.0823,0.6453,0.6453,0.0823,-161.1266,32.9715,32.9985,-161.2588
btc-updown-5m-1780095000,1780095174000,126,73320.46,73420.00,99.54,-0.0000,0.0000,0.1950,0.2149,0.0040,0.1707,0.001212,0.4024,0.4846,73420.05,-0.0000,-0.0001,-0.0136,-0.0000,0.0500,121.21,0.0400,1057.42,0.0300,2162.61,0.0200,1870.65,0.0100,9157.24,0.0600,856.85,0.0700,585.65,0.0800,274.90,0.0900,298.93,0.1000,201.41,0.9400,856.85,0.9300,585.65,0.9200,274.90,0.9100,298.93,0.9000,201.41,0.9500,121.21,0.9600,1057.42,0.9700,2162.61,0.9800,1870.65,0.9900,9157.24,14369.13,2217.74,16586.87,2217.74,14369.13,16586.87,0.0100,0.0100,0.7326,-0.7326,0.0512,0.9488,0.0820,0.6504,0.6504,0.0820,-247.2195,46.9992,46.9992,-247.2196
btc-updown-5m-1780095000,1780095175000,125,73319.72,73420.00,100.28,0.0000,0.0000,0.0002,0.2151,0.0040,0.1707,0.001212,0.4024,0.0005,73420.05,-0.0000,-0.0001,0.0000,0.0000,0.0500,112.15,0.0400,1062.42,0.0300,2113.61,0.0200,1883.65,0.0100,9127.24,0.0600,866.40,0.0700,585.65,0.0800,274.84,0.0900,304.31,0.1000,165.94,0.9400,866.40,0.9300,585.65,0.9200,274.84,0.9100,304.31,0.9000,165.94,0.9500,112.15,0.9600,1062.42,0.9700,2113.61,0.9800,1883.65,0.9900,9127.24,14299.07,2197.14,16496.21,2197.14,14299.07,16496.21,0.0100,0.0100,0.7336,-0.7336,0.0511,0.9489,0.0821,0.6609,0.6609,0.0821,-219.2636,35.9818,35.9818,-219.2636
btc-updown-5m-1780095000,1780095176000,124,73319.56,73420.00,100.44,0.0000,0.0000,0.0004,0.2153,0.0040,0.1707,0.001212,0.4024,0.0009,73420.05,-0.0000,-0.0001,0.0000,0.0000,0.0500,134.81,0.0400,612.42,0.0300,1213.61,0.0200,1907.65,0.0100,9127.24,0.0600,852.53,0.0700,568.65,0.0800,274.84,0.0900,298.93,0.1000,165.94,0.9400,852.53,0.9300,568.65,0.9200,274.84,0.9100,298.93,0.9000,165.94,0.9500,134.81,0.9600,612.42,0.9700,1213.61,0.9800,1907.65,0.9900,9127.24,12995.73,2160.89,15156.62,2160.89,12995.73,15156.62,0.0100,0.0100,0.7149,-0.7149,0.0514,0.9486,0.0575,0.6577,0.6577,0.0575,-388.7139,32.2512,32.2512,-388.7139
btc-updown-5m-1780095000,1780095177000,123,73319.62,73420.00,100.38,0.0000,0.0000,0.0089,0.2058,0.0040,0.1703,0.001212,0.4026,0.0220,73420.05,-0.0000,-0.0001,0.0000,0.0000,0.0500,128.75,0.0400,612.42,0.0300,1213.61,0.0200,1907.65,0.0100,9127.24,0.0600,848.50,0.0700,568.65,0.0800,274.84,0.0900,298.93,0.1000,175.94,0.9400,848.50,0.9300,568.65,0.9200,274.84,0.9100,298.93,0.9000,175.94,0.9500,128.75,0.9600,612.42,0.9700,1213.61,0.9800,1907.65,0.9900,9127.24,12989.67,2166.86,15156.53,2166.86,12989.67,15156.53,0.0100,0.0100,0.7141,-0.7141,0.0513,0.9487,0.0571,0.6540,0.6540,0.0571,-389.2680,57.4983,57.4983,-389.2680
btc-updown-5m-1780095000,1780095178000,122,73319.62,73420.01,100.39,0.0000,0.0000,0.0022,0.2066,0.0040,0.1707,0.001212,0.4027,0.0054,73420.05,0.0000,-0.0001,0.0137,0.0000,0.0400,612.42,0.0300,1663.61,0.0200,1894.65,0.0100,9127.24,,,0.0500,169.61,0.0600,832.97,0.0700,583.65,0.0800,280.00,0.0900,298.93,0.9500,169.61,0.9400,832.97,0.9300,583.65,0.9200,280.00,0.9100,298.93,0.9600,612.42,0.9700,1663.61,0.9800,1894.65,0.9900,9127.24,,,13297.92,2165.16,15463.08,2165.16,13297.92,15463.08,0.0100,0.0100,0.7200,-0.7200,0.0478,0.9522,,0.4631,0.4631,,-205.0434,-2.0376,-2.0376,-205.0434
btc-updown-5m-1780095000,1780095179000,121,73319.76,73420.00,100.24,-0.0000,0.0000,0.0480,0.0596,0.0040,0.1710,0.001212,0.4042,0.1187,73420.05,-0.0000,-0.0001,-0.0137,-0.0000,0.0400,931.62,0.0300,1733.61,0.0200,1946.65,0.0100,9072.24,,,0.0500,433.00,0.0600,595.42,0.0700,523.65,0.0800,182.84,0.0900,269.47,0.9500,433.00,0.9400,595.42,0.9300,523.65,0.9200,182.84,0.9100,269.47,0.9600,931.62,0.9700,1733.61,0.9800,1946.65,0.9900,9072.24,,,13684.12,2004.38,15688.50,2004.38,13684.12,15688.50,0.0100,0.0100,0.7445,-0.7445,0.0468,0.9532,,0.5131,0.5131,,-117.8636,-31.6779,-31.6672,-117.8240
btc-updown-5m-1780095000,1780095180000,120,73319.95,73420.00,100.05,0.0000,0.0000,0.0015,0.0609,0.0040,0.1707,0.001212,0.4043,0.0037,73420.05,-0.0000,-0.0001,0.0000,0.0000,0.0400,664.23,0.0300,2600.48,0.0200,1869.29,0.0100,7617.24,,,0.0500,812.46,0.0600,583.79,0.0700,526.38,0.0800,175.40,0.0900,269.47,0.9500,812.46,0.9400,583.79,0.9300,526.38,0.9200,175.40,0.9100,269.47,0.9600,664.23,0.9700,2600.48,0.9800,1869.29,0.9900,7617.24,,,12751.24,2367.50,15118.74,2367.50,12751.24,15118.74,0.0100,0.0100,0.6868,-0.6868,0.0445,0.9555,,0.5898,0.5898,,-264.8371,24.5147,24.5106,-264.7938
btc-updown-5m-1780095000,1780095181000,119,73320.36,73420.01,99.65,0.0000,0.0000,0.0025,0.0631,0.0060,0.1707,0.001212,0.4043,0.0063,73420.05,0.0000,-0.0001,0.0136,0.0000,0.0400,75.00,0.0300,2291.48,0.0200,1764.29,0.0100,7342.24,,,0.0500,380.66,0.0600,679.10,0.0700,588.38,0.0800,230.40,0.0900,324.47,0.9500,380.66,0.9400,679.10,0.9300,588.38,0.9200,230.40,0.9100,324.47,0.9600,75.00,0.9700,2291.48,0.9800,1764.29,0.9900,7342.24,,,11473.01,2203.01,13676.02,2203.01,11473.01,13676.02,0.0100,0.0100,0.6778,-0.6778,0.0416,0.9584,,0.4811,0.4811,,-462.8333,0.9613,0.9613,-462.8333
btc-updown-5m-1780095000,1780095182000,118,73320.31,73420.01,99.70,0.0000,0.0000,0.0000,0.0542,0.0060,0.1707,0.001212,0.4013,0.0000,73420.01,0.0000,-0.0000,0.0000,0.0000,0.0400,74.94,0.0300,2276.48,0.0200,1795.29,0.0100,7302.24,,,0.0500,448.34,0.0600,679.10,0.0700,583.38,0.0800,230.40,0.0900,324.47,0.9500,448.34,0.9400,679.10,0.9300,583.38,0.9200,230.40,0.9100,324.47,0.9600,74.94,0.9700,2276.48,0.9800,1795.29,0.9900,7302.24,,,11448.95,2265.69,13714.64,2265.69,11448.95,13714.64,0.0100,0.0100,0.6696,-0.6696,0.0414,0.9586,,0.4976,0.4976,,-284.0560,18.2209,18.2209,-284.0560
btc-updown-5m-1780095000,1780095183000,117,73320.31,73420.00,99.69,-0.0000,-0.0000,0.0002,0.0523,0.0060,0.1710,0.001212,0.4013,0.0006,73420.01,-0.0000,-0.0000,-0.0136,-0.0000,0.0400,555.65,0.0300,2276.48,0.0200,1887.46,0.0100,7292.24,,,0.0500,192.79,0.0600,545.87,0.0700,491.02,0.0800,155.75,0.0900,259.47,0.9500,192.79,0.9400,545.87,0.9300,491.02,0.9200,155.75,0.9100,259.47,0.9600,555.65,0.9700,2276.48,0.9800,1887.46,0.9900,7292.24,,,12011.83,1644.90,13656.73,1644.90,12011.83,13656.73,0.0100,0.0100,0.7591,-0.7591,0.0474,0.9526,,0.4491,0.4491,,-257.0670,-93.9881,-93.9712,-257.0207
btc-updown-5m-1780095000,1780095184000,116,73320.30,73420.01,99.71,0.0000,0.0000,0.0832,0.0875,0.0060,0.1713,0.001212,0.4040,0.2059,73420.01,0.0000,-0.0000,0.0136,0.0000,0.0500,28.94,0.0400,301.54,0.0300,2417.48,0.0200,1771.65,0.0100,7252.24,0.0600,357.90,0.0700,450.85,0.0800,137.40,0.0900,263.69,0.1000,115.94,0.9400,357.90,0.9300,450.85,0.9200,137.40,0.9100,263.69,0.9000,115.94,0.9500,28.94,0.9600,301.54,0.9700,2417.48,0.9800,1771.65,0.9900,7252.24,11771.85,1325.78,13097.63,1325.78,11771.85,13097.63,0.0100,0.0100,0.7976,-0.7976,0.0507,0.9493,0.0281,0.6100,0.6100,0.0281,-274.0215,-143.7916,-143.7916,-274.0215
btc-updown-5m-1780095000,1780095185000,115,73320.89,73420.00,99.11,-0.0000,0.0000,0.0054,0.0914,0.0080,0.0063,0.000013,0.4041,0.0134,73420.01,-0.0000,-0.0000,-0.0135,-0.0000,0.0700,149.74,0.0600,119.34,0.0500,130.52,0.0400,125.00,0.0300,2478.20,0.0800,415.74,0.0900,346.94,0.1000,206.94,0.1100,249.60,0.1200,135.60,0.9200,415.74,0.9100,346.94,0.9000,206.94,0.8900,249.60,0.8800,135.60,0.9300,149.74,0.9400,119.34,0.9500,130.52,0.9600,125.00,0.9700,2478.20,3002.80,1354.82,4357.62,1354.82,3002.80,4357.62,0.0100,0.0100,0.3782,-0.3782,0.0726,0.9274,0.0896,0.5629,0.5629,0.0896,-1741.5924,-105.6539,-105.6539,-1741.5924
btc-updown-5m-1780095000,1780095186000,114,73322.34,73420.00,97.66,0.0000,-0.0000,0.1262,0.2150,0.0080,0.0053,0.000009,0.3815,0.3307,73420.01,-0.0000,-0.0000,0.0000,0.0000,0.0700,396.29,0.0600,139.34,0.0500,90.00,0.0400,257.18,0.0300,2467.18,0.0800,155.97,0.0900,296.43,0.1000,148.94,0.1100,193.06,0.1200,95.85,0.9200,155.97,0.9100,296.43,0.9000,148.94,0.8900,193.06,0.8800,95.85,0.9300,396.29,0.9400,139.34,0.9500,90.00,0.9600,257.18,0.9700,2467.18,3349.99,890.25,4240.24,890.25,3349.99,4240.24,0.0100,0.0100,0.5801,-0.5801,0.0772,0.9228,0.1599,0.5082,0.5082,0.1599,-1538.7825,-243.5176,-243.0622,-1515.6027
btc-updown-5m-1780095000,1780095187000,113,73323.48,73420.00,96.52,0.0000,-0.0000,0.0000,0.2150,0.0080,0.0053,0.000009,0.3814,0.0000,73420.01,-0.0000,-0.0000,0.0000,0.0000,0.0700,402.79,0.0600,144.34,0.0500,95.00,0.0400,266.79,0.0300,2447.18,0.0800,120.00,0.0900,257.32,0.1000,233.94,0.1100,205.75,0.1200,80.60,0.9200,120.00,0.9100,257.32,0.9000,233.94,0.8900,205.75,0.8800,80.60,0.9300,402.79,0.9400,144.34,0.9500,95.00,0.9600,266.79,0.9700,2447.18,3356.10,897.61,4253.71,897.61,3356.10,4253.71,0.0100,0.0100,0.5780,-0.5780,0.0777,0.9223,0.1630,0.4204,0.4204,0.1630,-1485.0599,-174.3546,-174.3546,-1485.0599
btc-updown-5m-1780095000,1780095188000,112,73323.75,73420.00,96.25,0.0000,0.0000,0.0130,0.2277,0.0060,0.0050,0.000009,0.3818,0.0339,73420.01,-0.0000,-0.0000,0.0000,0.0000,0.0700,260.89,0.0600,102.67,0.0500,90.00,0.0400,215.00,0.0300,2412.66,0.0800,438.72,0.0900,340.32,0.1000,310.13,0.1100,255.44,0.1200,140.60,0.9200,438.72,0.9100,340.32,0.9000,310.13,0.8900,255.44,0.8800,140.60,0.9300,260.89,0.9400,102.67,0.9500,90.00,0.9600,215.00,0.9700,2412.66,3081.22,1485.21,4566.43,1485.21,3081.22,4566.43,0.0100,0.0100,0.3495,-0.3495,0.0737,0.9263,0.1180,0.5245,0.5245,0.1180,-1382.8772,-144.5662,-144.5662,-1382.8772
btc-updown-5m-1780095000,1780095189000,111,73323.75,73420.01,96.26,0.0000,0.0000,0.0056,0.1501,0.0060,0.0050,0.000009,0.3815,0.0147,73420.01,0.0000,0.0000,0.0131,0.0000,0.0700,233.64,0.0600,65.00,0.0500,90.00,0.0400,215.00,0.0300,2475.53,0.0800,432.49,0.0900,342.75,0.1000,300.13,0.1100,249.60,0.1200,140.60,0.9200,432.49,0.9100,342.75,0.9000,300.13,0.8900,249.60,0.8800,140.60,0.9300,233.64,0.9400,65.00,0.9500,90.00,0.9600,215.00,0.9700,2475.53,3079.17,1465.57,4544.74,1465.57,3079.17,4544.74,0.0100,0.0100,0.3550,-0.3550,0.0735,0.9265,0.0970,0.5290,0.5290,0.0970,-1503.8003,-27.0292,-27.0292,-1503.8003
btc-updown-5m-1780095000,1780095190000,110,73323.75,73420.01,96.26,0.0000,0.0000,0.0051,0.1498,0.0040,0.0050,0.000009,0.3791,0.0134,73420.01,0.0000,0.0000,0.0000,0.0000,0.0700,166.37,0.0600,91.00,0.0500,75.00,0.0400,215.00,0.0300,2333.53,0.0800,396.41,0.0900,312.75,0.1000,278.76,0.1100,219.60,0.1200,146.96,0.9200,396.41,0.9100,312.75,0.9000,278.76,0.8900,219.60,0.8800,146.96,0.9300,166.37,0.9400,91.00,0.9500,75.00,0.9600,215.00,0.9700,2333.53,2880.90,1354.48,4235.38,1354.48,2880.90,4235.38,0.0100,0.0100,0.3604,-0.3604,0.0730,0.9270,0.0893,0.5236,0.5236,0.0893,-1462.8717,-32.2763,-32.2763,-1462.8717
btc-updown-5m-1780095000,1780095191000,109,73323.38,73420.00,96.62,-0.0000,0.0000,0.0113,0.0349,0.0040,0.0050,0.000009,0.3795,0.0297,73420.01,-0.0000,-0.0000,-0.0132,-0.0000,0.0700,343.72,0.0600,149.34,0.0500,105.00,0.0400,215.00,0.0300,1489.36,0.0800,152.33,0.0900,236.85,0.1000,172.94,0.1100,154.60,0.1200,96.16,0.9200,152.33,0.9100,236.85,0.9000,172.94,0.8900,154.60,0.8800,96.16,0.9300,343.72,0.9400,149.34,0.9500,105.00,0.9600,215.00,0.9700,1489.36,2302.42,812.88,3115.30,812.88,2302.42,3115.30,0.0100,0.0100,0.4781,-0.4781,0.0769,0.9231,0.2141,0.4788,0.4788,0.2141,-134.1364,-29.4750,-29.4894,-134.2023
btc-updown-5m-1780095000,1780095192000,108,73323.38,73420.01,96.63,0.0000,0.0000,0.0052,0.0401,0.0060,0.0050,0.000009,0.3793,0.0136,73420.01,0.0000,0.0000,0.0132,0.0000,0.0700,233.96,0.0600,129.34,0.0500,100.00,0.0400,215.00,0.0300,1479.36,0.0800,189.03,0.0900,253.85,0.1000,194.13,0.1100,184.60,0.1200,85.60,0.9200,189.03,0.9100,253.85,0.9000,194.13,0.8900,184.60,0.8800,85.60,0.9300,233.96,0.9400,129.34,0.9500,100.00,0.9600,215.00,0.9700,1479.36,2157.66,907.21,3064.87,907.21,2157.66,3064.87,0.0100,0.0100,0.4080,-0.4080,0.0755,0.9245,0.1684,0.4882,0.4882,0.1684,-201.5183,-15.1945,-15.1945,-201.5183
btc-updown-5m-1780095000,1780095193000,107,73323.41,73420.01,96.60,0.0000,0.0000,0.0049,0.0320,0.0060,0.0050,0.000009,0.3794,0.0129,73420.01,0.0000,0.0000,0.0000,0.0000,0.0700,36.27,0.0600,102.67,0.0500,100.00,0.0400,215.00,0.0300,1540.08,0.0800,486.74,0.0900,317.75,0.1000,293.49,0.1100,244.94,0.1200,165.49,0.9200,486.74,0.9100,317.75,0.9000,293.49,0.8900,244.94,0.8800,165.49,0.9300,36.27,0.9400,102.67,0.9500,100.00,0.9600,215.00,0.9700,1540.08,1994.02,1508.41,3502.43,1508.41,1994.02,3502.43,0.0100,0.0100,0.1386,-0.1386,0.0707,0.9293,0.0697,0.5333,0.5333,0.0697,-214.5859,83.1710,83.1858,-214.6240
btc-updown-5m-1780095000,1780095194000,106,73323.96,73420.01,96.05,0.0000,0.0000,0.0788,0.1052,0.0040,0.0043,0.000009,0.3819,0.2064,73420.01,0.0000,0.0000,0.0000,0.0000,0.0700,32.00,0.0600,145.99,0.0500,80.00,0.0400,215.00,0.0300,1530.08,0.0800,482.97,0.0900,329.84,0.1000,293.49,0.1100,250.64,0.1200,147.15,0.9200,482.97,0.9100,329.84,0.9000,293.49,0.8900,250.64,0.8800,147.15,0.9300,32.00,0.9400,145.99,0.9500,80.00,0.9600,215.00,0.9700,1530.08,2003.07,1504.09,3507.16,1504.09,2003.07,3507.16,0.0100,0.0100,0.1423,-0.1423,0.0706,0.9294,0.0889,0.5404,0.5404,0.0889,-179.9616,3.1514,3.1514,-179.9616
btc-updown-5m-1780095000,1780095195000,105,73323.99,73420.00,96.01,-0.0000,-0.0000,0.0205,0.1206,0.0060,0.0047,0.000009,0.0209,0.9805,73420.00,-0.0000,-0.0000,-0.0131,-0.0000,0.0600,112.15,0.0500,80.00,0.0400,276.81,0.0300,1535.08,0.0200,2735.96,0.0700,68.00,0.0800,458.87,0.0900,224.85,0.1000,214.13,0.1100,190.14,0.9300,68.00,0.9200,458.87,0.9100,224.85,0.9000,214.13,0.8900,190.14,0.9400,112.15,0.9500,80.00,0.9600,276.81,0.9700,1535.08,0.9800,2735.96,4740.00,1155.99,5895.99,1155.99,4740.00,5895.99,0.0100,0.0100,0.6079,-0.6079,0.0662,0.9338,0.0405,0.4558,0.4558,0.0405,316.5294,-59.0013,-59.0238,316.6501
btc-updown-5m-1780095000,1780095196000,104,73324.05,73420.00,95.95,0.0000,0.0000,0.0000,0.1094,0.0040,0.0043,0.000009,0.0206,0.0000,73420.00,-0.0000,-0.0000,0.0000,0.0000,0.0600,145.35,0.0500,80.00,0.0400,281.81,0.0300,1608.68,0.0200,3035.96,0.0700,196.64,0.0800,256.72,0.0900,295.75,0.1000,273.07,0.1100,249.60,0.9300,196.64,0.9200,256.72,0.9100,295.75,0.9000,273.07,0.8900,249.60,0.9400,145.35,0.9500,80.00,0.9600,281.81,0.9700,1608.68,0.9800,3035.96,5151.80,1271.78,6423.58,1271.78,5151.80,6423.58,0.0100,0.0100,0.6040,-0.6040,0.0643,0.9357,0.0437,0.3565,0.3565,0.0437,368.6151,-13.8389,-13.8411,368.6751
btc-updown-5m-1780095000,1780095197000,103,73324.04,73420.00,95.96,0.0000,-0.0000,0.0000,0.1042,0.0020,0.0043,0.000009,0.0206,0.0000,73420.00,-0.0000,-0.0000,0.0000,0.0000,0.0600,145.35,0.0500,80.00,0.0400,281.81,0.0300,1608.68,0.0200,3035.96,0.0700,196.64,0.0800,256.72,0.0900,295.75,0.1000,273.07,0.1100,249.60,0.9300,196.64,0.9200,256.72,0.9100,295.75,0.9000,273.07,0.8900,249.60,0.9400,145.35,0.9500,80.00,0.9600,281.81,0.9700,1608.68,0.9800,3035.96,5151.80,1271.78,6423.58,1271.78,5151.80,6423.58,0.0100,0.0100,0.6040,-0.6040,0.0643,0.9357,0.0437,0.3565,0.3565,0.0437,549.2321,79.4985,79.4830,549.1246
btc-updown-5m-1780095000,1780095198000,102,73324.04,73420.01,95.97,0.0000,0.0000,0.0060,0.1053,0.0040,0.0047,0.000009,0.0208,0.2879,73420.00,0.0000,0.0000,0.0131,0.0000,0.0600,118.32,0.0500,55.00,0.0400,261.84,0.0300,1461.68,0.0200,3171.96,0.0700,208.59,0.0800,221.72,0.0900,295.75,0.1000,278.54,0.1100,249.60,0.9300,208.59,0.9200,221.72,0.9100,295.75,0.9000,278.54,0.8900,249.60,0.9400,118.32,0.9500,55.00,0.9600,261.84,0.9700,1461.68,0.9800,3171.96,5068.80,1254.20,6323.00,1254.20,5068.80,6323.00,0.0100,0.0100,0.6033,-0.6033,0.0636,0.9364,0.0342,0.3431,0.3431,0.0342,462.6727,73.9973,73.9973,463.5111
btc-updown-5m-1780095000,1780095199000,101,73324.39,73424.41,100.02,0.0060,0.0060,0.0281,0.0546,0.8840,0.1513,0.001076,0.0217,1.2963,73420.19,0.0047,0.0058,5.9940,0.0001,0.0800,6.58,0.0700,320.17,0.0600,584.47,0.0500,101.66,0.0400,255.00,0.0900,224.85,0.1000,166.88,0.1100,154.60,0.1200,67.16,0.1300,265.89,0.9100,224.85,0.9000,166.88,0.8900,154.60,0.8800,67.16,0.8700,265.89,0.9200,6.58,0.9300,320.17,0.9400,584.47,0.9500,101.66,0.9600,255.00,1267.88,879.38,2147.26,879.38,1267.88,2147.26,0.0100,0.0100,0.1809,-0.1809,0.0803,0.9197,0.2577,0.4455,0.4455,0.2577,-121.4355,-104.2187,-104.2187,-121.4355
btc-updown-5m-1780095000,1780095200000,100,73324.39,73424.41,100.02,0.0000,0.0060,0.0000,0.0341,0.8820,0.1513,0.001076,0.0217,0.0000,73420.19,0.0029,0.0058,0.0000,0.0000,0.0800,55.81,0.0700,204.75,0.0600,148.33,0.0500,105.00,0.0400,308.35,0.0900,198.98,0.1000,239.73,0.1100,214.60,0.1200,110.60,0.1300,360.89,0.9100,198.98,0.9000,239.73,0.8900,214.60,0.8800,110.60,0.8700,360.89,0.9200,55.81,0.9300,204.75,0.9400,148.33,0.9500,105.00,0.9600,308.35,822.24,1124.80,1947.04,1124.80,822.24,1947.04,0.0100,0.0100,-0.1554,0.1554,0.0822,0.9178,0.3169,0.3900,0.3900,0.3169,-201.1293,-64.6040,-64.6040,-201.1293
btc-updown-5m-1780095000,1780095201000,99,73326.90,73424.41,97.51,0.0000,0.0060,0.0000,0.0341,0.8820,0.1513,0.001076,0.0217,0.0000,73420.19,0.0011,0.0058,0.0000,0.0000,0.0700,164.17,0.0600,153.33,0.0500,110.00,0.0400,215.00,0.0300,1117.43,0.0800,48.28,0.0900,327.13,0.1000,174.73,0.1100,167.90,0.1200,85.93,0.9200,48.28,0.9100,327.13,0.9000,174.73,0.8900,167.90,0.8800,85.93,0.9300,164.17,0.9400,153.33,0.9500,110.00,0.9600,215.00,0.9700,1117.43,1759.93,803.97,2563.90,803.97,1759.93,2563.90,0.0100,0.0100,0.3729,-0.3729,0.0777,0.9223,0.1804,0.4669,0.4669,0.1804,-748.4267,-103.2237,-103.2010,-748.2616
btc-updown-5m-1780095000,1780095202000,98,73327.62,73424.42,96.80,0.0000,0.0060,0.0003,0.0344,0.8840,0.1517,0.001076,0.0217,0.0134,73420.19,0.0011,0.0058,0.0132,0.0000,0.0700,119.09,0.0600,114.99,0.0500,156.08,0.0400,205.00,0.0300,2086.36,0.0800,202.55,0.0900,204.76,0.1000,279.13,0.1100,249.60,0.1200,145.93,0.9200,202.55,0.9100,204.76,0.9000,279.13,0.8900,249.60,0.8800,145.93,0.9300,119.09,0.9400,114.99,0.9500,156.08,0.9600,205.00,0.9700,2086.36,2681.52,1081.97,3763.49,1081.97,2681.52,3763.49,0.0100,0.0100,0.4250,-0.4250,0.0737,0.9263,0.0873,0.3765,0.3765,0.0873,-418.7625,-32.1766,-32.1766,-418.7625
btc-updown-5m-1780095000,1780095203000,97,73327.62,73424.42,96.80,0.0000,0.0060,0.0004,0.0288,0.8820,0.1513,0.001076,0.0211,0.0175,73420.20,0.0010,0.0058,0.0000,0.0000,0.0700,93.01,0.0600,119.99,0.0500,111.84,0.0400,258.47,0.0300,2113.07,0.0800,177.37,0.0900,209.76,0.1000,279.13,0.1100,254.60,0.1200,145.60,0.9200,177.37,0.9100,209.76,0.9000,279.13,0.8900,254.60,0.8800,145.60,0.9300,93.01,0.9400,119.99,0.9500,111.84,0.9600,258.47,0.9700,2113.07,2696.38,1066.46,3762.84,1066.46,2696.38,3762.84,0.0100,0.0100,0.4332,-0.4332,0.0734,0.9266,0.0790,0.3630,0.3630,0.0790,-485.3087,-45.8524,-45.8430,-485.2095
btc-updown-5m-1780095000,1780095204000,96,73328.37,73424.42,96.05,0.0000,0.0000,0.0765,0.0771,0.0020,0.1510,0.001076,0.0235,3.2511,73420.64,0.0000,0.0051,0.0000,0.0000,0.0700,49.79,0.0600,175.99,0.0500,149.24,0.0400,205.00,0.0300,2461.64,0.0800,212.23,0.0900,189.76,0.1000,274.13,0.1100,254.60,0.1200,157.17,0.9200,212.23,0.9100,189.76,0.9000,274.13,0.8900,254.60,0.8800,157.17,0.9300,49.79,0.9400,175.99,0.9500,149.24,0.9600,205.00,0.9700,2461.64,3041.66,1087.89,4129.55,1087.89,3041.66,4129.55,0.0100,0.0100,0.4731,-0.4731,0.0719,0.9281,0.0742,0.3695,0.3695,0.0742,-343.4084,-28.1738,-28.1167,-342.7118
btc-updown-5m-1780095000,1780095205000,95,73328.37,73424.42,96.05,0.0000,0.0000,0.0011,0.0782,0.0020,0.1510,0.001076,0.0173,0.0614,73420.88,0.0000,0.0048,0.0000,0.0000,0.0700,54.98,0.0600,155.99,0.0500,154.24,0.0400,205.00,0.0300,2389.36,0.0800,183.02,0.0900,187.66,0.1000,331.13,0.1100,244.60,0.1200,152.17,0.9200,183.02,0.9100,187.66,0.9000,331.13,0.8900,244.60,0.8800,152.17,0.9300,54.98,0.9400,155.99,0.9500,154.24,0.9600,205.00,0.9700,2389.36,2959.57,1098.58,4058.15,1098.58,2959.57,4058.15,0.0100,0.0100,0.4586,-0.4586,0.0723,0.9277,0.0713,0.3374,0.3374,0.0713,41.2729,59.4674,59.4674,41.2729
btc-updown-5m-1780095000,1780095206000,94,73328.44,73424.41,95.97,-0.0000,0.0000,0.0168,0.0950,0.0040,0.1513,0.001076,0.0178,0.9422,73420.99,-0.0000,0.0047,-0.0131,-0.0000,0.0600,88.34,0.0500,149.24,0.0400,210.00,0.0300,1510.91,0.0200,1878.45,0.0800,114.03,0.0900,176.56,0.1000,371.60,0.1100,239.60,0.1200,152.17,0.9200,114.03,0.9100,176.56,0.9000,371.60,0.8900,239.60,0.8800,152.17,0.9400,88.34,0.9500,149.24,0.9600,210.00,0.9700,1510.91,0.9800,1878.45,3836.94,1053.96,4890.90,1053.96,3836.94,4890.90,0.0200,0.0200,0.5690,-0.5690,0.0687,0.9313,0.0619,0.2757,0.2757,0.0619,518.6134,-12.1865,-12.1865,518.6135
btc-updown-5m-1780095000,1780095207000,93,73329.04,73424.42,95.38,0.0000,0.0000,0.0054,0.1000,0.0040,0.1517,0.001076,0.0180,0.2995,73421.02,0.0000,0.0046,0.0130,0.0000,0.0700,223.82,0.0600,87.67,0.0500,164.24,0.0400,205.00,0.0300,1402.21,0.0800,231.60,0.0900,254.75,0.1000,355.41,0.1100,244.60,0.1200,145.60,0.9200,231.60,0.9100,254.75,0.9000,355.41,0.8900,244.60,0.8800,145.60,0.9300,223.82,0.9400,87.67,0.9500,164.24,0.9600,205.00,0.9700,1402.21,2082.94,1231.96,3314.90,1231.96,2082.94,3314.90,0.0100,0.0100,0.2567,-0.2567,0.0749,0.9251,0.1495,0.3948,0.3948,0.1495,-32.7199,45.5996,45.5996,-32.7199
btc-updown-5m-1780095000,1780095208000,92,73330.35,73424.42,94.07,0.0000,0.0000,0.0061,0.1058,0.0040,0.1513,0.001076,0.0179,0.3430,73421.08,0.0000,0.0046,0.0000,0.0000,0.0700,188.82,0.0600,109.34,0.0500,169.24,0.0400,205.00,0.0300,1402.21,0.0800,327.21,0.0900,228.56,0.1000,355.41,0.1100,244.60,0.1200,158.21,0.9200,327.21,0.9100,228.56,0.9000,355.41,0.8900,244.60,0.8800,158.21,0.9300,188.82,0.9400,109.34,0.9500,169.24,0.9600,205.00,0.9700,1402.21,2074.61,1313.99,3388.60,1313.99,2074.61,3388.60,0.0100,0.0100,0.2245,-0.2245,0.0737,0.9263,0.1437,0.4230,0.4230,0.1437,-98.8453,37.7883,37.8006,-98.8775
btc-updown-5m-1780095000,1780095209000,91,73329.88,73424.42,94.54,0.0000,0.0000,0.0051,0.0344,0.0040,0.1510,0.001076,0.0180,0.2839,73421.11,0.0000,0.0045,0.0000,0.0000,0.0700,151.02,0.0600,109.34,0.0500,169.24,0.0400,210.00,0.0300,1402.21,0.0800,320.83,0.0900,249.75,0.1000,355.41,0.1100,244.60,0.1200,145.60,0.9200,320.83,0.9100,249.75,0.9000,355.41,0.8900,244.60,0.8800,145.60,0.9300,151.02,0.9400,109.34,0.9500,169.24,0.9600,210.00,0.9700,1402.21,2041.81,1316.19,3358.00,1316.19,2041.81,3358.00,0.0100,0.0100,0.2161,-0.2161,0.0732,0.9268,0.1275,0.4335,0.4335,0.1275,-119.1943,40.4073,40.4073,-119.1943
btc-updown-5m-1780095000,1780095210000,90,73329.14,73424.42,95.28,0.0000,0.0000,0.0011,0.0345,0.0040,0.1510,0.001076,0.0165,0.0650,73421.22,0.0000,0.0044,0.0000,0.0000,0.0600,109.34,0.0500,169.24,0.0400,210.00,0.0300,1402.21,0.0200,2838.29,0.0700,187.80,0.0800,319.21,0.0900,209.75,0.1000,340.41,0.1100,255.40,0.9300,187.80,0.9200,319.21,0.9100,209.75,0.9000,340.41,0.8900,255.40,0.9400,109.34,0.9500,169.24,0.9600,210.00,0.9700,1402.21,0.9800,2838.29,4729.08,1312.57,6041.65,1312.57,4729.08,6041.65,0.0100,0.0100,0.5655,-0.5655,0.0637,0.9363,0.0589,0.3863,0.3863,0.0589,279.0508,37.1556,37.2418,279.6983
btc-updown-5m-1780095000,1780095211000,89,73329.65,73424.42,94.77,0.0000,0.0000,0.0000,0.0177,0.0020,0.1507,0.001076,0.0164,0.0000,73421.23,0.0000,0.0044,0.0000,0.0000,0.0600,103.27,0.0500,154.24,0.0400,225.00,0.0300,1352.21,0.0200,2788.29,0.0700,477.84,0.0800,171.40,0.0900,217.87,0.1000,329.94,0.1100,255.40,0.9300,477.84,0.9200,171.40,0.9100,217.87,0.9000,329.94,0.8900,255.40,0.9400,103.27,0.9500,154.24,0.9600,225.00,0.9700,1352.21,0.9800,2788.29,4623.01,1452.45,6075.46,1452.45,4623.01,6075.46,0.0100,0.0100,0.5219,-0.5219,0.0618,0.9382,0.0557,0.4470,0.4470,0.0557,294.7849,62.6505,62.6505,294.7850
btc-updown-5m-1780095000,1780095212000,88,73329.25,73424.42,95.17,0.0000,0.0000,0.0000,0.0123,0.0000,0.1507,0.001076,0.0163,0.0000,73421.23,0.0000,0.0043,0.0000,0.0000,0.0600,52.90,0.0500,90.00,0.0400,230.00,0.0300,1357.21,0.0200,2917.44,0.0700,455.64,0.0800,176.40,0.0900,221.68,0.1000,329.94,0.1100,260.40,0.9300,455.64,0.9200,176.40,0.9100,221.68,0.9000,329.94,0.8900,260.40,0.9400,52.90,0.9500,90.00,0.9600,230.00,0.9700,1357.21,0.9800,2917.44,4647.55,1444.06,6091.61,1444.06,4647.55,6091.61,0.0100,0.0100,0.5259,-0.5259,0.0610,0.9390,0.0307,0.4377,0.4377,0.0307,505.5966,44.0278,44.0278,505.5966
btc-updown-5m-1780095000,1780095213000,87,73329.06,73428.22,99.16,0.0052,0.0052,0.1779,0.1841,0.7600,0.2770,0.001397,0.0221,8.0638,73423.05,0.0003,0.0070,5.1318,0.0001,0.0600,519.26,0.0500,191.44,0.0400,300.00,0.0300,1420.36,0.0200,2034.61,0.0700,130.56,0.0800,25.00,0.0900,104.76,0.1000,221.14,0.1100,194.60,0.9300,130.56,0.9200,25.00,0.9100,104.76,0.9000,221.14,0.8900,194.60,0.9400,519.26,0.9500,191.44,0.9600,300.00,0.9700,1420.36,0.9800,2034.61,4465.67,676.06,5141.73,676.06,4465.67,5141.73,0.0100,0.0100,0.7370,-0.7370,0.0680,0.9320,0.1591,0.2301,0.2301,0.1591,392.0264,-88.5838,-88.5838,392.0264
btc-updown-5m-1780095000,1780095214000,86,73329.05,73428.22,99.17,0.0000,0.0052,0.0003,0.1793,0.7620,0.2770,0.001397,0.0221,0.0141,73423.05,0.0002,0.0070,0.0000,0.0000,0.0600,412.87,0.0500,191.00,0.0400,360.88,0.0300,1447.88,0.0200,2102.90,0.0700,125.56,0.0800,20.00,0.0900,99.95,0.1000,240.54,0.1100,164.60,0.9300,125.56,0.9200,20.00,0.9100,99.95,0.9000,240.54,0.8900,164.60,0.9400,412.87,0.9500,191.00,0.9600,360.88,0.9700,1447.88,0.9800,2102.90,4515.53,650.65,5166.18,650.65,4515.53,5166.18,0.0100,0.0100,0.7481,-0.7481,0.0677,0.9323,0.1337,0.2237,0.2237,0.1337,427.2349,-99.7031,-99.6682,427.0857
btc-updown-5m-1780095000,1780095215000,85,73329.05,73428.22,99.17,0.0000,0.0052,0.0000,0.1782,0.7620,0.2767,0.001397,0.0194,0.0000,73423.47,0.0000,0.0065,0.0000,0.0000,0.0600,76.20,0.0500,95.00,0.0400,271.55,0.0300,1523.01,0.0200,2037.90,0.0700,243.55,0.0800,162.00,0.0900,185.95,0.1000,344.94,0.1100,260.60,0.9300,243.55,0.9200,162.00,0.9100,185.95,0.9000,344.94,0.8900,260.60,0.9400,76.20,0.9500,95.00,0.9600,271.55,0.9700,1523.01,0.9800,2037.90,4003.66,1197.04,5200.70,1197.04,4003.66,5200.70,0.0100,0.0100,0.5397,-0.5397,0.0624,0.9376,0.0428,0.3388,0.3388,0.0428,322.4605,-19.5842,-19.5842,322.4606
btc-updown-5m-1780095000,1780095216000,84,73332.32,73428.22,95.90,0.0000,0.0052,0.0000,0.1782,0.7620,0.2763,0.001397,0.0192,0.0000,73423.51,0.0000,0.0064,0.0000,0.0000,0.0600,89.34,0.0500,95.00,0.0400,271.73,0.0300,1463.31,0.0200,2047.90,0.0700,207.26,0.0800,129.37,0.0900,171.85,0.1000,344.94,0.1100,260.60,0.9300,207.26,0.9200,129.37,0.9100,171.85,0.9000,344.94,0.8900,260.60,0.9400,89.34,0.9500,95.00,0.9600,271.73,0.9700,1463.31,0.9800,2047.90,3967.28,1114.02,5081.30,1114.02,3967.28,5081.30,0.0100,0.0100,0.5615,-0.5615,0.0630,0.9370,0.0465,0.3022,0.3022,0.0465,326.7055,-37.6130,-37.6067,326.6504
btc-updown-5m-1780095000,1780095217000,83,73332.37,73428.22,95.85,0.0000,0.0052,0.0000,0.1782,0.7620,0.2763,0.001397,0.0151,0.0000,73424.45,0.0000,0.0051,0.0000,0.0000,0.0600,25.39,0.0500,95.00,0.0400,271.73,0.0300,1433.31,0.0200,2047.90,0.0700,251.26,0.0800,129.37,0.0900,187.75,0.1000,344.94,0.1100,260.60,0.9300,251.26,0.9200,129.37,0.9100,187.75,0.9000,344.94,0.8900,260.60,0.9400,25.39,0.9500,95.00,0.9600,271.73,0.9700,1433.31,0.9800,2047.90,3873.33,1173.92,5047.25,1173.92,3873.33,5047.25,0.0100,0.0100,0.5348,-0.5348,0.0609,0.9391,0.0311,0.3242,0.3242,0.0311,-149.6496,-56.6758,-56.6758,-149.6496
btc-updown-5m-1780095000,1780095218000,82,73332.37,73430.01,97.64,0.0024,0.0024,0.0390,0.0393,0.3600,0.3360,0.001443,0.0164,2.3766,73424.88,0.0020,0.0070,2.3801,0.0000,0.0800,510.35,0.0700,148.58,0.0600,199.50,0.0500,160.00,0.0400,318.02,0.0900,114.95,0.1000,228.14,0.1100,141.84,0.1200,50.60,0.1300,246.41,0.9100,114.95,0.9000,228.14,0.8900,141.84,0.8800,50.60,0.8700,246.41,0.9200,510.35,0.9300,148.58,0.9400,199.50,0.9500,160.00,0.9600,318.02,1336.45,781.94,2118.39,781.94,1336.45,2118.39,0.0100,0.0100,0.2618,-0.2618,0.0882,0.9118,0.4930,0.4388,0.4388,0.4930,-555.4830,-112.7490,-112.7113,-555.2971
btc-updown-5m-1780095000,1780095219000,81,73333.92,73430.01,96.09,0.0000,0.0024,0.0631,0.1021,0.3600,0.3360,0.001443,0.0180,3.5055,73425.57,0.0000,0.0060,0.0000,0.0000,0.0800,511.99,0.0700,148.58,0.0600,209.40,0.0500,145.00,0.0400,269.34,0.0900,351.20,0.1000,232.14,0.1100,186.14,0.1200,50.60,0.1300,241.41,0.9100,351.20,0.9000,232.14,0.8900,186.14,0.8800,50.60,0.8700,241.41,0.9200,511.99,0.9300,148.58,0.9400,209.40,0.9500,145.00,0.9600,269.34,1284.31,1061.49,2345.80,1061.49,1284.31,2345.80,0.0100,0.0100,0.0950,-0.0950,0.0859,0.9141,0.5143,0.5495,0.5495,0.5143,-545.2202,66.0548,66.0775,-545.4072
btc-updown-5m-1780095000,1780095220000,80,73333.92,73430.00,96.08,-0.0000,0.0024,0.0009,0.1030,0.3620,0.3363,0.001443,0.0179,0.0498,73425.63,-0.0000,0.0059,-0.0131,-0.0000,0.0800,507.59,0.0700,141.58,0.0600,209.40,0.0500,145.00,0.0400,316.41,0.0900,362.20,0.1000,248.14,0.1100,186.14,0.1200,50.60,0.1300,241.41,0.9100,362.20,0.9000,248.14,0.8900,186.14,0.8800,50.60,0.8700,241.41,0.9200,507.59,0.9300,141.58,0.9400,209.40,0.9500,145.00,0.9600,316.41,1319.98,1088.49,2408.47,1088.49,1319.98,2408.47,0.0100,0.0100,0.0961,-0.0961,0.0858,0.9142,0.4918,0.5607,0.5607,0.4918,-459.9371,-1.3692,-1.3692,-459.9371
btc-updown-5m-1780095000,1780095221000,79,73333.92,73430.01,96.09,0.0000,0.0024,0.0003,0.1033,0.3640,0.3363,0.001443,0.0177,0.0186,73425.69,0.0000,0.0059,0.0131,0.0000,0.0800,186.78,0.0700,86.58,0.0600,149.40,0.0500,95.00,0.0400,261.41,0.0900,448.11,0.1000,308.14,0.1100,236.14,0.1200,110.60,0.1300,291.41,0.9100,448.11,0.9000,308.14,0.8900,236.14,0.8800,110.60,0.8700,291.41,0.9200,186.78,0.9300,86.58,0.9400,149.40,0.9500,95.00,0.9600,261.41,779.17,1394.40,2173.57,1394.40,779.17,2173.57,0.0100,0.0100,-0.2831,0.2831,0.0829,0.9171,0.3508,0.5423,0.5423,0.3508,-541.3852,33.1363,33.1363,-541.3851
btc-updown-5m-1780095000,1780095222000,78,73337.78,73430.01,92.23,0.0000,0.0024,0.0000,0.1033,0.3640,0.3360,0.001443,0.0173,0.0000,73425.81,0.0000,0.0057,0.0000,0.0000,0.0800,169.28,0.0700,76.58,0.0600,144.40,0.0500,95.00,0.0400,261.41,0.0900,439.93,0.1000,334.33,0.1100,230.60,0.1200,120.60,0.1300,291.41,0.9100,439.93,0.9000,334.33,0.8900,230.60,0.8800,120.60,0.8700,291.41,0.9200,169.28,0.9300,76.58,0.9400,144.40,0.9500,95.00,0.9600,261.41,746.67,1416.87,2163.54,1416.87,746.67,2163.54,0.0100,0.0100,-0.3098,0.3098,0.0828,0.9172,0.3293,0.5465,0.5465,0.3293,-572.5435,44.4882,44.4882,-572.5435
btc-updown-5m-1780095000,1780095223000,77,73338.94,73430.00,91.06,-0.0000,-0.0000,0.0534,0.1178,0.0080,0.3363,0.001443,0.0189,2.8262,73426.24,-0.0000,0.0051,-0.0124,-0.0000,0.0800,94.93,0.0700,43.00,0.0600,161.07,0.0500,105.00,0.0400,195.00,0.0900,443.32,0.1000,404.33,0.1100,225.60,0.1200,125.60,0.1300,291.41,0.9100,443.32,0.9000,404.33,0.8900,225.60,0.8800,125.60,0.8700,291.41,0.9200,94.93,0.9300,43.00,0.9400,161.07,0.9500,105.00,0.9600,195.00,599.00,1490.26,2089.26,1490.26,599.00,2089.26,0.0100,0.0100,-0.4266,0.4266,0.0818,0.9182,0.2303,0.5688,0.5688,0.2303,-720.5400,67.2055,67.1937,-720.4137
btc-updown-5m-1780095000,1780095224000,76,73338.94,73430.00,91.06,0.0000,-0.0000,0.0039,0.0586,0.0060,0.3363,0.001443,0.0189,0.2083,73426.32,-0.0000,0.0050,0.0000,0.0000,0.0800,129.93,0.0700,43.00,0.0600,156.07,0.0500,105.00,0.0400,266.61,0.0900,296.46,0.1000,567.36,0.1100,225.60,0.1200,130.60,0.1300,321.41,0.9100,296.46,0.9000,567.36,0.8900,225.60,0.8800,130.60,0.8700,321.41,0.9200,129.93,0.9300,43.00,0.9400,156.07,0.9500,105.00,0.9600,266.61,700.61,1541.43,2242.04,1541.43,700.61,2242.04,0.0100,0.0100,-0.3750,0.3750,0.0830,0.9170,0.2468,0.5604,0.5604,0.2468,-111.5509,133.2439,133.2906,-111.5900
btc-updown-5m-1780095000,1780095225000,75,73339.25,73430.00,90.75,0.0000,0.0000,0.0000,0.0577,0.0040,0.3360,0.001443,0.0163,0.0000,73427.30,-0.0000,0.0037,0.0000,0.0000,0.0800,184.50,0.0700,104.29,0.0600,218.07,0.0500,155.00,0.0400,321.61,0.0900,191.87,0.1000,534.36,0.1100,170.60,0.1200,60.60,0.1300,242.25,0.9100,191.87,0.9000,534.36,0.8900,170.60,0.8800,60.60,0.8700,242.25,0.9200,184.50,0.9300,104.29,0.9400,218.07,0.9500,155.00,0.9600,321.61,983.47,1199.68,2183.15,1199.68,983.47,2183.15,0.0100,0.0100,-0.0990,0.0990,0.0849,0.9151,0.2936,0.6054,0.6054,0.2936,-49.7667,22.8602,22.8527,-49.7503
btc-updown-5m-1780095000,1780095226000,74,73338.47,73430.00,91.53,0.0000,-0.0000,0.0000,0.0573,0.0020,0.3360,0.001443,0.0157,0.0000,73427.61,-0.0000,0.0033,0.0000,0.0000,0.0900,35.00,0.0800,109.50,0.0700,85.47,0.0600,112.01,0.0500,105.00,0.1000,661.08,0.1100,252.60,0.1200,126.20,0.1300,327.25,0.1400,142.60,0.9000,661.08,0.8900,252.60,0.8800,126.20,0.8700,327.25,0.8600,142.60,0.9100,35.00,0.9200,109.50,0.9300,85.47,0.9400,112.01,0.9500,105.00,446.98,1509.73,1956.71,1509.73,446.98,1956.71,0.0100,0.0100,-0.5431,0.5431,0.0905,0.9095,0.3233,0.6052,0.6052,0.3233,-144.4886,69.7186,69.7186,-144.4886
btc-updown-5m-1780095000,1780095227000,73,73338.47,73406.00,67.53,-0.0327,-0.0327,38.3531,38.4104,4.8020,1.1360,0.006124,1.2529,30.6124,73406.27,-0.0000,-0.0004,-22.0727,-0.0003,0.0200,823.53,0.0100,6170.09,,,,,,,0.0500,79.00,0.0600,27.38,0.0700,646.06,0.0800,101.11,0.0900,293.14,0.9500,79.00,0.9400,27.38,0.9300,646.06,0.9200,101.11,0.9100,293.14,0.9800,823.53,0.9900,6170.09,,,,,,,6993.62,1146.69,8140.31,1146.69,6993.62,8140.31,0.0300,0.0300,0.7183,-0.7183,0.0474,0.9526,,0.0928,0.0928,,1023.6287,-40.8022,-40.8089,1023.7974
btc-updown-5m-1780095000,1780095228000,72,73336.46,73406.01,69.55,0.0000,-0.0327,0.0157,38.3726,4.8020,1.1360,0.006124,1.2534,0.0125,73406.27,-0.0000,-0.0004,0.0095,0.0000,0.0100,6894.75,,,,,,,,,0.0200,861.99,0.0300,723.97,0.0400,755.14,0.0500,190.20,0.0600,119.57,0.9800,861.99,0.9700,723.97,0.9600,755.14,0.9500,190.20,0.9400,119.57,0.9900,6894.75,,,,,,,,,6894.75,2650.87,9545.62,2650.87,6894.75,9545.62,0.0100,0.0100,0.4446,-0.4446,0.0189,0.9811,,0.5983,0.5983,,1001.8054,201.0754,201.0754,1001.8055
btc-updown-5m-1780095000,1780095229000,71,73329.20,73406.01,76.81,0.0000,-0.0327,0.0000,38.3687,4.8020,0.9893,0.006001,1.2532,0.0000,73406.27,0.0000,-0.0004,0.0000,0.0000,0.0100,6293.19,,,,,,,,,0.0200,823.00,0.0300,748.87,0.0400,775.14,0.0500,208.44,0.0600,142.33,0.9800,823.00,0.9700,748.87,0.9600,775.14,0.9500,208.44,0.9400,142.33,0.9900,6293.19,,,,,,,,,6293.19,2697.78,8990.97,2697.78,6293.19,8990.97,0.0100,0.0100,0.3999,-0.3999,0.0188,0.9812,,0.5827,0.5827,,922.0816,198.9060,198.9386,922.2326
btc-updown-5m-1780095000,1780095230000,70,73315.36,73406.01,90.65,0.0000,-0.0327,0.0000,38.3687,4.8020,0.9893,0.006001,1.2523,0.0000,73406.25,0.0000,-0.0003,0.0000,0.0000,0.0100,6515.30,,,,,,,,,0.0200,846.83,0.0300,761.28,0.0400,814.24,0.0500,255.16,0.0600,92.57,0.9800,846.83,0.9700,761.28,0.9600,814.24,0.9500,255.16,0.9400,92.57,0.9900,6515.30,,,,,,,,,6515.30,2770.08,9285.38,2770.08,6515.30,9285.38,0.0100,0.0100,0.4033,-0.4033,0.0188,0.9812,,0.5805,0.5805,,1054.2434,230.5013,230.4598,1054.0534
btc-updown-5m-1780095000,1780095231000,69,73314.31,73406.01,91.70,0.0000,-0.0327,0.0000,38.3687,4.8020,0.9893,0.006001,1.2523,0.0000,73406.25,0.0000,-0.0003,0.0000,0.0000,0.0100,7364.51,,,,,,,,,0.0200,884.15,0.0300,805.98,0.0400,814.24,0.0500,255.16,0.0600,92.57,0.9800,884.15,0.9700,805.98,0.9600,814.24,0.9500,255.16,0.9400,92.57,0.9900,7364.51,,,,,,,,,7364.51,2852.10,10216.61,2852.10,7364.51,10216.61,0.0100,0.0100,0.4417,-0.4417,0.0189,0.9811,,0.5926,0.5926,,1078.2427,279.2193,279.2193,1078.2427
btc-updown-5m-1780095000,1780095232000,68,73313.09,73406.01,92.92,0.0000,0.0000,0.0133,0.0290,0.0020,0.9890,0.006001,1.2527,0.0106,73406.25,0.0000,-0.0003,0.0000,0.0000,0.0100,6816.10,,,,,,,,,0.0200,1205.00,0.0300,895.98,0.0400,814.24,0.0500,230.16,0.0600,102.57,0.9800,1205.00,0.9700,895.98,0.9600,814.24,0.9500,230.16,0.9400,102.57,0.9900,6816.10,,,,,,,,,6816.10,3247.95,10064.05,3247.95,6816.10,10064.05,0.0100,0.0100,0.3545,-0.3545,0.0185,0.9815,,0.6469,0.6469,,1046.6919,285.6565,285.6565,1046.6919
btc-updown-5m-1780095000,1780095233000,67,73312.83,73406.01,93.18,0.0000,0.0000,0.0000,0.0133,0.0000,0.9890,0.006001,1.2527,0.0000,73406.25,0.0000,-0.0003,0.0000,0.0000,0.0100,6767.38,,,,,,,,,0.0200,1195.36,0.0300,895.98,0.0400,791.96,0.0500,222.36,0.0600,87.33,0.9800,1195.36,0.9700,895.98,0.9600,791.96,0.9500,222.36,0.9400,87.33,0.9900,6767.38,,,,,,,,,6767.38,3192.99,9960.37,3192.99,6767.38,9960.37,0.0100,0.0100,0.3589,-0.3589,0.0185,0.9815,,0.6550,0.6550,,-187.0722,193.5133,151.6591,-193.4807
btc-updown-5m-1780095000,1780095234000,66,73311.32,73408.01,96.69,0.0027,0.0027,0.7726,0.7859,0.4000,1.0557,0.006034,1.2776,0.6047,73406.29,0.0000,0.0023,2.6343,0.0000,0.0100,5287.31,,,,,,,,,0.0200,955.27,0.0300,881.28,0.0400,800.24,0.0500,212.84,0.0600,132.33,0.9800,955.27,0.9700,881.28,0.9600,800.24,0.9500,212.84,0.9400,132.33,0.9900,5287.31,,,,,,,,,5287.31,2981.96,8269.27,2981.96,5287.31,8269.27,0.0100,0.0100,0.2788,-0.2788,0.0185,0.9815,,0.6159,0.6159,,-267.2386,55.0441,55.0441,-267.2386
btc-updown-5m-1780095000,1780095235000,65,73312.89,73408.00,95.11,-0.0000,0.0027,0.0033,0.7893,0.4020,1.0560,0.006033,1.2752,0.0026,73406.25,0.0000,0.0024,-0.0130,-0.0000,0.0100,5221.37,,,,,,,,,0.0200,945.28,0.0300,860.90,0.0400,796.50,0.0500,214.46,0.0600,124.33,0.9800,945.28,0.9700,860.90,0.9600,796.50,0.9500,214.46,0.9400,124.33,0.9900,5221.37,,,,,,,,,5221.37,2941.47,8162.84,2941.47,5221.37,8162.84,0.0100,0.0100,0.2793,-0.2793,0.0185,0.9815,,0.6140,0.6140,,-176.0256,40.0214,40.0279,-176.0545
btc-updown-5m-1780095000,1780095236000,64,73312.89,73408.01,95.12,0.0000,0.0027,2.3064,3.0957,0.4040,1.0560,0.006034,1.3496,1.7090,73406.35,0.0000,0.0023,0.0130,0.0000,0.0100,4776.94,,,,,,,,,0.0200,2170.28,0.0300,919.32,0.0400,860.50,0.0500,270.46,0.0600,184.33,0.9800,2170.28,0.9700,919.32,0.9600,860.50,0.9500,270.46,0.9400,184.33,0.9900,4776.94,,,,,,,,,4776.94,4404.89,9181.83,4404.89,4776.94,9181.83,0.0100,0.0100,0.0405,-0.0405,0.0169,0.9831,,0.7014,0.7014,,-290.7512,273.1196,273.2106,-290.8481
btc-updown-5m-1780095000,1780095237000,63,73314.08,73408.01,93.93,0.0000,0.0027,0.1194,3.2018,0.4040,1.0557,0.006034,1.3529,0.0883,73406.35,0.0000,0.0023,0.0000,0.0000,,,,,,,,,,,0.0100,951.04,0.0200,2869.00,0.0300,421.60,0.0400,504.50,0.0500,181.90,0.9900,951.04,0.9800,2869.00,0.9700,421.60,0.9600,504.50,0.9500,181.90,,,,,,,,,,,-0.00,4928.04,4928.04,4928.04,-0.00,4928.04,,,-1.0000,1.0000,,,,0.7752,0.7752,,-1323.7040,380.2734,380.3428,-1323.9453
btc-updown-5m-1780095000,1780095238000,62,73315.20,73408.00,92.80,-0.0000,0.0027,0.0154,3.2172,0.4060,1.0560,0.006033,1.3532,0.0114,73406.35,-0.0000,0.0023,-0.0126,-0.0000,,,,,,,,,,,0.0100,2377.91,0.0200,2819.00,0.0300,359.60,0.0400,431.73,0.0500,187.28,0.9900,2377.91,0.9800,2819.00,0.9700,359.60,0.9600,431.73,0.9500,187.28,,,,,,,,,,,-0.00,6175.52,6175.52,6175.52,-0.00,6175.52,,,-1.0000,1.0000,,,,0.8415,0.8415,,-1142.6823,490.7913,490.9559,-1143.0656
btc-updown-5m-1780095000,1780095239000,61,73315.63,73408.00,92.37,0.0000,-0.0000,0.0000,2.4445,0.0060,1.0560,0.006033,1.3530,0.0000,73406.34,-0.0000,0.0023,0.0000,0.0000,,,,,,,,,,,0.0100,2214.94,0.0200,2885.30,0.0300,336.60,0.0400,431.73,0.0500,182.11,0.9900,2214.94,0.9800,2885.30,0.9700,336.60,0.9600,431.73,0.9500,182.11,,,,,,,,,,,-0.00,6050.68,6050.68,6050.68,-0.00,6050.68,,,-1.0000,1.0000,,,,0.8429,0.8429,,-1162.3806,490.8434,491.0964,-1162.9799
btc-updown-5m-1780095000,1780095240000,60,73315.65,73415.10,99.45,0.0097,0.0097,1.0576,3.4988,1.4240,1.2927,0.006316,1.3870,0.7625,73406.56,0.0067,0.0116,9.6190,0.0001,,,,,,,,,,,0.0100,1863.91,0.0200,2783.00,0.0300,291.90,0.0400,375.50,0.0500,200.10,0.9900,1863.91,0.9800,2783.00,0.9700,291.90,0.9600,375.50,0.9500,200.10,,,,,,,,,,,-0.00,5514.41,5514.41,5514.41,-0.00,5514.41,,,-1.0000,1.0000,,,,0.8427,0.8427,,-879.9715,385.1132,385.1132,-879.9715
btc-updown-5m-1780095000,1780095241000,59,73315.66,73415.10,99.44,0.0000,0.0097,0.0047,1.1971,1.4240,1.2930,0.006316,1.3871,0.0034,73406.56,0.0067,0.0116,0.0000,0.0000,,,,,,,,,,,0.0100,1460.45,0.0200,2783.00,0.0300,299.12,0.0400,365.50,0.0500,190.10,0.9900,1460.45,0.9800,2783.00,0.9700,299.12,0.9600,365.50,0.9500,190.10,,,,,,,,,,,-0.00,5098.17,5098.17,5098.17,-0.00,5098.17,,,-1.0000,1.0000,,,,0.8323,0.8323,,-838.2168,339.1287,339.1287,-838.2168
btc-updown-5m-1780095000,1780095242000,58,73318.54,73415.10,96.56,0.0000,0.0097,0.0000,1.0777,1.4240,1.2930,0.006316,1.3871,0.0000,73406.56,0.0011,0.0116,0.0000,0.0000,,,,,,,,,,,0.0100,975.73,0.0200,2763.28,0.0300,311.86,0.0400,365.50,0.0500,190.10,0.9900,975.73,0.9800,2763.28,0.9700,311.86,0.9600,365.50,0.9500,190.10,,,,,,,,,,,-0.00,4606.47,4606.47,4606.47,-0.00,4606.47,,,-1.0000,1.0000,,,,0.8117,0.8117,,-819.9418,173.2214,173.1926,-819.8055
btc-updown-5m-1780095000,1780095243000,57,73320.66,73419.08,98.42,0.0054,0.0151,0.0663,1.1286,2.2200,1.2993,0.006324,1.3892,0.0477,73406.58,0.0052,0.0170,5.3356,0.0001,,,,,,,,,,,0.0100,860.73,0.0200,2856.86,0.0300,299.12,0.0400,365.50,0.0500,190.10,0.9900,860.73,0.9800,2856.86,0.9700,299.12,0.9600,365.50,0.9500,190.10,,,,,,,,,,,-0.00,4572.31,4572.31,4572.31,-0.00,4572.31,,,-1.0000,1.0000,,,,0.8131,0.8131,,0.0000,-61.6196,-61.6196,0.0000
btc-updown-5m-1780095000,1780095244000,56,73320.66,73419.09,98.43,0.0000,0.0151,0.0864,1.2150,2.2220,1.2993,0.006324,1.3863,0.0623,73406.51,0.0048,0.0171,0.0134,0.0000,,,,,,,,,,,0.0100,860.73,0.0200,2856.86,0.0300,299.12,0.0400,365.50,0.0500,190.10,0.9900,860.73,0.9800,2856.86,0.9700,299.12,0.9600,365.50,0.9500,190.10,,,,,,,,,,,-0.00,4572.31,4572.31,4572.31,-0.00,4572.31,,,-1.0000,1.0000,,,,0.8131,0.8131,,0.0000,-340.1676,-340.0955,0.0000
btc-updown-5m-1780095000,1780095245000,55,73320.66,73419.08,98.42,-0.0000,0.0054,0.0135,0.1709,0.8040,1.2997,0.006324,1.3867,0.0098,73406.52,0.0047,0.0171,-0.0134,-0.0000,,,,,,,,,,,0.0100,869.56,0.0200,2790.56,0.0300,378.82,0.0400,370.56,0.0500,190.10,0.9900,869.56,0.9800,2790.56,0.9700,378.82,0.9600,370.56,0.9500,190.10,,,,,,,,,,,-0.00,4599.60,4599.60,4599.60,-0.00,4599.60,,,-1.0000,1.0000,,,,0.7957,0.7957,,0.0000,-239.2942,-239.3732,0.0000
btc-updown-5m-1780095000,1780095246000,54,73322.76,73419.09,96.33,0.0000,0.0054,0.0401,0.2063,0.8040,1.3000,0.006324,1.3880,0.0289,73406.53,0.0001,0.0171,0.0131,0.0000,,,,,,,,,,,0.0100,674.56,0.0200,2790.56,0.0300,353.82,0.0400,365.50,0.0500,190.10,0.9900,674.56,0.9800,2790.56,0.9700,353.82,0.9600,365.50,0.9500,190.10,,,,,,,,,,,-0.00,4374.54,4374.54,4374.54,-0.00,4374.54,,,-1.0000,1.0000,,,,0.7921,0.7921,,0.0000,-200.7874,-200.7520,0.0000
btc-updown-5m-1780095000,1780095247000,53,73322.76,73419.09,96.33,0.0000,0.0054,0.0251,0.2314,0.8060,1.3003,0.006324,1.3888,0.0181,73406.53,0.0000,0.0171,0.0000,0.0000,,,,,,,,,,,0.0100,524.56,0.0200,2790.56,0.0300,378.82,0.0400,365.50,0.0500,189.02,0.9900,524.56,0.9800,2790.56,0.9700,378.82,0.9600,365.50,0.9500,189.02,,,,,,,,,,,-0.00,4248.46,4248.46,4248.46,-0.00,4248.46,,,-1.0000,1.0000,,,,0.7803,0.7803,,0.0000,-162.4983,-162.4983,0.0000
btc-updown-5m-1780095000,1780095248000,52,73322.77,73419.09,96.32,0.0000,0.0000,0.0000,0.1651,0.0080,1.2407,0.006302,1.3888,0.0000,73406.53,0.0000,0.0171,0.0000,0.0000,,,,,,,,,,,0.0100,524.56,0.0200,2790.56,0.0300,378.82,0.0400,365.50,0.0500,189.02,0.9900,524.56,0.9800,2790.56,0.9700,378.82,0.9600,365.50,0.9500,189.02,,,,,,,,,,,-0.00,4248.46,4248.46,4248.46,-0.00,4248.46,,,-1.0000,1.0000,,,,0.7803,0.7803,,0.0000,-74.8774,-74.8931,0.0000
btc-updown-5m-1780095000,1780095249000,51,73323.42,73419.09,95.67,0.0000,0.0000,0.4495,0.5282,0.0060,1.2403,0.006302,1.4021,0.3206,73406.64,0.0000,0.0170,0.0000,0.0000,,,,,,,,,,,0.0100,369.56,0.0200,2290.56,0.0300,378.82,0.0400,516.71,0.0500,189.02,0.9900,369.56,0.9800,2290.56,0.9700,378.82,0.9600,516.71,0.9500,189.02,,,,,,,,,,,-0.00,3744.67,3744.67,3744.67,-0.00,3744.67,,,-1.0000,1.0000,,,,0.7104,0.7104,,0.0000,-158.8750,-158.9118,0.0000
btc-updown-5m-1780095000,1780095250000,50,73324.09,73420.01,95.92,0.0013,0.0013,0.0311,0.5457,0.1880,1.2707,0.006310,1.4010,0.0222,73406.62,0.0012,0.0182,1.2020,0.0000,,,,,,,,,,,0.0100,367.98,0.0200,2356.86,0.0300,334.12,0.0400,355.50,0.0500,182.07,0.9900,367.98,0.9800,2356.86,0.9700,334.12,0.9600,355.50,0.9500,182.07,,,,,,,,,,,-0.00,3596.53,3596.53,3596.53,-0.00,3596.53,,,-1.0000,1.0000,,,,0.7576,0.7576,,0.0000,-165.2108,-165.1455,0.0000
btc-updown-5m-1780095000,1780095251000,49,73324.20,73420.01,95.81,0.0000,0.0013,0.0000,0.5057,0.1860,1.2703,0.006310,1.4010,0.0000,73406.62,0.0012,0.0182,0.0000,0.0000,,,,,,,,,,,0.0100,219.98,0.0200,2369.43,0.0300,378.82,0.0400,355.50,0.0500,172.11,0.9900,219.98,0.9800,2369.43,0.9700,378.82,0.9600,355.50,0.9500,172.11,,,,,,,,,,,-0.00,3495.84,3495.84,3495.84,-0.00,3495.84,,,-1.0000,1.0000,,,,0.7407,0.7407,,0.0000,-188.3228,-188.2907,0.0000
btc-updown-5m-1780095000,1780095252000,48,73324.68,73420.00,95.32,-0.0000,0.0012,0.0112,0.4918,0.1860,1.2707,0.006310,1.4014,0.0080,73406.62,0.0011,0.0182,-0.0130,-0.0000,,,,,,,,,,,0.0100,219.98,0.0200,2369.43,0.0300,378.82,0.0400,355.50,0.0500,172.11,0.9900,219.98,0.9800,2369.43,0.9700,378.82,0.9600,355.50,0.9500,172.11,,,,,,,,,,,-0.00,3495.84,3495.84,3495.84,-0.00,3495.84,,,-1.0000,1.0000,,,,0.7407,0.7407,,0.0000,-182.3649,-182.3649,0.0000
btc-updown-5m-1780095000,1780095253000,47,73324.69,73420.01,95.32,0.0000,0.0013,0.0016,0.4934,0.1880,1.2707,0.006310,1.4014,0.0011,73406.62,0.0011,0.0182,0.0130,0.0000,,,,,,,,,,,0.0100,219.98,0.0200,2369.43,0.0300,378.82,0.0400,355.50,0.0500,172.11,0.9900,219.98,0.9800,2369.43,0.9700,378.82,0.9600,355.50,0.9500,172.11,,,,,,,,,,,-0.00,3495.84,3495.84,3495.84,-0.00,3495.84,,,-1.0000,1.0000,,,,0.7407,0.7407,,0.0000,-162.3901,-162.3901,0.0000
btc-updown-5m-1780095000,1780095254000,46,73324.69,73420.01,95.32,0.0000,0.0013,0.0003,0.0442,0.1880,1.2707,0.006310,1.3997,0.0002,73406.59,0.0011,0.0183,0.0000,0.0000,,,,,,,,,,,0.0100,219.98,0.0200,2369.43,0.0300,378.82,0.0400,355.50,0.0500,172.11,0.9900,219.98,0.9800,2369.43,0.9700,378.82,0.9600,355.50,0.9500,172.11,,,,,,,,,,,-0.00,3495.84,3495.84,3495.84,-0.00,3495.84,,,-1.0000,1.0000,,,,0.7407,0.7407,,0.0000,-162.3901,-162.3901,0.0000
btc-updown-5m-1780095000,1780095255000,45,73324.70,73420.01,95.31,0.0000,0.0000,0.0000,0.0132,0.0040,1.2707,0.006310,1.3996,0.0000,73406.59,0.0000,0.0183,0.0000,0.0000,,,,,,,,,,,0.0100,82.51,0.0200,2379.43,0.0300,378.82,0.0400,362.51,0.0500,172.11,0.9900,82.51,0.9800,2379.43,0.9700,378.82,0.9600,362.51,0.9500,172.11,,,,,,,,,,,-0.00,3375.38,3375.38,3375.38,-0.00,3375.38,,,-1.0000,1.0000,,,,0.7294,0.7294,,0.0000,-43.6883,-43.6883,0.0000
btc-updown-5m-1780095000,1780095256000,44,73324.88,73420.01,95.13,0.0000,0.0000,0.0009,0.0140,0.0040,1.2707,0.006310,1.3996,0.0006,73406.59,0.0000,0.0183,0.0000,0.0000,,,,,,,,,,,0.0100,82.51,0.0200,2379.43,0.0300,378.82,0.0400,362.51,0.0500,172.11,0.9900,82.51,0.9800,2379.43,0.9700,378.82,0.9600,362.51,0.9500,172.11,,,,,,,,,,,-0.00,3375.38,3375.38,3375.38,-0.00,3375.38,,,-1.0000,1.0000,,,,0.7294,0.7294,,0.0000,-34.1053,-34.0860,0.0000
btc-updown-5m-1780095000,1780095257000,43,73324.87,73420.01,95.14,0.0000,0.0000,0.0025,0.0053,0.0040,0.4710,0.001998,1.3997,0.0018,73406.59,0.0000,0.0183,0.0000,0.0000,,,,,,,,,,,0.0100,82.51,0.0200,2379.43,0.0300,378.82,0.0400,362.51,0.0500,172.11,0.9900,82.51,0.9800,2379.43,0.9700,378.82,0.9600,362.51,0.9500,172.11,,,,,,,,,,,-0.00,3375.38,3375.38,3375.38,-0.00,3375.38,,,-1.0000,1.0000,,,,0.7294,0.7294,,0.0000,-89.5898,-88.6802,0.0000
btc-updown-5m-1780095000,1780095258000,42,73324.88,73420.01,95.13,0.0000,0.0000,0.0005,0.0042,0.0020,0.4707,0.001998,0.1625,0.0031,73411.11,0.0000,0.0121,0.0000,0.0000,,,,,,,,,,,0.0100,82.51,0.0200,2379.43,0.0300,378.82,0.0400,362.51,0.0500,172.11,0.9900,82.51,0.9800,2379.43,0.9700,378.82,0.9600,362.51,0.9500,172.11,,,,,,,,,,,-0.00,3375.38,3375.38,3375.38,-0.00,3375.38,,,-1.0000,1.0000,,,,0.7294,0.7294,,0.0000,-89.5898,-88.6802,0.0000
btc-updown-5m-1780095000,1780095259000,41,73324.76,73420.01,95.25,0.0000,0.0000,0.0263,0.0301,0.0020,0.4707,0.001998,0.1628,0.1613,73411.17,-0.0000,0.0120,0.0000,0.0000,,,,,,,,,,,0.0100,82.51,0.0200,2379.43,0.0300,378.82,0.0400,362.51,0.0500,172.11,0.9900,82.51,0.9800,2379.43,0.9700,378.82,0.9600,362.51,0.9500,172.11,,,,,,,,,,,-0.00,3375.38,3375.38,3375.38,-0.00,3375.38,,,-1.0000,1.0000,,,,0.7294,0.7294,,0.0000,-89.5898,-88.6802,0.0000
btc-updown-5m-1780095000,1780095260000,40,73324.72,73421.84,97.12,0.0025,0.0025,0.3393,0.3695,0.3680,0.5317,0.002022,0.1738,1.9526,73411.84,0.0002,0.0136,2.4206,0.0000,,,,,,,,,,,0.0100,399.34,0.0200,2400.88,0.0300,373.60,0.0400,362.51,0.0500,132.11,0.9900,399.34,0.9800,2400.88,0.9700,373.60,0.9600,362.51,0.9500,132.11,,,,,,,,,,,-0.00,3668.44,3668.44,3668.44,-0.00,3668.44,,,-1.0000,1.0000,,,,0.7633,0.7633,,0.0000,54.8765,54.8765,0.0000
btc-updown-5m-1780095000,1780095261000,39,73324.72,73421.84,97.12,0.0000,0.0025,0.0093,0.3779,0.3680,0.5317,0.002022,0.1741,0.0535,73411.86,0.0002,0.0136,0.0000,0.0000,,,,,,,,,,,0.0100,399.34,0.0200,2400.88,0.0300,373.60,0.0400,362.51,0.0500,132.11,0.9900,399.34,0.9800,2400.88,0.9700,373.60,0.9600,362.51,0.9500,132.11,,,,,,,,,,,-0.00,3668.44,3668.44,3668.44,-0.00,3668.44,,,-1.0000,1.0000,,,,0.7633,0.7633,,,,,
btc-updown-5m-1780095000,1780095262000,38,73324.26,73421.84,97.58,0.0000,0.0025,0.1001,0.4755,0.3680,0.5320,0.002022,0.1773,0.5646,73412.04,0.0002,0.0134,0.0000,0.0000,,,,,,,,,,,0.0100,399.34,0.0200,2400.88,0.0300,373.60,0.0400,362.51,0.0500,132.11,0.9900,399.34,0.9800,2400.88,0.9700,373.60,0.9600,362.51,0.9500,132.11,,,,,,,,,,,-0.00,3668.44,3668.44,3668.44,-0.00,3668.44,,,-1.0000,1.0000,,,,0.7633,0.7633,,,,,
btc-updown-5m-1780095000,1780095263000,37,73325.89,73421.83,95.94,-0.0000,0.0025,0.0007,0.4757,0.3700,0.5323,0.002022,0.1769,0.0037,73412.05,0.0001,0.0133,-0.0131,-0.0000,,,,,,,,,,,0.0100,399.34,0.0200,2400.88,0.0300,373.60,0.0400,362.51,0.0500,132.11,0.9900,399.34,0.9800,2400.88,0.9700,373.60,0.9600,362.51,0.9500,132.11,,,,,,,,,,,-0.00,3668.44,3668.44,3668.44,-0.00,3668.44,,,-1.0000,1.0000,,,,0.7633,0.7633,,,,,
btc-updown-5m-1780095000,1780095264000,36,73325.90,73421.84,95.94,0.0000,0.0025,0.0507,0.5001,0.3720,0.4660,0.001991,0.1785,0.2839,73412.14,0.0001,0.0132,0.0131,0.0000,,,,,,,,,,,0.0100,399.34,0.0200,2400.88,0.0300,373.60,0.0400,362.51,0.0500,132.11,0.9900,399.34,0.9800,2400.88,0.9700,373.60,0.9600,362.51,0.9500,132.11,,,,,,,,,,,-0.00,3668.44,3668.44,3668.44,-0.00,3668.44,,,-1.0000,1.0000,,,,0.7633,0.7633,,,,,
btc-updown-5m-1780095000,1780095265000,35,73326.01,73421.84,95.83,0.0000,0.0000,0.0000,0.1608,0.0060,0.4657,0.001991,0.1536,0.0000,73412.82,0.0000,0.0123,0.0000,0.0000,,,,,,,,,,,0.0100,766.41,0.0200,2923.16,0.0300,773.82,0.0400,359.99,0.0500,132.11,0.9900,766.41,0.9800,2923.16,0.9700,773.82,0.9600,359.99,0.9500,132.11,,,,,,,,,,,-0.00,4955.49,4955.49,4955.49,-0.00,4955.49,,,-1.0000,1.0000,,,,0.7445,0.7445,,0.0000,229.0125,228.9717,0.0000
btc-updown-5m-1780095000,1780095266000,34,73326.01,73421.84,95.83,0.0000,0.0000,0.0001,0.1516,0.0060,0.4653,0.001991,0.1535,0.0009,73412.82,0.0000,0.0123,0.0000,0.0000,,,,,,,,,,,0.0100,764.25,0.0200,2923.16,0.0300,773.82,0.0400,359.99,0.0500,132.11,0.9900,764.25,0.9800,2923.16,0.9700,773.82,0.9600,359.99,0.9500,132.11,,,,,,,,,,,-0.00,4953.33,4953.33,4953.33,-0.00,4953.33,,,-1.0000,1.0000,,,,0.7444,0.7444,,0.0000,-2.8685,-2.8647,0.0000
btc-updown-5m-1780095000,1780095267000,33,73326.16,73421.84,95.68,0.0000,0.0000,0.0065,0.0579,0.0040,0.4653,0.001991,0.0793,0.0813,73417.35,0.0000,0.0061,0.0000,0.0000,,,,,,,,,,,0.0100,764.25,0.0200,2923.16,0.0300,773.82,0.0400,359.99,0.0500,132.11,0.9900,764.25,0.9800,2923.16,0.9700,773.82,0.9600,359.99,0.9500,132.11,,,,,,,,,,,-0.00,4953.33,4953.33,4953.33,-0.00,4953.33,,,-1.0000,1.0000,,,,0.7444,0.7444,,0.0000,-2.8685,-2.8647,0.0000
btc-updown-5m-1780095000,1780095268000,32,73326.16,73421.83,95.67,-0.0000,0.0000,0.0133,0.0706,0.0040,0.4653,0.001991,0.0759,0.1756,73417.85,-0.0000,0.0054,-0.0130,-0.0000,,,,,,,,,,,0.0100,764.25,0.0200,2923.16,0.0300,773.82,0.0400,359.99,0.0500,132.11,0.9900,764.25,0.9800,2923.16,0.9700,773.82,0.9600,359.99,0.9500,132.11,,,,,,,,,,,-0.00,4953.33,4953.33,4953.33,-0.00,4953.33,,,-1.0000,1.0000,,,,0.7444,0.7444,,0.0000,-2.8685,-2.8647,0.0000
btc-updown-5m-1780095000,1780095269000,31,73326.16,73421.84,95.68,0.0000,0.0000,0.0138,0.0337,0.0040,0.4657,0.001991,0.0758,0.1813,73417.94,0.0000,0.0053,0.0130,0.0000,,,,,,,,,,,0.0100,764.25,0.0200,2923.16,0.0300,773.82,0.0400,359.99,0.0500,132.11,0.9900,764.25,0.9800,2923.16,0.9700,773.82,0.9600,359.99,0.9500,132.11,,,,,,,,,,,-0.00,4953.33,4953.33,4953.33,-0.00,4953.33,,,-1.0000,1.0000,,,,0.7444,0.7444,,0.0000,-2.8685,-2.8647,0.0000
btc-updown-5m-1780095000,1780095270000,30,73326.16,73422.44,96.28,0.0008,0.0008,0.0172,0.0509,0.1240,0.2490,0.001073,0.0764,0.2255,73417.97,0.0005,0.0061,0.7868,0.0000,,,,,,,,,,,0.0100,764.25,0.0200,2923.16,0.0300,773.82,0.0400,359.99,0.0500,132.11,0.9900,764.25,0.9800,2923.16,0.9700,773.82,0.9600,359.99,0.9500,132.11,,,,,,,,,,,-0.00,4953.33,4953.33,4953.33,-0.00,4953.33,,,-1.0000,1.0000,,,,0.7444,0.7444,,0.0000,-2.8685,-2.8647,0.0000
btc-updown-5m-1780095000,1780095271000,29,73326.16,73424.82,98.66,0.0032,0.0041,0.5154,0.5662,0.6000,0.3280,0.001190,0.0589,8.7488,73421.57,0.0003,0.0044,3.1982,0.0000,,,,,,,,,,,0.0100,764.25,0.0200,2923.16,0.0300,773.82,0.0400,359.99,0.0500,132.11,0.9900,764.25,0.9800,2923.16,0.9700,773.82,0.9600,359.99,0.9500,132.11,,,,,,,,,,,-0.00,4953.33,4953.33,4953.33,-0.00,4953.33,,,-1.0000,1.0000,,,,0.7444,0.7444,,,,,
btc-updown-5m-1780095000,1780095272000,28,73327.96,73424.81,96.85,-0.0000,0.0040,0.0006,0.5603,0.6020,0.3283,0.001190,0.0588,0.0094,73421.59,0.0003,0.0044,-0.0132,-0.0000,,,,,,,,,,,0.0100,764.25,0.0200,2923.16,0.0300,773.82,0.0400,359.99,0.0500,132.11,0.9900,764.25,0.9800,2923.16,0.9700,773.82,0.9600,359.99,0.9500,132.11,,,,,,,,,,,-0.00,4953.33,4953.33,4953.33,-0.00,4953.33,,,-1.0000,1.0000,,,,0.7444,0.7444,,,,,
btc-updown-5m-1780095000,1780095273000,27,73327.96,73424.82,96.86,0.0000,0.0041,0.0351,0.5820,0.6020,0.1957,0.000751,0.0599,0.5854,73421.65,0.0003,0.0043,0.0132,0.0000,,,,,,,,,,,0.0100,764.25,0.0200,2923.16,0.0300,773.82,0.0400,359.99,0.0500,132.11,0.9900,764.25,0.9800,2923.16,0.9700,773.82,0.9600,359.99,0.9500,132.11,,,,,,,,,,,-0.00,4953.33,4953.33,4953.33,-0.00,4953.33,,,-1.0000,1.0000,,,,0.7444,0.7444,,,,,
btc-updown-5m-1780095000,1780095274000,26,73329.54,73424.82,95.28,0.0000,0.0041,0.0493,0.6176,0.6000,0.1953,0.000751,0.0594,0.8304,73421.83,0.0002,0.0041,0.0000,0.0000,,,,,,,,,,,0.0100,764.25,0.0200,2923.16,0.0300,773.82,0.0400,359.99,0.0500,132.11,0.9900,764.25,0.9800,2923.16,0.9700,773.82,0.9600,359.99,0.9500,132.11,,,,,,,,,,,-0.00,4953.33,4953.33,4953.33,-0.00,4953.33,,,-1.0000,1.0000,,,,0.7444,0.7444,,,,,
btc-updown-5m-1780095000,1780095275000,25,73329.54,73424.82,95.28,0.0000,0.0032,0.0092,0.6096,0.4800,0.1950,0.000751,0.0569,0.1616,73421.97,0.0001,0.0039,0.0000,0.0000,,,,,,,,,,,0.0100,898.72,0.0200,3315.93,0.0300,378.38,0.0400,342.60,0.0500,137.99,0.9900,898.72,0.9800,3315.93,0.9700,378.38,0.9600,342.60,0.9500,137.99,,,,,,,,,,,-0.00,5073.62,5073.62,5073.62,-0.00,5073.62,,,-1.0000,1.0000,,,,0.8307,0.8307,,,,,
btc-updown-5m-1780095000,1780095276000,24,73329.23,73424.82,95.59,0.0000,0.0000,0.0000,0.0941,0.0040,0.1947,0.000751,0.0564,0.0000,73422.00,0.0000,0.0038,0.0000,0.0000,,,,,,,,,,,0.0100,96.96,0.0200,3481.23,0.0300,378.38,0.0400,342.60,0.0500,137.99,0.9900,96.96,0.9800,3481.23,0.9700,378.38,0.9600,342.60,0.9500,137.99,,,,,,,,,,,-0.00,4437.16,4437.16,4437.16,-0.00,4437.16,,,-1.0000,1.0000,,,,0.8064,0.8064,,0.0000,-491.4749,-491.8547,0.0000
btc-updown-5m-1780095000,1780095277000,23,73329.29,73424.82,95.53,0.0000,0.0000,0.0122,0.1057,0.0020,0.1943,0.000751,0.0555,0.2195,73422.08,0.0000,0.0037,0.0000,0.0000,0.0100,439.64,,,,,,,,,0.0200,2910.35,0.0300,389.38,0.0400,353.89,0.0500,157.99,0.0600,29.33,0.9800,2910.35,0.9700,389.38,0.9600,353.89,0.9500,157.99,0.9400,29.33,0.9900,439.64,,,,,,,,,439.64,3840.94,4280.58,3840.94,439.64,4280.58,0.0100,0.0100,-0.7946,0.7946,0.0113,0.9887,,0.8591,0.8591,,181.2201,-508.1121,-508.7412,181.4445
btc-updown-5m-1780095000,1780095278000,22,73329.36,73424.82,95.46,0.0000,0.0000,0.0255,0.0962,0.0000,0.1943,0.000751,0.0556,0.4599,73422.17,0.0000,0.0036,0.0000,0.0000,0.0100,234.06,,,,,,,,,0.0200,3426.04,0.0300,379.12,0.0400,353.89,0.0500,172.06,0.0600,29.33,0.9800,3426.04,0.9700,379.12,0.9600,353.89,0.9500,172.06,0.9400,29.33,0.9900,234.06,,,,,,,,,234.06,4360.44,4594.50,4360.44,234.06,4594.50,0.0100,0.0100,-0.8981,0.8981,0.0106,0.9894,,0.8727,0.8727,,68.0605,-207.3800,-207.5007,68.1001
btc-updown-5m-1780095000,1780095279000,21,73329.36,73430.09,100.73,0.0072,0.0072,0.6481,0.6950,1.0540,0.3700,0.001449,0.0765,8.4762,73424.33,0.0009,0.0078,7.2296,0.0001,,,,,,,,,,,0.0100,5012.01,0.0200,3395.36,0.0300,379.42,0.0400,353.89,0.0500,177.14,0.9900,5012.01,0.9800,3395.36,0.9700,379.42,0.9600,353.89,0.9500,177.14,,,,,,,,,,,-0.00,9317.82,9317.82,9317.82,-0.00,9317.82,,,-1.0000,1.0000,,,,0.9023,0.9023,,0.0000,1126.3800,1127.2775,0.0000
btc-updown-5m-1780095000,1780095280000,20,73328.94,73430.08,101.14,-0.0000,0.0072,0.0021,0.6879,1.0560,0.3397,0.001445,0.0620,0.0339,73425.57,0.0005,0.0061,-0.0138,-0.0000,,,,,,,,,,,0.0100,5012.01,0.0200,3395.36,0.0300,379.42,0.0400,353.89,0.0500,177.14,0.9900,5012.01,0.9800,3395.36,0.9700,379.42,0.9600,353.89,0.9500,177.14,,,,,,,,,,,-0.00,9317.82,9317.82,9317.82,-0.00,9317.82,,,-1.0000,1.0000,,,,0.9023,0.9023,,0.0000,1126.3800,1127.2775,0.0000
btc-updown-5m-1780095000,1780095281000,19,73328.94,73431.61,102.67,0.0021,0.0092,0.0687,0.7566,1.3620,0.3907,0.001471,0.0632,1.0860,73425.87,0.0022,0.0078,2.1393,0.0000,,,,,,,,,,,0.0100,5012.01,0.0200,3395.36,0.0300,379.42,0.0400,353.89,0.0500,177.14,0.9900,5012.01,0.9800,3395.36,0.9700,379.42,0.9600,353.89,0.9500,177.14,,,,,,,,,,,-0.00,9317.82,9317.82,9317.82,-0.00,9317.82,,,-1.0000,1.0000,,,,0.9023,0.9023,,0.0000,1554.5935,1555.6216,0.0000
btc-updown-5m-1780095000,1780095282000,18,73335.01,73431.62,96.61,0.0000,0.0093,0.0258,0.7702,1.3640,0.3907,0.001471,0.0641,0.4027,73425.94,0.0022,0.0077,0.0132,0.0000,,,,,,,,,,,,,,,,,,,,,,,,,,,,,,,,,,,,,,,,,-0.00,-0.00,-0.00,-0.00,-0.00,-0.00,,,,,,,,,,,,,,
btc-updown-5m-1780095000,1780095283000,17,73335.01,73431.62,96.61,0.0000,0.0093,0.0140,0.7586,1.3640,0.3903,0.001471,0.0642,0.2179,73426.02,0.0020,0.0076,0.0000,0.0000,,,,,,,,,,,,,,,,,,,,,,,,,,,,,,,,,,,,,,,,,-0.00,-0.00,-0.00,-0.00,-0.00,-0.00,,,,,,,,,,,,,,
btc-updown-5m-1780095000,1780095284000,16,73334.93,73431.62,96.69,0.0000,0.0021,0.1277,0.2382,0.3100,0.3903,0.001471,0.0682,1.8712,73426.36,0.0015,0.0072,0.0000,0.0000,,,,,,,,,,,,,,,,,,,,,,,,,,,,,,,,,,,,,,,,,-0.00,-0.00,-0.00,-0.00,-0.00,-0.00,,,,,,,,,,,,,,
btc-updown-5m-1780095000,1780095285000,15,73334.58,73431.62,97.04,0.0000,0.0021,0.0000,0.2361,0.3080,0.3903,0.001471,0.0682,0.0000,73426.36,0.0000,0.0072,0.0000,0.0000,,,,,,,,,,,,,,,,,,,,,,,,,,,,,,,,,,,,,,,,,-0.00,-0.00,-0.00,-0.00,-0.00,-0.00,,,,,,,,,,,,,,
btc-updown-5m-1780095000,1780095286000,14,73334.59,73431.62,97.03,0.0000,0.0000,0.0000,0.1674,0.0020,0.3903,0.001471,0.0682,0.0000,73426.36,0.0000,0.0072,0.0000,0.0000,,,,,,,,,,,,,,,,,,,,,,,,,,,,,,,,,,,,,,,,,-0.00,-0.00,-0.00,-0.00,-0.00,-0.00,,,,,,,,,,,,,,
btc-updown-5m-1780095000,1780095287000,13,73334.59,73431.62,97.03,0.0000,0.0000,0.0000,0.1416,0.0000,0.3900,0.001471,0.0682,0.0000,73426.36,-0.0000,0.0072,0.0000,0.0000,,,,,,,,,,,,,,,,,,,,,,,,,,,,,,,,,,,,,,,,,-0.00,-0.00,-0.00,-0.00,-0.00,-0.00,,,,,,,,,,,,,,
btc-updown-5m-1780095000,1780095288000,12,73336.45,73431.61,95.16,-0.0000,-0.0000,0.0003,0.1280,0.0020,0.3903,0.001471,0.0681,0.0044,73426.37,-0.0000,0.0071,-0.0130,-0.0000,,,,,,,,,,,,,,,,,,,,,,,,,,,,,,,,,,,,,,,,,-0.00,-0.00,-0.00,-0.00,-0.00,-0.00,,,,,,,,,,,,,,
btc-updown-5m-1780095000,1780095289000,11,73336.46,73431.62,95.16,0.0000,0.0000,0.0003,0.0006,0.0040,0.3907,0.001471,0.0681,0.0051,73426.37,0.0000,0.0071,0.0130,0.0000,,,,,,,,,,,,,,,,,,,,,,,,,,,,,,,,,,,,,,,,,-0.00,-0.00,-0.00,-0.00,-0.00,-0.00,,,,,,,,,,,,,,
btc-updown-5m-1780095000,1780095290000,10,73336.46,73431.62,95.16,0.0000,0.0000,0.0000,0.0006,0.0040,0.3297,0.001427,0.0673,0.0000,73426.45,0.0000,0.0070,0.0000,0.0000,,,,,,,,,,,,,,,,,,,,,,,,,,,,,,,,,,,,,,,,,-0.00,-0.00,-0.00,-0.00,-0.00,-0.00,,,,,,,,,,,,,,
btc-updown-5m-1780095000,1780095291000,9,73335.00,73431.61,96.61,-0.0000,-0.0000,0.0472,0.0478,0.0060,0.3300,0.001427,0.0578,0.8155,73427.46,-0.0000,0.0057,-0.0132,-0.0000,,,,,,,,,,,,,,,,,,,,,,,,,,,,,,,,,,,,,,,,,-0.00,-0.00,-0.00,-0.00,-0.00,-0.00,,,,,,,,,,,,,,
btc-updown-5m-1780095000,1780095292000,8,73335.01,73431.61,96.60,0.0000,-0.0000,0.0110,0.0588,0.0080,0.3300,0.001427,0.0579,0.1898,73427.52,-0.0000,0.0056,0.0000,0.0000,,,,,,,,,,,,,,,,,,,,,,,,,,,,,,,,,,,,,,,,,-0.00,-0.00,-0.00,-0.00,-0.00,-0.00,,,,,,,,,,,,,,
btc-updown-5m-1780095000,1780095293000,7,73335.01,73431.61,96.60,0.0000,0.0000,0.0000,0.0585,0.0060,0.3297,0.001427,0.0547,0.0000,73427.85,-0.0000,0.0051,0.0000,0.0000,,,,,,,,,,,,,,,,,,,,,,,,,,,,,,,,,,,,,,,,,-0.00,-0.00,-0.00,-0.00,-0.00,-0.00,,,,,,,,,,,,,,
btc-updown-5m-1780095000,1780095294000,6,73335.31,73431.62,96.31,0.0000,0.0000,0.0176,0.0758,0.0060,0.3297,0.001427,0.0552,0.3191,73427.89,0.0000,0.0051,0.0131,0.0000,,,,,,,,,,,,,,,,,,,,,,,,,,,,,,,,,,,,,,,,,-0.00,-0.00,-0.00,-0.00,-0.00,-0.00,,,,,,,,,,,,,,
btc-updown-5m-1780095000,1780095295000,5,73335.31,73431.62,96.31,0.0000,0.0000,0.0000,0.0758,0.0060,0.3297,0.001427,0.0536,0.0000,73428.08,0.0000,0.0048,0.0000,0.0000,,,,,,,,,,,,,,,,,,,,,,,,,,,,,,,,,,,,,,,,,-0.00,-0.00,-0.00,-0.00,-0.00,-0.00,,,,,,,,,,,,,,
btc-updown-5m-1780095000,1780095296000,4,73335.00,73431.62,96.62,0.0000,0.0000,0.0000,0.0286,0.0040,0.3297,0.001427,0.0536,0.0000,73428.08,0.0000,0.0048,0.0000,0.0000,,,,,,,,,,,,,,,,,,,,,,,,,,,,,,,,,,,,,,,,,-0.00,-0.00,-0.00,-0.00,-0.00,-0.00,,,,,,,,,,,,,,
btc-updown-5m-1780095000,1780095297000,3,73334.92,73431.61,96.69,-0.0000,0.0000,0.0016,0.0192,0.0040,0.3300,0.001427,0.0536,0.0295,73428.08,-0.0000,0.0048,-0.0132,-0.0000,,,,,,,,,,,,,,,,,,,,,,,,,,,,,,,,,,,,,,,,,-0.00,-0.00,-0.00,-0.00,-0.00,-0.00,,,,,,,,,,,,,,
btc-updown-5m-1780095000,1780095298000,2,73334.91,73431.62,96.71,0.0000,0.0000,0.0003,0.0195,0.0060,0.3300,0.001427,0.0534,0.0049,73428.11,0.0000,0.0048,0.0132,0.0000,,,,,,,,,,,,,,,,,,,,,,,,,,,,,,,,,,,,,,,,,-0.00,-0.00,-0.00,-0.00,-0.00,-0.00,,,,,,,,,,,,,,
btc-updown-5m-1780095000,1780095299000,1,73334.89,73431.62,96.73,0.0000,0.0000,0.0000,0.0018,0.0040,0.3297,0.001427,0.0530,0.0000,73428.16,0.0000,0.0047,0.0000,0.0000,,,,,,,,,,,,,,,,,,,,,,,,,,,,,,,,,,,,,,,,,-0.00,-0.00,-0.00,-0.00,-0.00,-0.00,,,,,,,,,,,,,,
btc-updown-5m-1780095000,1780095300000,0,73334.88,73436.39,101.51,0.0065,0.0065,0.0827,0.0846,0.9600,0.4690,0.001794,0.0552,1.4984,73428.61,0.0001,0.0106,6.5938,0.0001,,,,,,,,,,,,,,,,,,,,,,,,,,,,,,,,,,,,,,,,,-0.00,-0.00,-0.00,-0.00,-0.00,-0.00,,,,,,,,,,,,,,
btc-updown-5m-1780095000,1780095301000,-1,73335.34,73436.38,101.04,-0.0000,0.0065,0.0025,0.0871,0.9620,0.3900,0.001730,0.0547,0.0455,73428.68,0.0001,0.0105,-0.0138,-0.0000,,,,,,,,,,,,,,,,,,,,,,,,,,,,,,,,,,,,,,,,,-0.00,-0.00,-0.00,-0.00,-0.00,-0.00,,,,,,,,,,,,,,
